family,pattern_id,supported,total_count,success_count,failure_count,failure_rate,failure_lift,dominant_failure_key,dominant_failure_count,mean_reward,mean_steps,termination_counts,failure_key_counts,failure_key_lifts
layout_basic,start_region=x_pos__y_pos|path_len_bin=long|num_obstacles_bin=2|max_blockage_bin=medium|medhigh_count_bin=1|pair_side_mode=opposite_side|min_pair_dist_bin=medium,True,212,0,212,1.0,3.0737054250812323,collision_tblock_early,212,-10.373619052995739,1.0188679245283019,"{""collision"": 212}","{""collision_tblock_early"": 212}","{""collision_rod_early"": 0.0, ""collision_rod_late"": 0.0, ""collision_rod_mid"": 0.0, ""collision_tblock_early"": 5.9885407484574085, ""collision_tblock_late"": 0.0, ""collision_tblock_mid"": 0.0, ""fall"": 0.0, ""timeout"": 0.0}"
layout_basic,start_region=x_pos__y_pos|path_len_bin=long|num_obstacles_bin=2|max_blockage_bin=high|medhigh_count_bin=1|pair_side_mode=opposite_side|min_pair_dist_bin=medium,True,114,0,114,1.0,3.073705425081232,collision_tblock_early,114,-10.283846063270856,1.0,"{""collision"": 114}","{""collision_tblock_early"": 114}","{""collision_rod_early"": 0.0, ""collision_rod_late"": 0.0, ""collision_rod_mid"": 0.0, ""collision_tblock_early"": 5.9885407484574085, ""collision_tblock_late"": 0.0, ""collision_tblock_mid"": 0.0, ""fall"": 0.0, ""timeout"": 0.0}"
layout_basic,start_region=x_neg__y_pos|path_len_bin=long|num_obstacles_bin=2|max_blockage_bin=medium|medhigh_count_bin=1|pair_side_mode=opposite_side|min_pair_dist_bin=medium,True,168,1,167,0.9940476190476191,3.055409559455749,collision_tblock_early,165,-10.311725417530024,1.0714285714285714,"{""collision"": 166, ""success"": 1, ""timeout"": 1}","{""collision_rod_early"": 1, ""collision_tblock_early"": 165, ""timeout"": 1}","{""collision_rod_early"": 0.18769087803897933, ""collision_rod_late"": 0.0, ""collision_rod_mid"": 0.0, ""collision_tblock_early"": 5.881602520806384, ""collision_tblock_late"": 0.0, ""collision_tblock_mid"": 0.0, ""fall"": 0.0, ""timeout"": 0.0533366164211488}"
layout_basic,start_region=x_pos__y_pos|path_len_bin=long|num_obstacles_bin=2|max_blockage_bin=high|medhigh_count_bin=1|pair_side_mode=center_involved|min_pair_dist_bin=medium,True,107,1,106,0.9906542056074766,3.044979206155239,collision_tblock_early,106,-10.266888025315989,1.0373831775700935,"{""collision"": 106, ""success"": 1}","{""collision_tblock_early"": 106}","{""collision_rod_early"": 0.0, ""collision_rod_late"": 0.0, ""collision_rod_mid"": 0.0, ""collision_tblock_early"": 5.932573077911077, ""collision_tblock_late"": 0.0, ""collision_tblock_mid"": 0.0, ""fall"": 0.0, ""timeout"": 0.0}"
layout_basic,start_region=x_pos__y_neg|path_len_bin=long|num_obstacles_bin=2|max_blockage_bin=medium|medhigh_count_bin=1|pair_side_mode=opposite_side|min_pair_dist_bin=medium,True,158,2,156,0.9873417721518988,3.034797761472609,collision_tblock_early,155,-10.336105826851094,1.0569620253164558,"{""collision"": 156, ""success"": 2}","{""collision_rod_early"": 1, ""collision_tblock_early"": 155}","{""collision_rod_early"": 0.19957004753511723, ""collision_rod_late"": 0.0, ""collision_rod_mid"": 0.0, ""collision_tblock_early"": 5.874834278549989, ""collision_tblock_late"": 0.0, ""collision_tblock_mid"": 0.0, ""fall"": 0.0, ""timeout"": 0.0}"
layout_basic,start_region=x_pos__y_pos|path_len_bin=long|num_obstacles_bin=2|max_blockage_bin=high|medhigh_count_bin=2|pair_side_mode=center_involved|min_pair_dist_bin=very_close,True,278,4,274,0.9856115107913669,3.0294794477419345,collision_tblock_early,274,-10.193483124374813,1.0467625899280575,"{""collision"": 274, ""success"": 4}","{""collision_tblock_early"": 274}","{""collision_rod_early"": 0.0, ""collision_rod_late"": 0.0, ""collision_rod_mid"": 0.0, ""collision_tblock_early"": 5.902374694522769, ""collision_tblock_late"": 0.0, ""collision_tblock_mid"": 0.0, ""fall"": 0.0, ""timeout"": 0.0}"
layout_basic,start_region=x_pos__y_pos|path_len_bin=long|num_obstacles_bin=2|max_blockage_bin=low|medhigh_count_bin=0|pair_side_mode=opposite_side|min_pair_dist_bin=medium,True,185,7,178,0.9621621621621622,2.957403057645726,collision_tblock_early,176,-10.179710423836832,1.1243243243243244,"{""collision"": 178, ""success"": 7}","{""collision_rod_early"": 2, ""collision_tblock_early"": 176}","{""collision_rod_early"": 0.3408872163302543, ""collision_rod_late"": 0.0, ""collision_rod_mid"": 0.0, ""collision_tblock_early"": 5.697206333667589, ""collision_tblock_late"": 0.0, ""collision_tblock_mid"": 0.0, ""fall"": 0.0, ""timeout"": 0.0}"
layout_basic,start_region=x_pos__y_pos|path_len_bin=long|num_obstacles_bin=2|max_blockage_bin=high|medhigh_count_bin=1|pair_side_mode=center_involved|min_pair_dist_bin=close,True,258,10,248,0.9612403100775194,2.954569555892037,collision_tblock_early,247,-10.068923936872366,1.0775193798449612,"{""collision"": 248, ""success"": 10}","{""collision_rod_early"": 1, ""collision_tblock_early"": 247}","{""collision_rod_early"": 0.12221731593235861, ""collision_rod_late"": 0.0, ""collision_rod_mid"": 0.0, ""collision_tblock_early"": 5.733215367709224, ""collision_tblock_late"": 0.0, ""collision_tblock_mid"": 0.0, ""fall"": 0.0, ""timeout"": 0.0}"
layout_basic,start_region=x_pos__y_pos|path_len_bin=long|num_obstacles_bin=2|max_blockage_bin=medium|medhigh_count_bin=1|pair_side_mode=opposite_side|min_pair_dist_bin=far,True,118,7,111,0.940677966101695,2.891366967661159,collision_tblock_early,110,-10.03643971529708,1.1864406779661016,"{""collision"": 111, ""success"": 7}","{""collision_rod_early"": 1, ""collision_tblock_early"": 110}","{""collision_rod_early"": 0.26722091110634344, ""collision_rod_late"": 0.0, ""collision_rod_mid"": 0.0, ""collision_tblock_early"": 5.582537985850127, ""collision_tblock_late"": 0.0, ""collision_tblock_mid"": 0.0, ""fall"": 0.0, ""timeout"": 0.0}"
layout_basic,start_region=x_neg__y_pos|path_len_bin=long|num_obstacles_bin=2|max_blockage_bin=low|medhigh_count_bin=0|pair_side_mode=opposite_side|min_pair_dist_bin=medium,True,207,14,193,0.9323671497584541,2.865821966380086,collision_tblock_early,182,-10.221933410866605,1.357487922705314,"{""collision"": 191, ""success"": 14, ""timeout"": 2}","{""collision_rod_early"": 9, ""collision_tblock_early"": 182, ""timeout"": 2}","{""collision_rod_early"": 1.3709594569803707, ""collision_rod_late"": 0.0, ""collision_rod_mid"": 0.0, ""collision_tblock_early"": 5.2652870348755965, ""collision_tblock_late"": 0.0, ""collision_tblock_mid"": 0.0, ""fall"": 0.0, ""timeout"": 0.08657537737925602}"
layout_basic,start_region=x_pos__y_neg|path_len_bin=long|num_obstacles_bin=2|max_blockage_bin=low|medhigh_count_bin=0|pair_side_mode=opposite_side|min_pair_dist_bin=medium,True,196,17,179,0.9132653061224489,2.8071085259670436,collision_tblock_early,170,-10.083590354902997,1.4438775510204083,"{""collision"": 176, ""fall"": 1, ""success"": 17, ""timeout"": 2}","{""collision_rod_early"": 6, ""collision_tblock_early"": 170, ""fall"": 1, ""timeout"": 2}","{""collision_rod_early"": 0.9652673727718936, ""collision_rod_late"": 0.0, ""collision_rod_mid"": 0.0, ""collision_tblock_early"": 5.194142485906935, ""collision_tblock_late"": 0.0, ""collision_tblock_mid"": 0.0, ""fall"": 1.1313964755041483, ""timeout"": 0.09143419957911222}"
layout_basic,start_region=x_pos__y_pos|path_len_bin=long|num_obstacles_bin=2|max_blockage_bin=high|medhigh_count_bin=1|pair_side_mode=same_side|min_pair_dist_bin=close,True,108,13,95,0.8796296296296297,2.703722364654788,collision_tblock_early,95,-9.671017176252592,1.3333333333333333,"{""collision"": 95, ""success"": 13}","{""collision_tblock_early"": 95}","{""collision_rod_early"": 0.0, ""collision_rod_late"": 0.0, ""collision_rod_mid"": 0.0, ""collision_tblock_early"": 5.267697880587535, ""collision_tblock_late"": 0.0, ""collision_tblock_mid"": 0.0, ""fall"": 0.0, ""timeout"": 0.0}"
layout_basic,start_region=x_pos__y_neg|path_len_bin=long|num_obstacles_bin=2|max_blockage_bin=medium|medhigh_count_bin=1|pair_side_mode=same_side|min_pair_dist_bin=close,True,133,20,113,0.849624060150376,2.611494082963754,collision_tblock_early,112,-9.659116836431112,1.4887218045112782,"{""collision"": 113, ""success"": 20}","{""collision_rod_mid"": 1, ""collision_tblock_early"": 112}","{""collision_rod_early"": 0.0, ""collision_rod_late"": 0.0, ""collision_rod_mid"": 1.2626679057193546, ""collision_tblock_early"": 5.042981682911502, ""collision_tblock_late"": 0.0, ""collision_tblock_mid"": 0.0, ""fall"": 0.0, ""timeout"": 0.0}"
layout_basic,start_region=x_pos__y_pos|path_len_bin=long|num_obstacles_bin=2|max_blockage_bin=medium|medhigh_count_bin=1|pair_side_mode=same_side|min_pair_dist_bin=close,True,188,36,152,0.8085106382978723,2.48512353517206,collision_tblock_early,150,-9.427472927231786,1.5425531914893618,"{""collision"": 152, ""success"": 36}","{""collision_rod_early"": 2, ""collision_tblock_early"": 150}","{""collision_rod_early"": 0.335447526707963, ""collision_rod_late"": 0.0, ""collision_rod_mid"": 0.0, ""collision_tblock_early"": 4.77809102270538, ""collision_tblock_late"": 0.0, ""collision_tblock_mid"": 0.0, ""fall"": 0.0, ""timeout"": 0.0}"
layout_basic,start_region=x_neg__y_pos|path_len_bin=long|num_obstacles_bin=2|max_blockage_bin=medium|medhigh_count_bin=1|pair_side_mode=same_side|min_pair_dist_bin=close,True,113,22,91,0.8053097345132744,2.475284899844178,collision_tblock_early,90,-9.279930358107304,1.5398230088495575,"{""collision"": 91, ""success"": 22}","{""collision_rod_mid"": 1, ""collision_tblock_early"": 90}","{""collision_rod_early"": 0.0, ""collision_rod_late"": 0.0, ""collision_rod_mid"": 1.4861489509794175, ""collision_tblock_early"": 4.769634224435104, ""collision_tblock_late"": 0.0, ""collision_tblock_mid"": 0.0, ""fall"": 0.0, ""timeout"": 0.0}"
layout_basic,start_region=x_pos__y_neg|path_len_bin=long|num_obstacles_bin=2|max_blockage_bin=medium|medhigh_count_bin=1|pair_side_mode=same_side|min_pair_dist_bin=very_close,True,122,27,95,0.7786885245901639,2.3934591424812877,collision_tblock_early,95,-9.099152187884567,1.639344262295082,"{""collision"": 95, ""success"": 27}","{""collision_tblock_early"": 95}","{""collision_rod_early"": 0.0, ""collision_rod_late"": 0.0, ""collision_rod_mid"": 0.0, ""collision_tblock_early"": 4.663207959864375, ""collision_tblock_late"": 0.0, ""collision_tblock_mid"": 0.0, ""fall"": 0.0, ""timeout"": 0.0}"
layout_basic,start_region=x_pos__y_pos|path_len_bin=long|num_obstacles_bin=2|max_blockage_bin=medium|medhigh_count_bin=1|pair_side_mode=same_side|min_pair_dist_bin=very_close,True,123,28,95,0.7723577235772358,2.3740001250627403,collision_tblock_early,94,-9.165502013374297,1.8455284552845528,"{""collision"": 94, ""success"": 28, ""timeout"": 1}","{""collision_tblock_early"": 94, ""timeout"": 1}","{""collision_rod_early"": 0.0, ""collision_rod_late"": 0.0, ""collision_rod_mid"": 0.0, ""collision_tblock_early"": 4.576608376869889, ""collision_tblock_late"": 0.0, ""collision_tblock_mid"": 0.0, ""fall"": 0.0, ""timeout"": 0.0728500126727886}"
layout_basic,start_region=x_pos__y_pos|path_len_bin=long|num_obstacles_bin=2|max_blockage_bin=low|medhigh_count_bin=0|pair_side_mode=same_side|min_pair_dist_bin=medium,True,334,176,158,0.47305389221556887,1.4540283148587865,timeout,78,-9.021881362371538,4.823353293413174,"{""collision"": 76, ""fall"": 4, ""success"": 176, ""timeout"": 78}","{""collision_rod_early"": 13, ""collision_rod_mid"": 5, ""collision_tblock_early"": 56, ""collision_tblock_mid"": 2, ""fall"": 4, ""timeout"": 78}","{""collision_rod_early"": 1.227296040829733, ""collision_rod_late"": 0.0, ""collision_rod_mid"": 2.513994482944224, ""collision_tblock_early"": 1.0040667123162121, ""collision_tblock_late"": 0.0, ""collision_tblock_mid"": 2.1411053491103917, ""fall"": 2.6557330442971625, ""timeout"": 2.092583896954293}"
layout_basic,start_region=x_neg__y_pos|path_len_bin=long|num_obstacles_bin=2|max_blockage_bin=low|medhigh_count_bin=0|pair_side_mode=center_involved|min_pair_dist_bin=far,True,123,70,53,0.43089430894308944,1.3244421750350024,timeout,35,-8.43510124689364,5.227642276422764,"{""collision"": 14, ""fall"": 4, ""success"": 70, ""timeout"": 35}","{""collision_rod_early"": 3, ""collision_rod_mid"": 1, ""collision_tblock_early"": 10, ""fall"": 4, ""timeout"": 35}","{""collision_rod_early"": 0.7690748173304518, ""collision_rod_late"": 0.0, ""collision_rod_mid"": 1.365323833013611, ""collision_tblock_early"": 0.4868732315819031, ""collision_tblock_late"": 0.0, ""collision_tblock_mid"": 0.0, ""fall"": 7.211502738172782, ""timeout"": 2.549750443547601}"
layout_basic,start_region=x_pos__y_pos|path_len_bin=long|num_obstacles_bin=2|max_blockage_bin=low|medhigh_count_bin=0|pair_side_mode=opposite_side|min_pair_dist_bin=far,True,3566,2077,1489,0.4175546831183399,1.2834400947689162,collision_tblock_early,865,-7.67647370555959,3.743970835670219,"{""collision"": 1062, ""fall"": 14, ""success"": 2077, ""timeout"": 413}","{""collision_rod_early"": 145, ""collision_rod_late"": 6, ""collision_rod_mid"": 31, ""collision_tblock_early"": 865, ""collision_tblock_late"": 3, ""collision_tblock_mid"": 12, ""fall"": 14, ""timeout"": 413}","{""collision_rod_early"": 1.282150810159713, ""collision_rod_late"": 1.5717400448681997, ""collision_rod_mid"": 1.459893375008665, ""collision_tblock_early"": 1.452632570783976, ""collision_tblock_late"": 1.1862189017873206, ""collision_tblock_mid"": 1.2032459673632152, ""fall"": 0.8705978487895072, ""timeout"": 1.0377756011679722}"
layout_basic,start_region=x_neg__y_pos|path_len_bin=long|num_obstacles_bin=2|max_blockage_bin=low|medhigh_count_bin=0|pair_side_mode=opposite_side|min_pair_dist_bin=far,True,3789,2237,1552,0.4096067564001056,1.2590105092969313,collision_tblock_early,848,-7.550181034903579,3.819213512800211,"{""collision"": 1031, ""fall"": 57, ""success"": 2237, ""timeout"": 464}","{""collision_rod_early"": 152, ""collision_rod_late"": 4, ""collision_rod_mid"": 8, ""collision_tblock_early"": 848, ""collision_tblock_late"": 3, ""collision_tblock_mid"": 16, ""fall"": 57, ""timeout"": 464}","{""collision_rod_early"": 1.2649443815263595, ""collision_rod_late"": 0.9861572974399578, ""collision_rod_mid"": 0.3545734103154905, ""collision_tblock_early"": 1.3402698745557884, ""collision_tblock_late"": 1.116404487667877, ""collision_tblock_mid"": 1.5099059099559162, ""fall"": 3.3359623711618753, ""timeout"": 1.097306920892423}"
layout_basic,start_region=x_mid__y_pos|path_len_bin=long|num_obstacles_bin=2|max_blockage_bin=low|medhigh_count_bin=0|pair_side_mode=opposite_side|min_pair_dist_bin=far,True,2699,1685,1014,0.3756947017413857,1.1547748429167728,collision_tblock_early,617,-7.049022462369176,3.3971841422749165,"{""collision"": 791, ""fall"": 15, ""success"": 1685, ""timeout"": 208}","{""collision_rod_early"": 156, ""collision_rod_late"": 2, ""collision_rod_mid"": 6, ""collision_tblock_early"": 617, ""collision_tblock_mid"": 10, ""fall"": 15, ""timeout"": 208}","{""collision_rod_early"": 1.8225277997945795, ""collision_rod_late"": 0.692210077806595, ""collision_rod_mid"": 0.3733267835361412, ""collision_tblock_early"": 1.368999496775925, ""collision_tblock_late"": 0.0, ""collision_tblock_mid"": 1.3248039766633397, ""fall"": 1.2324215035132258, ""timeout"": 0.6905501016008239}"
layout_basic,start_region=x_mid__y_pos|path_len_bin=long|num_obstacles_bin=2|max_blockage_bin=low|medhigh_count_bin=0|pair_side_mode=same_side|min_pair_dist_bin=medium,True,310,194,116,0.3741935483870968,1.150160739707816,timeout,60,-7.656592576070478,4.52258064516129,"{""collision"": 55, ""fall"": 1, ""success"": 194, ""timeout"": 60}","{""collision_rod_early"": 17, ""collision_rod_mid"": 1, ""collision_tblock_early"": 35, ""collision_tblock_late"": 1, ""collision_tblock_mid"": 1, ""fall"": 1, ""timeout"": 60}","{""collision_rod_early"": 1.7291778957397579, ""collision_rod_late"": 0.0, ""collision_rod_mid"": 0.5417252627763683, ""collision_tblock_early"": 0.6761255683742236, ""collision_tblock_late"": 4.5484479610468656, ""collision_tblock_mid"": 1.1534341719401142, ""fall"": 0.7153345458026228, ""timeout"": 1.7343003016941287}"
layout_basic,start_region=x_pos__y_mid|path_len_bin=long|num_obstacles_bin=2|max_blockage_bin=low|medhigh_count_bin=0|pair_side_mode=opposite_side|min_pair_dist_bin=far,True,2736,1720,1016,0.3713450292397661,1.141405230951218,collision_tblock_early,507,-7.169539177439856,4.032529239766082,"{""collision"": 660, ""fall"": 4, ""success"": 1720, ""timeout"": 352}","{""collision_rod_early"": 114, ""collision_rod_late"": 7, ""collision_rod_mid"": 24, ""collision_tblock_early"": 507, ""collision_tblock_late"": 4, ""collision_tblock_mid"": 4, ""fall"": 4, ""timeout"": 352}","{""collision_rod_early"": 1.3138361462728552, ""collision_rod_late"": 2.3899716739766084, ""collision_rod_mid"": 1.4731125566725805, ""collision_tblock_early"": 1.1097186255365155, ""collision_tblock_late"": 2.0614310934569127, ""collision_tblock_mid"": 0.5227552533646717, ""fall"": 0.3242013292380308, ""timeout"": 1.1528194987869356}"
layout_basic,start_region=x_pos__y_neg|path_len_bin=long|num_obstacles_bin=2|max_blockage_bin=low|medhigh_count_bin=0|pair_side_mode=opposite_side|min_pair_dist_bin=far,True,3897,2451,1446,0.3710546574287914,1.1405127135405342,collision_tblock_early,743,-7.7232465067844815,4.060302797023351,"{""collision"": 961, ""fall"": 31, ""success"": 2451, ""timeout"": 454}","{""collision_rod_early"": 160, ""collision_rod_late"": 3, ""collision_rod_mid"": 36, ""collision_tblock_early"": 743, ""collision_tblock_late"": 3, ""collision_tblock_mid"": 16, ""fall"": 31, ""timeout"": 454}","{""collision_rod_early"": 1.2946191433635523, ""collision_rod_late"": 0.7191204772902232, ""collision_rod_mid"": 1.5513610296598073, ""collision_tblock_early"": 1.1417720749560827, ""collision_tblock_late"": 1.085464871381469, ""collision_tblock_mid"": 1.4680609424744588, ""fall"": 1.7640146228286386, ""timeout"": 1.0439031069216989}"
layout_basic,start_region=x_neg__y_neg|path_len_bin=long|num_obstacles_bin=2|max_blockage_bin=low|medhigh_count_bin=0|pair_side_mode=same_side|min_pair_dist_bin=medium,True,408,259,149,0.36519607843137253,1.1225051674929012,timeout,87,-7.869766802520474,4.8504901960784315,"{""collision"": 58, ""fall"": 4, ""success"": 259, ""timeout"": 87}","{""collision_rod_early"": 14, ""collision_rod_mid"": 6, ""collision_tblock_early"": 37, ""collision_tblock_mid"": 1, ""fall"": 4, ""timeout"": 87}","{""collision_rod_early"": 1.0819827086952924, ""collision_rod_late"": 0.0, ""collision_rod_mid"": 2.469629874421679, ""collision_tblock_early"": 0.5430784502277552, ""collision_tblock_late"": 0.0, ""collision_tblock_mid"": 0.8763838071113613, ""fall"": 2.174055972537383, ""timeout"": 1.9107058470870366}"
layout_basic,start_region=x_mid__y_pos|path_len_bin=long|num_obstacles_bin=2|max_blockage_bin=low|medhigh_count_bin=0|pair_side_mode=same_side|min_pair_dist_bin=far,True,444,284,160,0.36036036036036034,1.1076415946238674,timeout,85,-7.930063608023141,4.614864864864865,"{""collision"": 65, ""fall"": 10, ""success"": 284, ""timeout"": 85}","{""collision_rod_early"": 25, ""collision_rod_mid"": 3, ""collision_tblock_early"": 36, ""collision_tblock_late"": 1, ""fall"": 10, ""timeout"": 85}","{""collision_rod_early"": 1.7754542517200742, ""collision_rod_late"": 0.0, ""collision_rod_mid"": 1.1346948071667173, ""collision_tblock_early"": 0.48555735798303307, ""collision_tblock_late"": 3.1757181710011895, ""collision_tblock_mid"": 0.0, ""fall"": 4.994452909883177, ""timeout"": 1.7154209065180288}"
layout_basic,start_region=x_pos__y_pos|path_len_bin=long|num_obstacles_bin=2|max_blockage_bin=low|medhigh_count_bin=0|pair_side_mode=same_side|min_pair_dist_bin=far,True,539,348,191,0.35435992578849723,1.0891980263274867,timeout,106,-8.260696689026394,4.833024118738405,"{""collision"": 84, ""fall"": 1, ""success"": 348, ""timeout"": 106}","{""collision_rod_early"": 20, ""collision_rod_mid"": 7, ""collision_tblock_early"": 55, ""collision_tblock_mid"": 2, ""fall"": 1, ""timeout"": 106}","{""collision_rod_early"": 1.1700210579053254, ""collision_rod_late"": 0.0, ""collision_rod_mid"": 2.1809718371516125, ""collision_tblock_early"": 0.6110755865772867, ""collision_tblock_late"": 0.0, ""collision_tblock_mid"": 1.3267702905433596, ""fall"": 0.41141690018332666, ""timeout"": 1.7621863918883445}"
layout_basic,start_region=x_neg__y_pos|path_len_bin=long|num_obstacles_bin=2|max_blockage_bin=low|medhigh_count_bin=0|pair_side_mode=same_side|min_pair_dist_bin=medium,True,423,275,148,0.34988179669030733,1.0754335766241665,timeout,79,-7.318887061706406,4.444444444444445,"{""collision"": 68, ""fall"": 1, ""success"": 275, ""timeout"": 79}","{""collision_rod_early"": 10, ""collision_rod_mid"": 3, ""collision_tblock_early"": 53, ""collision_tblock_mid"": 2, ""fall"": 1, ""timeout"": 79}","{""collision_rod_early"": 0.7454389482399179, ""collision_rod_late"": 0.0, ""collision_rod_mid"": 1.1910271734799587, ""collision_tblock_early"": 0.7503372568989188, ""collision_tblock_late"": 0.0, ""collision_tblock_mid"": 1.6906127342857467, ""fall"": 0.5242404472785179, ""timeout"": 1.6734836244479594}"
layout_basic,start_region=x_neg__y_pos|path_len_bin=long|num_obstacles_bin=2|max_blockage_bin=low|medhigh_count_bin=0|pair_side_mode=same_side|min_pair_dist_bin=far,True,699,457,242,0.34620886981402005,1.0641440813585954,timeout,154,-7.641763486493266,4.819742489270387,"{""collision"": 77, ""fall"": 11, ""success"": 457, ""timeout"": 154}","{""collision_rod_early"": 12, ""collision_rod_mid"": 7, ""collision_tblock_early"": 56, ""collision_tblock_mid"": 2, ""fall"": 11, ""timeout"": 154}","{""collision_rod_early"": 0.5413230473913909, ""collision_rod_late"": 0.0, ""collision_rod_mid"": 1.6817508157721304, ""collision_tblock_early"": 0.4797686436532401, ""collision_tblock_late"": 0.0, ""collision_tblock_mid"": 1.0230746589454518, ""fall"": 3.489686410853997, ""timeout"": 1.9741415451329922}"
layout_basic,start_region=x_neg__y_neg|path_len_bin=long|num_obstacles_bin=2|max_blockage_bin=low|medhigh_count_bin=0|pair_side_mode=opposite_side|min_pair_dist_bin=far,True,4421,2894,1527,0.3453969690115358,1.061648537457372,collision_tblock_early,592,-6.864998795152643,4.007238181406922,"{""collision"": 968, ""fall"": 13, ""success"": 2894, ""timeout"": 546}","{""collision_rod_early"": 284, ""collision_rod_late"": 12, ""collision_rod_mid"": 69, ""collision_tblock_early"": 592, ""collision_tblock_late"": 2, ""collision_tblock_mid"": 9, ""fall"": 13, ""timeout"": 546}","{""collision_rod_early"": 2.025584069892735, ""collision_rod_late"": 2.5355462565030535, ""collision_rod_mid"": 2.6210141078458533, ""collision_tblock_early"": 0.8019036695514105, ""collision_tblock_late"": 0.6378732720762399, ""collision_tblock_mid"": 0.7279080162209723, ""fall"": 0.6520692647782333, ""timeout"": 1.1066412918070883}"
layout_basic,start_region=x_pos__y_neg|path_len_bin=long|num_obstacles_bin=2|max_blockage_bin=low|medhigh_count_bin=0|pair_side_mode=same_side|min_pair_dist_bin=far,True,707,466,241,0.3408769448373409,1.0477553146316505,timeout,137,-8.041023962896274,4.91937765205092,"{""collision"": 97, ""fall"": 7, ""success"": 466, ""timeout"": 137}","{""collision_rod_early"": 17, ""collision_rod_late"": 4, ""collision_rod_mid"": 11, ""collision_tblock_early"": 58, ""collision_tblock_late"": 1, ""collision_tblock_mid"": 6, ""fall"": 7, ""timeout"": 137}","{""collision_rod_early"": 0.7581968142564708, ""collision_rod_late"": 5.285077793493635, ""collision_rod_mid"": 2.6128474484687634, ""collision_tblock_early"": 0.4912805705948085, ""collision_tblock_late"": 1.9943689786768433, ""collision_tblock_mid"": 3.0344944268862974, ""fall"": 2.1955812791961686, ""timeout"": 1.7363445028983884}"
layout_basic,start_region=x_pos__y_neg|path_len_bin=long|num_obstacles_bin=2|max_blockage_bin=low|medhigh_count_bin=0|pair_side_mode=same_side|min_pair_dist_bin=medium,True,441,293,148,0.3356009070294785,1.0315383285986903,timeout,99,-7.892297508010216,5.043083900226757,"{""collision"": 46, ""fall"": 3, ""success"": 293, ""timeout"": 99}","{""collision_rod_early"": 8, ""collision_rod_late"": 1, ""collision_rod_mid"": 2, ""collision_tblock_early"": 33, ""collision_tblock_late"": 1, ""collision_tblock_mid"": 1, ""fall"": 3, ""timeout"": 99}","{""collision_rod_early"": 0.572010294975937, ""collision_rod_late"": 2.1182256235827666, ""collision_rod_mid"": 0.7616092129735791, ""collision_tblock_early"": 0.4481220968233435, ""collision_tblock_late"": 3.1973216959739874, ""collision_tblock_mid"": 0.8108040664431642, ""fall"": 1.508528634005531, ""timeout"": 2.011552390740469}"
layout_basic,start_region=x_pos__y_mid|path_len_bin=long|num_obstacles_bin=2|max_blockage_bin=low|medhigh_count_bin=0|pair_side_mode=same_side|min_pair_dist_bin=medium,True,296,197,99,0.3344594594594595,1.0280298550102769,collision_tblock_early,43,-7.680630584777768,4.381756756756757,"{""collision"": 59, ""success"": 197, ""timeout"": 40}","{""collision_rod_early"": 8, ""collision_rod_late"": 1, ""collision_rod_mid"": 2, ""collision_tblock_early"": 43, ""collision_tblock_late"": 1, ""collision_tblock_mid"": 4, ""timeout"": 40}","{""collision_rod_early"": 0.8522180408256357, ""collision_rod_late"": 3.155869932432432, ""collision_rod_mid"": 1.1346948071667173, ""collision_tblock_early"": 0.8699569330529343, ""collision_tblock_late"": 4.763577256501784, ""collision_tblock_mid"": 4.831953963532911, ""fall"": 0.0, ""timeout"": 1.210885345777432}"
layout_basic,start_region=x_pos__y_mid|path_len_bin=long|num_obstacles_bin=2|max_blockage_bin=low|medhigh_count_bin=0|pair_side_mode=same_side|min_pair_dist_bin=far,True,419,282,137,0.3269689737470167,1.0050063084394483,timeout,71,-7.33954050852527,4.701670644391408,"{""collision"": 66, ""success"": 282, ""timeout"": 71}","{""collision_rod_early"": 17, ""collision_rod_late"": 1, ""collision_rod_mid"": 6, ""collision_tblock_early"": 42, ""timeout"": 71}","{""collision_rod_early"": 1.2793440278742838, ""collision_rod_late"": 2.229445107398568, ""collision_rod_mid"": 2.4047947225872193, ""collision_tblock_early"": 0.6002833208477593, ""collision_tblock_late"": 0.0, ""collision_tblock_mid"": 0.0, ""fall"": 0.0, ""timeout"": 1.5183750851347562}"
layout_basic,start_region=x_pos__y_pos|path_len_bin=long|num_obstacles_bin=2|max_blockage_bin=low|medhigh_count_bin=0|pair_side_mode=same_side|min_pair_dist_bin=close,True,1024,702,322,0.314453125,0.9665362762462468,collision_tblock_early,173,-7.193482580429753,4.001953125,"{""collision"": 221, ""fall"": 1, ""success"": 702, ""timeout"": 100}","{""collision_rod_early"": 37, ""collision_rod_late"": 1, ""collision_rod_mid"": 3, ""collision_tblock_early"": 173, ""collision_tblock_late"": 2, ""collision_tblock_mid"": 5, ""fall"": 1, ""timeout"": 100}","{""collision_rod_early"": 1.1393422830959916, ""collision_rod_late"": 0.91224365234375, ""collision_rod_mid"": 0.49199657654494383, ""collision_tblock_early"": 1.0117358881671208, ""collision_tblock_late"": 2.753943101415094, ""collision_tblock_mid"": 1.745920865729665, ""fall"": 0.21655635663946587, ""timeout"": 0.8750538631594724}"
layout_basic,start_region=x_neg__y_neg|path_len_bin=long|num_obstacles_bin=2|max_blockage_bin=low|medhigh_count_bin=0|pair_side_mode=same_side|min_pair_dist_bin=far,True,815,566,249,0.30552147239263805,0.9390830071720574,timeout,157,-6.824535659172702,4.6871165644171775,"{""collision"": 90, ""fall"": 2, ""success"": 566, ""timeout"": 157}","{""collision_rod_early"": 29, ""collision_rod_late"": 1, ""collision_rod_mid"": 6, ""collision_tblock_early"": 46, ""collision_tblock_late"": 5, ""collision_tblock_mid"": 3, ""fall"": 2, ""timeout"": 157}","{""collision_rod_early"": 1.121999948228107, ""collision_rod_late"": 1.146180981595092, ""collision_rod_mid"": 1.2363300475632453, ""collision_tblock_early"": 0.33800352690679847, ""collision_tblock_late"": 8.650422502604469, ""collision_tblock_mid"": 1.3161886869991486, ""fall"": 0.5441808814694798, ""timeout"": 1.7261430610113135}"
layout_basic,start_region=x_mid__y_pos|path_len_bin=medium|num_obstacles_bin=2|max_blockage_bin=low|medhigh_count_bin=0|pair_side_mode=same_side|min_pair_dist_bin=far,True,420,293,127,0.30238095238095236,0.9294299737745632,timeout,85,-6.14570175808322,4.619047619047619,"{""collision"": 41, ""fall"": 1, ""success"": 293, ""timeout"": 85}","{""collision_rod_early"": 11, ""collision_rod_mid"": 2, ""collision_tblock_early"": 27, ""collision_tblock_mid"": 1, ""fall"": 1, ""timeout"": 85}","{""collision_rod_early"": 0.8258398633715089, ""collision_rod_late"": 0.0, ""collision_rod_mid"": 0.7996896736222581, ""collision_tblock_early"": 0.3849776195436906, ""collision_tblock_late"": 0.0, ""collision_tblock_mid"": 0.8513442697653224, ""fall"": 0.5279850219019359, ""timeout"": 1.8134449583190593}"
layout_basic,start_region=x_neg__y_neg|path_len_bin=long|num_obstacles_bin=2|max_blockage_bin=low|medhigh_count_bin=0|pair_side_mode=same_side|min_pair_dist_bin=close,True,1047,736,311,0.29703915950334286,0.9130108760269945,timeout,151,-6.294977042697926,4.219675262655206,"{""collision"": 155, ""fall"": 5, ""success"": 736, ""timeout"": 151}","{""collision_rod_early"": 38, ""collision_rod_mid"": 7, ""collision_tblock_early"": 105, ""collision_tblock_late"": 1, ""collision_tblock_mid"": 4, ""fall"": 5, ""timeout"": 151}","{""collision_rod_early"": 1.1444303394468422, ""collision_rod_late"": 0.0, ""collision_rod_mid"": 1.122773467263342, ""collision_tblock_early"": 0.6005699891003132, ""collision_tblock_late"": 1.3467228920005045, ""collision_tblock_mid"": 1.3660538426033826, ""fall"": 1.058995745935115, ""timeout"": 1.292304952599525}"
layout_basic,start_region=x_pos__y_mid|path_len_bin=medium|num_obstacles_bin=2|max_blockage_bin=low|medhigh_count_bin=0|pair_side_mode=same_side|min_pair_dist_bin=medium,True,246,173,73,0.2967479674796748,0.9121158375241055,timeout,47,-6.732148818140802,4.869918699186992,"{""collision"": 25, ""fall"": 1, ""success"": 173, ""timeout"": 47}","{""collision_rod_early"": 3, ""collision_rod_mid"": 5, ""collision_tblock_early"": 14, ""collision_tblock_late"": 1, ""collision_tblock_mid"": 2, ""fall"": 1, ""timeout"": 47}","{""collision_rod_early"": 0.3845374086652259, ""collision_rod_late"": 0.0, ""collision_rod_mid"": 3.413309582534027, ""collision_tblock_early"": 0.34081126210733215, ""collision_tblock_late"": 5.731784015953367, ""collision_tblock_mid"": 2.907029213832808, ""fall"": 0.9014378422715977, ""timeout"": 1.711975297810532}"
layout_basic,start_region=x_neg__y_pos|path_len_bin=long|num_obstacles_bin=2|max_blockage_bin=low|medhigh_count_bin=0|pair_side_mode=same_side|min_pair_dist_bin=close,True,1193,845,348,0.2917015926236379,0.8966047677521114,collision_tblock_early,171,-6.363019007595432,3.7862531433361273,"{""collision"": 212, ""fall"": 12, ""success"": 845, ""timeout"": 124}","{""collision_rod_early"": 36, ""collision_rod_mid"": 4, ""collision_tblock_early"": 171, ""collision_tblock_mid"": 1, ""fall"": 12, ""timeout"": 124}","{""collision_rod_early"": 0.9515125149872145, ""collision_rod_late"": 0.0, ""collision_rod_mid"": 0.5630673309662169, ""collision_tblock_early"": 0.8583742397202154, ""collision_tblock_late"": 0.0, ""collision_tblock_mid"": 0.2997188544018738, ""fall"": 2.230548625637684, ""timeout"": 0.9313565744219379}"
layout_basic,start_region=x_pos__y_pos|path_len_bin=medium|num_obstacles_bin=2|max_blockage_bin=low|medhigh_count_bin=0|pair_side_mode=opposite_side|min_pair_dist_bin=far,True,275,195,80,0.2909090909090909,0.8941688509327221,collision_tblock_early,41,-5.870613917169619,3.890909090909091,"{""collision"": 53, ""fall"": 1, ""success"": 195, ""timeout"": 26}","{""collision_rod_early"": 8, ""collision_rod_late"": 1, ""collision_rod_mid"": 2, ""collision_tblock_early"": 41, ""collision_tblock_mid"": 1, ""fall"": 1, ""timeout"": 26}","{""collision_rod_early"": 0.9172965093977753, ""collision_rod_late"": 3.3968636363636366, ""collision_rod_mid"": 1.221344228804903, ""collision_tblock_early"": 0.8928369843154682, ""collision_tblock_late"": 0.0, ""collision_tblock_mid"": 1.3002348847324925, ""fall"": 0.8063771243593203, ""timeout"": 0.8471794201002835}"
layout_basic,start_region=x_mid__y_pos|path_len_bin=medium|num_obstacles_bin=2|max_blockage_bin=low|medhigh_count_bin=0|pair_side_mode=same_side|min_pair_dist_bin=medium,True,224,159,65,0.29017857142857145,0.8919234492423219,timeout,44,-5.981070865109429,4.5,"{""collision"": 21, ""success"": 159, ""timeout"": 44}","{""collision_rod_early"": 6, ""collision_rod_mid"": 2, ""collision_tblock_early"": 12, ""collision_tblock_mid"": 1, ""timeout"": 44}","{""collision_rod_early"": 0.8446089511754069, ""collision_rod_late"": 0.0, ""collision_rod_mid"": 1.4994181380417337, ""collision_tblock_early"": 0.32081468295307547, ""collision_tblock_late"": 0.0, ""collision_tblock_mid"": 1.5962705058099795, ""fall"": 0.0, ""timeout"": 1.7601083418979104}"
layout_basic,start_region=x_mid__y_pos|path_len_bin=medium|num_obstacles_bin=2|max_blockage_bin=low|medhigh_count_bin=0|pair_side_mode=opposite_side|min_pair_dist_bin=far,True,2049,1479,570,0.2781844802342606,0.8550571460694497,collision_tblock_early,249,-5.877890552564405,3.6354319180087846,"{""collision"": 386, ""fall"": 3, ""success"": 1479, ""timeout"": 181}","{""collision_rod_early"": 119, ""collision_rod_late"": 1, ""collision_rod_mid"": 10, ""collision_tblock_early"": 249, ""collision_tblock_late"": 1, ""collision_tblock_mid"": 6, ""fall"": 3, ""timeout"": 181}","{""collision_rod_early"": 1.831291378113848, ""collision_rod_late"": 0.4558992191312836, ""collision_rod_mid"": 0.8195941018090491, ""collision_tblock_early"": 0.7277436048637846, ""collision_tblock_late"": 0.6881497647264657, ""collision_tblock_mid"": 1.0470412688182589, ""fall"": 0.3246760017552168, ""timeout"": 0.7915372533598305}"
layout_basic,start_region=x_pos__y_mid|path_len_bin=medium|num_obstacles_bin=2|max_blockage_bin=low|medhigh_count_bin=0|pair_side_mode=opposite_side|min_pair_dist_bin=far,True,2060,1494,566,0.27475728155339807,0.8445229468912512,timeout,269,-5.873125277090547,4.162135922330097,"{""collision"": 293, ""fall"": 4, ""success"": 1494, ""timeout"": 269}","{""collision_rod_early"": 99, ""collision_rod_late"": 5, ""collision_rod_mid"": 11, ""collision_tblock_early"": 172, ""collision_tblock_mid"": 6, ""fall"": 4, ""timeout"": 269}","{""collision_rod_early"": 1.515376059972963, ""collision_rod_late"": 2.267324029126214, ""collision_rod_mid"": 0.896739391294862, ""collision_tblock_early"": 0.500014081910036, ""collision_tblock_late"": 0.0, ""collision_tblock_mid"": 1.0414502717517535, ""fall"": 0.430589726599637, ""timeout"": 1.1700914414099788}"
layout_basic,start_region=x_mid__y_pos|path_len_bin=medium|num_obstacles_bin=2|max_blockage_bin=low|medhigh_count_bin=0|pair_side_mode=same_side|min_pair_dist_bin=close,True,422,307,115,0.2725118483412322,0.8376211466453595,timeout,59,-5.52697276426939,4.002369668246446,"{""collision"": 56, ""success"": 307, ""timeout"": 59}","{""collision_rod_early"": 20, ""collision_tblock_early"": 32, ""collision_tblock_mid"": 4, ""timeout"": 59}","{""collision_rod_early"": 1.4944107824904511, ""collision_rod_late"": 0.0, ""collision_rod_mid"": 0.0, ""collision_tblock_early"": 0.4541073553332632, ""collision_tblock_late"": 0.0, ""collision_tblock_mid"": 3.38923785119844, ""fall"": 0.0, ""timeout"": 1.2527785354654666}"
layout_basic,start_region=x_neg__y_neg|path_len_bin=long|num_obstacles_bin=2|max_blockage_bin=low|medhigh_count_bin=0|pair_side_mode=center_involved|min_pair_dist_bin=far,True,277,202,75,0.27075812274368233,0.8322307107620665,timeout,36,-6.444622035520817,4.332129963898917,"{""collision"": 37, ""fall"": 2, ""success"": 202, ""timeout"": 36}","{""collision_rod_early"": 9, ""collision_rod_mid"": 2, ""collision_tblock_early"": 25, ""collision_tblock_mid"": 1, ""fall"": 2, ""timeout"": 36}","{""collision_rod_early"": 1.0245076086459808, ""collision_rod_late"": 0.0, ""collision_rod_mid"": 1.212525858921835, ""collision_tblock_early"": 0.5404820170087914, ""collision_tblock_late"": 0.0, ""collision_tblock_mid"": 1.2908469072253985, ""fall"": 1.6011098137098416, ""timeout"": 1.1645482170220502}"
layout_basic,start_region=x_pos__y_mid|path_len_bin=long|num_obstacles_bin=2|max_blockage_bin=low|medhigh_count_bin=0|pair_side_mode=same_side|min_pair_dist_bin=close,True,743,544,199,0.26783310901749663,0.8232400802034524,collision_tblock_early,95,-6.666452090199307,4.17900403768506,"{""collision"": 116, ""fall"": 1, ""success"": 544, ""timeout"": 82}","{""collision_rod_early"": 14, ""collision_rod_mid"": 4, ""collision_tblock_early"": 95, ""collision_tblock_late"": 1, ""collision_tblock_mid"": 2, ""fall"": 1, ""timeout"": 82}","{""collision_rod_early"": 0.5941439369416949, ""collision_rod_late"": 0.0, ""collision_rod_mid"": 0.9040906135164154, ""collision_tblock_early"": 0.7656949812967077, ""collision_tblock_late"": 1.8977373727113434, ""collision_tblock_mid"": 0.9624888110402029, ""fall"": 0.2984572129189947, ""timeout"": 0.9889168611275178}"
layout_basic,start_region=x_pos__y_mid|path_len_bin=medium|num_obstacles_bin=2|max_blockage_bin=low|medhigh_count_bin=0|pair_side_mode=same_side|min_pair_dist_bin=far,True,429,315,114,0.26573426573426573,0.8167888542173904,timeout,59,-6.37885696172654,4.400932400932401,"{""collision"": 53, ""fall"": 2, ""success"": 315, ""timeout"": 59}","{""collision_rod_early"": 18, ""collision_rod_late"": 2, ""collision_rod_mid"": 8, ""collision_tblock_early"": 25, ""fall"": 2, ""timeout"": 59}","{""collision_rod_early"": 1.3230238116314066, ""collision_rod_late"": 4.354953379953381, ""collision_rod_mid"": 3.131651868730521, ""collision_tblock_early"": 0.3489825610989166, ""collision_tblock_late"": 0.0, ""collision_tblock_mid"": 0.0, ""fall"": 1.0338168261016927, ""timeout"": 1.2323369276606688}"
layout_basic,start_region=x_pos__y_neg|path_len_bin=long|num_obstacles_bin=2|max_blockage_bin=low|medhigh_count_bin=0|pair_side_mode=same_side|min_pair_dist_bin=close,True,1188,875,313,0.26346801346801346,0.8098230623320082,collision_tblock_early,167,-6.653861038023919,3.975589225589226,"{""collision"": 199, ""fall"": 9, ""success"": 875, ""timeout"": 105}","{""collision_rod_early"": 19, ""collision_rod_late"": 2, ""collision_rod_mid"": 5, ""collision_tblock_early"": 167, ""collision_tblock_late"": 1, ""collision_tblock_mid"": 5, ""fall"": 9, ""timeout"": 105}","{""collision_rod_early"": 0.5043007430138232, ""collision_rod_late"": 1.5726220538720541, ""collision_rod_mid"": 0.7067964287065411, ""collision_tblock_early"": 0.841823489050831, ""collision_tblock_late"": 1.1868845689600407, ""collision_tblock_mid"": 1.5049014869589032, ""fall"": 1.6799523424152505, ""timeout"": 0.7919679407988761}"
layout_basic,start_region=x_mid__y_pos|path_len_bin=long|num_obstacles_bin=2|max_blockage_bin=low|medhigh_count_bin=0|pair_side_mode=same_side|min_pair_dist_bin=close,True,728,538,190,0.260989010989011,0.8022033389635085,timeout,89,-6.370805573917861,4.086538461538462,"{""collision"": 100, ""fall"": 1, ""success"": 538, ""timeout"": 89}","{""collision_rod_early"": 28, ""collision_tblock_early"": 70, ""collision_tblock_late"": 1, ""collision_tblock_mid"": 1, ""fall"": 1, ""timeout"": 89}","{""collision_rod_early"": 1.2127718273287893, ""collision_rod_late"": 0.0, ""collision_rod_mid"": 0.0, ""collision_tblock_early"": 0.5758212258132124, ""collision_tblock_late"": 1.9368391042919344, ""collision_tblock_mid"": 0.49116015563383986, ""fall"": 0.304606743404963, ""timeout"": 1.0954520449574408}"
layout_basic,start_region=x_pos__y_mid|path_len_bin=medium|num_obstacles_bin=2|max_blockage_bin=low|medhigh_count_bin=0|pair_side_mode=same_side|min_pair_dist_bin=close,True,417,310,107,0.2565947242206235,0.7886965958841532,timeout,54,-5.667079932990528,4.218225419664269,"{""collision"": 53, ""success"": 310, ""timeout"": 54}","{""collision_rod_early"": 9, ""collision_rod_late"": 1, ""collision_rod_mid"": 4, ""collision_tblock_early"": 36, ""collision_tblock_late"": 2, ""collision_tblock_mid"": 1, ""timeout"": 54}","{""collision_rod_early"": 0.6805482196521264, ""collision_rod_late"": 2.2401378896882496, ""collision_rod_mid"": 1.6108856734836852, ""collision_tblock_early"": 0.5169963236078339, ""collision_tblock_late"": 6.7626804217003755, ""collision_tblock_mid"": 0.8574690486844974, ""fall"": 0.0, ""timeout"": 1.1603591946586616}"
layout_basic,start_region=x_neg__y_mid|path_len_bin=long|num_obstacles_bin=2|max_blockage_bin=low|medhigh_count_bin=0|pair_side_mode=same_side|min_pair_dist_bin=medium,True,366,273,93,0.2540983606557377,0.7810235096517886,timeout,69,-6.000288192413037,4.76775956284153,"{""collision"": 20, ""fall"": 4, ""success"": 273, ""timeout"": 69}","{""collision_rod_early"": 7, ""collision_rod_mid"": 2, ""collision_tblock_early"": 11, ""fall"": 4, ""timeout"": 69}","{""collision_rod_early"": 0.6030723294367204, ""collision_rod_late"": 0.0, ""collision_rod_mid"": 0.9176766746484928, ""collision_tblock_early"": 0.1799834651175724, ""collision_tblock_late"": 0.0, ""collision_tblock_mid"": 0.0, ""fall"": 2.423537805451509, ""timeout"": 1.6892843102567128}"
layout_basic,start_region=x_neg__y_mid|path_len_bin=long|num_obstacles_bin=2|max_blockage_bin=low|medhigh_count_bin=0|pair_side_mode=opposite_side|min_pair_dist_bin=far,True,2541,1898,643,0.2530499803227076,0.7778010973346055,timeout,389,-6.179695684398565,4.426603699330972,"{""collision"": 217, ""fall"": 37, ""success"": 1898, ""timeout"": 389}","{""collision_rod_early"": 78, ""collision_rod_late"": 5, ""collision_rod_mid"": 16, ""collision_tblock_early"": 113, ""collision_tblock_mid"": 5, ""fall"": 37, ""timeout"": 389}","{""collision_rod_early"": 0.9679265115398603, ""collision_rod_late"": 1.838129673356946, ""collision_rod_mid"": 1.0574408907401758, ""collision_tblock_early"": 0.26631448428795246, ""collision_tblock_late"": 0.0, ""collision_tblock_mid"": 0.7035903055911755, ""fall"": 3.2289993074994428, ""timeout"": 1.3717648785340086}"
layout_basic,start_region=x_pos__y_neg|path_len_bin=medium|num_obstacles_bin=2|max_blockage_bin=low|medhigh_count_bin=0|pair_side_mode=opposite_side|min_pair_dist_bin=far,True,275,207,68,0.24727272727272728,0.7600435232928139,timeout,37,-5.763311781204499,4.305454545454546,"{""collision"": 30, ""fall"": 1, ""success"": 207, ""timeout"": 37}","{""collision_rod_early"": 11, ""collision_rod_mid"": 4, ""collision_tblock_early"": 14, ""collision_tblock_mid"": 1, ""fall"": 1, ""timeout"": 37}","{""collision_rod_early"": 1.261282700421941, ""collision_rod_late"": 0.0, ""collision_rod_mid"": 2.442688457609806, ""collision_tblock_early"": 0.3048711653760135, ""collision_tblock_late"": 0.0, ""collision_tblock_mid"": 1.3002348847324925, ""fall"": 0.8063771243593203, ""timeout"": 1.2056014824504033}"
layout_basic,start_region=x_neg__y_mid|path_len_bin=long|num_obstacles_bin=2|max_blockage_bin=low|medhigh_count_bin=0|pair_side_mode=center_involved|min_pair_dist_bin=far,True,103,78,25,0.24271844660194175,0.7460450060876778,timeout,14,-6.732379333308592,4.135922330097087,"{""collision"": 8, ""fall"": 3, ""success"": 78, ""timeout"": 14}","{""collision_rod_mid"": 1, ""collision_tblock_early"": 6, ""collision_tblock_mid"": 1, ""fall"": 3, ""timeout"": 14}","{""collision_rod_early"": 0.0, ""collision_rod_late"": 0.0, ""collision_rod_mid"": 1.6304352568997493, ""collision_tblock_early"": 0.34884703389072286, ""collision_tblock_late"": 0.0, ""collision_tblock_mid"": 3.4715009058391786, ""fall"": 6.458845898994555, ""timeout"": 1.2179390468207958}"
layout_basic,start_region=x_neg__y_pos|path_len_bin=long|num_obstacles_bin=2|max_blockage_bin=low|medhigh_count_bin=0|pair_side_mode=same_side|min_pair_dist_bin=very_close,True,1396,1070,326,0.2335243553008596,0.7177850777768494,collision_tblock_early,206,-5.392386762389902,3.511461318051576,"{""collision"": 225, ""fall"": 8, ""success"": 1070, ""timeout"": 93}","{""collision_rod_early"": 18, ""collision_tblock_early"": 206, ""collision_tblock_mid"": 1, ""fall"": 8, ""timeout"": 93}","{""collision_rod_early"": 0.4065739363824308, ""collision_rod_late"": 0.0, ""collision_rod_mid"": 0.0, ""collision_tblock_early"": 0.8836958411047465, ""collision_tblock_late"": 0.0, ""collision_tblock_mid"": 0.25613509548813423, ""fall"": 1.270794895122138, ""timeout"": 0.5969421883696482}"
layout_basic,start_region=x_mid__y_neg|path_len_bin=long|num_obstacles_bin=2|max_blockage_bin=low|medhigh_count_bin=0|pair_side_mode=opposite_side|min_pair_dist_bin=far,True,2479,1909,570,0.2299314239612747,0.706741465226423,timeout,315,-5.876636355581154,4.324727712787414,"{""collision"": 252, ""fall"": 3, ""success"": 1909, ""timeout"": 315}","{""collision_rod_early"": 72, ""collision_rod_late"": 5, ""collision_rod_mid"": 18, ""collision_tblock_early"": 147, ""collision_tblock_late"": 3, ""collision_tblock_mid"": 7, ""fall"": 3, ""timeout"": 315}","{""collision_rod_early"": 0.9158164020812802, ""collision_rod_late"": 1.8841014521984671, ""collision_rod_mid"": 1.2193735241194574, ""collision_tblock_early"": 0.3551091125547556, ""collision_tblock_late"": 1.706356032179744, ""collision_tblock_mid"": 1.0096620222307575, ""fall"": 0.2683586638146185, ""timeout"": 1.1385936833429586}"
layout_basic,start_region=x_neg__y_mid|path_len_bin=long|num_obstacles_bin=2|max_blockage_bin=low|medhigh_count_bin=0|pair_side_mode=same_side|min_pair_dist_bin=far,True,701,542,159,0.2268188302425107,0.6971742690269841,timeout,108,-6.098527875143481,4.5592011412268185,"{""collision"": 47, ""fall"": 4, ""success"": 542, ""timeout"": 108}","{""collision_rod_early"": 18, ""collision_rod_mid"": 3, ""collision_tblock_early"": 24, ""collision_tblock_late"": 1, ""collision_tblock_mid"": 1, ""fall"": 4, ""timeout"": 108}","{""collision_rod_early"": 0.8096679246645839, ""collision_rod_late"": 0.0, ""collision_rod_mid"": 0.7186940005449678, ""collision_tblock_early"": 0.20502849923391983, ""collision_tblock_late"": 2.0114391839151615, ""collision_tblock_mid"": 0.5100778791746582, ""fall"": 1.2653564005638405, ""timeout"": 1.3805129362986073}"
layout_basic,start_region=x_mid__y_neg|path_len_bin=long|num_obstacles_bin=2|max_blockage_bin=low|medhigh_count_bin=0|pair_side_mode=same_side|min_pair_dist_bin=far,True,672,522,150,0.22321428571428573,0.6860949609556323,timeout,112,-6.115719771029285,4.662202380952381,"{""collision"": 37, ""fall"": 1, ""success"": 522, ""timeout"": 112}","{""collision_rod_early"": 10, ""collision_rod_mid"": 6, ""collision_tblock_early"": 16, ""collision_tblock_late"": 2, ""collision_tblock_mid"": 3, ""fall"": 1, ""timeout"": 112}","{""collision_rod_early"": 0.46922719509744826, ""collision_rod_late"": 0.0, ""collision_rod_mid"": 1.4994181380417337, ""collision_tblock_early"": 0.1425843035347002, ""collision_tblock_late"": 4.196484725965858, ""collision_tblock_mid"": 1.5962705058099795, ""fall"": 0.3299906386887099, ""timeout"": 1.4934252597921662}"
layout_basic,start_region=x_mid__y_neg|path_len_bin=long|num_obstacles_bin=2|max_blockage_bin=low|medhigh_count_bin=0|pair_side_mode=same_side|min_pair_dist_bin=medium,True,391,305,86,0.21994884910485935,0.6760579707339796,timeout,51,-6.313944075070071,4.549872122762149,"{""collision"": 35, ""success"": 305, ""timeout"": 51}","{""collision_rod_early"": 6, ""collision_rod_late"": 1, ""collision_rod_mid"": 5, ""collision_tblock_early"": 21, ""collision_tblock_late"": 1, ""collision_tblock_mid"": 1, ""timeout"": 51}","{""collision_rod_early"": 0.4838680436401308, ""collision_rod_late"": 2.389098465473146, ""collision_rod_mid"": 2.1475042386275467, ""collision_tblock_early"": 0.32163518086344134, ""collision_tblock_late"": 3.6061863629783333, ""collision_tblock_mid"": 0.9144874508988118, ""fall"": 0.0, ""timeout"": 1.1687675946199563}"
layout_basic,start_region=x_pos__y_pos|path_len_bin=long|num_obstacles_bin=2|max_blockage_bin=low|medhigh_count_bin=0|pair_side_mode=same_side|min_pair_dist_bin=very_close,True,1154,901,253,0.21923743500866552,0.6738712933670292,collision_tblock_early,160,-5.878496388571298,3.6265164644714036,"{""collision"": 185, ""fall"": 1, ""success"": 901, ""timeout"": 67}","{""collision_rod_early"": 17, ""collision_rod_mid"": 4, ""collision_tblock_early"": 160, ""collision_tblock_mid"": 4, ""fall"": 1, ""timeout"": 67}","{""collision_rod_early"": 0.4645105265852036, ""collision_rod_late"": 0.0, ""collision_rod_mid"": 0.5820964695343992, ""collision_tblock_early"": 0.830300277082483, ""collision_tblock_late"": 0.0, ""collision_tblock_mid"": 1.2393920045110414, ""fall"": 0.19216092651543593, ""timeout"": 0.5202399951789002}"
layout_basic,start_region=x_mid__y_neg|path_len_bin=medium|num_obstacles_bin=2|max_blockage_bin=low|medhigh_count_bin=0|pair_side_mode=same_side|min_pair_dist_bin=medium,True,307,240,67,0.2182410423452769,0.6708086758320605,timeout,40,-5.196340517020817,4.153094462540716,"{""collision"": 27, ""success"": 240, ""timeout"": 40}","{""collision_rod_early"": 11, ""collision_rod_mid"": 2, ""collision_tblock_early"": 11, ""collision_tblock_mid"": 3, ""timeout"": 40}","{""collision_rod_early"": 1.1298134938633022, ""collision_rod_late"": 0.0, ""collision_rod_mid"": 1.0940379899718187, ""collision_tblock_early"": 0.21457312128023287, ""collision_tblock_late"": 0.0, ""collision_tblock_mid"": 3.4941165469195643, ""fall"": 0.0, ""timeout"": 1.1674985744303579}"
layout_basic,start_region=x_mid__y_neg|path_len_bin=long|num_obstacles_bin=2|max_blockage_bin=low|medhigh_count_bin=0|pair_side_mode=same_side|min_pair_dist_bin=close,True,677,531,146,0.21565731166912852,0.6628670488358345,timeout,83,-5.3861222411194625,4.224519940915805,"{""collision"": 58, ""fall"": 5, ""success"": 531, ""timeout"": 83}","{""collision_rod_early"": 11, ""collision_rod_mid"": 3, ""collision_tblock_early"": 40, ""collision_tblock_mid"": 4, ""fall"": 5, ""timeout"": 83}","{""collision_rod_early"": 0.5123378768331369, ""collision_rod_late"": 0.0, ""collision_rod_mid"": 0.7441720744195309, ""collision_tblock_early"": 0.3538281092146179, ""collision_tblock_late"": 0.0, ""collision_tblock_mid"": 2.1126416147795295, ""fall"": 1.6377674239203326, ""timeout"": 1.0985609739682403}"
layout_basic,start_region=x_neg__y_neg|path_len_bin=medium|num_obstacles_bin=2|max_blockage_bin=low|medhigh_count_bin=0|pair_side_mode=opposite_side|min_pair_dist_bin=far,True,316,248,68,0.21518987341772153,0.6614302813465943,timeout,29,-5.019906781204427,3.9651898734177213,"{""collision"": 39, ""success"": 248, ""timeout"": 29}","{""collision_rod_early"": 17, ""collision_rod_mid"": 7, ""collision_tblock_early"": 15, ""timeout"": 29}","{""collision_rod_early"": 1.6963454040484967, ""collision_rod_late"": 0.0, ""collision_rod_mid"": 3.7200753804579723, ""collision_tblock_early"": 0.2842661747685479, ""collision_tblock_late"": 0.0, ""collision_tblock_mid"": 0.0, ""fall"": 0.0, ""timeout"": 0.8223290987463193}"
layout_basic,start_region=x_neg__y_pos|path_len_bin=medium|num_obstacles_bin=2|max_blockage_bin=low|medhigh_count_bin=0|pair_side_mode=opposite_side|min_pair_dist_bin=far,True,243,191,52,0.2139917695473251,0.657747662980346,timeout,23,-5.794261747987153,4.053497942386831,"{""collision"": 29, ""success"": 191, ""timeout"": 23}","{""collision_rod_early"": 5, ""collision_rod_mid"": 2, ""collision_tblock_early"": 21, ""collision_tblock_mid"": 1, ""timeout"": 23}","{""collision_rod_early"": 0.6488079734680765, ""collision_rod_late"": 0.0, ""collision_rod_mid"": 1.3821796828039026, ""collision_tblock_early"": 0.5175282128296526, ""collision_tblock_late"": 0.0, ""collision_tblock_mid"": 1.4714592316931496, ""fall"": 0.0, ""timeout"": 0.8481180487708598}"
layout_basic,start_region=x_neg__y_mid|path_len_bin=medium|num_obstacles_bin=2|max_blockage_bin=low|medhigh_count_bin=0|pair_side_mode=opposite_side|min_pair_dist_bin=far,True,1811,1427,384,0.2120375483158476,0.6517409625793447,timeout,287,-4.979975792334935,4.413031474323578,"{""collision"": 90, ""fall"": 7, ""success"": 1427, ""timeout"": 287}","{""collision_rod_early"": 49, ""collision_rod_late"": 1, ""collision_rod_mid"": 11, ""collision_tblock_early"": 25, ""collision_tblock_late"": 2, ""collision_tblock_mid"": 2, ""fall"": 7, ""timeout"": 287}","{""collision_rod_early"": 0.85315919824234, ""collision_rod_late"": 0.5158130866924352, ""collision_rod_mid"": 1.020034868065939, ""collision_tblock_early"": 0.08266897775341536, ""collision_tblock_late"": 1.5571715824677286, ""collision_tblock_mid"": 0.39488083191765366, ""fall"": 0.8571374734355005, ""timeout"": 1.4200321907024354}"
layout_basic,start_region=x_neg__y_mid|path_len_bin=medium|num_obstacles_bin=2|max_blockage_bin=low|medhigh_count_bin=0|pair_side_mode=same_side|min_pair_dist_bin=medium,True,279,220,59,0.2114695340501792,0.6499950540494361,timeout,43,-5.582725360168886,4.412186379928316,"{""collision"": 16, ""success"": 220, ""timeout"": 43}","{""collision_rod_early"": 2, ""collision_rod_mid"": 1, ""collision_tblock_early"": 11, ""collision_tblock_late"": 1, ""collision_tblock_mid"": 1, ""timeout"": 43}","{""collision_rod_early"": 0.2260363262404912, ""collision_rod_late"": 0.0, ""collision_rod_mid"": 0.6019169586404092, ""collision_tblock_early"": 0.23610734133703043, ""collision_tblock_late"": 5.05383106782985, ""collision_tblock_mid"": 1.2815935243779046, ""fall"": 0.0, ""timeout"": 1.381016906904584}"
layout_basic,start_region=x_mid__y_neg|path_len_bin=medium|num_obstacles_bin=2|max_blockage_bin=low|medhigh_count_bin=0|pair_side_mode=opposite_side|min_pair_dist_bin=far,True,1797,1423,374,0.20812465219810797,0.6397138725544691,timeout,244,-5.120574296650974,4.344462993878687,"{""collision"": 128, ""fall"": 2, ""success"": 1423, ""timeout"": 244}","{""collision_rod_early"": 55, ""collision_rod_late"": 1, ""collision_rod_mid"": 12, ""collision_tblock_early"": 49, ""collision_tblock_late"": 2, ""collision_tblock_mid"": 9, ""fall"": 2, ""timeout"": 244}","{""collision_rod_early"": 0.9650883211353194, ""collision_rod_late"": 0.5198316638842516, ""collision_rod_mid"": 1.1214346007390597, ""collision_tblock_early"": 0.16329354294625098, ""collision_tblock_late"": 1.5693031362543441, ""collision_tblock_mid"": 1.790807645917039, ""fall"": 0.2468043508055794, ""timeout"": 1.2166803452063057}"
layout_basic,start_region=x_pos__y_mid|path_len_bin=long|num_obstacles_bin=2|max_blockage_bin=low|medhigh_count_bin=0|pair_side_mode=same_side|min_pair_dist_bin=very_close,True,1005,801,204,0.20298507462686566,0.6239163250911157,collision_tblock_early,116,-5.20075155635834,3.6039800995024875,"{""collision"": 148, ""fall"": 2, ""success"": 801, ""timeout"": 54}","{""collision_rod_early"": 25, ""collision_rod_late"": 1, ""collision_rod_mid"": 4, ""collision_tblock_early"": 116, ""collision_tblock_late"": 1, ""collision_tblock_mid"": 1, ""fall"": 2, ""timeout"": 54}","{""collision_rod_early"": 0.784379788819615, ""collision_rod_late"": 0.9294900497512438, ""collision_rod_mid"": 0.6683973391469619, ""collision_tblock_early"": 0.6912146535532928, ""collision_tblock_late"": 1.4030038486811227, ""collision_tblock_mid"": 0.3557856649765526, ""fall"": 0.4413009138284837, ""timeout"": 0.4814624718135939}"
layout_basic,start_region=x_mid__y_neg|path_len_bin=medium|num_obstacles_bin=2|max_blockage_bin=low|medhigh_count_bin=0|pair_side_mode=same_side|min_pair_dist_bin=far,True,586,469,117,0.19965870307167236,0.6136920387960821,timeout,84,-4.925998285754835,4.378839590443686,"{""collision"": 32, ""fall"": 1, ""success"": 469, ""timeout"": 84}","{""collision_rod_early"": 10, ""collision_rod_mid"": 3, ""collision_tblock_early"": 18, ""collision_tblock_late"": 1, ""fall"": 1, ""timeout"": 84}","{""collision_rod_early"": 0.5380898892585071, ""collision_rod_late"": 0.0, ""collision_rod_mid"": 0.8597346320512328, ""collision_tblock_early"": 0.18394835063521048, ""collision_tblock_late"": 2.4061755425333247, ""collision_tblock_mid"": 0.0, ""fall"": 0.3784192989740837, ""timeout"": 1.2844476637120337}"
layout_basic,start_region=x_neg__y_mid|path_len_bin=medium|num_obstacles_bin=2|max_blockage_bin=low|medhigh_count_bin=0|pair_side_mode=same_side|min_pair_dist_bin=far,True,622,501,121,0.1945337620578778,0.5979394797987606,timeout,90,-5.0879017325492,4.313504823151125,"{""collision"": 29, ""fall"": 2, ""success"": 501, ""timeout"": 90}","{""collision_rod_early"": 10, ""collision_rod_late"": 1, ""collision_rod_mid"": 2, ""collision_tblock_early"": 13, ""collision_tblock_mid"": 3, ""fall"": 2, ""timeout"": 90}","{""collision_rod_early"": 0.5069464229991724, ""collision_rod_late"": 1.5018287781350481, ""collision_rod_mid"": 0.5399833809024893, ""collision_tblock_early"": 0.1251624272185632, ""collision_tblock_late"": 0.0, ""collision_tblock_mid"": 1.7245880705857013, ""fall"": 0.7130344347228715, ""timeout"": 1.296542830044646}"
layout_basic,start_region=x_pos__y_neg|path_len_bin=long|num_obstacles_bin=2|max_blockage_bin=low|medhigh_count_bin=0|pair_side_mode=same_side|min_pair_dist_bin=very_close,True,1469,1192,277,0.18856364874063988,0.5795891101072167,collision_tblock_early,180,-5.4159918406531045,3.639210347174949,"{""collision"": 214, ""fall"": 1, ""success"": 1192, ""timeout"": 62}","{""collision_rod_early"": 20, ""collision_rod_late"": 3, ""collision_rod_mid"": 5, ""collision_tblock_early"": 180, ""collision_tblock_late"": 1, ""collision_tblock_mid"": 5, ""fall"": 1, ""timeout"": 62}","{""collision_rod_early"": 0.4292997618862971, ""collision_rod_late"": 1.907700816882233, ""collision_rod_mid"": 0.571595750376699, ""collision_tblock_early"": 0.7337898806823238, ""collision_tblock_late"": 0.959849467613702, ""collision_tblock_mid"": 1.2170340139599571, ""fall"": 0.15095555425378698, ""timeout"": 0.37818529383436755}"
layout_basic,start_region=x_mid__y_neg|path_len_bin=medium|num_obstacles_bin=2|max_blockage_bin=low|medhigh_count_bin=0|pair_side_mode=same_side|min_pair_dist_bin=close,True,484,397,87,0.1797520661157025,0.5525049007893951,timeout,63,-4.494552349508474,4.229338842975206,"{""collision"": 22, ""fall"": 2, ""success"": 397, ""timeout"": 63}","{""collision_rod_early"": 10, ""collision_rod_mid"": 2, ""collision_tblock_early"": 10, ""fall"": 2, ""timeout"": 63}","{""collision_rod_early"": 0.6514889981518289, ""collision_rod_late"": 0.0, ""collision_rod_mid"": 0.6939455845482404, ""collision_tblock_early"": 0.12373018075325225, ""collision_tblock_late"": 0.0, ""collision_tblock_mid"": 0.0, ""fall"": 0.9163376413174094, ""timeout"": 1.166352785540163}"
layout_basic,start_region=x_neg__y_mid|path_len_bin=long|num_obstacles_bin=2|max_blockage_bin=low|medhigh_count_bin=0|pair_side_mode=same_side|min_pair_dist_bin=close,True,670,551,119,0.17761194029850746,0.5459267844547263,timeout,75,-5.339347034553489,4.077611940298508,"{""collision"": 38, ""fall"": 6, ""success"": 551, ""timeout"": 75}","{""collision_rod_early"": 13, ""collision_tblock_early"": 24, ""collision_tblock_mid"": 1, ""fall"": 6, ""timeout"": 75}","{""collision_rod_early"": 0.6118162352792997, ""collision_rod_late"": 0.0, ""collision_rod_mid"": 0.0, ""collision_tblock_early"": 0.2145148924820564, ""collision_tblock_late"": 0.0, ""collision_tblock_mid"": 0.5336784974648289, ""fall"": 1.9858541122281765, ""timeout"": 1.0030468162783206}"
layout_basic,start_region=x_neg__y_neg|path_len_bin=long|num_obstacles_bin=2|max_blockage_bin=low|medhigh_count_bin=0|pair_side_mode=same_side|min_pair_dist_bin=very_close,True,1470,1219,251,0.1707482993197279,0.5248299739424417,collision_tblock_early,117,-4.637727281569802,3.6020408163265305,"{""collision"": 156, ""fall"": 2, ""success"": 1219, ""timeout"": 93}","{""collision_rod_early"": 34, ""collision_rod_late"": 2, ""collision_rod_mid"": 1, ""collision_tblock_early"": 117, ""collision_tblock_mid"": 2, ""fall"": 2, ""timeout"": 93}","{""collision_rod_early"": 0.7293131260943196, ""collision_rod_late"": 1.2709353741496598, ""collision_rod_mid"": 0.11424138194603685, ""collision_tblock_early"": 0.4766389575302835, ""collision_tblock_late"": 0.0, ""collision_tblock_mid"": 0.4864824398658985, ""fall"": 0.3017057268011062, ""timeout"": 0.5668920373904958}"
layout_basic,start_region=x_mid__y_pos|path_len_bin=long|num_obstacles_bin=2|max_blockage_bin=low|medhigh_count_bin=0|pair_side_mode=same_side|min_pair_dist_bin=very_close,True,986,826,160,0.16227180527383367,0.4987757282079079,collision_tblock_early,83,-5.185680608482193,3.608519269776876,"{""collision"": 100, ""fall"": 2, ""success"": 826, ""timeout"": 58}","{""collision_rod_early"": 15, ""collision_rod_mid"": 1, ""collision_tblock_early"": 83, ""collision_tblock_mid"": 1, ""fall"": 2, ""timeout"": 58}","{""collision_rod_early"": 0.4796967674018538, ""collision_rod_late"": 0.0, ""collision_rod_mid"": 0.17031930168425372, ""collision_tblock_early"": 0.5041063713204512, ""collision_tblock_late"": 0.0, ""collision_tblock_mid"": 0.3626415753564254, ""fall"": 0.4498046839732517, ""timeout"": 0.5270912681619411}"
layout_basic,start_region=x_neg__y_mid|path_len_bin=medium|num_obstacles_bin=2|max_blockage_bin=low|medhigh_count_bin=0|pair_side_mode=same_side|min_pair_dist_bin=close,True,484,413,71,0.14669421487603307,0.4508948040924948,timeout,47,-4.546368482734895,3.9483471074380163,"{""collision"": 23, ""fall"": 1, ""success"": 413, ""timeout"": 47}","{""collision_rod_early"": 11, ""collision_tblock_early"": 12, ""fall"": 1, ""timeout"": 47}","{""collision_rod_early"": 0.7166378979670119, ""collision_rod_late"": 0.0, ""collision_rod_mid"": 0.0, ""collision_tblock_early"": 0.1484762169039027, ""collision_tblock_late"": 0.0, ""collision_tblock_mid"": 0.0, ""fall"": 0.4581688206587047, ""timeout"": 0.8701362050855184}"
layout_basic,start_region=x_mid__y_neg|path_len_bin=long|num_obstacles_bin=2|max_blockage_bin=low|medhigh_count_bin=0|pair_side_mode=same_side|min_pair_dist_bin=very_close,True,987,858,129,0.13069908814589665,0.4017304962872127,collision_tblock_early,53,-4.219660514735503,3.6180344478216817,"{""collision"": 73, ""fall"": 4, ""success"": 858, ""timeout"": 52}","{""collision_rod_early"": 16, ""collision_rod_late"": 1, ""collision_rod_mid"": 2, ""collision_tblock_early"": 53, ""collision_tblock_mid"": 1, ""fall"": 4, ""timeout"": 52}","{""collision_rod_early"": 0.5111581359359436, ""collision_rod_late"": 0.9464412360688957, ""collision_rod_mid"": 0.34029347813713107, ""collision_tblock_early"": 0.3215731100995366, ""collision_tblock_late"": 0.0, ""collision_tblock_mid"": 0.3622741573469457, ""fall"": 0.8986979096203164, ""timeout"": 0.47208579640846593}"
layout_basic,start_region=x_pos__y_mid|path_len_bin=medium|num_obstacles_bin=2|max_blockage_bin=low|medhigh_count_bin=0|pair_side_mode=same_side|min_pair_dist_bin=very_close,True,787,693,94,0.11944091486658195,0.3671261880020786,timeout,39,-4.065465978411795,3.6315120711562896,"{""collision"": 54, ""fall"": 1, ""success"": 693, ""timeout"": 39}","{""collision_rod_early"": 7, ""collision_rod_late"": 1, ""collision_rod_mid"": 8, ""collision_tblock_early"": 35, ""collision_tblock_late"": 1, ""collision_tblock_mid"": 2, ""fall"": 1, ""timeout"": 39}","{""collision_rod_early"": 0.280463116358119, ""collision_rod_late"": 1.1869599745870396, ""collision_rod_mid"": 1.7070885027768659, ""collision_tblock_early"": 0.26632646276494193, ""collision_tblock_late"": 1.791637697489871, ""collision_tblock_mid"": 0.9086774925068244, ""fall"": 0.28177091384855535, ""timeout"": 0.4440425804210507}"
layout_basic,start_region=x_mid__y_neg|path_len_bin=medium|num_obstacles_bin=2|max_blockage_bin=low|medhigh_count_bin=0|pair_side_mode=same_side|min_pair_dist_bin=very_close,True,615,542,73,0.11869918699186992,0.3648463350096422,timeout,45,-3.581051764448595,3.653658536585366,"{""collision"": 27, ""fall"": 1, ""success"": 542, ""timeout"": 45}","{""collision_rod_early"": 6, ""collision_rod_mid"": 2, ""collision_tblock_early"": 18, ""collision_tblock_mid"": 1, ""fall"": 1, ""timeout"": 45}","{""collision_rod_early"": 0.3076299269321807, ""collision_rod_late"": 0.0, ""collision_rod_mid"": 0.5461295332054444, ""collision_tblock_early"": 0.17527436336948513, ""collision_tblock_late"": 0.0, ""collision_tblock_mid"": 0.5814058427665616, ""fall"": 0.3605751369086391, ""timeout"": 0.6556501140550974}"
layout_basic,start_region=x_pos__y_neg|path_len_bin=medium|num_obstacles_bin=2|max_blockage_bin=low|medhigh_count_bin=0|pair_side_mode=same_side|min_pair_dist_bin=very_close,True,128,115,13,0.1015625,0.3121732072348127,timeout,8,-3.8008931973120865,3.625,"{""collision"": 5, ""success"": 115, ""timeout"": 8}","{""collision_rod_early"": 2, ""collision_tblock_early"": 3, ""timeout"": 8}","{""collision_rod_early"": 0.49268855485232066, ""collision_rod_late"": 0.0, ""collision_rod_mid"": 0.0, ""collision_tblock_early"": 0.14035642379197052, ""collision_tblock_late"": 0.0, ""collision_tblock_mid"": 0.0, ""fall"": 0.0, ""timeout"": 0.5600344724220624}"
layout_basic,start_region=x_neg__y_mid|path_len_bin=medium|num_obstacles_bin=2|max_blockage_bin=low|medhigh_count_bin=0|pair_side_mode=same_side|min_pair_dist_bin=very_close,True,598,538,60,0.10033444816053512,0.3083985376335684,timeout,43,-3.2435934659616668,3.536789297658863,"{""collision"": 16, ""fall"": 1, ""success"": 538, ""timeout"": 43}","{""collision_rod_early"": 7, ""collision_rod_mid"": 1, ""collision_tblock_early"": 7, ""collision_tblock_mid"": 1, ""fall"": 1, ""timeout"": 43}","{""collision_rod_early"": 0.3691044691870228, ""collision_rod_late"": 0.0, ""collision_rod_mid"": 0.2808274773589869, ""collision_tblock_early"": 0.07009997531639106, ""collision_tblock_late"": 0.0, ""collision_tblock_mid"": 0.5979341025107615, ""fall"": 0.37082560066691145, ""timeout"": 0.6443205970340784}"
layout_basic,start_region=x_neg__y_mid|path_len_bin=long|num_obstacles_bin=2|max_blockage_bin=low|medhigh_count_bin=0|pair_side_mode=same_side|min_pair_dist_bin=very_close,True,946,860,86,0.09090909090909091,0.27942776591647567,timeout,53,-3.887384075439544,3.6818181818181817,"{""collision"": 31, ""fall"": 2, ""success"": 860, ""timeout"": 53}","{""collision_rod_early"": 4, ""collision_rod_mid"": 2, ""collision_tblock_early"": 24, ""collision_tblock_mid"": 1, ""fall"": 2, ""timeout"": 53}","{""collision_rod_early"": 0.13332798101711849, ""collision_rod_late"": 0.0, ""collision_rod_mid"": 0.3550419269781695, ""collision_tblock_early"": 0.15192915218073763, ""collision_tblock_late"": 0.0, ""collision_tblock_mid"": 0.377975257189678, ""fall"": 0.4688239095112327, ""timeout"": 0.5020182162937725}"
layout_basic,start_region=x_mid__y_pos|path_len_bin=medium|num_obstacles_bin=2|max_blockage_bin=low|medhigh_count_bin=0|pair_side_mode=same_side|min_pair_dist_bin=very_close,True,750,682,68,0.09066666666666667,0.2786826252073651,timeout,26,-3.752980897147892,3.3493333333333335,"{""collision"": 41, ""fall"": 1, ""success"": 682, ""timeout"": 26}","{""collision_rod_early"": 18, ""collision_rod_mid"": 1, ""collision_tblock_early"": 19, ""collision_tblock_mid"": 3, ""fall"": 1, ""timeout"": 26}","{""collision_rod_early"": 0.7567696202531646, ""collision_rod_late"": 0.0, ""collision_rod_mid"": 0.22391310861423225, ""collision_tblock_early"": 0.151709698960921, ""collision_tblock_late"": 0.0, ""collision_tblock_mid"": 1.4302583732057417, ""fall"": 0.2956716122650841, ""timeout"": 0.3106324540367706}"
layout_basic,start_region=x_neg__y_pos|path_len_bin=medium|num_obstacles_bin=2|max_blockage_bin=low|medhigh_count_bin=0|pair_side_mode=same_side|min_pair_dist_bin=very_close,True,114,106,8,0.07017543859649122,0.21569862632148998,timeout,4,-3.0845049610381015,3.473684210526316,"{""collision"": 4, ""success"": 106, ""timeout"": 4}","{""collision_rod_early"": 3, ""collision_tblock_early"": 1, ""timeout"": 4}","{""collision_rod_early"": 0.8297912502775927, ""collision_rod_late"": 0.0, ""collision_rod_mid"": 0.0, ""collision_tblock_early"": 0.05253105919699481, ""collision_tblock_late"": 0.0, ""collision_tblock_mid"": 0.0, ""fall"": 0.0, ""timeout"": 0.31440531785098236}"
layout_basic,start_region=x_neg__y_pos|path_len_bin=long|num_obstacles_bin=2|max_blockage_bin=high|medhigh_count_bin=1|pair_side_mode=center_involved|min_pair_dist_bin=close,False,85,0,85,1.0,3.0737054250812323,collision_tblock_early,84,-10.316149502545752,1.0,"{""collision"": 85}","{""collision_rod_early"": 1, ""collision_tblock_early"": 84}","{""collision_rod_early"": 0.3709655001241003, ""collision_rod_late"": 0.0, ""collision_rod_mid"": 0.0, ""collision_tblock_early"": 5.918087327887321, ""collision_tblock_late"": 0.0, ""collision_tblock_mid"": 0.0, ""fall"": 0.0, ""timeout"": 0.0}"
layout_basic,start_region=x_pos__y_neg|path_len_bin=long|num_obstacles_bin=2|max_blockage_bin=high|medhigh_count_bin=1|pair_side_mode=opposite_side|min_pair_dist_bin=medium,False,62,0,62,1.0,3.0737054250812323,collision_tblock_early,62,-10.275860025497662,1.0,"{""collision"": 62}","{""collision_tblock_early"": 62}","{""collision_rod_early"": 0.0, ""collision_rod_late"": 0.0, ""collision_rod_mid"": 0.0, ""collision_tblock_early"": 5.9885407484574085, ""collision_tblock_late"": 0.0, ""collision_tblock_mid"": 0.0, ""fall"": 0.0, ""timeout"": 0.0}"
layout_basic,start_region=x_neg__y_pos|path_len_bin=long|num_obstacles_bin=2|max_blockage_bin=high|medhigh_count_bin=2|pair_side_mode=center_involved|min_pair_dist_bin=very_close,False,56,0,56,1.0,3.0737054250812323,collision_tblock_early,55,-10.318443366057508,1.0,"{""collision"": 56}","{""collision_rod_early"": 1, ""collision_tblock_early"": 55}","{""collision_rod_early"": 0.563072634116938, ""collision_rod_late"": 0.0, ""collision_rod_mid"": 0.0, ""collision_tblock_early"": 5.881602520806384, ""collision_tblock_late"": 0.0, ""collision_tblock_mid"": 0.0, ""fall"": 0.0, ""timeout"": 0.0}"
layout_basic,start_region=x_neg__y_pos|path_len_bin=long|num_obstacles_bin=2|max_blockage_bin=high|medhigh_count_bin=1|pair_side_mode=opposite_side|min_pair_dist_bin=medium,False,54,0,54,1.0,3.0737054250812323,collision_tblock_early,54,-10.369565494608368,1.0,"{""collision"": 54}","{""collision_tblock_early"": 54}","{""collision_rod_early"": 0.0, ""collision_rod_late"": 0.0, ""collision_rod_mid"": 0.0, ""collision_tblock_early"": 5.9885407484574085, ""collision_tblock_late"": 0.0, ""collision_tblock_mid"": 0.0, ""fall"": 0.0, ""timeout"": 0.0}"
layout_basic,start_region=x_pos__y_neg|path_len_bin=long|num_obstacles_bin=2|max_blockage_bin=high|medhigh_count_bin=1|pair_side_mode=center_involved|min_pair_dist_bin=medium,False,54,0,54,1.0,3.0737054250812323,collision_tblock_early,52,-10.263588822064154,1.0,"{""collision"": 54}","{""collision_rod_early"": 2, ""collision_tblock_early"": 52}","{""collision_rod_early"": 1.167854352242538, ""collision_rod_late"": 0.0, ""collision_rod_mid"": 0.0, ""collision_tblock_early"": 5.766742942958986, ""collision_tblock_late"": 0.0, ""collision_tblock_mid"": 0.0, ""fall"": 0.0, ""timeout"": 0.0}"
layout_basic,start_region=x_neg__y_pos|path_len_bin=long|num_obstacles_bin=2|max_blockage_bin=high|medhigh_count_bin=1|pair_side_mode=center_involved|min_pair_dist_bin=medium,False,47,0,47,1.0,3.0737054250812323,collision_tblock_early,47,-10.510311281700417,1.0212765957446808,"{""collision"": 47}","{""collision_tblock_early"": 47}","{""collision_rod_early"": 0.0, ""collision_rod_late"": 0.0, ""collision_rod_mid"": 0.0, ""collision_tblock_early"": 5.9885407484574085, ""collision_tblock_late"": 0.0, ""collision_tblock_mid"": 0.0, ""fall"": 0.0, ""timeout"": 0.0}"
layout_basic,start_region=x_pos__y_pos|path_len_bin=long|num_obstacles_bin=2|max_blockage_bin=high|medhigh_count_bin=2|pair_side_mode=center_involved|min_pair_dist_bin=close,False,42,0,42,1.0,3.0737054250812323,collision_tblock_early,42,-10.423429073363605,1.0238095238095237,"{""collision"": 42}","{""collision_tblock_early"": 42}","{""collision_rod_early"": 0.0, ""collision_rod_late"": 0.0, ""collision_rod_mid"": 0.0, ""collision_tblock_early"": 5.9885407484574085, ""collision_tblock_late"": 0.0, ""collision_tblock_mid"": 0.0, ""fall"": 0.0, ""timeout"": 0.0}"
layout_basic,start_region=x_pos__y_pos|path_len_bin=long|num_obstacles_bin=2|max_blockage_bin=medium|medhigh_count_bin=2|pair_side_mode=opposite_side|min_pair_dist_bin=close,False,39,0,39,1.0,3.0737054250812323,collision_tblock_early,38,-10.2845871365608,1.0,"{""collision"": 39}","{""collision_rod_early"": 1, ""collision_tblock_early"": 38}","{""collision_rod_early"": 0.8085145515525263, ""collision_rod_late"": 0.0, ""collision_rod_mid"": 0.0, ""collision_tblock_early"": 5.834988421573885, ""collision_tblock_late"": 0.0, ""collision_tblock_mid"": 0.0, ""fall"": 0.0, ""timeout"": 0.0}"
layout_basic,start_region=x_pos__y_pos|path_len_bin=long|num_obstacles_bin=2|max_blockage_bin=high|medhigh_count_bin=1|pair_side_mode=opposite_side|min_pair_dist_bin=close,False,29,0,29,1.0,3.0737054250812323,collision_tblock_early,29,-10.267693349329544,1.0,"{""collision"": 29}","{""collision_tblock_early"": 29}","{""collision_rod_early"": 0.0, ""collision_rod_late"": 0.0, ""collision_rod_mid"": 0.0, ""collision_tblock_early"": 5.988540748457408, ""collision_tblock_late"": 0.0, ""collision_tblock_mid"": 0.0, ""fall"": 0.0, ""timeout"": 0.0}"
layout_basic,start_region=x_neg__y_neg|path_len_bin=long|num_obstacles_bin=2|max_blockage_bin=medium|medhigh_count_bin=1|pair_side_mode=opposite_side|min_pair_dist_bin=medium,False,26,0,26,1.0,3.0737054250812323,collision_tblock_early,26,-10.281043569445812,1.0,"{""collision"": 26}","{""collision_tblock_early"": 26}","{""collision_rod_early"": 0.0, ""collision_rod_late"": 0.0, ""collision_rod_mid"": 0.0, ""collision_tblock_early"": 5.9885407484574085, ""collision_tblock_late"": 0.0, ""collision_tblock_mid"": 0.0, ""fall"": 0.0, ""timeout"": 0.0}"
layout_basic,start_region=x_mid__y_pos|path_len_bin=long|num_obstacles_bin=2|max_blockage_bin=medium|medhigh_count_bin=1|pair_side_mode=opposite_side|min_pair_dist_bin=medium,False,23,0,23,1.0,3.0737054250812323,collision_tblock_early,22,-10.25477342920033,1.0,"{""collision"": 23}","{""collision_rod_early"": 1, ""collision_tblock_early"": 22}","{""collision_rod_early"": 1.3709594569803705, ""collision_rod_late"": 0.0, ""collision_rod_mid"": 0.0, ""collision_tblock_early"": 5.728169411567956, ""collision_tblock_late"": 0.0, ""collision_tblock_mid"": 0.0, ""fall"": 0.0, ""timeout"": 0.0}"
layout_basic,start_region=x_pos__y_pos|path_len_bin=long|num_obstacles_bin=2|max_blockage_bin=high|medhigh_count_bin=2|pair_side_mode=opposite_side|min_pair_dist_bin=close,False,23,0,23,1.0,3.0737054250812323,collision_tblock_early,22,-10.280852035840288,1.0,"{""collision"": 23}","{""collision_rod_early"": 1, ""collision_tblock_early"": 22}","{""collision_rod_early"": 1.3709594569803705, ""collision_rod_late"": 0.0, ""collision_rod_mid"": 0.0, ""collision_tblock_early"": 5.728169411567956, ""collision_tblock_late"": 0.0, ""collision_tblock_mid"": 0.0, ""fall"": 0.0, ""timeout"": 0.0}"
layout_basic,start_region=x_pos__y_neg|path_len_bin=long|num_obstacles_bin=2|max_blockage_bin=high|medhigh_count_bin=1|pair_side_mode=opposite_side|min_pair_dist_bin=close,False,22,0,22,1.0,3.0737054250812323,collision_tblock_early,22,-10.268468665937629,1.0,"{""collision"": 22}","{""collision_tblock_early"": 22}","{""collision_rod_early"": 0.0, ""collision_rod_late"": 0.0, ""collision_rod_mid"": 0.0, ""collision_tblock_early"": 5.9885407484574085, ""collision_tblock_late"": 0.0, ""collision_tblock_mid"": 0.0, ""fall"": 0.0, ""timeout"": 0.0}"
layout_basic,start_region=x_pos__y_neg|path_len_bin=long|num_obstacles_bin=2|max_blockage_bin=high|medhigh_count_bin=1|pair_side_mode=center_involved|min_pair_dist_bin=very_close,False,17,0,17,1.0,3.0737054250812323,collision_tblock_early,17,-10.255406126854082,1.0,"{""collision"": 17}","{""collision_tblock_early"": 17}","{""collision_rod_early"": 0.0, ""collision_rod_late"": 0.0, ""collision_rod_mid"": 0.0, ""collision_tblock_early"": 5.988540748457409, ""collision_tblock_late"": 0.0, ""collision_tblock_mid"": 0.0, ""fall"": 0.0, ""timeout"": 0.0}"
layout_basic,start_region=x_neg__y_pos|path_len_bin=long|num_obstacles_bin=2|max_blockage_bin=medium|medhigh_count_bin=2|pair_side_mode=opposite_side|min_pair_dist_bin=close,False,16,0,16,1.0,3.0737054250812323,collision_tblock_early,16,-10.33573415422451,1.0,"{""collision"": 16}","{""collision_tblock_early"": 16}","{""collision_rod_early"": 0.0, ""collision_rod_late"": 0.0, ""collision_rod_mid"": 0.0, ""collision_tblock_early"": 5.9885407484574085, ""collision_tblock_late"": 0.0, ""collision_tblock_mid"": 0.0, ""fall"": 0.0, ""timeout"": 0.0}"
layout_basic,start_region=x_pos__y_neg|path_len_bin=long|num_obstacles_bin=2|max_blockage_bin=high|medhigh_count_bin=2|pair_side_mode=opposite_side|min_pair_dist_bin=close,False,16,0,16,1.0,3.0737054250812323,collision_tblock_early,16,-10.254039638735732,1.0,"{""collision"": 16}","{""collision_tblock_early"": 16}","{""collision_rod_early"": 0.0, ""collision_rod_late"": 0.0, ""collision_rod_mid"": 0.0, ""collision_tblock_early"": 5.9885407484574085, ""collision_tblock_late"": 0.0, ""collision_tblock_mid"": 0.0, ""fall"": 0.0, ""timeout"": 0.0}"
layout_basic,start_region=x_neg__y_pos|path_len_bin=long|num_obstacles_bin=2|max_blockage_bin=high|medhigh_count_bin=1|pair_side_mode=center_involved|min_pair_dist_bin=very_close,False,16,0,16,1.0,3.0737054250812323,collision_tblock_early,16,-10.2806236072843,1.0,"{""collision"": 16}","{""collision_tblock_early"": 16}","{""collision_rod_early"": 0.0, ""collision_rod_late"": 0.0, ""collision_rod_mid"": 0.0, ""collision_tblock_early"": 5.9885407484574085, ""collision_tblock_late"": 0.0, ""collision_tblock_mid"": 0.0, ""fall"": 0.0, ""timeout"": 0.0}"
layout_basic,start_region=x_pos__y_neg|path_len_bin=long|num_obstacles_bin=2|max_blockage_bin=medium|medhigh_count_bin=2|pair_side_mode=opposite_side|min_pair_dist_bin=close,False,14,0,14,1.0,3.0737054250812323,collision_tblock_early,14,-10.262657745529575,1.0,"{""collision"": 14}","{""collision_tblock_early"": 14}","{""collision_rod_early"": 0.0, ""collision_rod_late"": 0.0, ""collision_rod_mid"": 0.0, ""collision_tblock_early"": 5.9885407484574085, ""collision_tblock_late"": 0.0, ""collision_tblock_mid"": 0.0, ""fall"": 0.0, ""timeout"": 0.0}"
layout_basic,start_region=x_pos__y_pos|path_len_bin=long|num_obstacles_bin=2|max_blockage_bin=high|medhigh_count_bin=1|pair_side_mode=opposite_side|min_pair_dist_bin=far,False,14,0,14,1.0,3.0737054250812323,collision_tblock_early,14,-10.303208591370842,1.0,"{""collision"": 14}","{""collision_tblock_early"": 14}","{""collision_rod_early"": 0.0, ""collision_rod_late"": 0.0, ""collision_rod_mid"": 0.0, ""collision_tblock_early"": 5.9885407484574085, ""collision_tblock_late"": 0.0, ""collision_tblock_mid"": 0.0, ""fall"": 0.0, ""timeout"": 0.0}"
layout_basic,start_region=x_mid__y_pos|path_len_bin=long|num_obstacles_bin=2|max_blockage_bin=high|medhigh_count_bin=2|pair_side_mode=center_involved|min_pair_dist_bin=very_close,False,13,0,13,1.0,3.0737054250812323,collision_tblock_early,13,-10.206794029444033,1.0,"{""collision"": 13}","{""collision_tblock_early"": 13}","{""collision_rod_early"": 0.0, ""collision_rod_late"": 0.0, ""collision_rod_mid"": 0.0, ""collision_tblock_early"": 5.9885407484574085, ""collision_tblock_late"": 0.0, ""collision_tblock_mid"": 0.0, ""fall"": 0.0, ""timeout"": 0.0}"
layout_basic,start_region=x_pos__y_mid|path_len_bin=long|num_obstacles_bin=2|max_blockage_bin=high|medhigh_count_bin=2|pair_side_mode=center_involved|min_pair_dist_bin=very_close,False,12,0,12,1.0,3.0737054250812323,collision_tblock_early,12,-10.234303638605082,1.0,"{""collision"": 12}","{""collision_tblock_early"": 12}","{""collision_rod_early"": 0.0, ""collision_rod_late"": 0.0, ""collision_rod_mid"": 0.0, ""collision_tblock_early"": 5.988540748457409, ""collision_tblock_late"": 0.0, ""collision_tblock_mid"": 0.0, ""fall"": 0.0, ""timeout"": 0.0}"
layout_basic,start_region=x_mid__y_pos|path_len_bin=long|num_obstacles_bin=2|max_blockage_bin=medium|medhigh_count_bin=1|pair_side_mode=opposite_side|min_pair_dist_bin=far,False,10,0,10,1.0,3.0737054250812323,collision_tblock_early,10,-10.625250439831087,1.1,"{""collision"": 10}","{""collision_tblock_early"": 10}","{""collision_rod_early"": 0.0, ""collision_rod_late"": 0.0, ""collision_rod_mid"": 0.0, ""collision_tblock_early"": 5.9885407484574085, ""collision_tblock_late"": 0.0, ""collision_tblock_mid"": 0.0, ""fall"": 0.0, ""timeout"": 0.0}"
layout_basic,start_region=x_mid__y_pos|path_len_bin=long|num_obstacles_bin=2|max_blockage_bin=high|medhigh_count_bin=1|pair_side_mode=opposite_side|min_pair_dist_bin=medium,False,10,0,10,1.0,3.0737054250812323,collision_tblock_early,10,-10.243627035579161,1.0,"{""collision"": 10}","{""collision_tblock_early"": 10}","{""collision_rod_early"": 0.0, ""collision_rod_late"": 0.0, ""collision_rod_mid"": 0.0, ""collision_tblock_early"": 5.9885407484574085, ""collision_tblock_late"": 0.0, ""collision_tblock_mid"": 0.0, ""fall"": 0.0, ""timeout"": 0.0}"
layout_basic,start_region=x_neg__y_pos|path_len_bin=long|num_obstacles_bin=2|max_blockage_bin=high|medhigh_count_bin=2|pair_side_mode=opposite_side|min_pair_dist_bin=close,False,10,0,10,1.0,3.0737054250812323,collision_tblock_early,10,-10.353489364439987,1.0,"{""collision"": 10}","{""collision_tblock_early"": 10}","{""collision_rod_early"": 0.0, ""collision_rod_late"": 0.0, ""collision_rod_mid"": 0.0, ""collision_tblock_early"": 5.9885407484574085, ""collision_tblock_late"": 0.0, ""collision_tblock_mid"": 0.0, ""fall"": 0.0, ""timeout"": 0.0}"
layout_basic,start_region=x_neg__y_pos|path_len_bin=long|num_obstacles_bin=2|max_blockage_bin=high|medhigh_count_bin=1|pair_side_mode=opposite_side|min_pair_dist_bin=far,False,10,0,10,1.0,3.0737054250812323,collision_tblock_early,10,-10.37225423907331,1.0,"{""collision"": 10}","{""collision_tblock_early"": 10}","{""collision_rod_early"": 0.0, ""collision_rod_late"": 0.0, ""collision_rod_mid"": 0.0, ""collision_tblock_early"": 5.9885407484574085, ""collision_tblock_late"": 0.0, ""collision_tblock_mid"": 0.0, ""fall"": 0.0, ""timeout"": 0.0}"
layout_basic,start_region=x_neg__y_pos|path_len_bin=long|num_obstacles_bin=2|max_blockage_bin=medium|medhigh_count_bin=1|pair_side_mode=same_side|min_pair_dist_bin=medium,False,10,0,10,1.0,3.0737054250812323,collision_tblock_early,9,-10.737232832070193,1.1,"{""collision"": 10}","{""collision_rod_early"": 1, ""collision_tblock_early"": 9}","{""collision_rod_early"": 3.153206751054852, ""collision_rod_late"": 0.0, ""collision_rod_mid"": 0.0, ""collision_tblock_early"": 5.389686673611667, ""collision_tblock_late"": 0.0, ""collision_tblock_mid"": 0.0, ""fall"": 0.0, ""timeout"": 0.0}"
layout_basic,start_region=x_neg__y_neg|path_len_bin=long|num_obstacles_bin=2|max_blockage_bin=high|medhigh_count_bin=1|pair_side_mode=same_side|min_pair_dist_bin=close,False,8,0,8,1.0,3.0737054250812323,collision_tblock_early,8,-10.274752228208609,1.0,"{""collision"": 8}","{""collision_tblock_early"": 8}","{""collision_rod_early"": 0.0, ""collision_rod_late"": 0.0, ""collision_rod_mid"": 0.0, ""collision_tblock_early"": 5.9885407484574085, ""collision_tblock_late"": 0.0, ""collision_tblock_mid"": 0.0, ""fall"": 0.0, ""timeout"": 0.0}"
layout_basic,start_region=x_neg__y_pos|path_len_bin=long|num_obstacles_bin=2|max_blockage_bin=high|medhigh_count_bin=2|pair_side_mode=same_side|min_pair_dist_bin=very_close,False,7,0,7,1.0,3.0737054250812323,collision_tblock_early,7,-10.36853416794508,1.0,"{""collision"": 7}","{""collision_tblock_early"": 7}","{""collision_rod_early"": 0.0, ""collision_rod_late"": 0.0, ""collision_rod_mid"": 0.0, ""collision_tblock_early"": 5.9885407484574085, ""collision_tblock_late"": 0.0, ""collision_tblock_mid"": 0.0, ""fall"": 0.0, ""timeout"": 0.0}"
layout_basic,start_region=x_neg__y_neg|path_len_bin=long|num_obstacles_bin=2|max_blockage_bin=high|medhigh_count_bin=1|pair_side_mode=same_side|min_pair_dist_bin=very_close,False,7,0,7,1.0,3.0737054250812323,collision_tblock_early,7,-10.279329432794592,1.0,"{""collision"": 7}","{""collision_tblock_early"": 7}","{""collision_rod_early"": 0.0, ""collision_rod_late"": 0.0, ""collision_rod_mid"": 0.0, ""collision_tblock_early"": 5.9885407484574085, ""collision_tblock_late"": 0.0, ""collision_tblock_mid"": 0.0, ""fall"": 0.0, ""timeout"": 0.0}"
layout_basic,start_region=x_neg__y_pos|path_len_bin=long|num_obstacles_bin=2|max_blockage_bin=medium|medhigh_count_bin=1|pair_side_mode=opposite_side|min_pair_dist_bin=close,False,6,0,6,1.0,3.0737054250812323,collision_tblock_early,6,-10.356060756624302,1.0,"{""collision"": 6}","{""collision_tblock_early"": 6}","{""collision_rod_early"": 0.0, ""collision_rod_late"": 0.0, ""collision_rod_mid"": 0.0, ""collision_tblock_early"": 5.988540748457409, ""collision_tblock_late"": 0.0, ""collision_tblock_mid"": 0.0, ""fall"": 0.0, ""timeout"": 0.0}"
layout_basic,start_region=x_pos__y_pos|path_len_bin=long|num_obstacles_bin=2|max_blockage_bin=medium|medhigh_count_bin=2|pair_side_mode=same_side|min_pair_dist_bin=very_close,False,6,0,6,1.0,3.0737054250812323,collision_tblock_early,6,-10.264915893381664,1.0,"{""collision"": 6}","{""collision_tblock_early"": 6}","{""collision_rod_early"": 0.0, ""collision_rod_late"": 0.0, ""collision_rod_mid"": 0.0, ""collision_tblock_early"": 5.988540748457409, ""collision_tblock_late"": 0.0, ""collision_tblock_mid"": 0.0, ""fall"": 0.0, ""timeout"": 0.0}"
layout_basic,start_region=x_pos__y_neg|path_len_bin=long|num_obstacles_bin=2|max_blockage_bin=medium|medhigh_count_bin=2|pair_side_mode=opposite_side|min_pair_dist_bin=medium,False,6,0,6,1.0,3.0737054250812323,collision_tblock_early,6,-10.264290479556776,1.0,"{""collision"": 6}","{""collision_tblock_early"": 6}","{""collision_rod_early"": 0.0, ""collision_rod_late"": 0.0, ""collision_rod_mid"": 0.0, ""collision_tblock_early"": 5.988540748457409, ""collision_tblock_late"": 0.0, ""collision_tblock_mid"": 0.0, ""fall"": 0.0, ""timeout"": 0.0}"
layout_basic,start_region=x_pos__y_pos|path_len_bin=long|num_obstacles_bin=2|max_blockage_bin=medium|medhigh_count_bin=2|pair_side_mode=opposite_side|min_pair_dist_bin=medium,False,6,0,6,1.0,3.0737054250812323,collision_tblock_early,6,-10.272200251841449,1.0,"{""collision"": 6}","{""collision_tblock_early"": 6}","{""collision_rod_early"": 0.0, ""collision_rod_late"": 0.0, ""collision_rod_mid"": 0.0, ""collision_tblock_early"": 5.988540748457409, ""collision_tblock_late"": 0.0, ""collision_tblock_mid"": 0.0, ""fall"": 0.0, ""timeout"": 0.0}"
layout_basic,start_region=x_neg__y_neg|path_len_bin=long|num_obstacles_bin=2|max_blockage_bin=high|medhigh_count_bin=1|pair_side_mode=opposite_side|min_pair_dist_bin=medium,False,6,0,6,1.0,3.0737054250812323,collision_tblock_early,6,-10.277070424324117,1.0,"{""collision"": 6}","{""collision_tblock_early"": 6}","{""collision_rod_early"": 0.0, ""collision_rod_late"": 0.0, ""collision_rod_mid"": 0.0, ""collision_tblock_early"": 5.988540748457409, ""collision_tblock_late"": 0.0, ""collision_tblock_mid"": 0.0, ""fall"": 0.0, ""timeout"": 0.0}"
layout_basic,start_region=x_pos__y_neg|path_len_bin=long|num_obstacles_bin=2|max_blockage_bin=high|medhigh_count_bin=2|pair_side_mode=center_involved|min_pair_dist_bin=close,False,6,0,6,1.0,3.0737054250812323,collision_tblock_early,6,-10.253893201610461,1.0,"{""collision"": 6}","{""collision_tblock_early"": 6}","{""collision_rod_early"": 0.0, ""collision_rod_late"": 0.0, ""collision_rod_mid"": 0.0, ""collision_tblock_early"": 5.988540748457409, ""collision_tblock_late"": 0.0, ""collision_tblock_mid"": 0.0, ""fall"": 0.0, ""timeout"": 0.0}"
layout_basic,start_region=x_mid__y_pos|path_len_bin=long|num_obstacles_bin=2|max_blockage_bin=high|medhigh_count_bin=1|pair_side_mode=center_involved|min_pair_dist_bin=medium,False,6,0,6,1.0,3.0737054250812323,collision_tblock_early,6,-10.211345508450318,1.0,"{""collision"": 6}","{""collision_tblock_early"": 6}","{""collision_rod_early"": 0.0, ""collision_rod_late"": 0.0, ""collision_rod_mid"": 0.0, ""collision_tblock_early"": 5.988540748457409, ""collision_tblock_late"": 0.0, ""collision_tblock_mid"": 0.0, ""fall"": 0.0, ""timeout"": 0.0}"
layout_basic,start_region=x_neg__y_pos|path_len_bin=long|num_obstacles_bin=2|max_blockage_bin=medium|medhigh_count_bin=2|pair_side_mode=opposite_side|min_pair_dist_bin=medium,False,5,0,5,1.0,3.0737054250812323,collision_tblock_early,5,-10.308623332074802,1.0,"{""collision"": 5}","{""collision_tblock_early"": 5}","{""collision_rod_early"": 0.0, ""collision_rod_late"": 0.0, ""collision_rod_mid"": 0.0, ""collision_tblock_early"": 5.9885407484574085, ""collision_tblock_late"": 0.0, ""collision_tblock_mid"": 0.0, ""fall"": 0.0, ""timeout"": 0.0}"
layout_basic,start_region=x_neg__y_pos|path_len_bin=long|num_obstacles_bin=2|max_blockage_bin=high|medhigh_count_bin=1|pair_side_mode=same_side|min_pair_dist_bin=far,False,5,0,5,1.0,3.0737054250812323,collision_tblock_early,5,-10.311996577676926,1.0,"{""collision"": 5}","{""collision_tblock_early"": 5}","{""collision_rod_early"": 0.0, ""collision_rod_late"": 0.0, ""collision_rod_mid"": 0.0, ""collision_tblock_early"": 5.9885407484574085, ""collision_tblock_late"": 0.0, ""collision_tblock_mid"": 0.0, ""fall"": 0.0, ""timeout"": 0.0}"
layout_basic,start_region=x_neg__y_neg|path_len_bin=long|num_obstacles_bin=2|max_blockage_bin=medium|medhigh_count_bin=1|pair_side_mode=same_side|min_pair_dist_bin=medium,False,5,0,5,1.0,3.0737054250812323,collision_tblock_early,5,-10.264254193270009,1.0,"{""collision"": 5}","{""collision_tblock_early"": 5}","{""collision_rod_early"": 0.0, ""collision_rod_late"": 0.0, ""collision_rod_mid"": 0.0, ""collision_tblock_early"": 5.9885407484574085, ""collision_tblock_late"": 0.0, ""collision_tblock_mid"": 0.0, ""fall"": 0.0, ""timeout"": 0.0}"
layout_basic,start_region=x_pos__y_neg|path_len_bin=long|num_obstacles_bin=2|max_blockage_bin=high|medhigh_count_bin=2|pair_side_mode=same_side|min_pair_dist_bin=very_close,False,5,0,5,1.0,3.0737054250812323,collision_tblock_early,5,-10.295768884218557,1.0,"{""collision"": 5}","{""collision_tblock_early"": 5}","{""collision_rod_early"": 0.0, ""collision_rod_late"": 0.0, ""collision_rod_mid"": 0.0, ""collision_tblock_early"": 5.9885407484574085, ""collision_tblock_late"": 0.0, ""collision_tblock_mid"": 0.0, ""fall"": 0.0, ""timeout"": 0.0}"
layout_basic,start_region=x_pos__y_neg|path_len_bin=long|num_obstacles_bin=2|max_blockage_bin=high|medhigh_count_bin=1|pair_side_mode=same_side|min_pair_dist_bin=medium,False,5,0,5,1.0,3.0737054250812323,collision_tblock_early,5,-10.272630676630019,1.0,"{""collision"": 5}","{""collision_tblock_early"": 5}","{""collision_rod_early"": 0.0, ""collision_rod_late"": 0.0, ""collision_rod_mid"": 0.0, ""collision_tblock_early"": 5.9885407484574085, ""collision_tblock_late"": 0.0, ""collision_tblock_mid"": 0.0, ""fall"": 0.0, ""timeout"": 0.0}"
layout_basic,start_region=x_neg__y_mid|path_len_bin=long|num_obstacles_bin=2|max_blockage_bin=high|medhigh_count_bin=1|pair_side_mode=center_involved|min_pair_dist_bin=close,False,5,0,5,1.0,3.0737054250812323,collision_tblock_early,5,-10.264569647225162,1.0,"{""collision"": 5}","{""collision_tblock_early"": 5}","{""collision_rod_early"": 0.0, ""collision_rod_late"": 0.0, ""collision_rod_mid"": 0.0, ""collision_tblock_early"": 5.9885407484574085, ""collision_tblock_late"": 0.0, ""collision_tblock_mid"": 0.0, ""fall"": 0.0, ""timeout"": 0.0}"
layout_basic,start_region=x_neg__y_neg|path_len_bin=long|num_obstacles_bin=2|max_blockage_bin=high|medhigh_count_bin=1|pair_side_mode=center_involved|min_pair_dist_bin=medium,False,5,0,5,1.0,3.0737054250812323,collision_tblock_early,5,-10.26248315167518,1.0,"{""collision"": 5}","{""collision_tblock_early"": 5}","{""collision_rod_early"": 0.0, ""collision_rod_late"": 0.0, ""collision_rod_mid"": 0.0, ""collision_tblock_early"": 5.9885407484574085, ""collision_tblock_late"": 0.0, ""collision_tblock_mid"": 0.0, ""fall"": 0.0, ""timeout"": 0.0}"
layout_basic,start_region=x_pos__y_mid|path_len_bin=long|num_obstacles_bin=2|max_blockage_bin=high|medhigh_count_bin=1|pair_side_mode=center_involved|min_pair_dist_bin=medium,False,5,0,5,1.0,3.0737054250812323,collision_tblock_early,5,-12.001736327764942,1.2,"{""collision"": 5}","{""collision_tblock_early"": 5}","{""collision_rod_early"": 0.0, ""collision_rod_late"": 0.0, ""collision_rod_mid"": 0.0, ""collision_tblock_early"": 5.9885407484574085, ""collision_tblock_late"": 0.0, ""collision_tblock_mid"": 0.0, ""fall"": 0.0, ""timeout"": 0.0}"
layout_basic,start_region=x_pos__y_mid|path_len_bin=long|num_obstacles_bin=2|max_blockage_bin=medium|medhigh_count_bin=1|pair_side_mode=same_side|min_pair_dist_bin=far,False,4,0,4,1.0,3.0737054250812323,collision_tblock_early,4,-10.278886088234188,1.0,"{""collision"": 4}","{""collision_tblock_early"": 4}","{""collision_rod_early"": 0.0, ""collision_rod_late"": 0.0, ""collision_rod_mid"": 0.0, ""collision_tblock_early"": 5.9885407484574085, ""collision_tblock_late"": 0.0, ""collision_tblock_mid"": 0.0, ""fall"": 0.0, ""timeout"": 0.0}"
layout_basic,start_region=x_pos__y_neg|path_len_bin=long|num_obstacles_bin=2|max_blockage_bin=high|medhigh_count_bin=1|pair_side_mode=opposite_side|min_pair_dist_bin=far,False,4,0,4,1.0,3.0737054250812323,collision_tblock_early,4,-10.249479519483339,1.0,"{""collision"": 4}","{""collision_tblock_early"": 4}","{""collision_rod_early"": 0.0, ""collision_rod_late"": 0.0, ""collision_rod_mid"": 0.0, ""collision_tblock_early"": 5.9885407484574085, ""collision_tblock_late"": 0.0, ""collision_tblock_mid"": 0.0, ""fall"": 0.0, ""timeout"": 0.0}"
layout_basic,start_region=x_pos__y_pos|path_len_bin=long|num_obstacles_bin=2|max_blockage_bin=high|medhigh_count_bin=1|pair_side_mode=center_involved|min_pair_dist_bin=far,False,4,0,4,1.0,3.0737054250812323,collision_tblock_early,4,-10.271930122117753,1.0,"{""collision"": 4}","{""collision_tblock_early"": 4}","{""collision_rod_early"": 0.0, ""collision_rod_late"": 0.0, ""collision_rod_mid"": 0.0, ""collision_tblock_early"": 5.9885407484574085, ""collision_tblock_late"": 0.0, ""collision_tblock_mid"": 0.0, ""fall"": 0.0, ""timeout"": 0.0}"
layout_basic,start_region=x_pos__y_mid|path_len_bin=long|num_obstacles_bin=2|max_blockage_bin=high|medhigh_count_bin=2|pair_side_mode=opposite_side|min_pair_dist_bin=close,False,4,0,4,1.0,3.0737054250812323,collision_tblock_early,4,-10.2379607154997,1.0,"{""collision"": 4}","{""collision_tblock_early"": 4}","{""collision_rod_early"": 0.0, ""collision_rod_late"": 0.0, ""collision_rod_mid"": 0.0, ""collision_tblock_early"": 5.9885407484574085, ""collision_tblock_late"": 0.0, ""collision_tblock_mid"": 0.0, ""fall"": 0.0, ""timeout"": 0.0}"
layout_basic,start_region=x_neg__y_neg|path_len_bin=long|num_obstacles_bin=2|max_blockage_bin=high|medhigh_count_bin=1|pair_side_mode=center_involved|min_pair_dist_bin=close,False,4,0,4,1.0,3.0737054250812323,collision_tblock_early,4,-10.263808933583029,1.0,"{""collision"": 4}","{""collision_tblock_early"": 4}","{""collision_rod_early"": 0.0, ""collision_rod_late"": 0.0, ""collision_rod_mid"": 0.0, ""collision_tblock_early"": 5.9885407484574085, ""collision_tblock_late"": 0.0, ""collision_tblock_mid"": 0.0, ""fall"": 0.0, ""timeout"": 0.0}"
layout_basic,start_region=x_neg__y_mid|path_len_bin=long|num_obstacles_bin=2|max_blockage_bin=high|medhigh_count_bin=1|pair_side_mode=same_side|min_pair_dist_bin=close,False,4,0,4,1.0,3.0737054250812323,collision_tblock_early,4,-10.256356540831852,1.0,"{""collision"": 4}","{""collision_tblock_early"": 4}","{""collision_rod_early"": 0.0, ""collision_rod_late"": 0.0, ""collision_rod_mid"": 0.0, ""collision_tblock_early"": 5.9885407484574085, ""collision_tblock_late"": 0.0, ""collision_tblock_mid"": 0.0, ""fall"": 0.0, ""timeout"": 0.0}"
layout_basic,start_region=x_pos__y_pos|path_len_bin=long|num_obstacles_bin=2|max_blockage_bin=high|medhigh_count_bin=1|pair_side_mode=same_side|min_pair_dist_bin=far,False,3,0,3,1.0,3.0737054250812323,collision_tblock_early,3,-10.33447827281689,1.0,"{""collision"": 3}","{""collision_tblock_early"": 3}","{""collision_rod_early"": 0.0, ""collision_rod_late"": 0.0, ""collision_rod_mid"": 0.0, ""collision_tblock_early"": 5.988540748457409, ""collision_tblock_late"": 0.0, ""collision_tblock_mid"": 0.0, ""fall"": 0.0, ""timeout"": 0.0}"
layout_basic,start_region=x_pos__y_mid|path_len_bin=long|num_obstacles_bin=2|max_blockage_bin=high|medhigh_count_bin=1|pair_side_mode=opposite_side|min_pair_dist_bin=far,False,3,0,3,1.0,3.0737054250812323,collision_tblock_early,3,-10.258939354326957,1.0,"{""collision"": 3}","{""collision_tblock_early"": 3}","{""collision_rod_early"": 0.0, ""collision_rod_late"": 0.0, ""collision_rod_mid"": 0.0, ""collision_tblock_early"": 5.988540748457409, ""collision_tblock_late"": 0.0, ""collision_tblock_mid"": 0.0, ""fall"": 0.0, ""timeout"": 0.0}"
layout_basic,start_region=x_pos__y_neg|path_len_bin=long|num_obstacles_bin=2|max_blockage_bin=medium|medhigh_count_bin=2|pair_side_mode=same_side|min_pair_dist_bin=very_close,False,3,0,3,1.0,3.0737054250812323,collision_tblock_early,3,-10.269042878117851,1.0,"{""collision"": 3}","{""collision_tblock_early"": 3}","{""collision_rod_early"": 0.0, ""collision_rod_late"": 0.0, ""collision_rod_mid"": 0.0, ""collision_tblock_early"": 5.988540748457409, ""collision_tblock_late"": 0.0, ""collision_tblock_mid"": 0.0, ""fall"": 0.0, ""timeout"": 0.0}"
layout_basic,start_region=x_pos__y_neg|path_len_bin=long|num_obstacles_bin=2|max_blockage_bin=medium|medhigh_count_bin=1|pair_side_mode=opposite_side|min_pair_dist_bin=close,False,3,0,3,1.0,3.0737054250812323,collision_tblock_early,3,-10.288857280432145,1.0,"{""collision"": 3}","{""collision_tblock_early"": 3}","{""collision_rod_early"": 0.0, ""collision_rod_late"": 0.0, ""collision_rod_mid"": 0.0, ""collision_tblock_early"": 5.988540748457409, ""collision_tblock_late"": 0.0, ""collision_tblock_mid"": 0.0, ""fall"": 0.0, ""timeout"": 0.0}"
layout_basic,start_region=x_pos__y_pos|path_len_bin=long|num_obstacles_bin=2|max_blockage_bin=high|medhigh_count_bin=2|pair_side_mode=opposite_side|min_pair_dist_bin=very_close,False,2,0,2,1.0,3.0737054250812323,collision_tblock_early,2,-10.314626571026647,1.0,"{""collision"": 2}","{""collision_tblock_early"": 2}","{""collision_rod_early"": 0.0, ""collision_rod_late"": 0.0, ""collision_rod_mid"": 0.0, ""collision_tblock_early"": 5.9885407484574085, ""collision_tblock_late"": 0.0, ""collision_tblock_mid"": 0.0, ""fall"": 0.0, ""timeout"": 0.0}"
layout_basic,start_region=x_pos__y_neg|path_len_bin=long|num_obstacles_bin=2|max_blockage_bin=high|medhigh_count_bin=1|pair_side_mode=center_involved|min_pair_dist_bin=far,False,2,0,2,1.0,3.0737054250812323,collision_tblock_early,2,-10.243012509619565,1.0,"{""collision"": 2}","{""collision_tblock_early"": 2}","{""collision_rod_early"": 0.0, ""collision_rod_late"": 0.0, ""collision_rod_mid"": 0.0, ""collision_tblock_early"": 5.9885407484574085, ""collision_tblock_late"": 0.0, ""collision_tblock_mid"": 0.0, ""fall"": 0.0, ""timeout"": 0.0}"
layout_basic,start_region=x_mid__y_pos|path_len_bin=long|num_obstacles_bin=2|max_blockage_bin=high|medhigh_count_bin=2|pair_side_mode=opposite_side|min_pair_dist_bin=close,False,2,0,2,1.0,3.0737054250812323,collision_tblock_early,2,-10.229685155073383,1.0,"{""collision"": 2}","{""collision_tblock_early"": 2}","{""collision_rod_early"": 0.0, ""collision_rod_late"": 0.0, ""collision_rod_mid"": 0.0, ""collision_tblock_early"": 5.9885407484574085, ""collision_tblock_late"": 0.0, ""collision_tblock_mid"": 0.0, ""fall"": 0.0, ""timeout"": 0.0}"
layout_basic,start_region=x_pos__y_pos|path_len_bin=long|num_obstacles_bin=2|max_blockage_bin=medium|medhigh_count_bin=1|pair_side_mode=center_involved|min_pair_dist_bin=far,False,2,0,2,1.0,3.0737054250812323,collision_tblock_early,2,-10.344404979593333,1.0,"{""collision"": 2}","{""collision_tblock_early"": 2}","{""collision_rod_early"": 0.0, ""collision_rod_late"": 0.0, ""collision_rod_mid"": 0.0, ""collision_tblock_early"": 5.9885407484574085, ""collision_tblock_late"": 0.0, ""collision_tblock_mid"": 0.0, ""fall"": 0.0, ""timeout"": 0.0}"
layout_basic,start_region=x_neg__y_mid|path_len_bin=long|num_obstacles_bin=2|max_blockage_bin=medium|medhigh_count_bin=1|pair_side_mode=opposite_side|min_pair_dist_bin=far,False,2,0,2,1.0,3.0737054250812323,collision_tblock_early,2,-10.266147045944725,1.0,"{""collision"": 2}","{""collision_tblock_early"": 2}","{""collision_rod_early"": 0.0, ""collision_rod_late"": 0.0, ""collision_rod_mid"": 0.0, ""collision_tblock_early"": 5.9885407484574085, ""collision_tblock_late"": 0.0, ""collision_tblock_mid"": 0.0, ""fall"": 0.0, ""timeout"": 0.0}"
layout_basic,start_region=x_neg__y_neg|path_len_bin=long|num_obstacles_bin=2|max_blockage_bin=high|medhigh_count_bin=1|pair_side_mode=opposite_side|min_pair_dist_bin=far,False,2,0,2,1.0,3.0737054250812323,collision_tblock_early,2,-10.264568175913734,1.0,"{""collision"": 2}","{""collision_tblock_early"": 2}","{""collision_rod_early"": 0.0, ""collision_rod_late"": 0.0, ""collision_rod_mid"": 0.0, ""collision_tblock_early"": 5.9885407484574085, ""collision_tblock_late"": 0.0, ""collision_tblock_mid"": 0.0, ""fall"": 0.0, ""timeout"": 0.0}"
layout_basic,start_region=x_mid__y_neg|path_len_bin=long|num_obstacles_bin=2|max_blockage_bin=high|medhigh_count_bin=1|pair_side_mode=same_side|min_pair_dist_bin=close,False,2,0,2,1.0,3.0737054250812323,collision_tblock_early,2,-10.217822712624812,1.0,"{""collision"": 2}","{""collision_tblock_early"": 2}","{""collision_rod_early"": 0.0, ""collision_rod_late"": 0.0, ""collision_rod_mid"": 0.0, ""collision_tblock_early"": 5.9885407484574085, ""collision_tblock_late"": 0.0, ""collision_tblock_mid"": 0.0, ""fall"": 0.0, ""timeout"": 0.0}"
layout_basic,start_region=x_mid__y_neg|path_len_bin=long|num_obstacles_bin=2|max_blockage_bin=high|medhigh_count_bin=1|pair_side_mode=center_involved|min_pair_dist_bin=very_close,False,2,0,2,1.0,3.0737054250812323,collision_tblock_early,2,-10.212196266423557,1.0,"{""collision"": 2}","{""collision_tblock_early"": 2}","{""collision_rod_early"": 0.0, ""collision_rod_late"": 0.0, ""collision_rod_mid"": 0.0, ""collision_tblock_early"": 5.9885407484574085, ""collision_tblock_late"": 0.0, ""collision_tblock_mid"": 0.0, ""fall"": 0.0, ""timeout"": 0.0}"
layout_basic,start_region=x_pos__y_mid|path_len_bin=medium|num_obstacles_bin=2|max_blockage_bin=low|medhigh_count_bin=0|pair_side_mode=center_involved|min_pair_dist_bin=very_close,False,1,0,1,1.0,3.0737054250812323,collision_rod_mid,1,-17.131409458002253,4.0,"{""collision"": 1}","{""collision_rod_mid"": 1}","{""collision_rod_early"": 0.0, ""collision_rod_late"": 0.0, ""collision_rod_mid"": 167.93483146067416, ""collision_tblock_early"": 0.0, ""collision_tblock_late"": 0.0, ""collision_tblock_mid"": 0.0, ""fall"": 0.0, ""timeout"": 0.0}"
layout_basic,start_region=x_neg__y_pos|path_len_bin=medium|num_obstacles_bin=2|max_blockage_bin=low|medhigh_count_bin=0|pair_side_mode=opposite_side|min_pair_dist_bin=medium,False,1,0,1,1.0,3.0737054250812323,timeout,1,-12.648291501854231,9.0,"{""timeout"": 1}","{""timeout"": 1}","{""collision_rod_early"": 0.0, ""collision_rod_late"": 0.0, ""collision_rod_mid"": 0.0, ""collision_tblock_early"": 0.0, ""collision_tblock_late"": 0.0, ""collision_tblock_mid"": 0.0, ""fall"": 0.0, ""timeout"": 8.960551558752998}"
layout_basic,start_region=x_pos__y_pos|path_len_bin=long|num_obstacles_bin=2|max_blockage_bin=low|medhigh_count_bin=0|pair_side_mode=opposite_side|min_pair_dist_bin=close,False,1,0,1,1.0,3.0737054250812323,timeout,1,-6.33876205241698,9.0,"{""timeout"": 1}","{""timeout"": 1}","{""collision_rod_early"": 0.0, ""collision_rod_late"": 0.0, ""collision_rod_mid"": 0.0, ""collision_tblock_early"": 0.0, ""collision_tblock_late"": 0.0, ""collision_tblock_mid"": 0.0, ""fall"": 0.0, ""timeout"": 8.960551558752998}"
layout_basic,start_region=x_neg__y_neg|path_len_bin=long|num_obstacles_bin=2|max_blockage_bin=medium|medhigh_count_bin=1|pair_side_mode=same_side|min_pair_dist_bin=far,False,1,0,1,1.0,3.0737054250812323,collision_tblock_early,1,-10.259745736546995,1.0,"{""collision"": 1}","{""collision_tblock_early"": 1}","{""collision_rod_early"": 0.0, ""collision_rod_late"": 0.0, ""collision_rod_mid"": 0.0, ""collision_tblock_early"": 5.9885407484574085, ""collision_tblock_late"": 0.0, ""collision_tblock_mid"": 0.0, ""fall"": 0.0, ""timeout"": 0.0}"
layout_basic,start_region=x_neg__y_pos|path_len_bin=long|num_obstacles_bin=2|max_blockage_bin=high|medhigh_count_bin=1|pair_side_mode=center_involved|min_pair_dist_bin=far,False,1,0,1,1.0,3.0737054250812323,collision_tblock_early,1,-10.285442354447259,1.0,"{""collision"": 1}","{""collision_tblock_early"": 1}","{""collision_rod_early"": 0.0, ""collision_rod_late"": 0.0, ""collision_rod_mid"": 0.0, ""collision_tblock_early"": 5.9885407484574085, ""collision_tblock_late"": 0.0, ""collision_tblock_mid"": 0.0, ""fall"": 0.0, ""timeout"": 0.0}"
layout_basic,start_region=x_mid__y_pos|path_len_bin=long|num_obstacles_bin=2|max_blockage_bin=high|medhigh_count_bin=1|pair_side_mode=same_side|min_pair_dist_bin=medium,False,1,0,1,1.0,3.0737054250812323,collision_tblock_early,1,-10.18180683605322,1.0,"{""collision"": 1}","{""collision_tblock_early"": 1}","{""collision_rod_early"": 0.0, ""collision_rod_late"": 0.0, ""collision_rod_mid"": 0.0, ""collision_tblock_early"": 5.9885407484574085, ""collision_tblock_late"": 0.0, ""collision_tblock_mid"": 0.0, ""fall"": 0.0, ""timeout"": 0.0}"
layout_basic,start_region=x_pos__y_mid|path_len_bin=long|num_obstacles_bin=2|max_blockage_bin=high|medhigh_count_bin=1|pair_side_mode=same_side|min_pair_dist_bin=far,False,1,0,1,1.0,3.0737054250812323,collision_tblock_early,1,-10.275522687194742,1.0,"{""collision"": 1}","{""collision_tblock_early"": 1}","{""collision_rod_early"": 0.0, ""collision_rod_late"": 0.0, ""collision_rod_mid"": 0.0, ""collision_tblock_early"": 5.9885407484574085, ""collision_tblock_late"": 0.0, ""collision_tblock_mid"": 0.0, ""fall"": 0.0, ""timeout"": 0.0}"
layout_basic,start_region=x_pos__y_neg|path_len_bin=long|num_obstacles_bin=2|max_blockage_bin=high|medhigh_count_bin=1|pair_side_mode=same_side|min_pair_dist_bin=far,False,1,0,1,1.0,3.0737054250812323,collision_tblock_early,1,-10.253249460491302,1.0,"{""collision"": 1}","{""collision_tblock_early"": 1}","{""collision_rod_early"": 0.0, ""collision_rod_late"": 0.0, ""collision_rod_mid"": 0.0, ""collision_tblock_early"": 5.9885407484574085, ""collision_tblock_late"": 0.0, ""collision_tblock_mid"": 0.0, ""fall"": 0.0, ""timeout"": 0.0}"
layout_basic,start_region=x_neg__y_neg|path_len_bin=long|num_obstacles_bin=2|max_blockage_bin=medium|medhigh_count_bin=2|pair_side_mode=same_side|min_pair_dist_bin=very_close,False,1,0,1,1.0,3.0737054250812323,collision_tblock_early,1,-10.276614815617158,1.0,"{""collision"": 1}","{""collision_tblock_early"": 1}","{""collision_rod_early"": 0.0, ""collision_rod_late"": 0.0, ""collision_rod_mid"": 0.0, ""collision_tblock_early"": 5.9885407484574085, ""collision_tblock_late"": 0.0, ""collision_tblock_mid"": 0.0, ""fall"": 0.0, ""timeout"": 0.0}"
layout_basic,start_region=x_pos__y_pos|path_len_bin=long|num_obstacles_bin=2|max_blockage_bin=medium|medhigh_count_bin=2|pair_side_mode=same_side|min_pair_dist_bin=close,False,1,0,1,1.0,3.0737054250812323,collision_tblock_early,1,-10.332820728769052,1.0,"{""collision"": 1}","{""collision_tblock_early"": 1}","{""collision_rod_early"": 0.0, ""collision_rod_late"": 0.0, ""collision_rod_mid"": 0.0, ""collision_tblock_early"": 5.9885407484574085, ""collision_tblock_late"": 0.0, ""collision_tblock_mid"": 0.0, ""fall"": 0.0, ""timeout"": 0.0}"
layout_basic,start_region=x_mid__y_pos|path_len_bin=long|num_obstacles_bin=2|max_blockage_bin=medium|medhigh_count_bin=1|pair_side_mode=center_involved|min_pair_dist_bin=far,False,1,0,1,1.0,3.0737054250812323,collision_tblock_early,1,-10.251442620825554,1.0,"{""collision"": 1}","{""collision_tblock_early"": 1}","{""collision_rod_early"": 0.0, ""collision_rod_late"": 0.0, ""collision_rod_mid"": 0.0, ""collision_tblock_early"": 5.9885407484574085, ""collision_tblock_late"": 0.0, ""collision_tblock_mid"": 0.0, ""fall"": 0.0, ""timeout"": 0.0}"
layout_basic,start_region=x_pos__y_pos|path_len_bin=long|num_obstacles_bin=2|max_blockage_bin=high|medhigh_count_bin=2|pair_side_mode=same_side|min_pair_dist_bin=close,False,1,0,1,1.0,3.0737054250812323,collision_tblock_early,1,-10.270300563465367,1.0,"{""collision"": 1}","{""collision_tblock_early"": 1}","{""collision_rod_early"": 0.0, ""collision_rod_late"": 0.0, ""collision_rod_mid"": 0.0, ""collision_tblock_early"": 5.9885407484574085, ""collision_tblock_late"": 0.0, ""collision_tblock_mid"": 0.0, ""fall"": 0.0, ""timeout"": 0.0}"
layout_basic,start_region=x_mid__y_pos|path_len_bin=long|num_obstacles_bin=2|max_blockage_bin=medium|medhigh_count_bin=1|pair_side_mode=opposite_side|min_pair_dist_bin=close,False,1,0,1,1.0,3.0737054250812323,collision_tblock_early,1,-10.259621637401109,1.0,"{""collision"": 1}","{""collision_tblock_early"": 1}","{""collision_rod_early"": 0.0, ""collision_rod_late"": 0.0, ""collision_rod_mid"": 0.0, ""collision_tblock_early"": 5.9885407484574085, ""collision_tblock_late"": 0.0, ""collision_tblock_mid"": 0.0, ""fall"": 0.0, ""timeout"": 0.0}"
layout_basic,start_region=x_pos__y_pos|path_len_bin=medium|num_obstacles_bin=2|max_blockage_bin=low|medhigh_count_bin=0|pair_side_mode=opposite_side|min_pair_dist_bin=medium,False,1,0,1,1.0,3.0737054250812323,collision_tblock_early,1,-10.25975840447719,1.0,"{""collision"": 1}","{""collision_tblock_early"": 1}","{""collision_rod_early"": 0.0, ""collision_rod_late"": 0.0, ""collision_rod_mid"": 0.0, ""collision_tblock_early"": 5.9885407484574085, ""collision_tblock_late"": 0.0, ""collision_tblock_mid"": 0.0, ""fall"": 0.0, ""timeout"": 0.0}"
layout_basic,start_region=x_mid__y_neg|path_len_bin=long|num_obstacles_bin=2|max_blockage_bin=medium|medhigh_count_bin=1|pair_side_mode=same_side|min_pair_dist_bin=medium,False,1,0,1,1.0,3.0737054250812323,collision_tblock_early,1,-10.248048957994799,1.0,"{""collision"": 1}","{""collision_tblock_early"": 1}","{""collision_rod_early"": 0.0, ""collision_rod_late"": 0.0, ""collision_rod_mid"": 0.0, ""collision_tblock_early"": 5.9885407484574085, ""collision_tblock_late"": 0.0, ""collision_tblock_mid"": 0.0, ""fall"": 0.0, ""timeout"": 0.0}"
layout_basic,start_region=x_pos__y_mid|path_len_bin=long|num_obstacles_bin=2|max_blockage_bin=medium|medhigh_count_bin=2|pair_side_mode=opposite_side|min_pair_dist_bin=close,False,1,0,1,1.0,3.0737054250812323,collision_tblock_early,1,-10.254002601516818,1.0,"{""collision"": 1}","{""collision_tblock_early"": 1}","{""collision_rod_early"": 0.0, ""collision_rod_late"": 0.0, ""collision_rod_mid"": 0.0, ""collision_tblock_early"": 5.9885407484574085, ""collision_tblock_late"": 0.0, ""collision_tblock_mid"": 0.0, ""fall"": 0.0, ""timeout"": 0.0}"
layout_basic,start_region=x_mid__y_pos|path_len_bin=long|num_obstacles_bin=2|max_blockage_bin=high|medhigh_count_bin=1|pair_side_mode=center_involved|min_pair_dist_bin=far,False,1,0,1,1.0,3.0737054250812323,collision_tblock_early,1,-10.189537089015518,1.0,"{""collision"": 1}","{""collision_tblock_early"": 1}","{""collision_rod_early"": 0.0, ""collision_rod_late"": 0.0, ""collision_rod_mid"": 0.0, ""collision_tblock_early"": 5.9885407484574085, ""collision_tblock_late"": 0.0, ""collision_tblock_mid"": 0.0, ""fall"": 0.0, ""timeout"": 0.0}"
layout_basic,start_region=x_pos__y_neg|path_len_bin=long|num_obstacles_bin=2|max_blockage_bin=high|medhigh_count_bin=2|pair_side_mode=opposite_side|min_pair_dist_bin=very_close,False,1,0,1,1.0,3.0737054250812323,collision_tblock_early,1,-10.285072286435355,1.0,"{""collision"": 1}","{""collision_tblock_early"": 1}","{""collision_rod_early"": 0.0, ""collision_rod_late"": 0.0, ""collision_rod_mid"": 0.0, ""collision_tblock_early"": 5.9885407484574085, ""collision_tblock_late"": 0.0, ""collision_tblock_mid"": 0.0, ""fall"": 0.0, ""timeout"": 0.0}"
layout_basic,start_region=x_neg__y_neg|path_len_bin=long|num_obstacles_bin=2|max_blockage_bin=high|medhigh_count_bin=1|pair_side_mode=center_involved|min_pair_dist_bin=very_close,False,1,0,1,1.0,3.0737054250812323,collision_tblock_early,1,-10.267272807190832,1.0,"{""collision"": 1}","{""collision_tblock_early"": 1}","{""collision_rod_early"": 0.0, ""collision_rod_late"": 0.0, ""collision_rod_mid"": 0.0, ""collision_tblock_early"": 5.9885407484574085, ""collision_tblock_late"": 0.0, ""collision_tblock_mid"": 0.0, ""fall"": 0.0, ""timeout"": 0.0}"
layout_basic,start_region=x_pos__y_mid|path_len_bin=long|num_obstacles_bin=2|max_blockage_bin=high|medhigh_count_bin=1|pair_side_mode=same_side|min_pair_dist_bin=medium,False,1,0,1,1.0,3.0737054250812323,collision_tblock_early,1,-10.23301596601858,1.0,"{""collision"": 1}","{""collision_tblock_early"": 1}","{""collision_rod_early"": 0.0, ""collision_rod_late"": 0.0, ""collision_rod_mid"": 0.0, ""collision_tblock_early"": 5.9885407484574085, ""collision_tblock_late"": 0.0, ""collision_tblock_mid"": 0.0, ""fall"": 0.0, ""timeout"": 0.0}"
layout_basic,start_region=x_neg__y_mid|path_len_bin=long|num_obstacles_bin=2|max_blockage_bin=high|medhigh_count_bin=1|pair_side_mode=opposite_side|min_pair_dist_bin=far,False,1,0,1,1.0,3.0737054250812323,collision_tblock_early,1,-10.246333867146033,1.0,"{""collision"": 1}","{""collision_tblock_early"": 1}","{""collision_rod_early"": 0.0, ""collision_rod_late"": 0.0, ""collision_rod_mid"": 0.0, ""collision_tblock_early"": 5.9885407484574085, ""collision_tblock_late"": 0.0, ""collision_tblock_mid"": 0.0, ""fall"": 0.0, ""timeout"": 0.0}"
layout_basic,start_region=x_neg__y_mid|path_len_bin=long|num_obstacles_bin=2|max_blockage_bin=high|medhigh_count_bin=1|pair_side_mode=opposite_side|min_pair_dist_bin=medium,False,1,0,1,1.0,3.0737054250812323,collision_tblock_early,1,-10.258584395818922,1.0,"{""collision"": 1}","{""collision_tblock_early"": 1}","{""collision_rod_early"": 0.0, ""collision_rod_late"": 0.0, ""collision_rod_mid"": 0.0, ""collision_tblock_early"": 5.9885407484574085, ""collision_tblock_late"": 0.0, ""collision_tblock_mid"": 0.0, ""fall"": 0.0, ""timeout"": 0.0}"
layout_basic,start_region=x_mid__y_pos|path_len_bin=long|num_obstacles_bin=2|max_blockage_bin=medium|medhigh_count_bin=2|pair_side_mode=opposite_side|min_pair_dist_bin=close,False,1,0,1,1.0,3.0737054250812323,collision_tblock_early,1,-10.220477715022398,1.0,"{""collision"": 1}","{""collision_tblock_early"": 1}","{""collision_rod_early"": 0.0, ""collision_rod_late"": 0.0, ""collision_rod_mid"": 0.0, ""collision_tblock_early"": 5.9885407484574085, ""collision_tblock_late"": 0.0, ""collision_tblock_mid"": 0.0, ""fall"": 0.0, ""timeout"": 0.0}"
layout_basic,start_region=x_mid__y_neg|path_len_bin=long|num_obstacles_bin=2|max_blockage_bin=high|medhigh_count_bin=1|pair_side_mode=center_involved|min_pair_dist_bin=medium,False,1,0,1,1.0,3.0737054250812323,collision_tblock_early,1,-10.258188293022721,1.0,"{""collision"": 1}","{""collision_tblock_early"": 1}","{""collision_rod_early"": 0.0, ""collision_rod_late"": 0.0, ""collision_rod_mid"": 0.0, ""collision_tblock_early"": 5.9885407484574085, ""collision_tblock_late"": 0.0, ""collision_tblock_mid"": 0.0, ""fall"": 0.0, ""timeout"": 0.0}"
layout_basic,start_region=x_mid__y_neg|path_len_bin=long|num_obstacles_bin=2|max_blockage_bin=high|medhigh_count_bin=2|pair_side_mode=center_involved|min_pair_dist_bin=very_close,False,1,0,1,1.0,3.0737054250812323,collision_tblock_early,1,-10.208314636401399,1.0,"{""collision"": 1}","{""collision_tblock_early"": 1}","{""collision_rod_early"": 0.0, ""collision_rod_late"": 0.0, ""collision_rod_mid"": 0.0, ""collision_tblock_early"": 5.9885407484574085, ""collision_tblock_late"": 0.0, ""collision_tblock_mid"": 0.0, ""fall"": 0.0, ""timeout"": 0.0}"
layout_basic,start_region=x_neg__y_mid|path_len_bin=long|num_obstacles_bin=2|max_blockage_bin=high|medhigh_count_bin=2|pair_side_mode=center_involved|min_pair_dist_bin=very_close,False,1,0,1,1.0,3.0737054250812323,collision_tblock_early,1,-10.257638475825775,1.0,"{""collision"": 1}","{""collision_tblock_early"": 1}","{""collision_rod_early"": 0.0, ""collision_rod_late"": 0.0, ""collision_rod_mid"": 0.0, ""collision_tblock_early"": 5.9885407484574085, ""collision_tblock_late"": 0.0, ""collision_tblock_mid"": 0.0, ""fall"": 0.0, ""timeout"": 0.0}"
layout_basic,start_region=x_neg__y_neg|path_len_bin=long|num_obstacles_bin=2|max_blockage_bin=high|medhigh_count_bin=2|pair_side_mode=center_involved|min_pair_dist_bin=very_close,False,1,0,1,1.0,3.0737054250812323,collision_tblock_early,1,-10.25595460922258,1.0,"{""collision"": 1}","{""collision_tblock_early"": 1}","{""collision_rod_early"": 0.0, ""collision_rod_late"": 0.0, ""collision_rod_mid"": 0.0, ""collision_tblock_early"": 5.9885407484574085, ""collision_tblock_late"": 0.0, ""collision_tblock_mid"": 0.0, ""fall"": 0.0, ""timeout"": 0.0}"
layout_basic,start_region=x_pos__y_mid|path_len_bin=long|num_obstacles_bin=2|max_blockage_bin=high|medhigh_count_bin=1|pair_side_mode=opposite_side|min_pair_dist_bin=close,False,1,0,1,1.0,3.0737054250812323,collision_tblock_early,1,-10.263479380968896,1.0,"{""collision"": 1}","{""collision_tblock_early"": 1}","{""collision_rod_early"": 0.0, ""collision_rod_late"": 0.0, ""collision_rod_mid"": 0.0, ""collision_tblock_early"": 5.9885407484574085, ""collision_tblock_late"": 0.0, ""collision_tblock_mid"": 0.0, ""fall"": 0.0, ""timeout"": 0.0}"
layout_basic,start_region=x_neg__y_mid|path_len_bin=long|num_obstacles_bin=2|max_blockage_bin=high|medhigh_count_bin=1|pair_side_mode=center_involved|min_pair_dist_bin=very_close,False,1,0,1,1.0,3.0737054250812323,collision_tblock_early,1,-10.242013395094565,1.0,"{""collision"": 1}","{""collision_tblock_early"": 1}","{""collision_rod_early"": 0.0, ""collision_rod_late"": 0.0, ""collision_rod_mid"": 0.0, ""collision_tblock_early"": 5.9885407484574085, ""collision_tblock_late"": 0.0, ""collision_tblock_mid"": 0.0, ""fall"": 0.0, ""timeout"": 0.0}"
layout_basic,start_region=x_neg__y_pos|path_len_bin=long|num_obstacles_bin=2|max_blockage_bin=high|medhigh_count_bin=1|pair_side_mode=same_side|min_pair_dist_bin=very_close,False,36,0,36,1.0,3.073705425081232,collision_tblock_early,36,-10.456113477880436,1.0277777777777777,"{""collision"": 36}","{""collision_tblock_early"": 36}","{""collision_rod_early"": 0.0, ""collision_rod_late"": 0.0, ""collision_rod_mid"": 0.0, ""collision_tblock_early"": 5.9885407484574085, ""collision_tblock_late"": 0.0, ""collision_tblock_mid"": 0.0, ""fall"": 0.0, ""timeout"": 0.0}"
layout_basic,start_region=x_pos__y_pos|path_len_bin=long|num_obstacles_bin=2|max_blockage_bin=medium|medhigh_count_bin=1|pair_side_mode=opposite_side|min_pair_dist_bin=close,False,18,0,18,1.0,3.073705425081232,collision_tblock_early,18,-10.29489126093251,1.0,"{""collision"": 18}","{""collision_tblock_early"": 18}","{""collision_rod_early"": 0.0, ""collision_rod_late"": 0.0, ""collision_rod_mid"": 0.0, ""collision_tblock_early"": 5.9885407484574085, ""collision_tblock_late"": 0.0, ""collision_tblock_mid"": 0.0, ""fall"": 0.0, ""timeout"": 0.0}"
layout_basic,start_region=x_neg__y_pos|path_len_bin=long|num_obstacles_bin=2|max_blockage_bin=high|medhigh_count_bin=1|pair_side_mode=opposite_side|min_pair_dist_bin=close,False,15,0,15,1.0,3.073705425081232,collision_tblock_early,15,-10.35687896126043,1.0,"{""collision"": 15}","{""collision_tblock_early"": 15}","{""collision_rod_early"": 0.0, ""collision_rod_late"": 0.0, ""collision_rod_mid"": 0.0, ""collision_tblock_early"": 5.9885407484574085, ""collision_tblock_late"": 0.0, ""collision_tblock_mid"": 0.0, ""fall"": 0.0, ""timeout"": 0.0}"
layout_basic,start_region=x_pos__y_mid|path_len_bin=long|num_obstacles_bin=2|max_blockage_bin=high|medhigh_count_bin=1|pair_side_mode=opposite_side|min_pair_dist_bin=medium,False,9,0,9,1.0,3.073705425081232,collision_tblock_early,9,-10.233813080463793,1.0,"{""collision"": 9}","{""collision_tblock_early"": 9}","{""collision_rod_early"": 0.0, ""collision_rod_late"": 0.0, ""collision_rod_mid"": 0.0, ""collision_tblock_early"": 5.9885407484574085, ""collision_tblock_late"": 0.0, ""collision_tblock_mid"": 0.0, ""fall"": 0.0, ""timeout"": 0.0}"
layout_basic,start_region=x_neg__y_pos|path_len_bin=long|num_obstacles_bin=2|max_blockage_bin=high|medhigh_count_bin=2|pair_side_mode=center_involved|min_pair_dist_bin=close,False,9,0,9,1.0,3.073705425081232,collision_tblock_early,9,-10.34065311664535,1.0,"{""collision"": 9}","{""collision_tblock_early"": 9}","{""collision_rod_early"": 0.0, ""collision_rod_late"": 0.0, ""collision_rod_mid"": 0.0, ""collision_tblock_early"": 5.9885407484574085, ""collision_tblock_late"": 0.0, ""collision_tblock_mid"": 0.0, ""fall"": 0.0, ""timeout"": 0.0}"
layout_basic,start_region=x_neg__y_pos|path_len_bin=long|num_obstacles_bin=2|max_blockage_bin=high|medhigh_count_bin=1|pair_side_mode=same_side|min_pair_dist_bin=medium,False,9,0,9,1.0,3.073705425081232,collision_tblock_early,9,-10.790794473357389,1.1111111111111112,"{""collision"": 9}","{""collision_tblock_early"": 9}","{""collision_rod_early"": 0.0, ""collision_rod_late"": 0.0, ""collision_rod_mid"": 0.0, ""collision_tblock_early"": 5.9885407484574085, ""collision_tblock_late"": 0.0, ""collision_tblock_mid"": 0.0, ""fall"": 0.0, ""timeout"": 0.0}"
layout_basic,start_region=x_mid__y_neg|path_len_bin=long|num_obstacles_bin=2|max_blockage_bin=high|medhigh_count_bin=1|pair_side_mode=center_involved|min_pair_dist_bin=close,False,9,0,9,1.0,3.073705425081232,collision_tblock_early,9,-10.209201186302087,1.0,"{""collision"": 9}","{""collision_tblock_early"": 9}","{""collision_rod_early"": 0.0, ""collision_rod_late"": 0.0, ""collision_rod_mid"": 0.0, ""collision_tblock_early"": 5.9885407484574085, ""collision_tblock_late"": 0.0, ""collision_tblock_mid"": 0.0, ""fall"": 0.0, ""timeout"": 0.0}"
layout_basic,start_region=x_pos__y_neg|path_len_bin=long|num_obstacles_bin=2|max_blockage_bin=high|medhigh_count_bin=1|pair_side_mode=center_involved|min_pair_dist_bin=close,False,81,1,80,0.9876543209876543,3.0357584445246744,collision_tblock_early,80,-10.173266348731145,1.0246913580246915,"{""collision"": 80, ""success"": 1}","{""collision_tblock_early"": 80}","{""collision_rod_early"": 0.0, ""collision_rod_late"": 0.0, ""collision_rod_mid"": 0.0, ""collision_tblock_early"": 5.914608146624602, ""collision_tblock_late"": 0.0, ""collision_tblock_mid"": 0.0, ""fall"": 0.0, ""timeout"": 0.0}"
layout_basic,start_region=x_pos__y_neg|path_len_bin=long|num_obstacles_bin=2|max_blockage_bin=high|medhigh_count_bin=2|pair_side_mode=center_involved|min_pair_dist_bin=very_close,False,55,1,54,0.9818181818181818,3.0178198718979368,collision_tblock_early,54,-10.155729170817233,1.0545454545454545,"{""collision"": 54, ""success"": 1}","{""collision_tblock_early"": 54}","{""collision_rod_early"": 0.0, ""collision_rod_late"": 0.0, ""collision_rod_mid"": 0.0, ""collision_tblock_early"": 5.879658189394546, ""collision_tblock_late"": 0.0, ""collision_tblock_mid"": 0.0, ""fall"": 0.0, ""timeout"": 0.0}"
layout_basic,start_region=x_neg__y_pos|path_len_bin=long|num_obstacles_bin=2|max_blockage_bin=high|medhigh_count_bin=1|pair_side_mode=same_side|min_pair_dist_bin=close,False,31,1,30,0.967741935483871,2.974553637175386,collision_tblock_early,30,-10.028822135447587,1.064516129032258,"{""collision"": 30, ""success"": 1}","{""collision_tblock_early"": 30}","{""collision_rod_early"": 0.0, ""collision_rod_late"": 0.0, ""collision_rod_mid"": 0.0, ""collision_tblock_early"": 5.795362014636202, ""collision_tblock_late"": 0.0, ""collision_tblock_mid"": 0.0, ""fall"": 0.0, ""timeout"": 0.0}"
layout_basic,start_region=x_pos__y_mid|path_len_bin=long|num_obstacles_bin=2|max_blockage_bin=medium|medhigh_count_bin=1|pair_side_mode=opposite_side|min_pair_dist_bin=far,False,23,1,22,0.9565217391304348,2.9400660587733523,collision_tblock_early,20,-10.160416552296713,1.2173913043478262,"{""collision"": 22, ""success"": 1}","{""collision_rod_early"": 1, ""collision_rod_mid"": 1, ""collision_tblock_early"": 20}","{""collision_rod_early"": 1.3709594569803705, ""collision_rod_late"": 0.0, ""collision_rod_mid"": 7.30151441133366, ""collision_tblock_early"": 5.207426737789051, ""collision_tblock_late"": 0.0, ""collision_tblock_mid"": 0.0, ""fall"": 0.0, ""timeout"": 0.0}"
layout_basic,start_region=x_neg__y_neg|path_len_bin=long|num_obstacles_bin=2|max_blockage_bin=medium|medhigh_count_bin=1|pair_side_mode=same_side|min_pair_dist_bin=very_close,False,22,1,21,0.9545454545454546,2.9339915421229943,collision_tblock_early,21,-10.046365650316488,1.1363636363636365,"{""collision"": 21, ""success"": 1}","{""collision_tblock_early"": 21}","{""collision_rod_early"": 0.0, ""collision_rod_late"": 0.0, ""collision_rod_mid"": 0.0, ""collision_tblock_early"": 5.7163343508002535, ""collision_tblock_late"": 0.0, ""collision_tblock_mid"": 0.0, ""fall"": 0.0, ""timeout"": 0.0}"
layout_basic,start_region=x_neg__y_neg|path_len_bin=long|num_obstacles_bin=2|max_blockage_bin=medium|medhigh_count_bin=1|pair_side_mode=same_side|min_pair_dist_bin=close,False,18,1,17,0.9444444444444444,2.9029440125767194,collision_tblock_early,17,-10.069776517872278,1.2222222222222223,"{""collision"": 17, ""success"": 1}","{""collision_tblock_early"": 17}","{""collision_rod_early"": 0.0, ""collision_rod_late"": 0.0, ""collision_rod_mid"": 0.0, ""collision_tblock_early"": 5.655844040209775, ""collision_tblock_late"": 0.0, ""collision_tblock_mid"": 0.0, ""fall"": 0.0, ""timeout"": 0.0}"
layout_basic,start_region=x_pos__y_neg|path_len_bin=long|num_obstacles_bin=2|max_blockage_bin=medium|medhigh_count_bin=1|pair_side_mode=opposite_side|min_pair_dist_bin=far,False,71,4,67,0.9436619718309859,2.900538922259755,collision_tblock_early,65,-10.159467442849264,1.2253521126760563,"{""collision"": 67, ""success"": 4}","{""collision_rod_early"": 2, ""collision_tblock_early"": 65}","{""collision_rod_early"": 0.8882272538182683, ""collision_rod_late"": 0.0, ""collision_rod_mid"": 0.0, ""collision_tblock_early"": 5.482466882390586, ""collision_tblock_late"": 0.0, ""collision_tblock_mid"": 0.0, ""fall"": 0.0, ""timeout"": 0.0}"
layout_basic,start_region=x_pos__y_mid|path_len_bin=long|num_obstacles_bin=2|max_blockage_bin=medium|medhigh_count_bin=1|pair_side_mode=opposite_side|min_pair_dist_bin=medium,False,35,2,33,0.9428571428571428,2.8980651150765904,collision_tblock_early,33,-10.182589723745194,1.2,"{""collision"": 33, ""success"": 2}","{""collision_tblock_early"": 33}","{""collision_rod_early"": 0.0, ""collision_rod_late"": 0.0, ""collision_rod_mid"": 0.0, ""collision_tblock_early"": 5.6463384199741276, ""collision_tblock_late"": 0.0, ""collision_tblock_mid"": 0.0, ""fall"": 0.0, ""timeout"": 0.0}"
layout_basic,start_region=x_mid__y_pos|path_len_bin=long|num_obstacles_bin=2|max_blockage_bin=high|medhigh_count_bin=1|pair_side_mode=center_involved|min_pair_dist_bin=close,False,17,1,16,0.9411764705882353,2.892899223605866,collision_tblock_early,16,-9.967304974339607,1.1764705882352942,"{""collision"": 16, ""success"": 1}","{""collision_tblock_early"": 16}","{""collision_rod_early"": 0.0, ""collision_rod_late"": 0.0, ""collision_rod_mid"": 0.0, ""collision_tblock_early"": 5.636273645606972, ""collision_tblock_late"": 0.0, ""collision_tblock_mid"": 0.0, ""fall"": 0.0, ""timeout"": 0.0}"
layout_basic,start_region=x_pos__y_mid|path_len_bin=long|num_obstacles_bin=2|max_blockage_bin=low|medhigh_count_bin=0|pair_side_mode=opposite_side|min_pair_dist_bin=medium,False,48,3,45,0.9375,2.8815988360136555,collision_tblock_early,44,-10.107576460854782,1.25,"{""collision"": 45, ""success"": 3}","{""collision_rod_early"": 1, ""collision_tblock_early"": 44}","{""collision_rod_early"": 0.6569180731364276, ""collision_rod_late"": 0.0, ""collision_rod_mid"": 0.0, ""collision_tblock_early"": 5.4894956860859585, ""collision_tblock_late"": 0.0, ""collision_tblock_mid"": 0.0, ""fall"": 0.0, ""timeout"": 0.0}"
layout_basic,start_region=x_pos__y_neg|path_len_bin=long|num_obstacles_bin=2|max_blockage_bin=high|medhigh_count_bin=1|pair_side_mode=same_side|min_pair_dist_bin=close,False,48,3,45,0.9375,2.8815988360136555,collision_tblock_early,45,-9.972289473727267,1.1875,"{""collision"": 45, ""success"": 3}","{""collision_tblock_early"": 45}","{""collision_rod_early"": 0.0, ""collision_rod_late"": 0.0, ""collision_rod_mid"": 0.0, ""collision_tblock_early"": 5.614256951678821, ""collision_tblock_late"": 0.0, ""collision_tblock_mid"": 0.0, ""fall"": 0.0, ""timeout"": 0.0}"
layout_basic,start_region=x_neg__y_pos|path_len_bin=long|num_obstacles_bin=2|max_blockage_bin=medium|medhigh_count_bin=1|pair_side_mode=same_side|min_pair_dist_bin=far,False,16,1,15,0.9375,2.881598836013655,collision_tblock_early,14,-10.702090317004291,1.6875,"{""collision"": 14, ""success"": 1, ""timeout"": 1}","{""collision_tblock_early"": 14, ""timeout"": 1}","{""collision_rod_early"": 0.0, ""collision_rod_late"": 0.0, ""collision_rod_mid"": 0.0, ""collision_tblock_early"": 5.239973154900232, ""collision_tblock_late"": 0.0, ""collision_tblock_mid"": 0.0, ""fall"": 0.0, ""timeout"": 0.5600344724220624}"
layout_basic,start_region=x_pos__y_mid|path_len_bin=long|num_obstacles_bin=2|max_blockage_bin=high|medhigh_count_bin=1|pair_side_mode=center_involved|min_pair_dist_bin=close,False,16,1,15,0.9375,2.881598836013655,collision_tblock_early,15,-9.820970248584697,1.125,"{""collision"": 15, ""success"": 1}","{""collision_tblock_early"": 15}","{""collision_rod_early"": 0.0, ""collision_rod_late"": 0.0, ""collision_rod_mid"": 0.0, ""collision_tblock_early"": 5.61425695167882, ""collision_tblock_late"": 0.0, ""collision_tblock_mid"": 0.0, ""fall"": 0.0, ""timeout"": 0.0}"
layout_basic,start_region=x_mid__y_pos|path_len_bin=long|num_obstacles_bin=2|max_blockage_bin=low|medhigh_count_bin=0|pair_side_mode=opposite_side|min_pair_dist_bin=medium,False,42,3,39,0.9285714285714286,2.8541550375754303,collision_tblock_early,34,-10.25971895131771,1.3095238095238095,"{""collision"": 39, ""success"": 3}","{""collision_rod_early"": 5, ""collision_tblock_early"": 34}","{""collision_rod_early"": 3.753817560779586, ""collision_rod_late"": 0.0, ""collision_rod_mid"": 0.0, ""collision_tblock_early"": 4.847866320179808, ""collision_tblock_late"": 0.0, ""collision_tblock_mid"": 0.0, ""fall"": 0.0, ""timeout"": 0.0}"
layout_basic,start_region=x_pos__y_pos|path_len_bin=long|num_obstacles_bin=2|max_blockage_bin=high|medhigh_count_bin=2|pair_side_mode=same_side|min_pair_dist_bin=very_close,False,14,1,13,0.9285714285714286,2.8541550375754303,collision_tblock_early,13,-9.81256673644276,1.1428571428571428,"{""collision"": 13, ""success"": 1}","{""collision_tblock_early"": 13}","{""collision_rod_early"": 0.0, ""collision_rod_late"": 0.0, ""collision_rod_mid"": 0.0, ""collision_tblock_early"": 5.560787837853308, ""collision_tblock_late"": 0.0, ""collision_tblock_mid"": 0.0, ""fall"": 0.0, ""timeout"": 0.0}"
layout_basic,start_region=x_neg__y_neg|path_len_bin=long|num_obstacles_bin=2|max_blockage_bin=medium|medhigh_count_bin=1|pair_side_mode=opposite_side|min_pair_dist_bin=far,False,26,2,24,0.9230769230769231,2.8372665462288293,collision_tblock_early,24,-9.855444203350476,1.2692307692307692,"{""collision"": 24, ""success"": 2}","{""collision_tblock_early"": 24}","{""collision_rod_early"": 0.0, ""collision_rod_late"": 0.0, ""collision_rod_mid"": 0.0, ""collision_tblock_early"": 5.527883767806839, ""collision_tblock_late"": 0.0, ""collision_tblock_mid"": 0.0, ""fall"": 0.0, ""timeout"": 0.0}"
layout_basic,start_region=x_neg__y_pos|path_len_bin=long|num_obstacles_bin=2|max_blockage_bin=medium|medhigh_count_bin=1|pair_side_mode=opposite_side|min_pair_dist_bin=far,False,85,8,77,0.9058823529411765,2.7844155027206456,collision_tblock_early,77,-9.8970255865496,1.3529411764705883,"{""collision"": 77, ""success"": 8}","{""collision_tblock_early"": 77}","{""collision_rod_early"": 0.0, ""collision_rod_late"": 0.0, ""collision_rod_mid"": 0.0, ""collision_tblock_early"": 5.424913383896711, ""collision_tblock_late"": 0.0, ""collision_tblock_mid"": 0.0, ""fall"": 0.0, ""timeout"": 0.0}"
layout_basic,start_region=x_pos__y_mid|path_len_bin=long|num_obstacles_bin=2|max_blockage_bin=high|medhigh_count_bin=1|pair_side_mode=same_side|min_pair_dist_bin=very_close,False,10,1,9,0.9,2.766334882573109,collision_tblock_early,9,-10.184547534312824,1.4,"{""collision"": 9, ""success"": 1}","{""collision_tblock_early"": 9}","{""collision_rod_early"": 0.0, ""collision_rod_late"": 0.0, ""collision_rod_mid"": 0.0, ""collision_tblock_early"": 5.389686673611667, ""collision_tblock_late"": 0.0, ""collision_tblock_mid"": 0.0, ""fall"": 0.0, ""timeout"": 0.0}"
layout_basic,start_region=x_pos__y_neg|path_len_bin=long|num_obstacles_bin=2|max_blockage_bin=high|medhigh_count_bin=1|pair_side_mode=same_side|min_pair_dist_bin=very_close,False,48,5,43,0.8958333333333334,2.753527776635271,collision_tblock_early,43,-9.635480938813627,1.2916666666666667,"{""collision"": 43, ""success"": 5}","{""collision_tblock_early"": 43}","{""collision_rod_early"": 0.0, ""collision_rod_late"": 0.0, ""collision_rod_mid"": 0.0, ""collision_tblock_early"": 5.364734420493096, ""collision_tblock_late"": 0.0, ""collision_tblock_mid"": 0.0, ""fall"": 0.0, ""timeout"": 0.0}"
layout_basic,start_region=x_pos__y_neg|path_len_bin=long|num_obstacles_bin=2|max_blockage_bin=medium|medhigh_count_bin=1|pair_side_mode=same_side|min_pair_dist_bin=far,False,17,2,15,0.8823529411764706,2.712093022130499,collision_tblock_early,15,-9.882855662990865,1.6470588235294117,"{""collision"": 15, ""success"": 2}","{""collision_tblock_early"": 15}","{""collision_rod_early"": 0.0, ""collision_rod_late"": 0.0, ""collision_rod_mid"": 0.0, ""collision_tblock_early"": 5.284006542756537, ""collision_tblock_late"": 0.0, ""collision_tblock_mid"": 0.0, ""fall"": 0.0, ""timeout"": 0.0}"
layout_basic,start_region=x_pos__y_pos|path_len_bin=long|num_obstacles_bin=2|max_blockage_bin=high|medhigh_count_bin=1|pair_side_mode=center_involved|min_pair_dist_bin=very_close,False,32,4,28,0.875,2.6894922469460782,collision_tblock_early,28,-9.668172602487385,1.28125,"{""collision"": 28, ""success"": 4}","{""collision_tblock_early"": 28}","{""collision_rod_early"": 0.0, ""collision_rod_late"": 0.0, ""collision_rod_mid"": 0.0, ""collision_tblock_early"": 5.239973154900232, ""collision_tblock_late"": 0.0, ""collision_tblock_mid"": 0.0, ""fall"": 0.0, ""timeout"": 0.0}"
layout_basic,start_region=x_pos__y_pos|path_len_bin=long|num_obstacles_bin=2|max_blockage_bin=medium|medhigh_count_bin=1|pair_side_mode=same_side|min_pair_dist_bin=medium,False,16,2,14,0.875,2.6894922469460782,collision_tblock_early,13,-11.62447883941469,2.25,"{""collision"": 13, ""success"": 2, ""timeout"": 1}","{""collision_tblock_early"": 13, ""timeout"": 1}","{""collision_rod_early"": 0.0, ""collision_rod_late"": 0.0, ""collision_rod_mid"": 0.0, ""collision_tblock_early"": 4.865689358121645, ""collision_tblock_late"": 0.0, ""collision_tblock_mid"": 0.0, ""fall"": 0.0, ""timeout"": 0.5600344724220624}"
layout_basic,start_region=x_pos__y_pos|path_len_bin=long|num_obstacles_bin=2|max_blockage_bin=high|medhigh_count_bin=1|pair_side_mode=same_side|min_pair_dist_bin=very_close,False,72,9,63,0.875,2.689492246946078,collision_tblock_early,62,-9.620321128608568,1.4305555555555556,"{""collision"": 62, ""success"": 9, ""timeout"": 1}","{""collision_tblock_early"": 62, ""timeout"": 1}","{""collision_rod_early"": 0.0, ""collision_rod_late"": 0.0, ""collision_rod_mid"": 0.0, ""collision_tblock_early"": 5.156798977838323, ""collision_tblock_late"": 0.0, ""collision_tblock_mid"": 0.0, ""fall"": 0.0, ""timeout"": 0.12445210498268051}"
layout_basic,start_region=x_pos__y_neg|path_len_bin=long|num_obstacles_bin=2|max_blockage_bin=medium|medhigh_count_bin=1|pair_side_mode=same_side|min_pair_dist_bin=medium,False,16,3,13,0.8125,2.4973856578785014,collision_tblock_early,13,-9.082780328882032,1.3125,"{""collision"": 13, ""success"": 3}","{""collision_tblock_early"": 13}","{""collision_rod_early"": 0.0, ""collision_rod_late"": 0.0, ""collision_rod_mid"": 0.0, ""collision_tblock_early"": 4.865689358121645, ""collision_tblock_late"": 0.0, ""collision_tblock_mid"": 0.0, ""fall"": 0.0, ""timeout"": 0.0}"
layout_basic,start_region=x_pos__y_pos|path_len_bin=long|num_obstacles_bin=2|max_blockage_bin=high|medhigh_count_bin=1|pair_side_mode=same_side|min_pair_dist_bin=medium,False,16,3,13,0.8125,2.4973856578785014,collision_tblock_early,13,-9.18012497647321,1.5,"{""collision"": 13, ""success"": 3}","{""collision_tblock_early"": 13}","{""collision_rod_early"": 0.0, ""collision_rod_late"": 0.0, ""collision_rod_mid"": 0.0, ""collision_tblock_early"": 4.865689358121645, ""collision_tblock_late"": 0.0, ""collision_tblock_mid"": 0.0, ""fall"": 0.0, ""timeout"": 0.0}"
layout_basic,start_region=x_neg__y_neg|path_len_bin=long|num_obstacles_bin=2|max_blockage_bin=low|medhigh_count_bin=0|pair_side_mode=opposite_side|min_pair_dist_bin=medium,False,69,13,56,0.8115942028985508,2.4946015044137537,collision_tblock_early,47,-9.35492851949464,1.9710144927536233,"{""collision"": 53, ""success"": 13, ""timeout"": 3}","{""collision_rod_early"": 6, ""collision_tblock_early"": 47, ""timeout"": 3}","{""collision_rod_early"": 2.741918913960741, ""collision_rod_late"": 0.0, ""collision_rod_mid"": 0.0, ""collision_tblock_early"": 4.079150944601423, ""collision_tblock_late"": 0.0, ""collision_tblock_mid"": 0.0, ""fall"": 0.0, ""timeout"": 0.38958919820665205}"
layout_basic,start_region=x_pos__y_pos|path_len_bin=long|num_obstacles_bin=2|max_blockage_bin=medium|medhigh_count_bin=1|pair_side_mode=same_side|min_pair_dist_bin=far,False,15,3,12,0.8,2.4589643400649854,collision_tblock_early,12,-8.905772068226671,1.4,"{""collision"": 12, ""success"": 3}","{""collision_tblock_early"": 12}","{""collision_rod_early"": 0.0, ""collision_rod_late"": 0.0, ""collision_rod_mid"": 0.0, ""collision_tblock_early"": 4.790832598765927, ""collision_tblock_late"": 0.0, ""collision_tblock_mid"": 0.0, ""fall"": 0.0, ""timeout"": 0.0}"
layout_basic,start_region=x_pos__y_mid|path_len_bin=long|num_obstacles_bin=2|max_blockage_bin=high|medhigh_count_bin=1|pair_side_mode=same_side|min_pair_dist_bin=close,False,19,4,15,0.7894736842105263,2.426609546116762,collision_tblock_early,15,-9.010834876195988,1.5789473684210527,"{""collision"": 15, ""success"": 4}","{""collision_tblock_early"": 15}","{""collision_rod_early"": 0.0, ""collision_rod_late"": 0.0, ""collision_rod_mid"": 0.0, ""collision_tblock_early"": 4.727795327729534, ""collision_tblock_late"": 0.0, ""collision_tblock_mid"": 0.0, ""fall"": 0.0, ""timeout"": 0.0}"
layout_basic,start_region=x_neg__y_pos|path_len_bin=long|num_obstacles_bin=2|max_blockage_bin=medium|medhigh_count_bin=1|pair_side_mode=same_side|min_pair_dist_bin=very_close,False,94,20,74,0.7872340425531915,2.4197255474043744,collision_tblock_early,73,-8.837887499807936,1.6063829787234043,"{""collision"": 73, ""success"": 20, ""timeout"": 1}","{""collision_tblock_early"": 73, ""timeout"": 1}","{""collision_rod_early"": 0.0, ""collision_rod_late"": 0.0, ""collision_rod_mid"": 0.0, ""collision_tblock_early"": 4.650675262099902, ""collision_tblock_late"": 0.0, ""collision_tblock_mid"": 0.0, ""fall"": 0.0, ""timeout"": 0.0953250165824787}"
layout_basic,start_region=x_mid__y_pos|path_len_bin=long|num_obstacles_bin=2|max_blockage_bin=high|medhigh_count_bin=1|pair_side_mode=same_side|min_pair_dist_bin=very_close,False,16,4,12,0.75,2.305279068810924,collision_tblock_early,12,-8.930359974212378,1.8125,"{""collision"": 12, ""success"": 4}","{""collision_tblock_early"": 12}","{""collision_rod_early"": 0.0, ""collision_rod_late"": 0.0, ""collision_rod_mid"": 0.0, ""collision_tblock_early"": 4.491405561343057, ""collision_tblock_late"": 0.0, ""collision_tblock_mid"": 0.0, ""fall"": 0.0, ""timeout"": 0.0}"
layout_basic,start_region=x_neg__y_pos|path_len_bin=long|num_obstacles_bin=2|max_blockage_bin=low|medhigh_count_bin=0|pair_side_mode=center_involved|min_pair_dist_bin=medium,False,4,1,3,0.75,2.305279068810924,timeout,3,-8.509039837829173,7.75,"{""success"": 1, ""timeout"": 3}","{""timeout"": 3}","{""collision_rod_early"": 0.0, ""collision_rod_late"": 0.0, ""collision_rod_mid"": 0.0, ""collision_tblock_early"": 0.0, ""collision_tblock_late"": 0.0, ""collision_tblock_mid"": 0.0, ""fall"": 0.0, ""timeout"": 6.720413669064748}"
layout_basic,start_region=x_mid__y_pos|path_len_bin=long|num_obstacles_bin=2|max_blockage_bin=medium|medhigh_count_bin=1|pair_side_mode=same_side|min_pair_dist_bin=far,False,4,1,3,0.75,2.305279068810924,collision_tblock_early,3,-8.720676722094003,1.75,"{""collision"": 3, ""success"": 1}","{""collision_tblock_early"": 3}","{""collision_rod_early"": 0.0, ""collision_rod_late"": 0.0, ""collision_rod_mid"": 0.0, ""collision_tblock_early"": 4.491405561343057, ""collision_tblock_late"": 0.0, ""collision_tblock_mid"": 0.0, ""fall"": 0.0, ""timeout"": 0.0}"
layout_basic,start_region=x_mid__y_neg|path_len_bin=long|num_obstacles_bin=2|max_blockage_bin=medium|medhigh_count_bin=1|pair_side_mode=same_side|min_pair_dist_bin=close,False,4,1,3,0.75,2.305279068810924,collision_tblock_early,3,-10.312268168084776,2.25,"{""collision"": 3, ""success"": 1}","{""collision_tblock_early"": 3}","{""collision_rod_early"": 0.0, ""collision_rod_late"": 0.0, ""collision_rod_mid"": 0.0, ""collision_tblock_early"": 4.491405561343057, ""collision_tblock_late"": 0.0, ""collision_tblock_mid"": 0.0, ""fall"": 0.0, ""timeout"": 0.0}"
layout_basic,start_region=x_mid__y_neg|path_len_bin=long|num_obstacles_bin=2|max_blockage_bin=high|medhigh_count_bin=1|pair_side_mode=same_side|min_pair_dist_bin=very_close,False,4,1,3,0.75,2.305279068810924,collision_tblock_early,3,-8.822774039360958,1.5,"{""collision"": 3, ""success"": 1}","{""collision_tblock_early"": 3}","{""collision_rod_early"": 0.0, ""collision_rod_late"": 0.0, ""collision_rod_mid"": 0.0, ""collision_tblock_early"": 4.491405561343057, ""collision_tblock_late"": 0.0, ""collision_tblock_mid"": 0.0, ""fall"": 0.0, ""timeout"": 0.0}"
layout_basic,start_region=x_pos__y_neg|path_len_bin=long|num_obstacles_bin=2|max_blockage_bin=low|medhigh_count_bin=0|pair_side_mode=center_involved|min_pair_dist_bin=medium,False,3,1,2,0.6666666666666666,2.049136950054155,timeout,2,-17.629401981851696,6.666666666666667,"{""success"": 1, ""timeout"": 2}","{""timeout"": 2}","{""collision_rod_early"": 0.0, ""collision_rod_late"": 0.0, ""collision_rod_mid"": 0.0, ""collision_tblock_early"": 0.0, ""collision_tblock_late"": 0.0, ""collision_tblock_mid"": 0.0, ""fall"": 0.0, ""timeout"": 5.973701039168666}"
layout_basic,start_region=x_mid__y_pos|path_len_bin=long|num_obstacles_bin=2|max_blockage_bin=low|medhigh_count_bin=0|pair_side_mode=center_involved|min_pair_dist_bin=medium,False,3,1,2,0.6666666666666666,2.049136950054155,timeout,2,-17.334790766748245,7.666666666666667,"{""success"": 1, ""timeout"": 2}","{""timeout"": 2}","{""collision_rod_early"": 0.0, ""collision_rod_late"": 0.0, ""collision_rod_mid"": 0.0, ""collision_tblock_early"": 0.0, ""collision_tblock_late"": 0.0, ""collision_tblock_mid"": 0.0, ""fall"": 0.0, ""timeout"": 5.973701039168666}"
layout_basic,start_region=x_neg__y_pos|path_len_bin=long|num_obstacles_bin=2|max_blockage_bin=medium|medhigh_count_bin=1|pair_side_mode=center_involved|min_pair_dist_bin=far,False,3,1,2,0.6666666666666666,2.049136950054155,collision_rod_early,1,-9.394861824889475,2.3333333333333335,"{""collision"": 2, ""success"": 1}","{""collision_rod_early"": 1, ""collision_tblock_early"": 1}","{""collision_rod_early"": 10.510689170182841, ""collision_rod_late"": 0.0, ""collision_rod_mid"": 0.0, ""collision_tblock_early"": 1.996180249485803, ""collision_tblock_late"": 0.0, ""collision_tblock_mid"": 0.0, ""fall"": 0.0, ""timeout"": 0.0}"
layout_basic,start_region=x_neg__y_pos|path_len_bin=long|num_obstacles_bin=2|max_blockage_bin=medium|medhigh_count_bin=2|pair_side_mode=same_side|min_pair_dist_bin=very_close,False,3,1,2,0.6666666666666666,2.049136950054155,collision_tblock_early,2,-8.47041592266059,2.0,"{""collision"": 2, ""success"": 1}","{""collision_tblock_early"": 2}","{""collision_rod_early"": 0.0, ""collision_rod_late"": 0.0, ""collision_rod_mid"": 0.0, ""collision_tblock_early"": 3.992360498971606, ""collision_tblock_late"": 0.0, ""collision_tblock_mid"": 0.0, ""fall"": 0.0, ""timeout"": 0.0}"
layout_basic,start_region=x_mid__y_neg|path_len_bin=long|num_obstacles_bin=2|max_blockage_bin=high|medhigh_count_bin=1|pair_side_mode=same_side|min_pair_dist_bin=medium,False,3,1,2,0.6666666666666666,2.049136950054155,collision_tblock_early,2,-9.806812264435736,2.3333333333333335,"{""collision"": 2, ""success"": 1}","{""collision_tblock_early"": 2}","{""collision_rod_early"": 0.0, ""collision_rod_late"": 0.0, ""collision_rod_mid"": 0.0, ""collision_tblock_early"": 3.992360498971606, ""collision_tblock_late"": 0.0, ""collision_tblock_mid"": 0.0, ""fall"": 0.0, ""timeout"": 0.0}"
layout_basic,start_region=x_pos__y_mid|path_len_bin=long|num_obstacles_bin=2|max_blockage_bin=high|medhigh_count_bin=1|pair_side_mode=center_involved|min_pair_dist_bin=very_close,False,3,1,2,0.6666666666666666,2.049136950054155,collision_tblock_early,2,-7.619907052245714,1.3333333333333333,"{""collision"": 2, ""success"": 1}","{""collision_tblock_early"": 2}","{""collision_rod_early"": 0.0, ""collision_rod_late"": 0.0, ""collision_rod_mid"": 0.0, ""collision_tblock_early"": 3.992360498971606, ""collision_tblock_late"": 0.0, ""collision_tblock_mid"": 0.0, ""fall"": 0.0, ""timeout"": 0.0}"
layout_basic,start_region=x_pos__y_mid|path_len_bin=long|num_obstacles_bin=2|max_blockage_bin=medium|medhigh_count_bin=1|pair_side_mode=same_side|min_pair_dist_bin=close,False,33,11,22,0.6666666666666666,2.0491369500541547,collision_tblock_early,21,-8.406314388043631,1.9090909090909092,"{""collision"": 22, ""success"": 11}","{""collision_rod_early"": 1, ""collision_tblock_early"": 21}","{""collision_rod_early"": 0.9555171972893491, ""collision_rod_late"": 0.0, ""collision_rod_mid"": 0.0, ""collision_tblock_early"": 3.8108895672001686, ""collision_tblock_late"": 0.0, ""collision_tblock_mid"": 0.0, ""fall"": 0.0, ""timeout"": 0.0}"
layout_basic,start_region=x_mid__y_neg|path_len_bin=long|num_obstacles_bin=2|max_blockage_bin=medium|medhigh_count_bin=1|pair_side_mode=same_side|min_pair_dist_bin=very_close,False,8,3,5,0.625,1.9210658906757703,collision_tblock_early,4,-7.9482864265165265,2.125,"{""collision"": 4, ""fall"": 1, ""success"": 3}","{""collision_tblock_early"": 4, ""fall"": 1}","{""collision_rod_early"": 0.0, ""collision_rod_late"": 0.0, ""collision_rod_mid"": 0.0, ""collision_tblock_early"": 2.9942703742287042, ""collision_tblock_late"": 0.0, ""collision_tblock_mid"": 0.0, ""fall"": 27.719213649851632, ""timeout"": 0.0}"
layout_basic,start_region=x_pos__y_mid|path_len_bin=long|num_obstacles_bin=2|max_blockage_bin=medium|medhigh_count_bin=1|pair_side_mode=same_side|min_pair_dist_bin=very_close,False,39,15,24,0.6153846153846154,1.8915110308192198,collision_tblock_early,24,-8.017827844658344,2.128205128205128,"{""collision"": 24, ""success"": 15}","{""collision_tblock_early"": 24}","{""collision_rod_early"": 0.0, ""collision_rod_late"": 0.0, ""collision_rod_mid"": 0.0, ""collision_tblock_early"": 3.6852558452045594, ""collision_tblock_late"": 0.0, ""collision_tblock_mid"": 0.0, ""fall"": 0.0, ""timeout"": 0.0}"
layout_basic,start_region=x_mid__y_neg|path_len_bin=long|num_obstacles_bin=2|max_blockage_bin=low|medhigh_count_bin=0|pair_side_mode=opposite_side|min_pair_dist_bin=medium,False,5,2,3,0.6,1.844223255048739,collision_tblock_early,2,-8.372336863948252,4.2,"{""collision"": 2, ""success"": 2, ""timeout"": 1}","{""collision_tblock_early"": 2, ""timeout"": 1}","{""collision_rod_early"": 0.0, ""collision_rod_late"": 0.0, ""collision_rod_mid"": 0.0, ""collision_tblock_early"": 2.3954162993829633, ""collision_tblock_late"": 0.0, ""collision_tblock_mid"": 0.0, ""fall"": 0.0, ""timeout"": 1.7921103117505994}"
layout_basic,start_region=x_neg__y_mid|path_len_bin=long|num_obstacles_bin=2|max_blockage_bin=high|medhigh_count_bin=1|pair_side_mode=same_side|min_pair_dist_bin=very_close,False,5,2,3,0.6,1.844223255048739,collision_tblock_early,3,-7.584849048794199,1.8,"{""collision"": 3, ""success"": 2}","{""collision_tblock_early"": 3}","{""collision_rod_early"": 0.0, ""collision_rod_late"": 0.0, ""collision_rod_mid"": 0.0, ""collision_tblock_early"": 3.593124449074445, ""collision_tblock_late"": 0.0, ""collision_tblock_mid"": 0.0, ""fall"": 0.0, ""timeout"": 0.0}"
layout_basic,start_region=x_mid__y_pos|path_len_bin=long|num_obstacles_bin=2|max_blockage_bin=medium|medhigh_count_bin=1|pair_side_mode=same_side|min_pair_dist_bin=close,False,44,19,25,0.5681818181818182,1.7464235369779728,collision_tblock_early,25,-8.351957838139567,2.3863636363636362,"{""collision"": 25, ""success"": 19}","{""collision_tblock_early"": 25}","{""collision_rod_early"": 0.0, ""collision_rod_late"": 0.0, ""collision_rod_mid"": 0.0, ""collision_tblock_early"": 3.402579970714437, ""collision_tblock_late"": 0.0, ""collision_tblock_mid"": 0.0, ""fall"": 0.0, ""timeout"": 0.0}"
layout_basic,start_region=x_mid__y_pos|path_len_bin=long|num_obstacles_bin=2|max_blockage_bin=high|medhigh_count_bin=1|pair_side_mode=same_side|min_pair_dist_bin=close,False,11,5,6,0.5454545454545454,1.6765665954988538,collision_tblock_early,6,-7.756681908196773,2.3636363636363638,"{""collision"": 6, ""success"": 5}","{""collision_tblock_early"": 6}","{""collision_rod_early"": 0.0, ""collision_rod_late"": 0.0, ""collision_rod_mid"": 0.0, ""collision_tblock_early"": 3.266476771885859, ""collision_tblock_late"": 0.0, ""collision_tblock_mid"": 0.0, ""fall"": 0.0, ""timeout"": 0.0}"
layout_basic,start_region=x_mid__y_pos|path_len_bin=long|num_obstacles_bin=2|max_blockage_bin=low|medhigh_count_bin=0|pair_side_mode=center_involved|min_pair_dist_bin=far,False,58,27,31,0.5344827586206896,1.6428425547847965,timeout,17,-9.078697162084488,4.896551724137931,"{""collision"": 13, ""fall"": 1, ""success"": 27, ""timeout"": 17}","{""collision_rod_early"": 4, ""collision_rod_mid"": 1, ""collision_tblock_early"": 7, ""collision_tblock_mid"": 1, ""fall"": 1, ""timeout"": 17}","{""collision_rod_early"": 2.1746253455550706, ""collision_rod_late"": 0.0, ""collision_rod_mid"": 2.895428128632313, ""collision_tblock_early"": 0.7227549179172734, ""collision_tblock_late"": 0.0, ""collision_tblock_mid"": 6.164906781059231, ""fall"": 3.823339813772639, ""timeout"": 2.6263685603241544}"
layout_basic,start_region=x_pos__y_mid|path_len_bin=long|num_obstacles_bin=2|max_blockage_bin=low|medhigh_count_bin=0|pair_side_mode=center_involved|min_pair_dist_bin=far,False,56,28,28,0.5,1.5368527125406162,timeout,18,-9.884549795907555,5.375,"{""collision"": 9, ""fall"": 1, ""success"": 28, ""timeout"": 18}","{""collision_rod_early"": 2, ""collision_tblock_early"": 6, ""collision_tblock_mid"": 1, ""fall"": 1, ""timeout"": 18}","{""collision_rod_early"": 1.126145268233876, ""collision_rod_late"": 0.0, ""collision_rod_mid"": 0.0, ""collision_tblock_early"": 0.6416293659061509, ""collision_tblock_late"": 0.0, ""collision_tblock_mid"": 6.385082023239918, ""fall"": 3.959887664264519, ""timeout"": 2.8801772867420348}"
layout_basic,start_region=x_neg__y_neg|path_len_bin=medium|num_obstacles_bin=2|max_blockage_bin=low|medhigh_count_bin=0|pair_side_mode=center_involved|min_pair_dist_bin=far,False,16,8,8,0.5,1.5368527125406162,timeout,4,-8.38018289074379,4.8125,"{""collision"": 4, ""success"": 8, ""timeout"": 4}","{""collision_rod_early"": 4, ""timeout"": 4}","{""collision_rod_early"": 7.8830168776371305, ""collision_rod_late"": 0.0, ""collision_rod_mid"": 0.0, ""collision_tblock_early"": 0.0, ""collision_tblock_late"": 0.0, ""collision_tblock_mid"": 0.0, ""fall"": 0.0, ""timeout"": 2.2401378896882496}"
layout_basic,start_region=x_mid__y_pos|path_len_bin=medium|num_obstacles_bin=2|max_blockage_bin=low|medhigh_count_bin=0|pair_side_mode=center_involved|min_pair_dist_bin=medium,False,6,3,3,0.5,1.5368527125406162,timeout,3,-11.984419543321094,6.5,"{""success"": 3, ""timeout"": 3}","{""timeout"": 3}","{""collision_rod_early"": 0.0, ""collision_rod_late"": 0.0, ""collision_rod_mid"": 0.0, ""collision_tblock_early"": 0.0, ""collision_tblock_late"": 0.0, ""collision_tblock_mid"": 0.0, ""fall"": 0.0, ""timeout"": 4.480275779376499}"
layout_basic,start_region=x_neg__y_mid|path_len_bin=medium|num_obstacles_bin=2|max_blockage_bin=low|medhigh_count_bin=0|pair_side_mode=center_involved|min_pair_dist_bin=close,False,4,2,2,0.5,1.5368527125406162,collision_tblock_early,1,-8.375183395347783,4.75,"{""collision"": 1, ""success"": 2, ""timeout"": 1}","{""collision_tblock_early"": 1, ""timeout"": 1}","{""collision_rod_early"": 0.0, ""collision_rod_late"": 0.0, ""collision_rod_mid"": 0.0, ""collision_tblock_early"": 1.4971351871143521, ""collision_tblock_late"": 0.0, ""collision_tblock_mid"": 0.0, ""fall"": 0.0, ""timeout"": 2.2401378896882496}"
layout_basic,start_region=x_neg__y_neg|path_len_bin=long|num_obstacles_bin=2|max_blockage_bin=low|medhigh_count_bin=0|pair_side_mode=center_involved|min_pair_dist_bin=close,False,4,2,2,0.5,1.5368527125406162,timeout,2,-10.976713756118276,7.25,"{""success"": 2, ""timeout"": 2}","{""timeout"": 2}","{""collision_rod_early"": 0.0, ""collision_rod_late"": 0.0, ""collision_rod_mid"": 0.0, ""collision_tblock_early"": 0.0, ""collision_tblock_late"": 0.0, ""collision_tblock_mid"": 0.0, ""fall"": 0.0, ""timeout"": 4.480275779376499}"
layout_basic,start_region=x_neg__y_mid|path_len_bin=long|num_obstacles_bin=2|max_blockage_bin=low|medhigh_count_bin=0|pair_side_mode=center_involved|min_pair_dist_bin=close,False,4,2,2,0.5,1.5368527125406162,timeout,2,-6.577981903697134,6.25,"{""success"": 2, ""timeout"": 2}","{""timeout"": 2}","{""collision_rod_early"": 0.0, ""collision_rod_late"": 0.0, ""collision_rod_mid"": 0.0, ""collision_tblock_early"": 0.0, ""collision_tblock_late"": 0.0, ""collision_tblock_mid"": 0.0, ""fall"": 0.0, ""timeout"": 4.480275779376499}"
layout_basic,start_region=x_pos__y_mid|path_len_bin=long|num_obstacles_bin=2|max_blockage_bin=low|medhigh_count_bin=0|pair_side_mode=center_involved|min_pair_dist_bin=medium,False,4,2,2,0.5,1.5368527125406162,timeout,2,-9.395223019410114,7.25,"{""success"": 2, ""timeout"": 2}","{""timeout"": 2}","{""collision_rod_early"": 0.0, ""collision_rod_late"": 0.0, ""collision_rod_mid"": 0.0, ""collision_tblock_early"": 0.0, ""collision_tblock_late"": 0.0, ""collision_tblock_mid"": 0.0, ""fall"": 0.0, ""timeout"": 4.480275779376499}"
layout_basic,start_region=x_mid__y_neg|path_len_bin=long|num_obstacles_bin=2|max_blockage_bin=low|medhigh_count_bin=0|pair_side_mode=center_involved|min_pair_dist_bin=very_close,False,2,1,1,0.5,1.5368527125406162,fall,1,-26.929928084716636,6.0,"{""fall"": 1, ""success"": 1}","{""fall"": 1}","{""collision_rod_early"": 0.0, ""collision_rod_late"": 0.0, ""collision_rod_mid"": 0.0, ""collision_tblock_early"": 0.0, ""collision_tblock_late"": 0.0, ""collision_tblock_mid"": 0.0, ""fall"": 110.87685459940653, ""timeout"": 0.0}"
layout_basic,start_region=x_mid__y_neg|path_len_bin=long|num_obstacles_bin=2|max_blockage_bin=low|medhigh_count_bin=0|pair_side_mode=center_involved|min_pair_dist_bin=close,False,2,1,1,0.5,1.5368527125406162,timeout,1,-7.237324631372951,6.5,"{""success"": 1, ""timeout"": 1}","{""timeout"": 1}","{""collision_rod_early"": 0.0, ""collision_rod_late"": 0.0, ""collision_rod_mid"": 0.0, ""collision_tblock_early"": 0.0, ""collision_tblock_late"": 0.0, ""collision_tblock_mid"": 0.0, ""fall"": 0.0, ""timeout"": 4.480275779376499}"
layout_basic,start_region=x_pos__y_neg|path_len_bin=long|num_obstacles_bin=2|max_blockage_bin=low|medhigh_count_bin=0|pair_side_mode=opposite_side|min_pair_dist_bin=close,False,2,1,1,0.5,1.5368527125406162,timeout,1,-8.902081588903574,6.5,"{""success"": 1, ""timeout"": 1}","{""timeout"": 1}","{""collision_rod_early"": 0.0, ""collision_rod_late"": 0.0, ""collision_rod_mid"": 0.0, ""collision_tblock_early"": 0.0, ""collision_tblock_late"": 0.0, ""collision_tblock_mid"": 0.0, ""fall"": 0.0, ""timeout"": 4.480275779376499}"
layout_basic,start_region=x_neg__y_pos|path_len_bin=long|num_obstacles_bin=2|max_blockage_bin=low|medhigh_count_bin=0|pair_side_mode=center_involved|min_pair_dist_bin=very_close,False,2,1,1,0.5,1.5368527125406162,timeout,1,-9.062641278006396,6.0,"{""success"": 1, ""timeout"": 1}","{""timeout"": 1}","{""collision_rod_early"": 0.0, ""collision_rod_late"": 0.0, ""collision_rod_mid"": 0.0, ""collision_tblock_early"": 0.0, ""collision_tblock_late"": 0.0, ""collision_tblock_mid"": 0.0, ""fall"": 0.0, ""timeout"": 4.480275779376499}"
layout_basic,start_region=x_pos__y_neg|path_len_bin=medium|num_obstacles_bin=2|max_blockage_bin=low|medhigh_count_bin=0|pair_side_mode=opposite_side|min_pair_dist_bin=medium,False,2,1,1,0.5,1.5368527125406162,timeout,1,-8.493080692433379,6.0,"{""success"": 1, ""timeout"": 1}","{""timeout"": 1}","{""collision_rod_early"": 0.0, ""collision_rod_late"": 0.0, ""collision_rod_mid"": 0.0, ""collision_tblock_early"": 0.0, ""collision_tblock_late"": 0.0, ""collision_tblock_mid"": 0.0, ""fall"": 0.0, ""timeout"": 4.480275779376499}"
layout_basic,start_region=x_pos__y_mid|path_len_bin=long|num_obstacles_bin=2|max_blockage_bin=low|medhigh_count_bin=0|pair_side_mode=center_involved|min_pair_dist_bin=close,False,2,1,1,0.5,1.5368527125406162,timeout,1,-5.4800494894375955,7.0,"{""success"": 1, ""timeout"": 1}","{""timeout"": 1}","{""collision_rod_early"": 0.0, ""collision_rod_late"": 0.0, ""collision_rod_mid"": 0.0, ""collision_tblock_early"": 0.0, ""collision_tblock_late"": 0.0, ""collision_tblock_mid"": 0.0, ""fall"": 0.0, ""timeout"": 4.480275779376499}"
layout_basic,start_region=x_mid__y_neg|path_len_bin=long|num_obstacles_bin=2|max_blockage_bin=medium|medhigh_count_bin=1|pair_side_mode=same_side|min_pair_dist_bin=far,False,2,1,1,0.5,1.5368527125406162,collision_tblock_early,1,-7.429038442046082,2.5,"{""collision"": 1, ""success"": 1}","{""collision_tblock_early"": 1}","{""collision_rod_early"": 0.0, ""collision_rod_late"": 0.0, ""collision_rod_mid"": 0.0, ""collision_tblock_early"": 2.9942703742287042, ""collision_tblock_late"": 0.0, ""collision_tblock_mid"": 0.0, ""fall"": 0.0, ""timeout"": 0.0}"
layout_basic,start_region=x_mid__y_pos|path_len_bin=long|num_obstacles_bin=2|max_blockage_bin=high|medhigh_count_bin=1|pair_side_mode=opposite_side|min_pair_dist_bin=far,False,2,1,1,0.5,1.5368527125406162,collision_tblock_early,1,-6.834005578943438,2.0,"{""collision"": 1, ""success"": 1}","{""collision_tblock_early"": 1}","{""collision_rod_early"": 0.0, ""collision_rod_late"": 0.0, ""collision_rod_mid"": 0.0, ""collision_tblock_early"": 2.9942703742287042, ""collision_tblock_late"": 0.0, ""collision_tblock_mid"": 0.0, ""fall"": 0.0, ""timeout"": 0.0}"
layout_basic,start_region=x_mid__y_neg|path_len_bin=long|num_obstacles_bin=2|max_blockage_bin=medium|medhigh_count_bin=1|pair_side_mode=opposite_side|min_pair_dist_bin=far,False,2,1,1,0.5,1.5368527125406162,collision_tblock_early,1,-7.4250363603363105,2.0,"{""collision"": 1, ""success"": 1}","{""collision_tblock_early"": 1}","{""collision_rod_early"": 0.0, ""collision_rod_late"": 0.0, ""collision_rod_mid"": 0.0, ""collision_tblock_early"": 2.9942703742287042, ""collision_tblock_late"": 0.0, ""collision_tblock_mid"": 0.0, ""fall"": 0.0, ""timeout"": 0.0}"
layout_basic,start_region=x_pos__y_pos|path_len_bin=long|num_obstacles_bin=2|max_blockage_bin=low|medhigh_count_bin=0|pair_side_mode=center_involved|min_pair_dist_bin=far,False,61,31,30,0.4918032786885246,1.5116584057776552,timeout,17,-8.39283216799149,5.081967213114754,"{""collision"": 13, ""success"": 31, ""timeout"": 17}","{""collision_rod_early"": 4, ""collision_rod_late"": 1, ""collision_rod_mid"": 1, ""collision_tblock_early"": 7, ""timeout"": 17}","{""collision_rod_early"": 2.0676765580687557, ""collision_rod_late"": 15.313729508196722, ""collision_rod_mid"": 2.7530300239454784, ""collision_tblock_early"": 0.6872095940852764, ""collision_tblock_late"": 0.0, ""collision_tblock_mid"": 0.0, ""fall"": 0.0, ""timeout"": 2.4972028934229664}"
layout_basic,start_region=x_mid__y_pos|path_len_bin=long|num_obstacles_bin=2|max_blockage_bin=medium|medhigh_count_bin=1|pair_side_mode=same_side|min_pair_dist_bin=very_close,False,39,22,17,0.4358974358974359,1.3398203134969475,collision_tblock_early,17,-7.047046625475066,2.641025641025641,"{""collision"": 17, ""success"": 22}","{""collision_tblock_early"": 17}","{""collision_rod_early"": 0.0, ""collision_rod_late"": 0.0, ""collision_rod_mid"": 0.0, ""collision_tblock_early"": 2.6103895570198965, ""collision_tblock_late"": 0.0, ""collision_tblock_mid"": 0.0, ""fall"": 0.0, ""timeout"": 0.0}"
layout_basic,start_region=x_neg__y_pos|path_len_bin=long|num_obstacles_bin=2|max_blockage_bin=low|medhigh_count_bin=0|pair_side_mode=center_involved|min_pair_dist_bin=close,False,7,4,3,0.42857142857142855,1.3173023250348137,timeout,2,-6.899588544354074,4.857142857142857,"{""collision"": 1, ""success"": 4, ""timeout"": 2}","{""collision_rod_early"": 1, ""timeout"": 2}","{""collision_rod_early"": 4.504581072935504, ""collision_rod_late"": 0.0, ""collision_rod_mid"": 0.0, ""collision_tblock_early"": 0.0, ""collision_tblock_late"": 0.0, ""collision_tblock_mid"": 0.0, ""fall"": 0.0, ""timeout"": 2.560157588215142}"
layout_basic,start_region=x_pos__y_neg|path_len_bin=long|num_obstacles_bin=2|max_blockage_bin=low|medhigh_count_bin=0|pair_side_mode=center_involved|min_pair_dist_bin=far,False,95,55,40,0.42105263157894735,1.29419175792894,timeout,28,-9.91510322469775,5.4526315789473685,"{""collision"": 12, ""success"": 55, ""timeout"": 28}","{""collision_rod_early"": 7, ""collision_rod_mid"": 1, ""collision_tblock_early"": 4, ""timeout"": 28}","{""collision_rod_early"": 2.3234155007772594, ""collision_rod_late"": 0.0, ""collision_rod_mid"": 1.7677350680070965, ""collision_tblock_early"": 0.2521490841455751, ""collision_tblock_late"": 0.0, ""collision_tblock_mid"": 0.0, ""fall"": 0.0, ""timeout"": 2.6410046699482517}"
layout_basic,start_region=x_mid__y_pos|path_len_bin=medium|num_obstacles_bin=2|max_blockage_bin=low|medhigh_count_bin=0|pair_side_mode=opposite_side|min_pair_dist_bin=medium,False,5,3,2,0.4,1.229482170032493,timeout,2,-7.293771020243587,5.8,"{""success"": 3, ""timeout"": 2}","{""timeout"": 2}","{""collision_rod_early"": 0.0, ""collision_rod_late"": 0.0, ""collision_rod_mid"": 0.0, ""collision_tblock_early"": 0.0, ""collision_tblock_late"": 0.0, ""collision_tblock_mid"": 0.0, ""fall"": 0.0, ""timeout"": 3.584220623501199}"
layout_basic,start_region=x_neg__y_mid|path_len_bin=long|num_obstacles_bin=2|max_blockage_bin=low|medhigh_count_bin=0|pair_side_mode=opposite_side|min_pair_dist_bin=medium,False,8,5,3,0.375,1.152639534405462,collision_tblock_early,2,-5.99875440497535,3.5,"{""collision"": 2, ""success"": 5, ""timeout"": 1}","{""collision_tblock_early"": 2, ""timeout"": 1}","{""collision_rod_early"": 0.0, ""collision_rod_late"": 0.0, ""collision_rod_mid"": 0.0, ""collision_tblock_early"": 1.4971351871143521, ""collision_tblock_late"": 0.0, ""collision_tblock_mid"": 0.0, ""fall"": 0.0, ""timeout"": 1.1200689448441248}"
layout_basic,start_region=x_neg__y_neg|path_len_bin=medium|num_obstacles_bin=2|max_blockage_bin=low|medhigh_count_bin=0|pair_side_mode=same_side|min_pair_dist_bin=far,False,59,37,22,0.3728813559322034,1.1461274466404594,timeout,13,-6.218629896427533,4.762711864406779,"{""collision"": 9, ""success"": 37, ""timeout"": 13}","{""collision_rod_early"": 3, ""collision_tblock_early"": 6, ""timeout"": 13}","{""collision_rod_early"": 1.6033254666380605, ""collision_rod_late"": 0.0, ""collision_rod_mid"": 0.0, ""collision_tblock_early"": 0.609004143910923, ""collision_tblock_late"": 0.0, ""collision_tblock_mid"": 0.0, ""fall"": 0.0, ""timeout"": 1.9743588180303215}"
layout_basic,start_region=x_neg__y_pos|path_len_bin=medium|num_obstacles_bin=2|max_blockage_bin=low|medhigh_count_bin=0|pair_side_mode=center_involved|min_pair_dist_bin=far,False,11,7,4,0.36363636363636365,1.1177110636659027,timeout,2,-8.238010237097777,4.545454545454546,"{""collision"": 2, ""success"": 7, ""timeout"": 2}","{""collision_rod_early"": 1, ""collision_tblock_early"": 1, ""timeout"": 2}","{""collision_rod_early"": 2.8665515918680478, ""collision_rod_late"": 0.0, ""collision_rod_mid"": 0.0, ""collision_tblock_early"": 0.5444127953143099, ""collision_tblock_late"": 0.0, ""collision_tblock_mid"": 0.0, ""fall"": 0.0, ""timeout"": 1.6291911925005451}"
layout_basic,start_region=x_mid__y_neg|path_len_bin=medium|num_obstacles_bin=2|max_blockage_bin=low|medhigh_count_bin=0|pair_side_mode=center_involved|min_pair_dist_bin=medium,False,6,4,2,0.3333333333333333,1.0245684750270776,collision_tblock_mid,1,-7.295154253707683,3.8333333333333335,"{""collision"": 2, ""success"": 4}","{""collision_rod_early"": 1, ""collision_tblock_mid"": 1}","{""collision_rod_early"": 5.255344585091421, ""collision_rod_late"": 0.0, ""collision_rod_mid"": 0.0, ""collision_tblock_early"": 0.0, ""collision_tblock_late"": 0.0, ""collision_tblock_mid"": 59.59409888357257, ""fall"": 0.0, ""timeout"": 0.0}"
layout_basic,start_region=x_mid__y_pos|path_len_bin=medium|num_obstacles_bin=2|max_blockage_bin=low|medhigh_count_bin=0|pair_side_mode=opposite_side|min_pair_dist_bin=close,False,3,2,1,0.3333333333333333,1.0245684750270776,fall,1,-12.085946494962405,4.0,"{""fall"": 1, ""success"": 2}","{""fall"": 1}","{""collision_rod_early"": 0.0, ""collision_rod_late"": 0.0, ""collision_rod_mid"": 0.0, ""collision_tblock_early"": 0.0, ""collision_tblock_late"": 0.0, ""collision_tblock_mid"": 0.0, ""fall"": 73.91790306627102, ""timeout"": 0.0}"
layout_basic,start_region=x_neg__y_mid|path_len_bin=medium|num_obstacles_bin=2|max_blockage_bin=low|medhigh_count_bin=0|pair_side_mode=center_involved|min_pair_dist_bin=medium,False,3,2,1,0.3333333333333333,1.0245684750270776,timeout,1,-7.257792895009224,5.333333333333333,"{""success"": 2, ""timeout"": 1}","{""timeout"": 1}","{""collision_rod_early"": 0.0, ""collision_rod_late"": 0.0, ""collision_rod_mid"": 0.0, ""collision_tblock_early"": 0.0, ""collision_tblock_late"": 0.0, ""collision_tblock_mid"": 0.0, ""fall"": 0.0, ""timeout"": 2.986850519584333}"
layout_basic,start_region=x_pos__y_neg|path_len_bin=long|num_obstacles_bin=2|max_blockage_bin=low|medhigh_count_bin=0|pair_side_mode=center_involved|min_pair_dist_bin=close,False,3,2,1,0.3333333333333333,1.0245684750270776,timeout,1,-7.8098573068076815,6.666666666666667,"{""success"": 2, ""timeout"": 1}","{""timeout"": 1}","{""collision_rod_early"": 0.0, ""collision_rod_late"": 0.0, ""collision_rod_mid"": 0.0, ""collision_tblock_early"": 0.0, ""collision_tblock_late"": 0.0, ""collision_tblock_mid"": 0.0, ""fall"": 0.0, ""timeout"": 2.986850519584333}"
layout_basic,start_region=x_pos__y_mid|path_len_bin=long|num_obstacles_bin=2|max_blockage_bin=medium|medhigh_count_bin=1|pair_side_mode=same_side|min_pair_dist_bin=medium,False,3,2,1,0.3333333333333333,1.0245684750270776,collision_tblock_early,1,-5.58981181023055,3.3333333333333335,"{""collision"": 1, ""success"": 2}","{""collision_tblock_early"": 1}","{""collision_rod_early"": 0.0, ""collision_rod_late"": 0.0, ""collision_rod_mid"": 0.0, ""collision_tblock_early"": 1.996180249485803, ""collision_tblock_late"": 0.0, ""collision_tblock_mid"": 0.0, ""fall"": 0.0, ""timeout"": 0.0}"
layout_basic,start_region=x_mid__y_pos|path_len_bin=long|num_obstacles_bin=2|max_blockage_bin=medium|medhigh_count_bin=1|pair_side_mode=same_side|min_pair_dist_bin=medium,False,3,2,1,0.3333333333333333,1.0245684750270776,collision_tblock_early,1,-6.820628677919235,3.6666666666666665,"{""collision"": 1, ""success"": 2}","{""collision_tblock_early"": 1}","{""collision_rod_early"": 0.0, ""collision_rod_late"": 0.0, ""collision_rod_mid"": 0.0, ""collision_tblock_early"": 1.996180249485803, ""collision_tblock_late"": 0.0, ""collision_tblock_mid"": 0.0, ""fall"": 0.0, ""timeout"": 0.0}"
layout_basic,start_region=x_mid__y_neg|path_len_bin=long|num_obstacles_bin=2|max_blockage_bin=low|medhigh_count_bin=0|pair_side_mode=center_involved|min_pair_dist_bin=medium,False,9,6,3,0.3333333333333333,1.0245684750270774,timeout,2,-6.947481256880738,5.0,"{""collision"": 1, ""success"": 6, ""timeout"": 2}","{""collision_rod_mid"": 1, ""timeout"": 2}","{""collision_rod_early"": 0.0, ""collision_rod_late"": 0.0, ""collision_rod_mid"": 18.659425717852685, ""collision_tblock_early"": 0.0, ""collision_tblock_late"": 0.0, ""collision_tblock_mid"": 0.0, ""fall"": 0.0, ""timeout"": 1.9912336797228882}"
layout_basic,start_region=x_mid__y_pos|path_len_bin=medium|num_obstacles_bin=2|max_blockage_bin=low|medhigh_count_bin=0|pair_side_mode=center_involved|min_pair_dist_bin=far,False,47,32,15,0.3191489361702128,0.9809698165152868,timeout,11,-5.451728928262008,4.872340425531915,"{""collision"": 4, ""success"": 32, ""timeout"": 11}","{""collision_rod_early"": 1, ""collision_tblock_early"": 3, ""timeout"": 11}","{""collision_rod_early"": 0.670895053415926, ""collision_rod_late"": 0.0, ""collision_rod_mid"": 0.0, ""collision_tblock_early"": 0.38224728181643036, ""collision_tblock_late"": 0.0, ""collision_tblock_mid"": 0.0, ""fall"": 0.0, ""timeout"": 2.0971503648145315}"
layout_basic,start_region=x_neg__y_neg|path_len_bin=medium|num_obstacles_bin=2|max_blockage_bin=low|medhigh_count_bin=0|pair_side_mode=same_side|min_pair_dist_bin=close,False,51,35,16,0.3137254901960784,0.9642997412019554,timeout,14,-6.302117837050464,5.137254901960785,"{""collision"": 2, ""success"": 35, ""timeout"": 14}","{""collision_tblock_early"": 1, ""collision_tblock_mid"": 1, ""timeout"": 14}","{""collision_rod_early"": 0.0, ""collision_rod_late"": 0.0, ""collision_rod_mid"": 0.0, ""collision_tblock_early"": 0.11742236761681193, ""collision_tblock_late"": 0.0, ""collision_tblock_mid"": 7.011070456890891, ""fall"": 0.0, ""timeout"": 2.4597592514223914}"
layout_basic,start_region=x_neg__y_pos|path_len_bin=medium|num_obstacles_bin=2|max_blockage_bin=low|medhigh_count_bin=0|pair_side_mode=same_side|min_pair_dist_bin=medium,False,32,23,9,0.28125,0.8644796508040965,timeout,7,-5.4211908293161555,4.65625,"{""collision"": 2, ""success"": 23, ""timeout"": 7}","{""collision_tblock_early"": 1, ""collision_tblock_mid"": 1, ""timeout"": 7}","{""collision_rod_early"": 0.0, ""collision_rod_late"": 0.0, ""collision_rod_mid"": 0.0, ""collision_tblock_early"": 0.18714189838929401, ""collision_tblock_late"": 0.0, ""collision_tblock_mid"": 11.173893540669855, ""fall"": 0.0, ""timeout"": 1.9601206534772182}"
layout_basic,start_region=x_pos__y_pos|path_len_bin=medium|num_obstacles_bin=2|max_blockage_bin=low|medhigh_count_bin=0|pair_side_mode=same_side|min_pair_dist_bin=medium,False,32,23,9,0.28125,0.8644796508040965,collision_tblock_early,3,-6.700724266977995,4.28125,"{""collision"": 6, ""success"": 23, ""timeout"": 3}","{""collision_rod_early"": 2, ""collision_tblock_early"": 3, ""collision_tblock_mid"": 1, ""timeout"": 3}","{""collision_rod_early"": 1.9707542194092826, ""collision_rod_late"": 0.0, ""collision_rod_mid"": 0.0, ""collision_tblock_early"": 0.5614256951678821, ""collision_tblock_late"": 0.0, ""collision_tblock_mid"": 11.173893540669855, ""fall"": 0.0, ""timeout"": 0.8400517086330935}"
layout_basic,start_region=x_neg__y_neg|path_len_bin=long|num_obstacles_bin=2|max_blockage_bin=low|medhigh_count_bin=0|pair_side_mode=center_involved|min_pair_dist_bin=medium,False,11,8,3,0.2727272727272727,0.8382832977494269,timeout,3,-8.501859657592549,5.0,"{""success"": 8, ""timeout"": 3}","{""timeout"": 3}","{""collision_rod_early"": 0.0, ""collision_rod_late"": 0.0, ""collision_rod_mid"": 0.0, ""collision_tblock_early"": 0.0, ""collision_tblock_late"": 0.0, ""collision_tblock_mid"": 0.0, ""fall"": 0.0, ""timeout"": 2.443786788750818}"
layout_basic,start_region=x_pos__y_pos|path_len_bin=medium|num_obstacles_bin=2|max_blockage_bin=low|medhigh_count_bin=0|pair_side_mode=same_side|min_pair_dist_bin=far,False,60,44,16,0.26666666666666666,0.8196547800216619,timeout,7,-6.248556021366364,4.266666666666667,"{""collision"": 9, ""success"": 44, ""timeout"": 7}","{""collision_rod_early"": 1, ""collision_tblock_early"": 5, ""collision_tblock_late"": 1, ""collision_tblock_mid"": 2, ""timeout"": 7}","{""collision_rod_early"": 0.525534458509142, ""collision_rod_late"": 0.0, ""collision_rod_mid"": 0.0, ""collision_tblock_early"": 0.4990450623714507, ""collision_tblock_late"": 23.500314465408803, ""collision_tblock_mid"": 11.918819776714512, ""fall"": 0.0, ""timeout"": 1.0453976818545163}"
layout_basic,start_region=x_pos__y_neg|path_len_bin=medium|num_obstacles_bin=2|max_blockage_bin=low|medhigh_count_bin=0|pair_side_mode=same_side|min_pair_dist_bin=medium,False,39,29,10,0.2564102564102564,0.788129596174675,timeout,9,-5.355795788015837,5.0256410256410255,"{""collision"": 1, ""success"": 29, ""timeout"": 9}","{""collision_tblock_early"": 1, ""timeout"": 9}","{""collision_rod_early"": 0.0, ""collision_rod_late"": 0.0, ""collision_rod_mid"": 0.0, ""collision_tblock_early"": 0.1535523268835233, ""collision_tblock_late"": 0.0, ""collision_tblock_mid"": 0.0, ""fall"": 0.0, ""timeout"": 2.067819590481461}"
layout_basic,start_region=x_pos__y_mid|path_len_bin=medium|num_obstacles_bin=2|max_blockage_bin=low|medhigh_count_bin=0|pair_side_mode=center_involved|min_pair_dist_bin=far,False,41,31,10,0.24390243902439024,0.7496842500198128,timeout,7,-5.175048024925147,4.2682926829268295,"{""collision"": 3, ""success"": 31, ""timeout"": 7}","{""collision_rod_mid"": 1, ""collision_tblock_early"": 1, ""collision_tblock_mid"": 1, ""timeout"": 7}","{""collision_rod_early"": 0.0, ""collision_rod_late"": 0.0, ""collision_rod_mid"": 4.095971499040833, ""collision_tblock_early"": 0.14606196947457092, ""collision_tblock_late"": 0.0, ""collision_tblock_mid"": 8.721087641498425, ""fall"": 0.0, ""timeout"": 1.5298502661285605}"
layout_basic,start_region=x_mid__y_neg|path_len_bin=medium|num_obstacles_bin=2|max_blockage_bin=low|medhigh_count_bin=0|pair_side_mode=center_involved|min_pair_dist_bin=far,False,51,39,12,0.23529411764705882,0.7232248059014664,timeout,10,-5.7608210843055625,4.7254901960784315,"{""collision"": 2, ""success"": 39, ""timeout"": 10}","{""collision_tblock_early"": 2, ""timeout"": 10}","{""collision_rod_early"": 0.0, ""collision_rod_late"": 0.0, ""collision_rod_mid"": 0.0, ""collision_tblock_early"": 0.23484473523362387, ""collision_tblock_late"": 0.0, ""collision_tblock_mid"": 0.0, ""fall"": 0.0, ""timeout"": 1.7569708938731368}"
layout_basic,start_region=x_neg__y_mid|path_len_bin=medium|num_obstacles_bin=2|max_blockage_bin=low|medhigh_count_bin=0|pair_side_mode=center_involved|min_pair_dist_bin=far,False,52,40,12,0.23076923076923078,0.7093166365572073,timeout,9,-5.116152238773589,4.230769230769231,"{""collision"": 2, ""fall"": 1, ""success"": 40, ""timeout"": 9}","{""collision_rod_early"": 2, ""fall"": 1, ""timeout"": 9}","{""collision_rod_early"": 1.2127718273287893, ""collision_rod_late"": 0.0, ""collision_rod_mid"": 0.0, ""collision_tblock_early"": 0.0, ""collision_tblock_late"": 0.0, ""collision_tblock_mid"": 0.0, ""fall"": 4.264494407669482, ""timeout"": 1.5508646928610956}"
layout_basic,start_region=x_neg__y_mid|path_len_bin=long|num_obstacles_bin=2|max_blockage_bin=medium|medhigh_count_bin=1|pair_side_mode=same_side|min_pair_dist_bin=very_close,False,13,10,3,0.23076923076923078,0.7093166365572073,collision_tblock_early,2,-4.561564249959263,3.1538461538461537,"{""collision"": 2, ""success"": 10, ""timeout"": 1}","{""collision_tblock_early"": 2, ""timeout"": 1}","{""collision_rod_early"": 0.0, ""collision_rod_late"": 0.0, ""collision_rod_mid"": 0.0, ""collision_tblock_early"": 0.9213139613011397, ""collision_tblock_late"": 0.0, ""collision_tblock_mid"": 0.0, ""fall"": 0.0, ""timeout"": 0.6892731968271536}"
layout_basic,start_region=x_neg__y_pos|path_len_bin=medium|num_obstacles_bin=2|max_blockage_bin=low|medhigh_count_bin=0|pair_side_mode=same_side|min_pair_dist_bin=far,False,72,56,16,0.2222222222222222,0.6830456500180516,timeout,10,-5.444398545160819,4.361111111111111,"{""collision"": 6, ""success"": 56, ""timeout"": 10}","{""collision_rod_early"": 1, ""collision_rod_mid"": 1, ""collision_tblock_early"": 4, ""timeout"": 10}","{""collision_rod_early"": 0.4379453820909517, ""collision_rod_late"": 0.0, ""collision_rod_mid"": 2.3324282147315856, ""collision_tblock_early"": 0.3326967082476338, ""collision_tblock_late"": 0.0, ""collision_tblock_mid"": 0.0, ""fall"": 0.0, ""timeout"": 1.2445210498268051}"
layout_basic,start_region=x_neg__y_neg|path_len_bin=medium|num_obstacles_bin=2|max_blockage_bin=low|medhigh_count_bin=0|pair_side_mode=same_side|min_pair_dist_bin=medium,False,18,14,4,0.2222222222222222,0.6830456500180516,timeout,2,-5.989127959087586,4.666666666666667,"{""collision"": 2, ""success"": 14, ""timeout"": 2}","{""collision_rod_early"": 2, ""timeout"": 2}","{""collision_rod_early"": 3.5035630567276135, ""collision_rod_late"": 0.0, ""collision_rod_mid"": 0.0, ""collision_tblock_early"": 0.0, ""collision_tblock_late"": 0.0, ""collision_tblock_mid"": 0.0, ""fall"": 0.0, ""timeout"": 0.9956168398614441}"
layout_basic,start_region=x_pos__y_pos|path_len_bin=medium|num_obstacles_bin=2|max_blockage_bin=low|medhigh_count_bin=0|pair_side_mode=center_involved|min_pair_dist_bin=far,False,9,7,2,0.2222222222222222,0.6830456500180516,timeout,1,-5.377056609441973,4.333333333333333,"{""collision"": 1, ""success"": 7, ""timeout"": 1}","{""collision_rod_early"": 1, ""timeout"": 1}","{""collision_rod_early"": 3.5035630567276135, ""collision_rod_late"": 0.0, ""collision_rod_mid"": 0.0, ""collision_tblock_early"": 0.0, ""collision_tblock_late"": 0.0, ""collision_tblock_mid"": 0.0, ""fall"": 0.0, ""timeout"": 0.9956168398614441}"
layout_basic,start_region=x_neg__y_mid|path_len_bin=long|num_obstacles_bin=2|max_blockage_bin=medium|medhigh_count_bin=1|pair_side_mode=same_side|min_pair_dist_bin=close,False,9,7,2,0.2222222222222222,0.6830456500180516,collision_tblock_early,2,-5.636286494799399,3.2222222222222223,"{""collision"": 2, ""success"": 7}","{""collision_tblock_early"": 2}","{""collision_rod_early"": 0.0, ""collision_rod_late"": 0.0, ""collision_rod_mid"": 0.0, ""collision_tblock_early"": 1.3307868329905352, ""collision_tblock_late"": 0.0, ""collision_tblock_mid"": 0.0, ""fall"": 0.0, ""timeout"": 0.0}"
layout_basic,start_region=x_pos__y_pos|path_len_bin=medium|num_obstacles_bin=2|max_blockage_bin=low|medhigh_count_bin=0|pair_side_mode=same_side|min_pair_dist_bin=close,False,59,46,13,0.22033898305084745,0.6772571275602716,timeout,9,-6.886664392486193,4.762711864406779,"{""collision"": 4, ""success"": 46, ""timeout"": 9}","{""collision_rod_early"": 1, ""collision_rod_late"": 1, ""collision_tblock_early"": 2, ""timeout"": 9}","{""collision_rod_early"": 0.5344418222126869, ""collision_rod_late"": 15.832838983050848, ""collision_rod_mid"": 0.0, ""collision_tblock_early"": 0.20300138130364095, ""collision_tblock_late"": 0.0, ""collision_tblock_mid"": 0.0, ""fall"": 0.0, ""timeout"": 1.366863797097915}"
layout_basic,start_region=x_mid__y_neg|path_len_bin=long|num_obstacles_bin=2|max_blockage_bin=low|medhigh_count_bin=0|pair_side_mode=center_involved|min_pair_dist_bin=far,False,89,70,19,0.21348314606741572,0.6561843042308247,timeout,16,-5.961988885484756,4.775280898876405,"{""collision"": 3, ""success"": 70, ""timeout"": 16}","{""collision_rod_early"": 1, ""collision_tblock_early"": 2, ""timeout"": 16}","{""collision_rod_early"": 0.3542928933769497, ""collision_rod_late"": 0.0, ""collision_rod_mid"": 0.0, ""collision_tblock_early"": 0.13457394940353726, ""collision_tblock_late"": 0.0, ""collision_tblock_mid"": 0.0, ""fall"": 0.0, ""timeout"": 1.610885673483685}"
layout_basic,start_region=x_pos__y_pos|path_len_bin=long|num_obstacles_bin=2|max_blockage_bin=low|medhigh_count_bin=0|pair_side_mode=center_involved|min_pair_dist_bin=close,False,5,4,1,0.2,0.6147410850162465,timeout,1,-18.788534427519785,5.2,"{""success"": 4, ""timeout"": 1}","{""timeout"": 1}","{""collision_rod_early"": 0.0, ""collision_rod_late"": 0.0, ""collision_rod_mid"": 0.0, ""collision_tblock_early"": 0.0, ""collision_tblock_late"": 0.0, ""collision_tblock_mid"": 0.0, ""fall"": 0.0, ""timeout"": 1.7921103117505994}"
layout_basic,start_region=x_neg__y_mid|path_len_bin=long|num_obstacles_bin=2|max_blockage_bin=low|medhigh_count_bin=0|pair_side_mode=center_involved|min_pair_dist_bin=very_close,False,5,4,1,0.2,0.6147410850162465,timeout,1,-4.570228357310967,4.4,"{""success"": 4, ""timeout"": 1}","{""timeout"": 1}","{""collision_rod_early"": 0.0, ""collision_rod_late"": 0.0, ""collision_rod_mid"": 0.0, ""collision_tblock_early"": 0.0, ""collision_tblock_late"": 0.0, ""collision_tblock_mid"": 0.0, ""fall"": 0.0, ""timeout"": 1.7921103117505994}"
layout_basic,start_region=x_neg__y_mid|path_len_bin=long|num_obstacles_bin=2|max_blockage_bin=low|medhigh_count_bin=0|pair_side_mode=center_involved|min_pair_dist_bin=medium,False,11,9,2,0.18181818181818182,0.5588555318329513,timeout,2,-6.1580994031190475,5.0,"{""success"": 9, ""timeout"": 2}","{""timeout"": 2}","{""collision_rod_early"": 0.0, ""collision_rod_late"": 0.0, ""collision_rod_mid"": 0.0, ""collision_tblock_early"": 0.0, ""collision_tblock_late"": 0.0, ""collision_tblock_mid"": 0.0, ""fall"": 0.0, ""timeout"": 1.6291911925005451}"
layout_basic,start_region=x_pos__y_neg|path_len_bin=medium|num_obstacles_bin=2|max_blockage_bin=low|medhigh_count_bin=0|pair_side_mode=center_involved|min_pair_dist_bin=far,False,11,9,2,0.18181818181818182,0.5588555318329513,timeout,2,-5.8905979505516655,5.2727272727272725,"{""success"": 9, ""timeout"": 2}","{""timeout"": 2}","{""collision_rod_early"": 0.0, ""collision_rod_late"": 0.0, ""collision_rod_mid"": 0.0, ""collision_tblock_early"": 0.0, ""collision_tblock_late"": 0.0, ""collision_tblock_mid"": 0.0, ""fall"": 0.0, ""timeout"": 1.6291911925005451}"
layout_basic,start_region=x_pos__y_neg|path_len_bin=medium|num_obstacles_bin=2|max_blockage_bin=low|medhigh_count_bin=0|pair_side_mode=same_side|min_pair_dist_bin=far,False,62,51,11,0.1774193548387097,0.5453348334821541,timeout,7,-5.374264664542454,4.741935483870968,"{""collision"": 4, ""success"": 51, ""timeout"": 7}","{""collision_rod_early"": 2, ""collision_rod_mid"": 1, ""collision_tblock_early"": 1, ""timeout"": 7}","{""collision_rod_early"": 1.0171634680822104, ""collision_rod_late"": 0.0, ""collision_rod_mid"": 2.7086263138818416, ""collision_tblock_early"": 0.09658936691060337, ""collision_tblock_late"": 0.0, ""collision_tblock_mid"": 0.0, ""fall"": 0.0, ""timeout"": 1.0116751759882416}"
layout_basic,start_region=x_neg__y_pos|path_len_bin=medium|num_obstacles_bin=2|max_blockage_bin=low|medhigh_count_bin=0|pair_side_mode=same_side|min_pair_dist_bin=close,False,63,52,11,0.1746031746031746,0.5366787250141833,timeout,5,-4.161455124762949,3.5873015873015874,"{""collision"": 6, ""success"": 52, ""timeout"": 5}","{""collision_rod_early"": 2, ""collision_rod_late"": 1, ""collision_tblock_early"": 3, ""timeout"": 5}","{""collision_rod_early"": 1.0010180162078897, ""collision_rod_late"": 14.827579365079366, ""collision_rod_mid"": 0.0, ""collision_tblock_early"": 0.2851686070694004, ""collision_tblock_late"": 0.0, ""collision_tblock_mid"": 0.0, ""fall"": 0.0, ""timeout"": 0.7111548856153171}"
layout_basic,start_region=x_pos__y_neg|path_len_bin=medium|num_obstacles_bin=2|max_blockage_bin=low|medhigh_count_bin=0|pair_side_mode=same_side|min_pair_dist_bin=close,False,69,58,11,0.15942028985507245,0.4900110097955587,timeout,9,-4.343842477691571,4.144927536231884,"{""collision"": 2, ""success"": 58, ""timeout"": 9}","{""collision_tblock_early"": 2, ""timeout"": 9}","{""collision_rod_early"": 0.0, ""collision_rod_late"": 0.0, ""collision_rod_mid"": 0.0, ""collision_tblock_early"": 0.17358089125963502, ""collision_tblock_late"": 0.0, ""collision_tblock_mid"": 0.0, ""fall"": 0.0, ""timeout"": 1.168767594619956}"
layout_basic,start_region=x_pos__y_pos|path_len_bin=medium|num_obstacles_bin=2|max_blockage_bin=low|medhigh_count_bin=0|pair_side_mode=same_side|min_pair_dist_bin=very_close,False,99,85,14,0.1414141414141414,0.43466541364785105,timeout,6,-4.987577462566234,3.8282828282828283,"{""collision"": 8, ""success"": 85, ""timeout"": 6}","{""collision_rod_early"": 2, ""collision_tblock_early"": 3, ""collision_tblock_late"": 1, ""collision_tblock_mid"": 2, ""timeout"": 6}","{""collision_rod_early"": 0.6370114648595662, ""collision_rod_late"": 0.0, ""collision_rod_mid"": 0.0, ""collision_tblock_early"": 0.18147093177143664, ""collision_tblock_late"": 14.24261482752049, ""collision_tblock_mid"": 7.223527137402736, ""fall"": 0.0, ""timeout"": 0.5430637308335151}"
layout_basic,start_region=x_neg__y_neg|path_len_bin=medium|num_obstacles_bin=2|max_blockage_bin=low|medhigh_count_bin=0|pair_side_mode=same_side|min_pair_dist_bin=very_close,False,88,79,9,0.10227272727272728,0.3143562366560351,timeout,6,-3.279719314767659,3.3295454545454546,"{""collision"": 3, ""success"": 79, ""timeout"": 6}","{""collision_rod_early"": 1, ""collision_tblock_early"": 2, ""timeout"": 6}","{""collision_rod_early"": 0.35831894898350597, ""collision_rod_late"": 0.0, ""collision_rod_mid"": 0.0, ""collision_tblock_early"": 0.13610319882857747, ""collision_tblock_late"": 0.0, ""collision_tblock_mid"": 0.0, ""fall"": 0.0, ""timeout"": 0.6109466971877044}"
layout_basic,start_region=x_neg__y_mid|path_len_bin=medium|num_obstacles_bin=2|max_blockage_bin=low|medhigh_count_bin=0|pair_side_mode=opposite_side|min_pair_dist_bin=medium,False,11,11,0,0.0,0.0,none,0,-3.465835830824088,3.6363636363636362,"{""success"": 11}",{},"{""collision_rod_early"": 0.0, ""collision_rod_late"": 0.0, ""collision_rod_mid"": 0.0, ""collision_tblock_early"": 0.0, ""collision_tblock_late"": 0.0, ""collision_tblock_mid"": 0.0, ""fall"": 0.0, ""timeout"": 0.0}"
layout_basic,start_region=x_neg__y_mid|path_len_bin=long|num_obstacles_bin=2|max_blockage_bin=low|medhigh_count_bin=0|pair_side_mode=opposite_side|min_pair_dist_bin=close,False,5,5,0,0.0,0.0,none,0,-3.0228120664981857,3.2,"{""success"": 5}",{},"{""collision_rod_early"": 0.0, ""collision_rod_late"": 0.0, ""collision_rod_mid"": 0.0, ""collision_tblock_early"": 0.0, ""collision_tblock_late"": 0.0, ""collision_tblock_mid"": 0.0, ""fall"": 0.0, ""timeout"": 0.0}"
layout_basic,start_region=x_mid__y_neg|path_len_bin=long|num_obstacles_bin=2|max_blockage_bin=low|medhigh_count_bin=0|pair_side_mode=opposite_side|min_pair_dist_bin=close,False,5,5,0,0.0,0.0,none,0,-4.559235192253165,4.0,"{""success"": 5}",{},"{""collision_rod_early"": 0.0, ""collision_rod_late"": 0.0, ""collision_rod_mid"": 0.0, ""collision_tblock_early"": 0.0, ""collision_tblock_late"": 0.0, ""collision_tblock_mid"": 0.0, ""fall"": 0.0, ""timeout"": 0.0}"
layout_basic,start_region=x_pos__y_mid|path_len_bin=medium|num_obstacles_bin=2|max_blockage_bin=low|medhigh_count_bin=0|pair_side_mode=opposite_side|min_pair_dist_bin=medium,False,4,4,0,0.0,0.0,none,0,-1.6319361701959805,2.0,"{""success"": 4}",{},"{""collision_rod_early"": 0.0, ""collision_rod_late"": 0.0, ""collision_rod_mid"": 0.0, ""collision_tblock_early"": 0.0, ""collision_tblock_late"": 0.0, ""collision_tblock_mid"": 0.0, ""fall"": 0.0, ""timeout"": 0.0}"
layout_basic,start_region=x_neg__y_neg|path_len_bin=long|num_obstacles_bin=2|max_blockage_bin=low|medhigh_count_bin=0|pair_side_mode=center_involved|min_pair_dist_bin=very_close,False,3,3,0,0.0,0.0,none,0,-3.9375983812170383,3.3333333333333335,"{""success"": 3}",{},"{""collision_rod_early"": 0.0, ""collision_rod_late"": 0.0, ""collision_rod_mid"": 0.0, ""collision_tblock_early"": 0.0, ""collision_tblock_late"": 0.0, ""collision_tblock_mid"": 0.0, ""fall"": 0.0, ""timeout"": 0.0}"
layout_basic,start_region=x_mid__y_neg|path_len_bin=medium|num_obstacles_bin=2|max_blockage_bin=low|medhigh_count_bin=0|pair_side_mode=opposite_side|min_pair_dist_bin=close,False,3,3,0,0.0,0.0,none,0,-6.578229817148401,5.0,"{""success"": 3}",{},"{""collision_rod_early"": 0.0, ""collision_rod_late"": 0.0, ""collision_rod_mid"": 0.0, ""collision_tblock_early"": 0.0, ""collision_tblock_late"": 0.0, ""collision_tblock_mid"": 0.0, ""fall"": 0.0, ""timeout"": 0.0}"
layout_basic,start_region=x_mid__y_neg|path_len_bin=medium|num_obstacles_bin=2|max_blockage_bin=low|medhigh_count_bin=0|pair_side_mode=opposite_side|min_pair_dist_bin=medium,False,3,3,0,0.0,0.0,none,0,-3.591754187354875,3.6666666666666665,"{""success"": 3}",{},"{""collision_rod_early"": 0.0, ""collision_rod_late"": 0.0, ""collision_rod_mid"": 0.0, ""collision_tblock_early"": 0.0, ""collision_tblock_late"": 0.0, ""collision_tblock_mid"": 0.0, ""fall"": 0.0, ""timeout"": 0.0}"
layout_basic,start_region=x_neg__y_neg|path_len_bin=long|num_obstacles_bin=2|max_blockage_bin=low|medhigh_count_bin=0|pair_side_mode=opposite_side|min_pair_dist_bin=close,False,2,2,0,0.0,0.0,none,0,-6.864274268358093,4.5,"{""success"": 2}",{},"{""collision_rod_early"": 0.0, ""collision_rod_late"": 0.0, ""collision_rod_mid"": 0.0, ""collision_tblock_early"": 0.0, ""collision_tblock_late"": 0.0, ""collision_tblock_mid"": 0.0, ""fall"": 0.0, ""timeout"": 0.0}"
layout_basic,start_region=x_pos__y_mid|path_len_bin=medium|num_obstacles_bin=2|max_blockage_bin=low|medhigh_count_bin=0|pair_side_mode=opposite_side|min_pair_dist_bin=close,False,2,2,0,0.0,0.0,none,0,-4.094419192059936,4.0,"{""success"": 2}",{},"{""collision_rod_early"": 0.0, ""collision_rod_late"": 0.0, ""collision_rod_mid"": 0.0, ""collision_tblock_early"": 0.0, ""collision_tblock_late"": 0.0, ""collision_tblock_mid"": 0.0, ""fall"": 0.0, ""timeout"": 0.0}"
layout_basic,start_region=x_neg__y_mid|path_len_bin=medium|num_obstacles_bin=2|max_blockage_bin=low|medhigh_count_bin=0|pair_side_mode=center_involved|min_pair_dist_bin=very_close,False,1,1,0,0.0,0.0,none,0,-11.74354832525437,6.0,"{""success"": 1}",{},"{""collision_rod_early"": 0.0, ""collision_rod_late"": 0.0, ""collision_rod_mid"": 0.0, ""collision_tblock_early"": 0.0, ""collision_tblock_late"": 0.0, ""collision_tblock_mid"": 0.0, ""fall"": 0.0, ""timeout"": 0.0}"
layout_basic,start_region=x_pos__y_neg|path_len_bin=medium|num_obstacles_bin=2|max_blockage_bin=low|medhigh_count_bin=0|pair_side_mode=center_involved|min_pair_dist_bin=close,False,1,1,0,0.0,0.0,none,0,-3.5288606272244625,3.0,"{""success"": 1}",{},"{""collision_rod_early"": 0.0, ""collision_rod_late"": 0.0, ""collision_rod_mid"": 0.0, ""collision_tblock_early"": 0.0, ""collision_tblock_late"": 0.0, ""collision_tblock_mid"": 0.0, ""fall"": 0.0, ""timeout"": 0.0}"
layout_basic,start_region=x_mid__y_neg|path_len_bin=medium|num_obstacles_bin=2|max_blockage_bin=low|medhigh_count_bin=0|pair_side_mode=center_involved|min_pair_dist_bin=close,False,1,1,0,0.0,0.0,none,0,-3.3251075848751004,4.0,"{""success"": 1}",{},"{""collision_rod_early"": 0.0, ""collision_rod_late"": 0.0, ""collision_rod_mid"": 0.0, ""collision_tblock_early"": 0.0, ""collision_tblock_late"": 0.0, ""collision_tblock_mid"": 0.0, ""fall"": 0.0, ""timeout"": 0.0}"
layout_basic,start_region=x_mid__y_neg|path_len_bin=long|num_obstacles_bin=2|max_blockage_bin=low|medhigh_count_bin=0|pair_side_mode=opposite_side|min_pair_dist_bin=very_close,False,1,1,0,0.0,0.0,none,0,-2.316153670197621,3.0,"{""success"": 1}",{},"{""collision_rod_early"": 0.0, ""collision_rod_late"": 0.0, ""collision_rod_mid"": 0.0, ""collision_tblock_early"": 0.0, ""collision_tblock_late"": 0.0, ""collision_tblock_mid"": 0.0, ""fall"": 0.0, ""timeout"": 0.0}"
layout_basic,start_region=x_pos__y_neg|path_len_bin=medium|num_obstacles_bin=2|max_blockage_bin=low|medhigh_count_bin=0|pair_side_mode=center_involved|min_pair_dist_bin=medium,False,1,1,0,0.0,0.0,none,0,-4.4060473269994,5.0,"{""success"": 1}",{},"{""collision_rod_early"": 0.0, ""collision_rod_late"": 0.0, ""collision_rod_mid"": 0.0, ""collision_tblock_early"": 0.0, ""collision_tblock_late"": 0.0, ""collision_tblock_mid"": 0.0, ""fall"": 0.0, ""timeout"": 0.0}"
layout_basic,start_region=x_pos__y_mid|path_len_bin=medium|num_obstacles_bin=2|max_blockage_bin=low|medhigh_count_bin=0|pair_side_mode=center_involved|min_pair_dist_bin=medium,False,1,1,0,0.0,0.0,none,0,-2.8785507060743396,4.0,"{""success"": 1}",{},"{""collision_rod_early"": 0.0, ""collision_rod_late"": 0.0, ""collision_rod_mid"": 0.0, ""collision_tblock_early"": 0.0, ""collision_tblock_late"": 0.0, ""collision_tblock_mid"": 0.0, ""fall"": 0.0, ""timeout"": 0.0}"
layout_basic,start_region=x_mid__y_pos|path_len_bin=medium|num_obstacles_bin=2|max_blockage_bin=low|medhigh_count_bin=0|pair_side_mode=center_involved|min_pair_dist_bin=close,False,1,1,0,0.0,0.0,none,0,-1.3231400932055544,2.0,"{""success"": 1}",{},"{""collision_rod_early"": 0.0, ""collision_rod_late"": 0.0, ""collision_rod_mid"": 0.0, ""collision_tblock_early"": 0.0, ""collision_tblock_late"": 0.0, ""collision_tblock_mid"": 0.0, ""fall"": 0.0, ""timeout"": 0.0}"
layout_basic,start_region=x_pos__y_pos|path_len_bin=long|num_obstacles_bin=2|max_blockage_bin=low|medhigh_count_bin=0|pair_side_mode=center_involved|min_pair_dist_bin=medium,False,1,1,0,0.0,0.0,none,0,-4.336658877756298,7.0,"{""success"": 1}",{},"{""collision_rod_early"": 0.0, ""collision_rod_late"": 0.0, ""collision_rod_mid"": 0.0, ""collision_tblock_early"": 0.0, ""collision_tblock_late"": 0.0, ""collision_tblock_mid"": 0.0, ""fall"": 0.0, ""timeout"": 0.0}"
layout_basic,start_region=x_neg__y_mid|path_len_bin=medium|num_obstacles_bin=2|max_blockage_bin=low|medhigh_count_bin=0|pair_side_mode=opposite_side|min_pair_dist_bin=very_close,False,1,1,0,0.0,0.0,none,0,-1.013421302702763,2.0,"{""success"": 1}",{},"{""collision_rod_early"": 0.0, ""collision_rod_late"": 0.0, ""collision_rod_mid"": 0.0, ""collision_tblock_early"": 0.0, ""collision_tblock_late"": 0.0, ""collision_tblock_mid"": 0.0, ""fall"": 0.0, ""timeout"": 0.0}"
layout_basic,start_region=x_neg__y_pos|path_len_bin=medium|num_obstacles_bin=2|max_blockage_bin=low|medhigh_count_bin=0|pair_side_mode=opposite_side|min_pair_dist_bin=close,False,1,1,0,0.0,0.0,none,0,-2.146500140614728,3.0,"{""success"": 1}",{},"{""collision_rod_early"": 0.0, ""collision_rod_late"": 0.0, ""collision_rod_mid"": 0.0, ""collision_tblock_early"": 0.0, ""collision_tblock_late"": 0.0, ""collision_tblock_mid"": 0.0, ""fall"": 0.0, ""timeout"": 0.0}"
layout_basic,start_region=x_neg__y_pos|path_len_bin=long|num_obstacles_bin=2|max_blockage_bin=low|medhigh_count_bin=0|pair_side_mode=opposite_side|min_pair_dist_bin=close,False,1,1,0,0.0,0.0,none,0,-2.280327876110721,2.0,"{""success"": 1}",{},"{""collision_rod_early"": 0.0, ""collision_rod_late"": 0.0, ""collision_rod_mid"": 0.0, ""collision_tblock_early"": 0.0, ""collision_tblock_late"": 0.0, ""collision_tblock_mid"": 0.0, ""fall"": 0.0, ""timeout"": 0.0}"
layout_basic,start_region=x_neg__y_mid|path_len_bin=long|num_obstacles_bin=2|max_blockage_bin=low|medhigh_count_bin=0|pair_side_mode=opposite_side|min_pair_dist_bin=very_close,False,1,1,0,0.0,0.0,none,0,-4.6188397107619625,3.0,"{""success"": 1}",{},"{""collision_rod_early"": 0.0, ""collision_rod_late"": 0.0, ""collision_rod_mid"": 0.0, ""collision_tblock_early"": 0.0, ""collision_tblock_late"": 0.0, ""collision_tblock_mid"": 0.0, ""fall"": 0.0, ""timeout"": 0.0}"
layout_basic,start_region=x_pos__y_mid|path_len_bin=long|num_obstacles_bin=2|max_blockage_bin=low|medhigh_count_bin=0|pair_side_mode=center_involved|min_pair_dist_bin=very_close,False,1,1,0,0.0,0.0,none,0,-4.849405199865101,4.0,"{""success"": 1}",{},"{""collision_rod_early"": 0.0, ""collision_rod_late"": 0.0, ""collision_rod_mid"": 0.0, ""collision_tblock_early"": 0.0, ""collision_tblock_late"": 0.0, ""collision_tblock_mid"": 0.0, ""fall"": 0.0, ""timeout"": 0.0}"
layout_basic,start_region=x_pos__y_neg|path_len_bin=long|num_obstacles_bin=2|max_blockage_bin=low|medhigh_count_bin=0|pair_side_mode=center_involved|min_pair_dist_bin=very_close,False,1,1,0,0.0,0.0,none,0,-6.346177232916956,4.0,"{""success"": 1}",{},"{""collision_rod_early"": 0.0, ""collision_rod_late"": 0.0, ""collision_rod_mid"": 0.0, ""collision_tblock_early"": 0.0, ""collision_tblock_late"": 0.0, ""collision_tblock_mid"": 0.0, ""fall"": 0.0, ""timeout"": 0.0}"
layout_basic,start_region=x_pos__y_neg|path_len_bin=medium|num_obstacles_bin=2|max_blockage_bin=medium|medhigh_count_bin=1|pair_side_mode=same_side|min_pair_dist_bin=close,False,1,1,0,0.0,0.0,none,0,-2.5747416133076775,4.0,"{""success"": 1}",{},"{""collision_rod_early"": 0.0, ""collision_rod_late"": 0.0, ""collision_rod_mid"": 0.0, ""collision_tblock_early"": 0.0, ""collision_tblock_late"": 0.0, ""collision_tblock_mid"": 0.0, ""fall"": 0.0, ""timeout"": 0.0}"
layout_basic,start_region=x_pos__y_mid|path_len_bin=medium|num_obstacles_bin=2|max_blockage_bin=medium|medhigh_count_bin=1|pair_side_mode=same_side|min_pair_dist_bin=very_close,False,1,1,0,0.0,0.0,none,0,-7.546316838231846,4.0,"{""success"": 1}",{},"{""collision_rod_early"": 0.0, ""collision_rod_late"": 0.0, ""collision_rod_mid"": 0.0, ""collision_tblock_early"": 0.0, ""collision_tblock_late"": 0.0, ""collision_tblock_mid"": 0.0, ""fall"": 0.0, ""timeout"": 0.0}"
layout_basic,start_region=x_mid__y_neg|path_len_bin=medium|num_obstacles_bin=2|max_blockage_bin=low|medhigh_count_bin=0|pair_side_mode=opposite_side|min_pair_dist_bin=very_close,False,1,1,0,0.0,0.0,none,0,-4.394154045837874,4.0,"{""success"": 1}",{},"{""collision_rod_early"": 0.0, ""collision_rod_late"": 0.0, ""collision_rod_mid"": 0.0, ""collision_tblock_early"": 0.0, ""collision_tblock_late"": 0.0, ""collision_tblock_mid"": 0.0, ""fall"": 0.0, ""timeout"": 0.0}"
layout_basic,start_region=x_neg__y_neg|path_len_bin=medium|num_obstacles_bin=2|max_blockage_bin=low|medhigh_count_bin=0|pair_side_mode=opposite_side|min_pair_dist_bin=medium,False,1,1,0,0.0,0.0,none,0,-11.6431246671003,4.0,"{""success"": 1}",{},"{""collision_rod_early"": 0.0, ""collision_rod_late"": 0.0, ""collision_rod_mid"": 0.0, ""collision_tblock_early"": 0.0, ""collision_tblock_late"": 0.0, ""collision_tblock_mid"": 0.0, ""fall"": 0.0, ""timeout"": 0.0}"
layout_path_conditioned,start_region=x_pos__y_pos|path_angle_bin=sector_1|path_len_bin=long|near_count_bin=1|medhigh_count_bin=1|pair_side_mode=opposite_side,True,222,2,220,0.990990990990991,3.0460143852156354,collision_tblock_early,220,-10.320839498824078,1.045045045045045,"{""collision"": 220, ""success"": 2}","{""collision_tblock_early"": 220}","{""collision_rod_early"": 0.0, ""collision_rod_late"": 0.0, ""collision_rod_mid"": 0.0, ""collision_tblock_early"": 5.934589930903738, ""collision_tblock_late"": 0.0, ""collision_tblock_mid"": 0.0, ""fall"": 0.0, ""timeout"": 0.0}"
layout_path_conditioned,start_region=x_pos__y_pos|path_angle_bin=sector_0|path_len_bin=long|near_count_bin=0|medhigh_count_bin=1|pair_side_mode=center_involved,True,174,2,172,0.9885057471264368,3.0383754776665057,collision_tblock_early,172,-10.224789372512998,1.028735632183908,"{""collision"": 172, ""success"": 2}","{""collision_tblock_early"": 172}","{""collision_rod_early"": 0.0, ""collision_rod_late"": 0.0, ""collision_rod_mid"": 0.0, ""collision_tblock_early"": 5.919706946751003, ""collision_tblock_late"": 0.0, ""collision_tblock_mid"": 0.0, ""fall"": 0.0, ""timeout"": 0.0}"
layout_path_conditioned,start_region=x_neg__y_pos|path_angle_bin=sector_3|path_len_bin=long|near_count_bin=1|medhigh_count_bin=1|pair_side_mode=opposite_side,True,159,2,157,0.9874213836477987,3.035042463759456,collision_tblock_early,156,-10.357412750553914,1.0817610062893082,"{""collision"": 157, ""success"": 2}","{""collision_rod_early"": 1, ""collision_tblock_early"": 156}","{""collision_rod_early"": 0.19831489000344985, ""collision_rod_late"": 0.0, ""collision_rod_mid"": 0.0, ""collision_tblock_early"": 5.875549413580854, ""collision_tblock_late"": 0.0, ""collision_tblock_mid"": 0.0, ""fall"": 0.0, ""timeout"": 0.0}"
layout_path_conditioned,start_region=x_pos__y_pos|path_angle_bin=sector_0|path_len_bin=long|near_count_bin=1|medhigh_count_bin=1|pair_side_mode=opposite_side,True,234,4,230,0.9829059829059829,3.0211634520029205,collision_tblock_early,229,-10.240904416378601,1.064102564102564,"{""collision"": 230, ""success"": 4}","{""collision_rod_early"": 1, ""collision_tblock_early"": 229}","{""collision_rod_early"": 0.13475242525875436, ""collision_rod_late"": 0.0, ""collision_rod_mid"": 0.0, ""collision_tblock_early"": 5.860580476054472, ""collision_tblock_late"": 0.0, ""collision_tblock_mid"": 0.0, ""fall"": 0.0, ""timeout"": 0.0}"
layout_path_conditioned,start_region=x_pos__y_neg|path_angle_bin=sector_6|path_len_bin=long|near_count_bin=1|medhigh_count_bin=1|pair_side_mode=opposite_side,True,149,3,146,0.9798657718120806,3.011818738670201,collision_tblock_early,143,-10.245255068711732,1.0671140939597314,"{""collision"": 146, ""success"": 3}","{""collision_rod_early"": 3, ""collision_tblock_early"": 143}","{""collision_rod_early"": 0.6348738424942656, ""collision_rod_late"": 0.0, ""collision_rod_mid"": 0.0, ""collision_tblock_early"": 5.747391456573217, ""collision_tblock_late"": 0.0, ""collision_tblock_mid"": 0.0, ""fall"": 0.0, ""timeout"": 0.0}"
layout_path_conditioned,start_region=x_pos__y_neg|path_angle_bin=sector_7|path_len_bin=long|near_count_bin=1|medhigh_count_bin=1|pair_side_mode=opposite_side,True,144,3,141,0.9791666666666666,3.0096698953920398,collision_tblock_early,141,-10.315400158593983,1.1041666666666667,"{""collision"": 141, ""success"": 3}","{""collision_tblock_early"": 141}","{""collision_rod_early"": 0.0, ""collision_rod_late"": 0.0, ""collision_rod_mid"": 0.0, ""collision_tblock_early"": 5.863779482864546, ""collision_tblock_late"": 0.0, ""collision_tblock_mid"": 0.0, ""fall"": 0.0, ""timeout"": 0.0}"
layout_path_conditioned,start_region=x_neg__y_pos|path_angle_bin=sector_2|path_len_bin=long|near_count_bin=1|medhigh_count_bin=1|pair_side_mode=opposite_side,True,141,6,135,0.9574468085106383,2.9429094495458603,collision_tblock_early,135,-10.12910745950335,1.1347517730496455,"{""collision"": 135, ""success"": 6}","{""collision_tblock_early"": 135}","{""collision_rod_early"": 0.0, ""collision_rod_late"": 0.0, ""collision_rod_mid"": 0.0, ""collision_tblock_early"": 5.733709227246455, ""collision_tblock_late"": 0.0, ""collision_tblock_mid"": 0.0, ""fall"": 0.0, ""timeout"": 0.0}"
layout_path_conditioned,start_region=x_pos__y_pos|path_angle_bin=sector_1|path_len_bin=long|near_count_bin=0|medhigh_count_bin=1|pair_side_mode=center_involved,True,198,13,185,0.9343434343434344,2.8718964830304445,collision_tblock_early,185,-9.948201411104527,1.1414141414141414,"{""collision"": 185, ""success"": 13}","{""collision_tblock_early"": 185}","{""collision_rod_early"": 0.0, ""collision_rod_late"": 0.0, ""collision_rod_mid"": 0.0, ""collision_tblock_early"": 5.595353729619296, ""collision_tblock_late"": 0.0, ""collision_tblock_mid"": 0.0, ""fall"": 0.0, ""timeout"": 0.0}"
layout_path_conditioned,start_region=x_pos__y_neg|path_angle_bin=sector_6|path_len_bin=long|near_count_bin=1|medhigh_count_bin=1|pair_side_mode=same_side,True,166,18,148,0.891566265060241,2.7404120657350743,collision_tblock_early,148,-9.882877769336224,1.3433734939759037,"{""collision"": 148, ""success"": 18}","{""collision_tblock_early"": 148}","{""collision_rod_early"": 0.0, ""collision_rod_late"": 0.0, ""collision_rod_mid"": 0.0, ""collision_tblock_early"": 5.3391809082632316, ""collision_tblock_late"": 0.0, ""collision_tblock_mid"": 0.0, ""fall"": 0.0, ""timeout"": 0.0}"
layout_path_conditioned,start_region=x_pos__y_pos|path_angle_bin=sector_0|path_len_bin=long|near_count_bin=1|medhigh_count_bin=1|pair_side_mode=same_side,True,259,32,227,0.8764478764478765,2.6939425926387637,collision_tblock_early,225,-9.776777362372563,1.420849420849421,"{""collision"": 227, ""success"": 32}","{""collision_rod_early"": 2, ""collision_tblock_early"": 225}","{""collision_rod_early"": 0.2434908688073245, ""collision_rod_late"": 0.0, ""collision_rod_mid"": 0.0, ""collision_tblock_early"": 5.202400264103926, ""collision_tblock_late"": 0.0, ""collision_tblock_mid"": 0.0, ""fall"": 0.0, ""timeout"": 0.0}"
layout_path_conditioned,start_region=x_neg__y_pos|path_angle_bin=sector_2|path_len_bin=long|near_count_bin=1|medhigh_count_bin=1|pair_side_mode=same_side,True,159,21,138,0.8679245283018868,2.667744331202579,collision_tblock_early,138,-9.456587978103714,1.3333333333333333,"{""collision"": 138, ""success"": 21}","{""collision_tblock_early"": 138}","{""collision_rod_early"": 0.0, ""collision_rod_late"": 0.0, ""collision_rod_mid"": 0.0, ""collision_tblock_early"": 5.197601404321524, ""collision_tblock_late"": 0.0, ""collision_tblock_mid"": 0.0, ""fall"": 0.0, ""timeout"": 0.0}"
layout_path_conditioned,start_region=x_neg__y_pos|path_angle_bin=sector_3|path_len_bin=long|near_count_bin=1|medhigh_count_bin=1|pair_side_mode=same_side,True,141,19,122,0.8652482269503546,2.6595181692192225,collision_tblock_early,119,-9.665341794985112,1.4539007092198581,"{""collision"": 121, ""success"": 19, ""timeout"": 1}","{""collision_rod_early"": 1, ""collision_rod_mid"": 1, ""collision_tblock_early"": 119, ""timeout"": 1}","{""collision_rod_early"": 0.22363168447197534, ""collision_rod_late"": 0.0, ""collision_rod_mid"": 1.1910271734799587, ""collision_tblock_early"": 5.054158504017245, ""collision_tblock_late"": 0.0, ""collision_tblock_mid"": 0.0, ""fall"": 0.0, ""timeout"": 0.0635500110549858}"
layout_path_conditioned,start_region=x_pos__y_neg|path_angle_bin=sector_7|path_len_bin=long|near_count_bin=1|medhigh_count_bin=1|pair_side_mode=same_side,True,193,35,158,0.8186528497409327,2.5162977055069153,collision_tblock_early,157,-9.262588501064583,1.5181347150259068,"{""collision"": 158, ""success"": 35}","{""collision_rod_mid"": 1, ""collision_tblock_early"": 157}","{""collision_rod_early"": 0.0, ""collision_rod_late"": 0.0, ""collision_rod_mid"": 0.8701286604180009, ""collision_tblock_early"": 4.871507240973124, ""collision_tblock_late"": 0.0, ""collision_tblock_mid"": 0.0, ""fall"": 0.0, ""timeout"": 0.0}"
layout_path_conditioned,start_region=x_pos__y_pos|path_angle_bin=sector_1|path_len_bin=long|near_count_bin=1|medhigh_count_bin=1|pair_side_mode=same_side,True,237,49,188,0.7932489451476793,2.4382135861403866,collision_tblock_early,185,-9.350351297032887,1.6919831223628692,"{""collision"": 185, ""success"": 49, ""timeout"": 3}","{""collision_tblock_early"": 185, ""timeout"": 3}","{""collision_rod_early"": 0.0, ""collision_rod_late"": 0.0, ""collision_rod_mid"": 0.0, ""collision_tblock_early"": 4.67459931841612, ""collision_tblock_late"": 0.0, ""collision_tblock_mid"": 0.0, ""fall"": 0.0, ""timeout"": 0.1134247032753544}"
layout_path_conditioned,start_region=x_neg__y_pos|path_angle_bin=sector_2|path_len_bin=long|near_count_bin=1|medhigh_count_bin=0|pair_side_mode=opposite_side,True,111,30,81,0.7297297297297297,2.2429742291133317,collision_tblock_early,59,-10.488483018429255,3.2612612612612613,"{""collision"": 60, ""fall"": 4, ""success"": 30, ""timeout"": 17}","{""collision_rod_early"": 1, ""collision_tblock_early"": 59, ""fall"": 4, ""timeout"": 17}","{""collision_rod_early"": 0.28407268027521193, ""collision_rod_late"": 0.0, ""collision_rod_mid"": 0.0, ""collision_tblock_early"": 3.18309823566655, ""collision_tblock_late"": 0.0, ""collision_tblock_mid"": 0.0, ""fall"": 7.991124655813083, ""timeout"": 1.372336725214423}"
layout_path_conditioned,start_region=x_pos__y_neg|path_angle_bin=sector_6|path_len_bin=long|near_count_bin=1|medhigh_count_bin=0|pair_side_mode=opposite_side,True,102,31,71,0.696078431372549,2.1395400507918385,collision_tblock_early,47,-9.844901074408718,3.9215686274509802,"{""collision"": 47, ""fall"": 1, ""success"": 31, ""timeout"": 23}","{""collision_tblock_early"": 47, ""fall"": 1, ""timeout"": 23}","{""collision_rod_early"": 0.0, ""collision_rod_late"": 0.0, ""collision_rod_mid"": 0.0, ""collision_tblock_early"": 2.75942563899508, ""collision_tblock_late"": 0.0, ""collision_tblock_mid"": 0.0, ""fall"": 2.174055972537383, ""timeout"": 2.0205165279541077}"
layout_path_conditioned,start_region=x_neg__y_pos|path_angle_bin=sector_3|path_len_bin=long|near_count_bin=1|medhigh_count_bin=0|pair_side_mode=opposite_side,True,105,42,63,0.6,1.8442232550487394,collision_tblock_early,46,-9.030063275474099,3.0095238095238095,"{""collision"": 49, ""fall"": 3, ""success"": 42, ""timeout"": 11}","{""collision_rod_early"": 2, ""collision_tblock_early"": 46, ""collision_tblock_mid"": 1, ""fall"": 3, ""timeout"": 11}","{""collision_rod_early"": 0.6006108097247338, ""collision_rod_late"": 0.0, ""collision_rod_mid"": 0.0, ""collision_tblock_early"": 2.6235511850384836, ""collision_tblock_late"": 0.0, ""collision_tblock_mid"": 3.4053770790612896, ""fall"": 6.335820262823231, ""timeout"": 0.938724449012219}"
layout_path_conditioned,start_region=x_neg__y_pos|path_angle_bin=sector_2|path_len_bin=long|near_count_bin=0|medhigh_count_bin=0|pair_side_mode=opposite_side,True,1913,1010,903,0.47203345530580243,1.4508917923932843,collision_tblock_early,572,-7.982290528779004,3.5206481965499217,"{""collision"": 674, ""fall"": 29, ""success"": 1010, ""timeout"": 200}","{""collision_rod_early"": 92, ""collision_rod_late"": 1, ""collision_rod_mid"": 2, ""collision_tblock_early"": 572, ""collision_tblock_late"": 2, ""collision_tblock_mid"": 5, ""fall"": 29, ""timeout"": 200}","{""collision_rod_early"": 1.5164402566494848, ""collision_rod_late"": 0.488310245687402, ""collision_rod_mid"": 0.1755722231685041, ""collision_tblock_early"": 1.7906143795701188, ""collision_tblock_late"": 1.4741441379242324, ""collision_tblock_mid"": 0.9345650635165588, ""fall"": 3.361661038560156, ""timeout"": 0.9368062267384211}"
layout_path_conditioned,start_region=x_neg__y_pos|path_angle_bin=sector_3|path_len_bin=long|near_count_bin=1|medhigh_count_bin=0|pair_side_mode=same_side,True,106,57,49,0.46226415094339623,1.4208638285752868,timeout,23,-9.23603468032939,4.226415094339623,"{""collision"": 25, ""fall"": 1, ""success"": 57, ""timeout"": 23}","{""collision_rod_early"": 2, ""collision_tblock_early"": 23, ""fall"": 1, ""timeout"": 23}","{""collision_rod_early"": 0.5949446700103496, ""collision_rod_late"": 0.0, ""collision_rod_mid"": 0.0, ""collision_tblock_early"": 1.299400351080381, ""collision_tblock_late"": 0.0, ""collision_tblock_mid"": 0.0, ""fall"": 2.0920161245171043, ""timeout"": 1.944270621238858}"
layout_path_conditioned,start_region=x_pos__y_pos|path_angle_bin=sector_0|path_len_bin=long|near_count_bin=0|medhigh_count_bin=0|pair_side_mode=opposite_side,True,1784,995,789,0.4422645739910314,1.3593910203974733,collision_tblock_early,477,-7.640376875012089,3.7600896860986546,"{""collision"": 564, ""fall"": 4, ""success"": 995, ""timeout"": 221}","{""collision_rod_early"": 66, ""collision_rod_late"": 1, ""collision_rod_mid"": 13, ""collision_tblock_early"": 477, ""collision_tblock_late"": 1, ""collision_tblock_mid"": 6, ""fall"": 4, ""timeout"": 221}","{""collision_rod_early"": 1.1665450984844183, ""collision_rod_late"": 0.5236196748878924, ""collision_rod_mid"": 1.2237403637829396, ""collision_tblock_early"": 1.6011961530348564, ""collision_tblock_late"": 0.7903693205854979, ""collision_tblock_mid"": 1.2025715021348724, ""fall"": 0.4972056260063073, ""timeout"": 1.1100234834553881}"
layout_path_conditioned,start_region=x_neg__y_neg|path_angle_bin=sector_4|path_len_bin=long|near_count_bin=1|medhigh_count_bin=0|pair_side_mode=opposite_side,True,113,64,49,0.4336283185840708,1.3328457153007114,collision_tblock_early,23,-7.605375755304408,4.106194690265487,"{""collision"": 30, ""success"": 64, ""timeout"": 19}","{""collision_rod_early"": 6, ""collision_rod_mid"": 1, ""collision_tblock_early"": 23, ""timeout"": 19}","{""collision_rod_early"": 1.6742690713565587, ""collision_rod_late"": 0.0, ""collision_rod_mid"": 1.4861489509794175, ""collision_tblock_early"": 1.2189065240223043, ""collision_tblock_late"": 0.0, ""collision_tblock_mid"": 0.0, ""fall"": 0.0, ""timeout"": 1.5066414125336898}"
layout_path_conditioned,start_region=x_pos__y_pos|path_angle_bin=sector_1|path_len_bin=long|near_count_bin=0|medhigh_count_bin=0|pair_side_mode=opposite_side,True,1817,1052,765,0.42102366538249864,1.2941027243737715,collision_tblock_early,479,-7.7600065581489135,3.536048431480462,"{""collision"": 582, ""fall"": 8, ""success"": 1052, ""timeout"": 175}","{""collision_rod_early"": 75, ""collision_rod_late"": 4, ""collision_rod_mid"": 16, ""collision_tblock_early"": 479, ""collision_tblock_late"": 2, ""collision_tblock_mid"": 6, ""fall"": 8, ""timeout"": 175}","{""collision_rod_early"": 1.3015437882725038, ""collision_rod_late"": 2.056439185470556, ""collision_rod_mid"": 1.4787877288777032, ""collision_tblock_early"": 1.5787072198740222, ""collision_tblock_late"": 1.552029573940042, ""collision_tblock_mid"": 1.1807306328060607, ""fall"": 0.9763509485913618, ""timeout"": 0.8630140466603052}"
layout_path_conditioned,start_region=x_neg__y_neg|path_angle_bin=sector_5|path_len_bin=long|near_count_bin=1|medhigh_count_bin=0|pair_side_mode=opposite_side,True,100,58,42,0.42,1.2909562785341175,collision_tblock_early,21,-7.33111860855573,4.07,"{""collision"": 28, ""success"": 58, ""timeout"": 14}","{""collision_rod_early"": 4, ""collision_rod_mid"": 2, ""collision_tblock_early"": 21, ""collision_tblock_late"": 1, ""timeout"": 14}","{""collision_rod_early"": 1.261282700421941, ""collision_rod_late"": 0.0, ""collision_rod_mid"": 3.3586966292134837, ""collision_tblock_early"": 1.2575935571760557, ""collision_tblock_late"": 14.100188679245283, ""collision_tblock_mid"": 0.0, ""fall"": 0.0, ""timeout"": 1.2544772182254196}"
layout_path_conditioned,start_region=x_pos__y_neg|path_angle_bin=sector_7|path_len_bin=long|near_count_bin=0|medhigh_count_bin=0|pair_side_mode=opposite_side,True,2011,1178,833,0.4142217802088513,1.2731957330147523,collision_tblock_early,492,-8.136635065287003,3.875683739433118,"{""collision"": 611, ""fall"": 15, ""success"": 1178, ""timeout"": 207}","{""collision_rod_early"": 86, ""collision_rod_late"": 1, ""collision_rod_mid"": 21, ""collision_tblock_early"": 492, ""collision_tblock_late"": 1, ""collision_tblock_mid"": 10, ""fall"": 15, ""timeout"": 207}","{""collision_rod_early"": 1.3484623599737309, ""collision_rod_late"": 0.4645139234211835, ""collision_rod_mid"": 1.7536705423541312, ""collision_tblock_early"": 1.4651228484540253, ""collision_tblock_late"": 0.7011530919565034, ""collision_tblock_mid"": 1.7780437260140995, ""fall"": 1.6540555136659356, ""timeout"": 0.9223441932679615}"
layout_path_conditioned,start_region=x_mid__y_pos|path_angle_bin=sector_1|path_len_bin=long|near_count_bin=0|medhigh_count_bin=0|pair_side_mode=opposite_side,True,1320,807,513,0.3886363636363636,1.1945536992929335,collision_tblock_early,321,-7.12259932319968,3.253787878787879,"{""collision"": 415, ""fall"": 5, ""success"": 807, ""timeout"": 93}","{""collision_rod_early"": 85, ""collision_rod_late"": 1, ""collision_rod_mid"": 2, ""collision_tblock_early"": 321, ""collision_tblock_mid"": 6, ""fall"": 5, ""timeout"": 93}","{""collision_rod_early"": 2.030474044239867, ""collision_rod_late"": 0.7076799242424243, ""collision_rod_mid"": 0.25444671433435484, ""collision_tblock_early"": 1.456304227465779, ""collision_tblock_late"": 0.0, ""collision_tblock_mid"": 1.6252936059156156, ""fall"": 0.8399761712076254, ""timeout"": 0.6313115870939613}"
layout_path_conditioned,start_region=x_pos__y_mid|path_angle_bin=sector_0|path_len_bin=long|near_count_bin=0|medhigh_count_bin=0|pair_side_mode=opposite_side,True,1389,854,535,0.3851691864650828,1.1838966180118498,collision_tblock_early,286,-7.197408186458057,3.9287257019438444,"{""collision"": 369, ""fall"": 1, ""success"": 854, ""timeout"": 165}","{""collision_rod_early"": 62, ""collision_rod_late"": 4, ""collision_rod_mid"": 12, ""collision_tblock_early"": 286, ""collision_tblock_late"": 3, ""collision_tblock_mid"": 2, ""fall"": 1, ""timeout"": 165}","{""collision_rod_early"": 1.4074788953592572, ""collision_rod_late"": 2.6901007919366453, ""collision_rod_mid"": 1.4508408765501009, ""collision_tblock_early"": 1.2330616659890705, ""collision_tblock_late"": 3.0453971229471457, ""collision_tblock_mid"": 0.5148518262079703, ""fall"": 0.15964989863125492, ""timeout"": 1.0644283709101832}"
layout_path_conditioned,start_region=x_pos__y_mid|path_angle_bin=sector_7|path_len_bin=long|near_count_bin=0|medhigh_count_bin=0|pair_side_mode=opposite_side,True,1344,837,507,0.37723214285714285,1.1595004840150185,collision_tblock_early,260,-7.192280441586147,4.021577380952381,"{""collision"": 326, ""fall"": 3, ""success"": 837, ""timeout"": 178}","{""collision_rod_early"": 50, ""collision_rod_late"": 3, ""collision_rod_mid"": 11, ""collision_tblock_early"": 260, ""collision_tblock_late"": 1, ""collision_tblock_mid"": 1, ""fall"": 3, ""timeout"": 178}","{""collision_rod_early"": 1.1730679877436208, ""collision_rod_late"": 2.085128348214286, ""collision_rod_mid"": 1.374466626538256, ""collision_tblock_early"": 1.1584974662194392, ""collision_tblock_late"": 1.0491211814914645, ""collision_tblock_mid"": 0.26604508430166324, ""fall"": 0.4949859580330649, ""timeout"": 1.1867397153705608}"
layout_path_conditioned,start_region=x_mid__y_pos|path_angle_bin=sector_2|path_len_bin=long|near_count_bin=0|medhigh_count_bin=0|pair_side_mode=opposite_side,True,1380,862,518,0.3753623188405797,1.1537531957913612,collision_tblock_early,322,-7.046178191025335,3.4405797101449274,"{""collision"": 405, ""fall"": 9, ""success"": 862, ""timeout"": 104}","{""collision_rod_early"": 74, ""collision_rod_late"": 1, ""collision_rod_mid"": 4, ""collision_tblock_early"": 322, ""collision_tblock_mid"": 4, ""fall"": 9, ""timeout"": 104}","{""collision_rod_early"": 1.6908499969424573, ""collision_rod_late"": 0.6769112318840581, ""collision_rod_mid"": 0.486767627422244, ""collision_tblock_early"": 1.397326174640062, ""collision_tblock_late"": 0.0, ""collision_tblock_mid"": 1.0364191110186534, ""fall"": 1.4462198426009547, ""timeout"": 0.675287943558197}"
layout_path_conditioned,start_region=x_neg__y_pos|path_angle_bin=sector_3|path_len_bin=long|near_count_bin=0|medhigh_count_bin=0|pair_side_mode=opposite_side,True,1861,1169,692,0.37184309511015584,1.1429361387190826,collision_tblock_early,347,-7.135475485236353,3.940354648038689,"{""collision"": 433, ""fall"": 21, ""success"": 1169, ""timeout"": 238}","{""collision_rod_early"": 66, ""collision_rod_late"": 3, ""collision_rod_mid"": 6, ""collision_tblock_early"": 347, ""collision_tblock_late"": 1, ""collision_tblock_mid"": 10, ""fall"": 21, ""timeout"": 238}","{""collision_rod_early"": 1.1182785898421292, ""collision_rod_late"": 1.5058637829124126, ""collision_rod_mid"": 0.5414341691370472, ""collision_tblock_early"": 1.1166166790514351, ""collision_tblock_late"": 0.7576673121571887, ""collision_tblock_mid"": 1.9213572987718184, ""fall"": 2.5023255739790833, ""timeout"": 1.1459490977878632}"
layout_path_conditioned,start_region=x_neg__y_neg|path_angle_bin=sector_4|path_len_bin=long|near_count_bin=1|medhigh_count_bin=0|pair_side_mode=same_side,True,128,83,45,0.3515625,1.0805995635051207,timeout,20,-6.500553664230262,4.0859375,"{""collision"": 24, ""fall"": 1, ""success"": 83, ""timeout"": 20}","{""collision_rod_early"": 4, ""collision_tblock_early"": 19, ""collision_tblock_mid"": 1, ""fall"": 1, ""timeout"": 20}","{""collision_rod_early"": 0.9853771097046413, ""collision_rod_late"": 0.0, ""collision_rod_mid"": 0.0, ""collision_tblock_early"": 0.8889240173491465, ""collision_tblock_late"": 0.0, ""collision_tblock_mid"": 2.793473385167464, ""fall"": 1.732450853115727, ""timeout"": 1.4000861810551557}"
layout_path_conditioned,start_region=x_neg__y_neg|path_angle_bin=sector_5|path_len_bin=long|near_count_bin=0|medhigh_count_bin=0|pair_side_mode=opposite_side,True,2154,1398,756,0.35097493036211697,1.0787935475215467,collision_tblock_early,283,-7.0678041181421545,4.028319405756732,"{""collision"": 489, ""fall"": 8, ""success"": 1398, ""timeout"": 259}","{""collision_rod_early"": 153, ""collision_rod_late"": 5, ""collision_rod_mid"": 41, ""collision_tblock_early"": 283, ""collision_tblock_mid"": 7, ""fall"": 8, ""timeout"": 259}","{""collision_rod_early"": 2.239742956877402, ""collision_rod_late"": 2.1683785979572887, ""collision_rod_mid"": 3.1965311466516435, ""collision_tblock_early"": 0.7867952793934293, ""collision_tblock_late"": 0.0, ""collision_tblock_mid"": 1.1620019280919442, ""fall"": 0.8235978057523233, ""timeout"": 1.077429365699641}"
layout_path_conditioned,start_region=x_neg__y_neg|path_angle_bin=sector_4|path_len_bin=long|near_count_bin=0|medhigh_count_bin=0|pair_side_mode=opposite_side,True,2122,1387,735,0.34637134778510836,1.064643490779786,collision_tblock_early,311,-6.679021701738886,3.912818096135721,"{""collision"": 473, ""fall"": 5, ""success"": 1387, ""timeout"": 257}","{""collision_rod_early"": 127, ""collision_rod_late"": 7, ""collision_rod_mid"": 25, ""collision_tblock_early"": 311, ""collision_tblock_late"": 1, ""collision_tblock_mid"": 2, ""fall"": 5, ""timeout"": 257}","{""collision_rod_early"": 1.887168979189285, ""collision_rod_late"": 3.0815091894439206, ""collision_rod_mid"": 1.9784970718741064, ""collision_tblock_early"": 0.8776796290151998, ""collision_tblock_late"": 0.664476375082247, ""collision_tblock_mid"": 0.3370071567402784, ""fall"": 0.5225110961329242, ""timeout"": 1.085231739208068}"
layout_path_conditioned,start_region=x_pos__y_neg|path_angle_bin=sector_6|path_len_bin=long|near_count_bin=0|medhigh_count_bin=0|pair_side_mode=opposite_side,True,1875,1229,646,0.34453333333333336,1.0589939757879872,collision_tblock_early,319,-7.255363950695547,4.034133333333333,"{""collision"": 420, ""fall"": 16, ""success"": 1229, ""timeout"": 210}","{""collision_rod_early"": 78, ""collision_rod_late"": 2, ""collision_rod_mid"": 15, ""collision_tblock_early"": 319, ""collision_tblock_late"": 2, ""collision_tblock_mid"": 4, ""fall"": 16, ""timeout"": 210}","{""collision_rod_early"": 1.3117340084388187, ""collision_rod_late"": 0.9964133333333334, ""collision_rod_mid"": 1.3434786516853932, ""collision_tblock_early"": 1.0188503993375537, ""collision_tblock_late"": 1.5040201257861634, ""collision_tblock_mid"": 0.7628044657097288, ""fall"": 1.892298318496538, ""timeout"": 1.0035817745803357}"
layout_path_conditioned,start_region=x_neg__y_neg|path_angle_bin=sector_5|path_len_bin=long|near_count_bin=1|medhigh_count_bin=0|pair_side_mode=same_side,True,126,85,41,0.3253968253968254,1.0001739875264326,collision_tblock_early,19,-6.994814465962432,4.150793650793651,"{""collision"": 25, ""success"": 85, ""timeout"": 16}","{""collision_rod_early"": 3, ""collision_rod_mid"": 1, ""collision_tblock_early"": 19, ""collision_tblock_late"": 2, ""timeout"": 16}","{""collision_rod_early"": 0.7507635121559172, ""collision_rod_late"": 0.0, ""collision_rod_mid"": 1.3328161227037632, ""collision_tblock_early"": 0.9030339223864345, ""collision_tblock_late"": 22.38125187181791, ""collision_tblock_mid"": 0.0, ""fall"": 0.0, ""timeout"": 1.1378478169845077}"
layout_path_conditioned,start_region=x_neg__y_pos|path_angle_bin=sector_2|path_len_bin=long|near_count_bin=0|medhigh_count_bin=0|pair_side_mode=same_side,True,1731,1187,544,0.3142692085499711,0.9659709712560314,collision_tblock_early,262,-6.544428373509516,3.9942229924898904,"{""collision"": 307, ""fall"": 16, ""success"": 1187, ""timeout"": 221}","{""collision_rod_early"": 39, ""collision_rod_mid"": 4, ""collision_tblock_early"": 262, ""collision_tblock_mid"": 2, ""fall"": 16, ""timeout"": 221}","{""collision_rod_early"": 0.7104278641891348, ""collision_rod_late"": 0.0, ""collision_rod_mid"": 0.3880643130229328, ""collision_tblock_early"": 0.906411135815044, ""collision_tblock_late"": 0.0, ""collision_tblock_mid"": 0.41313066817034705, ""fall"": 2.049716549497983, ""timeout"": 1.144010337657084}"
layout_path_conditioned,start_region=x_pos__y_pos|path_angle_bin=sector_1|path_len_bin=medium|near_count_bin=0|medhigh_count_bin=0|pair_side_mode=opposite_side,True,134,93,41,0.30597014925373134,0.9404621076741083,collision_tblock_early,23,-5.72791510730103,3.708955223880597,"{""collision"": 28, ""success"": 93, ""timeout"": 13}","{""collision_rod_early"": 5, ""collision_tblock_early"": 23, ""timeout"": 13}","{""collision_rod_early"": 1.1765696832294223, ""collision_rod_late"": 0.0, ""collision_rod_mid"": 0.0, ""collision_tblock_early"": 1.0278838598098536, ""collision_tblock_late"": 0.0, ""collision_tblock_mid"": 0.0, ""fall"": 0.0, ""timeout"": 0.8693072407745446}"
layout_path_conditioned,start_region=x_pos__y_pos|path_angle_bin=sector_1|path_len_bin=long|near_count_bin=0|medhigh_count_bin=0|pair_side_mode=same_side,True,1458,1013,445,0.3052126200274348,0.9381336859815832,collision_tblock_early,200,-7.029875525664112,4.0562414266117965,"{""collision"": 258, ""fall"": 5, ""success"": 1013, ""timeout"": 182}","{""collision_rod_early"": 43, ""collision_rod_mid"": 7, ""collision_tblock_early"": 200, ""collision_tblock_late"": 1, ""collision_tblock_mid"": 7, ""fall"": 5, ""timeout"": 182}","{""collision_rod_early"": 0.929958095304243, ""collision_rod_late"": 0.0, ""collision_rod_mid"": 0.8062714816356098, ""collision_tblock_early"": 0.8214733536978613, ""collision_tblock_late"": 0.9670911302637368, ""collision_tblock_mid"": 1.7167024369753414, ""fall"": 0.7604722537682204, ""timeout"": 1.1185324991035979}"
layout_path_conditioned,start_region=x_mid__y_pos|path_angle_bin=sector_2|path_len_bin=medium|near_count_bin=0|medhigh_count_bin=0|pair_side_mode=opposite_side,True,1035,730,305,0.2946859903381642,0.905777927197851,collision_tblock_early,142,-6.112460412028433,3.6077294685990338,"{""collision"": 213, ""fall"": 2, ""success"": 730, ""timeout"": 90}","{""collision_rod_early"": 60, ""collision_rod_mid"": 8, ""collision_tblock_early"": 142, ""collision_tblock_mid"": 3, ""fall"": 2, ""timeout"": 90}","{""collision_rod_early"": 1.827945942640494, ""collision_rod_late"": 0.0, ""collision_rod_mid"": 1.2980470064593173, ""collision_tblock_early"": 0.8216162186289391, ""collision_tblock_late"": 0.0, ""collision_tblock_mid"": 1.0364191110186534, ""fall"": 0.4285095829928755, ""timeout"": 0.7791783964133042}"
layout_path_conditioned,start_region=x_pos__y_pos|path_angle_bin=sector_0|path_len_bin=medium|near_count_bin=0|medhigh_count_bin=0|pair_side_mode=opposite_side,True,133,95,38,0.2857142857142857,0.8782015500232092,collision_tblock_early,18,-6.119803697012503,4.097744360902255,"{""collision"": 24, ""fall"": 1, ""success"": 95, ""timeout"": 13}","{""collision_rod_early"": 2, ""collision_rod_late"": 1, ""collision_rod_mid"": 2, ""collision_tblock_early"": 18, ""collision_tblock_mid"": 1, ""fall"": 1, ""timeout"": 13}","{""collision_rod_early"": 0.474166428730053, ""collision_rod_late"": 7.02359022556391, ""collision_rod_mid"": 2.525335811438709, ""collision_tblock_early"": 0.8104791990393485, ""collision_tblock_late"": 0.0, ""collision_tblock_mid"": 2.688455588732597, ""fall"": 1.667321121795587, ""timeout"": 0.8758433854420223}"
layout_path_conditioned,start_region=x_neg__y_neg|path_angle_bin=sector_4|path_len_bin=medium|near_count_bin=0|medhigh_count_bin=0|pair_side_mode=same_side,True,103,74,29,0.2815533980582524,0.8654122070617062,timeout,23,-5.647007328303584,4.58252427184466,"{""collision"": 6, ""success"": 74, ""timeout"": 23}","{""collision_tblock_early"": 6, ""timeout"": 23}","{""collision_rod_early"": 0.0, ""collision_rod_late"": 0.0, ""collision_rod_mid"": 0.0, ""collision_tblock_early"": 0.34884703389072286, ""collision_tblock_late"": 0.0, ""collision_tblock_mid"": 0.0, ""fall"": 0.0, ""timeout"": 2.0008998626341645}"
layout_path_conditioned,start_region=x_pos__y_pos|path_angle_bin=sector_0|path_len_bin=long|near_count_bin=0|medhigh_count_bin=0|pair_side_mode=same_side,True,1457,1056,401,0.27522306108442,0.8459546159626453,collision_tblock_early,188,-6.892982614787529,4.173644474948524,"{""collision"": 250, ""fall"": 2, ""success"": 1056, ""timeout"": 149}","{""collision_rod_early"": 42, ""collision_rod_late"": 1, ""collision_rod_mid"": 12, ""collision_tblock_early"": 188, ""collision_tblock_late"": 1, ""collision_tblock_mid"": 6, ""fall"": 2, ""timeout"": 149}","{""collision_rod_early"": 0.9089545884989967, ""collision_rod_late"": 0.6411376115305423, ""collision_rod_mid"": 1.3831283304928552, ""collision_tblock_early"": 0.7727149352848269, ""collision_tblock_late"": 0.9677548853291204, ""collision_tblock_mid"": 1.472469155668231, ""fall"": 0.3043976790649459, ""timeout"": 0.916350159405763}"
layout_path_conditioned,start_region=x_neg__y_neg|path_angle_bin=sector_4|path_len_bin=long|near_count_bin=0|medhigh_count_bin=0|pair_side_mode=center_involved,True,150,109,41,0.2733333333333333,0.8401461495222035,timeout,20,-6.154969860378468,4.28,"{""collision"": 21, ""success"": 109, ""timeout"": 20}","{""collision_rod_early"": 5, ""collision_rod_mid"": 1, ""collision_tblock_early"": 15, ""timeout"": 20}","{""collision_rod_early"": 1.051068917018284, ""collision_rod_late"": 0.0, ""collision_rod_mid"": 1.1195655430711613, ""collision_tblock_early"": 0.5988540748457409, ""collision_tblock_late"": 0.0, ""collision_tblock_mid"": 0.0, ""fall"": 0.0, ""timeout"": 1.194740207833733}"
layout_path_conditioned,start_region=x_pos__y_mid|path_angle_bin=sector_0|path_len_bin=medium|near_count_bin=0|medhigh_count_bin=0|pair_side_mode=opposite_side,True,1033,751,282,0.27299128751210067,0.8390948014258544,timeout,139,-5.613367671234012,4.1210067763794775,"{""collision"": 141, ""fall"": 2, ""success"": 751, ""timeout"": 139}","{""collision_rod_early"": 44, ""collision_rod_late"": 2, ""collision_rod_mid"": 2, ""collision_tblock_early"": 89, ""collision_tblock_mid"": 4, ""fall"": 2, ""timeout"": 139}","{""collision_rod_early"": 1.3430890323950968, ""collision_rod_late"": 1.808591481122943, ""collision_rod_mid"": 0.32514004155019205, ""collision_tblock_early"": 0.5159536559658368, ""collision_tblock_late"": 0.0, ""collision_tblock_mid"": 1.3845676410510568, ""fall"": 0.42933922400544644, ""timeout"": 1.205727654081962}"
layout_path_conditioned,start_region=x_neg__y_neg|path_angle_bin=sector_5|path_len_bin=long|near_count_bin=0|medhigh_count_bin=0|pair_side_mode=center_involved,True,137,100,37,0.27007299270072993,0.8301248228321576,timeout,19,-6.9849466319435125,4.452554744525547,"{""collision"": 16, ""fall"": 2, ""success"": 100, ""timeout"": 19}","{""collision_rod_early"": 4, ""collision_rod_mid"": 1, ""collision_tblock_early"": 10, ""collision_tblock_mid"": 1, ""fall"": 2, ""timeout"": 19}","{""collision_rod_early"": 0.9206443068773291, ""collision_rod_late"": 0.0, ""collision_rod_mid"": 1.225801689493972, ""collision_tblock_early"": 0.43711976266112473, ""collision_tblock_late"": 0.0, ""collision_tblock_mid"": 2.6099605350469735, ""fall"": 3.2372804262600448, ""timeout"": 1.242704230775963}"
layout_path_conditioned,start_region=x_pos__y_mid|path_angle_bin=sector_7|path_len_bin=medium|near_count_bin=0|medhigh_count_bin=0|pair_side_mode=opposite_side,True,999,730,269,0.26926926926926925,0.827654413760612,timeout,118,-6.019558910236508,4.148148148148148,"{""collision"": 149, ""fall"": 2, ""success"": 730, ""timeout"": 118}","{""collision_rod_early"": 54, ""collision_rod_late"": 2, ""collision_rod_mid"": 8, ""collision_tblock_early"": 83, ""collision_tblock_mid"": 2, ""fall"": 2, ""timeout"": 118}","{""collision_rod_early"": 1.7044360816512716, ""collision_rod_late"": 1.8701451451451452, ""collision_rod_mid"": 1.344823475160554, ""collision_tblock_early"": 0.49754642855051545, ""collision_tblock_late"": 0.0, ""collision_tblock_mid"": 0.7158450316345053, ""fall"": 0.4439513697673935, ""timeout"": 1.0584034874202741}"
layout_path_conditioned,start_region=x_pos__y_neg|path_angle_bin=sector_7|path_len_bin=long|near_count_bin=0|medhigh_count_bin=0|pair_side_mode=same_side,True,1731,1265,466,0.269208549971115,0.8274677805244681,collision_tblock_early,214,-6.803249883183559,4.1421143847487,"{""collision"": 275, ""fall"": 8, ""success"": 1265, ""timeout"": 183}","{""collision_rod_early"": 31, ""collision_rod_late"": 4, ""collision_rod_mid"": 12, ""collision_tblock_early"": 214, ""collision_tblock_late"": 3, ""collision_tblock_mid"": 11, ""fall"": 8, ""timeout"": 183}","{""collision_rod_early"": 0.5646990715349532, ""collision_rod_late"": 2.1586077411900635, ""collision_rod_mid"": 1.1641929390687984, ""collision_tblock_early"": 0.7403510803985472, ""collision_tblock_late"": 2.44370687681894, ""collision_tblock_mid"": 2.2722186749369087, ""fall"": 1.0248582747489916, ""timeout"": 0.9473026777884451}"
layout_path_conditioned,start_region=x_neg__y_mid|path_angle_bin=sector_4|path_len_bin=long|near_count_bin=0|medhigh_count_bin=0|pair_side_mode=opposite_side,True,1253,918,335,0.2673583399840383,0.8217807800496512,timeout,201,-6.312190071207039,4.477254588986432,"{""collision"": 118, ""fall"": 16, ""success"": 918, ""timeout"": 201}","{""collision_rod_early"": 45, ""collision_rod_late"": 3, ""collision_rod_mid"": 14, ""collision_tblock_early"": 53, ""collision_tblock_mid"": 3, ""fall"": 16, ""timeout"": 201}","{""collision_rod_early"": 1.1324365825815512, ""collision_rod_late"": 2.2365622505985634, ""collision_rod_mid"": 1.87636683196284, ""collision_tblock_early"": 0.25330619287170203, ""collision_tblock_late"": 0.0, ""collision_tblock_mid"": 0.8561003830042349, ""fall"": 2.8316515141109413, ""timeout"": 1.437406914053753}"
layout_path_conditioned,start_region=x_pos__y_mid|path_angle_bin=sector_0|path_len_bin=long|near_count_bin=0|medhigh_count_bin=0|pair_side_mode=same_side,True,1190,876,314,0.2638655462184874,0.8110449609037874,collision_tblock_early,166,-6.371845185813264,3.9781512605042018,"{""collision"": 205, ""fall"": 3, ""success"": 876, ""timeout"": 106}","{""collision_rod_early"": 28, ""collision_rod_late"": 1, ""collision_rod_mid"": 6, ""collision_tblock_early"": 166, ""collision_tblock_late"": 2, ""collision_tblock_mid"": 2, ""fall"": 3, ""timeout"": 106}","{""collision_rod_early"": 0.7419310002482006, ""collision_rod_late"": 0.7849894957983194, ""collision_rod_mid"": 0.8467302426588613, ""collision_tblock_early"": 0.8353762724738907, ""collision_tblock_late"": 2.3697796099571904, ""collision_tblock_mid"": 0.6009488963049334, ""fall"": 0.5590429643667556, ""timeout"": 0.7981667775023679}"
layout_path_conditioned,start_region=x_mid__y_pos|path_angle_bin=sector_1|path_len_bin=long|near_count_bin=0|medhigh_count_bin=0|pair_side_mode=same_side,True,1155,851,304,0.2632034632034632,0.8090099127486533,timeout,136,-6.273038742308114,3.914285714285714,"{""collision"": 162, ""fall"": 6, ""success"": 851, ""timeout"": 136}","{""collision_rod_early"": 43, ""collision_rod_mid"": 2, ""collision_tblock_early"": 114, ""collision_tblock_late"": 1, ""collision_tblock_mid"": 2, ""fall"": 6, ""timeout"": 136}","{""collision_rod_early"": 1.1739211280983433, ""collision_rod_late"": 0.0, ""collision_rod_mid"": 0.29079624495354833, ""collision_tblock_early"": 0.5910767491983936, ""collision_tblock_late"": 1.2207955566446131, ""collision_tblock_mid"": 0.6191594689202344, ""fall"": 1.1519673205133147, ""timeout"": 1.0550952484765435}"
layout_path_conditioned,start_region=x_neg__y_neg|path_angle_bin=sector_5|path_len_bin=long|near_count_bin=0|medhigh_count_bin=0|pair_side_mode=same_side,True,1706,1264,442,0.25908558030480655,0.7963527537432034,timeout,227,-5.891886507188339,4.177022274325909,"{""collision"": 212, ""fall"": 3, ""success"": 1264, ""timeout"": 227}","{""collision_rod_early"": 63, ""collision_rod_late"": 1, ""collision_rod_mid"": 8, ""collision_tblock_early"": 132, ""collision_tblock_late"": 3, ""collision_tblock_mid"": 5, ""fall"": 3, ""timeout"": 227}","{""collision_rod_early"": 1.1644315669194356, ""collision_rod_late"": 0.5475600820633061, ""collision_rod_mid"": 0.7875021404955412, ""collision_tblock_early"": 0.46335719741874437, ""collision_tblock_late"": 2.479517352739499, ""collision_tblock_mid"": 1.0479618795469972, ""fall"": 0.38995376764152356, ""timeout"": 1.1922890995527142}"
layout_path_conditioned,start_region=x_mid__y_pos|path_angle_bin=sector_1|path_len_bin=medium|near_count_bin=0|medhigh_count_bin=0|pair_side_mode=opposite_side,True,990,735,255,0.25757575757575757,0.7917120034300144,collision_tblock_early,107,-5.5900629832761535,3.6232323232323234,"{""collision"": 171, ""fall"": 1, ""success"": 735, ""timeout"": 83}","{""collision_rod_early"": 58, ""collision_rod_late"": 1, ""collision_rod_mid"": 2, ""collision_tblock_early"": 107, ""collision_tblock_late"": 1, ""collision_tblock_mid"": 2, ""fall"": 1, ""timeout"": 83}","{""collision_rod_early"": 1.8473332480927418, ""collision_rod_late"": 0.9435732323232323, ""collision_rod_mid"": 0.33926228577913975, ""collision_tblock_early"": 0.6472463233181239, ""collision_tblock_late"": 1.4242614827520486, ""collision_tblock_mid"": 0.7223527137402734, ""fall"": 0.22399364565536672, ""timeout"": 0.7512381609863623}"
layout_path_conditioned,start_region=x_pos__y_neg|path_angle_bin=sector_7|path_len_bin=medium|near_count_bin=0|medhigh_count_bin=0|pair_side_mode=opposite_side,True,118,88,30,0.2542372881355932,0.7814505318003132,timeout,15,-5.922088399139696,4.330508474576271,"{""collision"": 15, ""success"": 88, ""timeout"": 15}","{""collision_rod_early"": 6, ""collision_rod_mid"": 2, ""collision_tblock_early"": 6, ""collision_tblock_mid"": 1, ""timeout"": 15}","{""collision_rod_early"": 1.6033254666380605, ""collision_rod_late"": 0.0, ""collision_rod_mid"": 2.846353075604647, ""collision_tblock_early"": 0.3045020719554615, ""collision_tblock_late"": 0.0, ""collision_tblock_mid"": 3.0302084178087747, ""fall"": 0.0, ""timeout"": 1.1390531642482624}"
layout_path_conditioned,start_region=x_pos__y_mid|path_angle_bin=sector_7|path_len_bin=long|near_count_bin=0|medhigh_count_bin=0|pair_side_mode=same_side,True,1232,927,305,0.24756493506493507,0.7609416839689738,timeout,130,-6.163780656689573,4.094967532467533,"{""collision"": 175, ""success"": 927, ""timeout"": 130}","{""collision_rod_early"": 34, ""collision_rod_late"": 2, ""collision_rod_mid"": 10, ""collision_tblock_early"": 124, ""collision_tblock_late"": 1, ""collision_tblock_mid"": 4, ""timeout"": 130}","{""collision_rod_early"": 0.8702031618170859, ""collision_rod_late"": 1.5164569805194805, ""collision_rod_mid"": 1.3631073982197577, ""collision_tblock_early"": 0.6027427376694144, ""collision_tblock_late"": 1.1444958343543248, ""collision_tblock_mid"": 1.1609240042254394, ""fall"": 0.0, ""timeout"": 0.9455127456476377}"
layout_path_conditioned,start_region=x_neg__y_pos|path_angle_bin=sector_2|path_len_bin=medium|near_count_bin=0|medhigh_count_bin=0|pair_side_mode=opposite_side,True,130,98,32,0.24615384615384617,0.756604412327688,collision_tblock_early,15,-6.198428402314746,3.9,"{""collision"": 21, ""success"": 98, ""timeout"": 11}","{""collision_rod_early"": 4, ""collision_rod_mid"": 1, ""collision_tblock_early"": 15, ""collision_tblock_mid"": 1, ""timeout"": 11}","{""collision_rod_early"": 0.9702174618630315, ""collision_rod_late"": 0.0, ""collision_rod_mid"": 1.2918063958513397, ""collision_tblock_early"": 0.6909854709758548, ""collision_tblock_late"": 0.0, ""collision_tblock_mid"": 2.7504968715495033, ""fall"": 0.0, ""timeout"": 0.7582005165098691}"
layout_path_conditioned,start_region=x_neg__y_mid|path_angle_bin=sector_3|path_len_bin=long|near_count_bin=0|medhigh_count_bin=0|pair_side_mode=opposite_side,True,1208,912,296,0.24503311258278146,0.7531596074702357,timeout,175,-6.048196623930447,4.370033112582782,"{""collision"": 100, ""fall"": 21, ""success"": 912, ""timeout"": 175}","{""collision_rod_early"": 32, ""collision_rod_late"": 2, ""collision_rod_mid"": 2, ""collision_tblock_early"": 62, ""collision_tblock_mid"": 2, ""fall"": 21, ""timeout"": 175}","{""collision_rod_early"": 0.8352865565708217, ""collision_rod_late"": 1.5465852649006622, ""collision_rod_mid"": 0.2780378004315797, ""collision_tblock_early"": 0.30735887947380736, ""collision_tblock_late"": 0.0, ""collision_tblock_mid"": 0.5919943597705883, ""fall"": 3.8549899777939354, ""timeout"": 1.2980931479981577}"
layout_path_conditioned,start_region=x_mid__y_pos|path_angle_bin=sector_2|path_len_bin=long|near_count_bin=0|medhigh_count_bin=0|pair_side_mode=same_side,True,1274,964,310,0.24332810047095763,0.7479189024922935,timeout,149,-6.301130218838803,4.135792778649922,"{""collision"": 153, ""fall"": 8, ""success"": 964, ""timeout"": 149}","{""collision_rod_early"": 41, ""collision_rod_mid"": 3, ""collision_tblock_early"": 107, ""collision_tblock_late"": 1, ""collision_tblock_mid"": 1, ""fall"": 8, ""timeout"": 149}","{""collision_rod_early"": 1.0147682636832727, ""collision_rod_late"": 0.0, ""collision_rod_mid"": 0.3954509375055122, ""collision_tblock_early"": 0.502962213567459, ""collision_tblock_late"": 1.106765202452534, ""collision_tblock_mid"": 0.2806629460764799, ""fall"": 1.3924879698512596, ""timeout"": 1.0479765951759785}"
layout_path_conditioned,start_region=x_neg__y_neg|path_angle_bin=sector_4|path_len_bin=long|near_count_bin=0|medhigh_count_bin=0|pair_side_mode=same_side,True,1778,1347,431,0.2424071991001125,0.7450883229527622,timeout,224,-5.850855085554848,4.120922384701912,"{""collision"": 198, ""fall"": 9, ""success"": 1347, ""timeout"": 224}","{""collision_rod_early"": 45, ""collision_rod_late"": 2, ""collision_rod_mid"": 11, ""collision_tblock_early"": 135, ""collision_tblock_late"": 1, ""collision_tblock_mid"": 4, ""fall"": 9, ""timeout"": 224}","{""collision_rod_early"": 0.7980557018980223, ""collision_rod_late"": 1.050773340832396, ""collision_rod_mid"": 1.0389668988005714, ""collision_tblock_early"": 0.4546979758390046, ""collision_tblock_late"": 0.7930364836470913, ""collision_tblock_mid"": 0.8044197824554228, ""fall"": 1.1224878418387614, ""timeout"": 1.1288883853547083}"
layout_path_conditioned,start_region=x_neg__y_pos|path_angle_bin=sector_3|path_len_bin=long|near_count_bin=0|medhigh_count_bin=0|pair_side_mode=same_side,True,1785,1371,414,0.2319327731092437,0.7128930229600169,timeout,190,-5.802144212920176,3.918207282913165,"{""collision"": 210, ""fall"": 14, ""success"": 1371, ""timeout"": 190}","{""collision_rod_early"": 32, ""collision_rod_mid"": 10, ""collision_tblock_early"": 165, ""collision_tblock_mid"": 3, ""fall"": 14, ""timeout"": 190}","{""collision_rod_early"": 0.5652807620938671, ""collision_rod_late"": 0.0, ""collision_rod_mid"": 0.9408113807320682, ""collision_tblock_early"": 0.553562590193542, ""collision_tblock_late"": 0.0, ""collision_tblock_mid"": 0.6009488963049335, ""fall"": 1.7392447780299063, ""timeout"": 0.9537841995311315}"
layout_path_conditioned,start_region=x_neg__y_mid|path_angle_bin=sector_4|path_len_bin=medium|near_count_bin=0|medhigh_count_bin=0|pair_side_mode=opposite_side,True,986,758,228,0.23123732251521298,0.7107554126962687,timeout,168,-5.173451686017272,4.411764705882353,"{""collision"": 55, ""fall"": 5, ""success"": 758, ""timeout"": 168}","{""collision_rod_early"": 27, ""collision_rod_late"": 1, ""collision_rod_mid"": 7, ""collision_tblock_early"": 18, ""collision_tblock_mid"": 2, ""fall"": 5, ""timeout"": 168}","{""collision_rod_early"": 0.8634541813233368, ""collision_rod_late"": 0.9474011156186614, ""collision_rod_mid"": 1.192235111789776, ""collision_tblock_early"": 0.10932427329841111, ""collision_tblock_late"": 0.0, ""collision_tblock_mid"": 0.7252831507128508, ""fall"": 1.1245117099331292, ""timeout"": 1.5267471215725188}"
layout_path_conditioned,start_region=x_mid__y_neg|path_angle_bin=sector_5|path_len_bin=long|near_count_bin=0|medhigh_count_bin=0|pair_side_mode=opposite_side,True,1220,938,282,0.23114754098360657,0.7104794507154979,timeout,171,-5.633881909557834,4.371311475409836,"{""collision"": 110, ""fall"": 1, ""success"": 938, ""timeout"": 171}","{""collision_rod_early"": 32, ""collision_rod_late"": 1, ""collision_rod_mid"": 7, ""collision_tblock_early"": 62, ""collision_tblock_late"": 2, ""collision_tblock_mid"": 6, ""fall"": 1, ""timeout"": 171}","{""collision_rod_early"": 0.8270706232275022, ""collision_rod_late"": 0.765686475409836, ""collision_rod_mid"": 0.9635605083809173, ""collision_tblock_early"": 0.3043356773806224, ""collision_tblock_late"": 2.311506340859882, ""collision_tblock_mid"": 1.7585143932857479, ""fall"": 0.18176533540886317, ""timeout"": 1.2559461611039038}"
layout_path_conditioned,start_region=x_mid__y_neg|path_angle_bin=sector_6|path_len_bin=long|near_count_bin=0|medhigh_count_bin=0|pair_side_mode=opposite_side,True,1179,912,267,0.22646310432569974,0.6960808723466404,timeout,130,-6.018919016241866,4.247667514843087,"{""collision"": 135, ""fall"": 2, ""success"": 912, ""timeout"": 130}","{""collision_rod_early"": 38, ""collision_rod_late"": 3, ""collision_rod_mid"": 10, ""collision_tblock_early"": 82, ""collision_tblock_late"": 1, ""collision_tblock_mid"": 1, ""fall"": 2, ""timeout"": 130}","{""collision_rod_early"": 1.01630073401259, ""collision_rod_late"": 2.3769402035623406, ""collision_rod_mid"": 1.4243836425841743, ""collision_tblock_early"": 0.4165058026916942, ""collision_tblock_late"": 1.1959447565093537, ""collision_tblock_mid"": 0.3032778569138553, ""fall"": 0.3761725346884021, ""timeout"": 0.9880167113128835}"
layout_path_conditioned,start_region=x_pos__y_neg|path_angle_bin=sector_6|path_len_bin=medium|near_count_bin=0|medhigh_count_bin=0|pair_side_mode=opposite_side,True,146,113,33,0.22602739726027396,0.694741637175895,timeout,18,-5.293771499591827,4.171232876712328,"{""collision"": 14, ""fall"": 1, ""success"": 113, ""timeout"": 18}","{""collision_rod_early"": 5, ""collision_rod_mid"": 1, ""collision_tblock_early"": 8, ""fall"": 1, ""timeout"": 18}","{""collision_rod_early"": 1.0798653257037165, ""collision_rod_late"": 0.0, ""collision_rod_mid"": 1.1502385716484533, ""collision_tblock_early"": 0.32813921909355664, ""collision_tblock_late"": 0.0, ""collision_tblock_mid"": 0.0, ""fall"": 1.5188610219096785, ""timeout"": 1.1047255346407805}"
layout_path_conditioned,start_region=x_pos__y_pos|path_angle_bin=sector_0|path_len_bin=medium|near_count_bin=0|medhigh_count_bin=0|pair_side_mode=same_side,True,121,94,27,0.2231404958677686,0.6858681527040766,timeout,11,-6.221441456286906,4.264462809917355,"{""collision"": 16, ""success"": 94, ""timeout"": 11}","{""collision_rod_early"": 5, ""collision_rod_late"": 1, ""collision_tblock_early"": 8, ""collision_tblock_late"": 1, ""collision_tblock_mid"": 1, ""timeout"": 11}","{""collision_rod_early"": 1.3029779963036578, ""collision_rod_late"": 7.720144628099174, ""collision_rod_mid"": 0.0, ""collision_tblock_early"": 0.3959365784104072, ""collision_tblock_late"": 11.653048495244036, ""collision_tblock_mid"": 2.955079283482937, ""fall"": 0.0, ""timeout"": 0.8145955962502726}"
layout_path_conditioned,start_region=x_neg__y_neg|path_angle_bin=sector_5|path_len_bin=medium|near_count_bin=0|medhigh_count_bin=0|pair_side_mode=opposite_side,True,166,130,36,0.21686746987951808,0.6665867186923153,timeout,15,-5.071961781231581,3.9397590361445785,"{""collision"": 21, ""success"": 130, ""timeout"": 15}","{""collision_rod_early"": 7, ""collision_rod_mid"": 5, ""collision_tblock_early"": 9, ""timeout"": 15}","{""collision_rod_early"": 1.3296654974327689, ""collision_rod_late"": 0.0, ""collision_rod_mid"": 5.058278056044402, ""collision_tblock_early"": 0.3246799200970884, ""collision_tblock_late"": 0.0, ""collision_tblock_mid"": 0.0, ""fall"": 0.0, ""timeout"": 0.8096883938632227}"
layout_path_conditioned,start_region=x_pos__y_mid|path_angle_bin=sector_0|path_len_bin=medium|near_count_bin=0|medhigh_count_bin=0|pair_side_mode=same_side,True,915,718,197,0.21530054644808744,0.6617704576404402,timeout,106,-5.5018533774886444,4.226229508196721,"{""collision"": 89, ""fall"": 2, ""success"": 718, ""timeout"": 106}","{""collision_rod_early"": 14, ""collision_rod_late"": 1, ""collision_rod_mid"": 13, ""collision_tblock_early"": 55, ""collision_tblock_late"": 2, ""collision_tblock_mid"": 4, ""fall"": 2, ""timeout"": 106}","{""collision_rod_early"": 0.4824578635493763, ""collision_rod_late"": 1.0209153005464482, ""collision_rod_mid"": 2.385959354086081, ""collision_tblock_early"": 0.3599669302351448, ""collision_tblock_late"": 3.082008454479843, ""collision_tblock_mid"": 1.563123905142887, ""fall"": 0.4847075610903018, ""timeout"": 1.038052967462096}"
layout_path_conditioned,start_region=x_pos__y_neg|path_angle_bin=sector_6|path_len_bin=long|near_count_bin=0|medhigh_count_bin=0|pair_side_mode=same_side,True,1893,1486,407,0.2150026413100898,0.6608547850016174,timeout,189,-6.095310575227367,4.177496038034866,"{""collision"": 207, ""fall"": 11, ""success"": 1486, ""timeout"": 189}","{""collision_rod_early"": 29, ""collision_rod_late"": 6, ""collision_rod_mid"": 6, ""collision_tblock_early"": 159, ""collision_tblock_late"": 1, ""collision_tblock_mid"": 6, ""fall"": 11, ""timeout"": 189}","{""collision_rod_early"": 0.48305861479445705, ""collision_rod_late"": 2.9608161648177496, ""collision_rod_mid"": 0.5322815577200449, ""collision_tblock_early"": 0.5029994606469773, ""collision_tblock_late"": 0.7448594125327672, ""collision_tblock_mid"": 1.1333267616527272, ""fall"": 1.2885846810284964, ""timeout"": 0.894635100160759}"
layout_path_conditioned,start_region=x_mid__y_neg|path_angle_bin=sector_5|path_len_bin=long|near_count_bin=0|medhigh_count_bin=0|pair_side_mode=same_side,True,1198,942,256,0.21368948247078465,0.6568185215532516,timeout,152,-5.4339077178937085,4.218697829716193,"{""collision"": 103, ""fall"": 1, ""success"": 942, ""timeout"": 152}","{""collision_rod_early"": 27, ""collision_rod_late"": 1, ""collision_rod_mid"": 4, ""collision_tblock_early"": 68, ""collision_tblock_late"": 1, ""collision_tblock_mid"": 2, ""fall"": 1, ""timeout"": 152}","{""collision_rod_early"": 0.7106559455632805, ""collision_rod_late"": 0.7797474958263773, ""collision_rod_mid"": 0.5607173003695297, ""collision_tblock_early"": 0.3399171710309714, ""collision_tblock_late"": 1.176977352190758, ""collision_tblock_mid"": 0.5969358819723461, ""fall"": 0.1851032631041845, ""timeout"": 1.1368980274878593}"
layout_path_conditioned,start_region=x_mid__y_neg|path_angle_bin=sector_5|path_len_bin=medium|near_count_bin=0|medhigh_count_bin=0|pair_side_mode=opposite_side,True,966,760,206,0.21325051759834368,0.6554692728434097,timeout,129,-5.173765084683077,4.283643892339544,"{""collision"": 77, ""success"": 760, ""timeout"": 129}","{""collision_rod_early"": 33, ""collision_rod_late"": 1, ""collision_rod_mid"": 9, ""collision_tblock_early"": 26, ""collision_tblock_mid"": 8, ""timeout"": 129}","{""collision_rod_early"": 1.0771824304845767, ""collision_rod_late"": 0.9670160455486543, ""collision_rod_mid"": 1.5646102310000696, ""collision_tblock_early"": 0.1611822561696611, ""collision_tblock_late"": 0.0, ""collision_tblock_mid"": 2.961197460053295, ""fall"": 0.0, ""timeout"": 1.19659539449186}"
layout_path_conditioned,start_region=x_neg__y_neg|path_angle_bin=sector_4|path_len_bin=medium|near_count_bin=0|medhigh_count_bin=0|pair_side_mode=opposite_side,True,144,114,30,0.20833333333333334,0.6403552968919233,timeout,13,-4.917219516937926,3.9583333333333335,"{""collision"": 17, ""success"": 114, ""timeout"": 13}","{""collision_rod_early"": 9, ""collision_rod_mid"": 2, ""collision_tblock_early"": 6, ""timeout"": 13}","{""collision_rod_early"": 1.9707542194092826, ""collision_rod_late"": 0.0, ""collision_rod_mid"": 2.3324282147315856, ""collision_tblock_early"": 0.24952253118572534, ""collision_tblock_late"": 0.0, ""collision_tblock_mid"": 0.0, ""fall"": 0.0, ""timeout"": 0.8089386823874234}"
layout_path_conditioned,start_region=x_mid__y_neg|path_angle_bin=sector_6|path_len_bin=medium|near_count_bin=0|medhigh_count_bin=0|pair_side_mode=opposite_side,True,786,626,160,0.2035623409669211,0.6256906717722611,timeout,111,-5.0374373102096826,4.403307888040713,"{""collision"": 47, ""fall"": 2, ""success"": 626, ""timeout"": 111}","{""collision_rod_early"": 20, ""collision_rod_mid"": 2, ""collision_tblock_early"": 22, ""collision_tblock_late"": 2, ""collision_tblock_mid"": 1, ""fall"": 2, ""timeout"": 111}","{""collision_rod_early"": 0.8023426847467817, ""collision_rod_late"": 0.0, ""collision_rod_mid"": 0.42731509277525237, ""collision_tblock_early"": 0.16761818888812086, ""collision_tblock_late"": 3.587834269528062, ""collision_tblock_mid"": 0.45491678537078295, ""fall"": 0.5642588020326033, ""timeout"": 1.265421403335347}"
layout_path_conditioned,start_region=x_mid__y_pos|path_angle_bin=sector_1|path_len_bin=medium|near_count_bin=0|medhigh_count_bin=0|pair_side_mode=same_side,True,865,689,176,0.20346820809248556,0.6254013350454299,timeout,101,-4.890374649450153,3.952601156069364,"{""collision"": 73, ""fall"": 2, ""success"": 689, ""timeout"": 101}","{""collision_rod_early"": 18, ""collision_rod_mid"": 3, ""collision_tblock_early"": 49, ""collision_tblock_mid"": 3, ""fall"": 2, ""timeout"": 101}","{""collision_rod_early"": 0.6561586302773104, ""collision_rod_late"": 0.0, ""collision_rod_mid"": 0.5824329414821069, ""collision_tblock_early"": 0.3392352562709977, ""collision_tblock_late"": 0.0, ""collision_tblock_mid"": 1.2401084160743425, ""fall"": 0.5127253391880071, ""timeout"": 1.0462609334497721}"
layout_path_conditioned,start_region=x_mid__y_pos|path_angle_bin=sector_2|path_len_bin=medium|near_count_bin=0|medhigh_count_bin=0|pair_side_mode=same_side,True,919,736,183,0.19912948857453755,0.6120653893252074,timeout,101,-4.970123511034629,3.863982589771491,"{""collision"": 82, ""success"": 736, ""timeout"": 101}","{""collision_rod_early"": 34, ""collision_rod_mid"": 2, ""collision_tblock_early"": 40, ""collision_tblock_mid"": 6, ""timeout"": 101}","{""collision_rod_early"": 1.166583564046409, ""collision_rod_late"": 0.0, ""collision_rod_mid"": 0.3654729737990733, ""collision_tblock_early"": 0.26065465716898406, ""collision_tblock_late"": 0.0, ""collision_tblock_mid"": 2.334480478573028, ""fall"": 0.0, ""timeout"": 0.9847831419304165}"
layout_path_conditioned,start_region=x_pos__y_pos|path_angle_bin=sector_1|path_len_bin=medium|near_count_bin=0|medhigh_count_bin=0|pair_side_mode=same_side,True,122,98,24,0.19672131147540983,0.604663362311062,timeout,14,-5.5901282389122455,4.19672131147541,"{""collision"": 10, ""success"": 98, ""timeout"": 14}","{""collision_rod_early"": 1, ""collision_tblock_early"": 5, ""collision_tblock_late"": 1, ""collision_tblock_mid"": 3, ""timeout"": 14}","{""collision_rod_early"": 0.25845956975859447, ""collision_rod_late"": 0.0, ""collision_rod_mid"": 0.0, ""collision_tblock_early"": 0.2454319978875987, ""collision_tblock_late"": 11.557531704299413, ""collision_tblock_mid"": 8.79257196642874, ""fall"": 0.0, ""timeout"": 1.0282600149388685}"
layout_path_conditioned,start_region=x_pos__y_mid|path_angle_bin=sector_7|path_len_bin=medium|near_count_bin=0|medhigh_count_bin=0|pair_side_mode=same_side,True,929,747,182,0.19590958019375673,0.6021683394669367,timeout,86,-5.065809423754522,3.9569429494079658,"{""collision"": 94, ""fall"": 2, ""success"": 747, ""timeout"": 86}","{""collision_rod_early"": 23, ""collision_rod_late"": 3, ""collision_rod_mid"": 11, ""collision_tblock_early"": 54, ""collision_tblock_late"": 2, ""collision_tblock_mid"": 1, ""fall"": 2, ""timeout"": 86}","{""collision_rod_early"": 0.7806647499920517, ""collision_rod_late"": 3.016590419806243, ""collision_rod_mid"": 1.9884640969509317, ""collision_tblock_early"": 0.3480960176713671, ""collision_tblock_late"": 3.035562686597477, ""collision_tblock_mid"": 0.3848919195925031, ""fall"": 0.47740303379722937, ""timeout"": 0.829502081865186}"
layout_path_conditioned,start_region=x_neg__y_mid|path_angle_bin=sector_3|path_len_bin=medium|near_count_bin=0|medhigh_count_bin=0|pair_side_mode=opposite_side,True,785,637,148,0.18853503184713377,0.5795011502063979,timeout,114,-4.654641145987787,4.424203821656051,"{""collision"": 33, ""fall"": 1, ""success"": 637, ""timeout"": 114}","{""collision_rod_early"": 21, ""collision_rod_mid"": 4, ""collision_tblock_early"": 6, ""collision_tblock_late"": 2, ""fall"": 1, ""timeout"": 114}","{""collision_rod_early"": 0.8435330162057566, ""collision_rod_late"": 0.0, ""collision_rod_mid"": 0.8557188864238174, ""collision_tblock_early"": 0.04577228597547064, ""collision_tblock_late"": 3.592404759043384, ""collision_tblock_mid"": 0.0, ""fall"": 0.2824888015271504, ""timeout"": 1.3012775512074415}"
layout_path_conditioned,start_region=x_neg__y_pos|path_angle_bin=sector_3|path_len_bin=medium|near_count_bin=0|medhigh_count_bin=0|pair_side_mode=opposite_side,True,108,88,20,0.18518518518518517,0.5692047083483764,timeout,12,-5.421379362838215,4.203703703703703,"{""collision"": 8, ""success"": 88, ""timeout"": 12}","{""collision_rod_early"": 1, ""collision_rod_mid"": 1, ""collision_tblock_early"": 6, ""timeout"": 12}","{""collision_rod_early"": 0.2919635880606345, ""collision_rod_late"": 0.0, ""collision_rod_mid"": 1.5549521431543907, ""collision_tblock_early"": 0.33269670824763387, ""collision_tblock_late"": 0.0, ""collision_tblock_mid"": 0.0, ""fall"": 0.0, ""timeout"": 0.9956168398614442}"
layout_path_conditioned,start_region=x_mid__y_neg|path_angle_bin=sector_5|path_len_bin=medium|near_count_bin=0|medhigh_count_bin=0|pair_side_mode=same_side,True,906,740,166,0.18322295805739514,0.5631734001804465,timeout,119,-4.373361780559469,4.190949227373069,"{""collision"": 46, ""fall"": 1, ""success"": 740, ""timeout"": 119}","{""collision_rod_early"": 20, ""collision_rod_mid"": 7, ""collision_tblock_early"": 18, ""collision_tblock_mid"": 1, ""fall"": 1, ""timeout"": 119}","{""collision_rod_early"": 0.6960721304756847, ""collision_rod_late"": 0.0, ""collision_rod_mid"": 1.2975097353473721, ""collision_tblock_early"": 0.11897763076405446, ""collision_tblock_late"": 0.0, ""collision_tblock_mid"": 0.3946629065137256, ""fall"": 0.24476126843136098, ""timeout"": 1.1769377875183298}"
layout_path_conditioned,start_region=x_neg__y_mid|path_angle_bin=sector_4|path_len_bin=long|near_count_bin=0|medhigh_count_bin=0|pair_side_mode=same_side,True,1291,1062,229,0.17738187451587917,0.5452196300105362,timeout,147,-5.101455402407181,4.155693261037955,"{""collision"": 70, ""fall"": 12, ""success"": 1062, ""timeout"": 147}","{""collision_rod_early"": 19, ""collision_rod_mid"": 4, ""collision_tblock_early"": 46, ""collision_tblock_mid"": 1, ""fall"": 12, ""timeout"": 147}","{""collision_rod_early"": 0.4640660594116359, ""collision_rod_late"": 0.0, ""collision_rod_mid"": 0.5203248070044126, ""collision_tblock_early"": 0.21337945346943515, ""collision_tblock_late"": 0.0, ""collision_tblock_mid"": 0.2769671520537842, ""fall"": 2.061227351189587, ""timeout"": 1.0202951813607208}"
layout_path_conditioned,start_region=x_neg__y_pos|path_angle_bin=sector_3|path_len_bin=medium|near_count_bin=0|medhigh_count_bin=0|pair_side_mode=same_side,True,148,122,26,0.17567567567567569,0.5399752773791354,timeout,13,-4.300258823825292,3.7027027027027026,"{""collision"": 13, ""success"": 122, ""timeout"": 13}","{""collision_rod_early"": 6, ""collision_rod_late"": 1, ""collision_tblock_early"": 5, ""collision_tblock_mid"": 1, ""timeout"": 13}","{""collision_rod_early"": 1.2783270612384536, ""collision_rod_late"": 6.311739864864864, ""collision_rod_mid"": 0.0, ""collision_tblock_early"": 0.20231556582626378, ""collision_tblock_late"": 0.0, ""collision_tblock_mid"": 2.4159769817664554, ""fall"": 0.0, ""timeout"": 0.7870754747553308}"
layout_path_conditioned,start_region=x_neg__y_neg|path_angle_bin=sector_5|path_len_bin=medium|near_count_bin=0|medhigh_count_bin=0|pair_side_mode=same_side,True,109,90,19,0.1743119266055046,0.535783514463701,timeout,11,-4.248098188894509,3.9357798165137616,"{""collision"": 8, ""success"": 90, ""timeout"": 11}","{""collision_rod_early"": 5, ""collision_tblock_early"": 2, ""collision_tblock_mid"": 1, ""timeout"": 11}","{""collision_rod_early"": 1.4464251151627763, ""collision_rod_late"": 0.0, ""collision_rod_mid"": 0.0, ""collision_tblock_early"": 0.10988148162307171, ""collision_tblock_late"": 0.0, ""collision_tblock_mid"": 3.2804091128572055, ""fall"": 0.0, ""timeout"": 0.904275845378743}"
layout_path_conditioned,start_region=x_neg__y_mid|path_angle_bin=sector_4|path_len_bin=medium|near_count_bin=0|medhigh_count_bin=0|pair_side_mode=same_side,True,873,722,151,0.1729667812142039,0.5316489337769371,timeout,103,-4.700334296323574,4.0710194730813285,"{""collision"": 46, ""fall"": 2, ""success"": 722, ""timeout"": 103}","{""collision_rod_early"": 20, ""collision_rod_late"": 1, ""collision_rod_mid"": 2, ""collision_tblock_early"": 20, ""collision_tblock_mid"": 3, ""fall"": 2, ""timeout"": 103}","{""collision_rod_early"": 0.7223841354077554, ""collision_rod_late"": 1.0700315005727377, ""collision_rod_mid"": 0.38473042717222034, ""collision_tblock_early"": 0.13719451886500364, ""collision_tblock_late"": 0.0, ""collision_tblock_mid"": 1.228744306877785, ""fall"": 0.508026825197739, ""timeout"": 1.0572013866569974}"
layout_path_conditioned,start_region=x_mid__y_neg|path_angle_bin=sector_6|path_len_bin=long|near_count_bin=0|medhigh_count_bin=0|pair_side_mode=same_side,True,1439,1204,235,0.16330785267546907,0.5019602327269559,timeout,134,-5.086434720737326,4.070882557331481,"{""collision"": 92, ""fall"": 9, ""success"": 1204, ""timeout"": 134}","{""collision_rod_early"": 16, ""collision_rod_late"": 1, ""collision_rod_mid"": 11, ""collision_tblock_early"": 57, ""collision_tblock_mid"": 7, ""fall"": 9, ""timeout"": 134}","{""collision_rod_early"": 0.35059977774063683, ""collision_rod_late"": 0.6491574009728979, ""collision_rod_mid"": 1.2837269951823598, ""collision_tblock_early"": 0.23721113458100923, ""collision_tblock_late"": 0.0, ""collision_tblock_mid"": 1.7393691126546547, ""fall"": 1.3869238240370518, ""timeout"": 0.834408553768521}"
layout_path_conditioned,start_region=x_mid__y_neg|path_angle_bin=sector_6|path_len_bin=medium|near_count_bin=0|medhigh_count_bin=0|pair_side_mode=same_side,True,1040,872,168,0.16153846153846155,0.49652164559004525,timeout,109,-4.460519564434496,4.002884615384615,"{""collision"": 57, ""fall"": 2, ""success"": 872, ""timeout"": 109}","{""collision_rod_early"": 14, ""collision_rod_mid"": 2, ""collision_tblock_early"": 37, ""collision_tblock_late"": 1, ""collision_tblock_mid"": 3, ""fall"": 2, ""timeout"": 109}","{""collision_rod_early"": 0.4244701395650763, ""collision_rod_late"": 0.0, ""collision_rod_mid"": 0.32295159896283493, ""collision_tblock_early"": 0.21305385355088857, ""collision_tblock_late"": 1.3557873730043541, ""collision_tblock_mid"": 1.0314363268310638, ""fall"": 0.42644944076694824, ""timeout"": 0.9391347306769968}"
layout_path_conditioned,start_region=x_neg__y_mid|path_angle_bin=sector_3|path_len_bin=long|near_count_bin=0|medhigh_count_bin=0|pair_side_mode=same_side,True,1292,1089,203,0.15712074303405574,0.48294288025657134,timeout,146,-5.013401162987362,4.152476780185759,"{""collision"": 53, ""fall"": 4, ""success"": 1089, ""timeout"": 146}","{""collision_rod_early"": 17, ""collision_rod_mid"": 3, ""collision_tblock_early"": 31, ""collision_tblock_mid"": 2, ""fall"": 4, ""timeout"": 146}","{""collision_rod_early"": 0.41489562513879635, ""collision_rod_late"": 0.0, ""collision_rod_mid"": 0.3899415591192124, ""collision_tblock_early"": 0.14368789721530933, ""collision_tblock_late"": 0.0, ""collision_tblock_mid"": 0.5535055623861229, ""fall"": 0.6865439913275946, ""timeout"": 1.0125700677847813}"
layout_path_conditioned,start_region=x_pos__y_neg|path_angle_bin=sector_6|path_len_bin=medium|near_count_bin=0|medhigh_count_bin=0|pair_side_mode=same_side,True,150,127,23,0.15333333333333332,0.4713014985124557,timeout,16,-4.814068255010922,4.166666666666667,"{""collision"": 7, ""success"": 127, ""timeout"": 16}","{""collision_rod_early"": 2, ""collision_tblock_early"": 5, ""timeout"": 16}","{""collision_rod_early"": 0.4204275668073137, ""collision_rod_late"": 0.0, ""collision_rod_mid"": 0.0, ""collision_tblock_early"": 0.1996180249485803, ""collision_tblock_late"": 0.0, ""collision_tblock_mid"": 0.0, ""fall"": 0.0, ""timeout"": 0.9557921662669865}"
layout_path_conditioned,start_region=x_pos__y_neg|path_angle_bin=sector_7|path_len_bin=medium|near_count_bin=0|medhigh_count_bin=0|pair_side_mode=same_side,True,139,119,20,0.14388489208633093,0.4422597733929831,timeout,16,-4.00219726107928,4.18705035971223,"{""collision"": 4, ""success"": 119, ""timeout"": 16}","{""collision_rod_early"": 1, ""collision_rod_mid"": 1, ""collision_tblock_early"": 2, ""timeout"": 16}","{""collision_rod_early"": 0.22684940655070882, ""collision_rod_late"": 0.0, ""collision_rod_mid"": 1.2081642551127638, ""collision_tblock_early"": 0.08616605393463897, ""collision_tblock_late"": 0.0, ""collision_tblock_mid"": 0.0, ""fall"": 0.0, ""timeout"": 1.0314303952521438}"
layout_path_conditioned,start_region=x_neg__y_mid|path_angle_bin=sector_3|path_len_bin=medium|near_count_bin=0|medhigh_count_bin=0|pair_side_mode=same_side,True,1052,906,146,0.13878326996197718,0.4265788897926425,timeout,109,-4.217872341316975,3.909695817490494,"{""collision"": 35, ""fall"": 2, ""success"": 906, ""timeout"": 109}","{""collision_rod_early"": 8, ""collision_rod_mid"": 2, ""collision_tblock_early"": 23, ""collision_tblock_late"": 1, ""collision_tblock_mid"": 1, ""fall"": 2, ""timeout"": 109}","{""collision_rod_early"": 0.23978758563154773, ""collision_rod_late"": 0.0, ""collision_rod_mid"": 0.31926774041953265, ""collision_tblock_early"": 0.13092817225714867, ""collision_tblock_late"": 1.3403221177989812, ""collision_tblock_mid"": 0.33989029781505264, ""fall"": 0.42158499847683095, ""timeout"": 0.9284221672091985}"
layout_path_conditioned,start_region=x_neg__y_pos|path_angle_bin=sector_2|path_len_bin=medium|near_count_bin=0|medhigh_count_bin=0|pair_side_mode=same_side,True,127,111,16,0.12598425196850394,0.3872384787503915,timeout,11,-3.9998731990125047,3.937007874015748,"{""collision"": 5, ""success"": 111, ""timeout"": 11}","{""collision_rod_mid"": 1, ""collision_tblock_early"": 4, ""timeout"": 11}","{""collision_rod_early"": 0.0, ""collision_rod_late"": 0.0, ""collision_rod_mid"": 1.3223215075643635, ""collision_tblock_early"": 0.18861545664432783, ""collision_tblock_late"": 0.0, ""collision_tblock_mid"": 0.0, ""fall"": 0.0, ""timeout"": 0.7761107649313621}"
layout_path_conditioned,start_region=x_pos__y_pos|path_angle_bin=sector_0|path_len_bin=long|near_count_bin=1|medhigh_count_bin=2|pair_side_mode=center_involved,False,95,0,95,1.0,3.0737054250812323,collision_tblock_early,95,-10.28099910671581,1.0,"{""collision"": 95}","{""collision_tblock_early"": 95}","{""collision_rod_early"": 0.0, ""collision_rod_late"": 0.0, ""collision_rod_mid"": 0.0, ""collision_tblock_early"": 5.9885407484574085, ""collision_tblock_late"": 0.0, ""collision_tblock_mid"": 0.0, ""fall"": 0.0, ""timeout"": 0.0}"
layout_path_conditioned,start_region=x_pos__y_pos|path_angle_bin=sector_0|path_len_bin=long|near_count_bin=0|medhigh_count_bin=2|pair_side_mode=center_involved,False,77,0,77,1.0,3.0737054250812323,collision_tblock_early,77,-10.27703092586307,1.0,"{""collision"": 77}","{""collision_tblock_early"": 77}","{""collision_rod_early"": 0.0, ""collision_rod_late"": 0.0, ""collision_rod_mid"": 0.0, ""collision_tblock_early"": 5.988540748457408, ""collision_tblock_late"": 0.0, ""collision_tblock_mid"": 0.0, ""fall"": 0.0, ""timeout"": 0.0}"
layout_path_conditioned,start_region=x_pos__y_neg|path_angle_bin=sector_6|path_len_bin=long|near_count_bin=0|medhigh_count_bin=1|pair_side_mode=center_involved,False,61,0,61,1.0,3.0737054250812323,collision_tblock_early,59,-10.261424574110437,1.0,"{""collision"": 61}","{""collision_rod_early"": 2, ""collision_tblock_early"": 59}","{""collision_rod_early"": 1.0338382790343779, ""collision_rod_late"": 0.0, ""collision_rod_mid"": 0.0, ""collision_tblock_early"": 5.79219515014733, ""collision_tblock_late"": 0.0, ""collision_tblock_mid"": 0.0, ""fall"": 0.0, ""timeout"": 0.0}"
layout_path_conditioned,start_region=x_neg__y_pos|path_angle_bin=sector_3|path_len_bin=long|near_count_bin=1|medhigh_count_bin=2|pair_side_mode=center_involved,False,34,0,34,1.0,3.0737054250812323,collision_tblock_early,34,-10.33098165451863,1.0,"{""collision"": 34}","{""collision_tblock_early"": 34}","{""collision_rod_early"": 0.0, ""collision_rod_late"": 0.0, ""collision_rod_mid"": 0.0, ""collision_tblock_early"": 5.988540748457409, ""collision_tblock_late"": 0.0, ""collision_tblock_mid"": 0.0, ""fall"": 0.0, ""timeout"": 0.0}"
layout_path_conditioned,start_region=x_neg__y_neg|path_angle_bin=sector_4|path_len_bin=long|near_count_bin=1|medhigh_count_bin=1|pair_side_mode=same_side,False,26,0,26,1.0,3.0737054250812323,collision_tblock_early,26,-10.275549471624847,1.0,"{""collision"": 26}","{""collision_tblock_early"": 26}","{""collision_rod_early"": 0.0, ""collision_rod_late"": 0.0, ""collision_rod_mid"": 0.0, ""collision_tblock_early"": 5.9885407484574085, ""collision_tblock_late"": 0.0, ""collision_tblock_mid"": 0.0, ""fall"": 0.0, ""timeout"": 0.0}"
layout_path_conditioned,start_region=x_neg__y_neg|path_angle_bin=sector_5|path_len_bin=long|near_count_bin=1|medhigh_count_bin=1|pair_side_mode=opposite_side,False,26,0,26,1.0,3.0737054250812323,collision_tblock_early,26,-10.278851320171636,1.0,"{""collision"": 26}","{""collision_tblock_early"": 26}","{""collision_rod_early"": 0.0, ""collision_rod_late"": 0.0, ""collision_rod_mid"": 0.0, ""collision_tblock_early"": 5.9885407484574085, ""collision_tblock_late"": 0.0, ""collision_tblock_mid"": 0.0, ""fall"": 0.0, ""timeout"": 0.0}"
layout_path_conditioned,start_region=x_pos__y_pos|path_angle_bin=sector_1|path_len_bin=long|near_count_bin=2|medhigh_count_bin=1|pair_side_mode=opposite_side,False,20,0,20,1.0,3.0737054250812323,collision_tblock_early,20,-10.293272267660651,1.0,"{""collision"": 20}","{""collision_tblock_early"": 20}","{""collision_rod_early"": 0.0, ""collision_rod_late"": 0.0, ""collision_rod_mid"": 0.0, ""collision_tblock_early"": 5.9885407484574085, ""collision_tblock_late"": 0.0, ""collision_tblock_mid"": 0.0, ""fall"": 0.0, ""timeout"": 0.0}"
layout_path_conditioned,start_region=x_neg__y_pos|path_angle_bin=sector_2|path_len_bin=long|near_count_bin=1|medhigh_count_bin=2|pair_side_mode=center_involved,False,20,0,20,1.0,3.0737054250812323,collision_tblock_early,20,-10.31169993133798,1.0,"{""collision"": 20}","{""collision_tblock_early"": 20}","{""collision_rod_early"": 0.0, ""collision_rod_late"": 0.0, ""collision_rod_mid"": 0.0, ""collision_tblock_early"": 5.9885407484574085, ""collision_tblock_late"": 0.0, ""collision_tblock_mid"": 0.0, ""fall"": 0.0, ""timeout"": 0.0}"
layout_path_conditioned,start_region=x_neg__y_pos|path_angle_bin=sector_3|path_len_bin=long|near_count_bin=2|medhigh_count_bin=2|pair_side_mode=opposite_side,False,17,0,17,1.0,3.0737054250812323,collision_tblock_early,17,-10.330204208785437,1.0,"{""collision"": 17}","{""collision_tblock_early"": 17}","{""collision_rod_early"": 0.0, ""collision_rod_late"": 0.0, ""collision_rod_mid"": 0.0, ""collision_tblock_early"": 5.988540748457409, ""collision_tblock_late"": 0.0, ""collision_tblock_mid"": 0.0, ""fall"": 0.0, ""timeout"": 0.0}"
layout_path_conditioned,start_region=x_neg__y_pos|path_angle_bin=sector_3|path_len_bin=long|near_count_bin=2|medhigh_count_bin=1|pair_side_mode=opposite_side,False,16,0,16,1.0,3.0737054250812323,collision_tblock_early,16,-10.337710164100203,1.0,"{""collision"": 16}","{""collision_tblock_early"": 16}","{""collision_rod_early"": 0.0, ""collision_rod_late"": 0.0, ""collision_rod_mid"": 0.0, ""collision_tblock_early"": 5.9885407484574085, ""collision_tblock_late"": 0.0, ""collision_tblock_mid"": 0.0, ""fall"": 0.0, ""timeout"": 0.0}"
layout_path_conditioned,start_region=x_pos__y_mid|path_angle_bin=sector_0|path_len_bin=long|near_count_bin=0|medhigh_count_bin=1|pair_side_mode=opposite_side,False,14,0,14,1.0,3.0737054250812323,collision_tblock_early,14,-10.761074611993154,1.0714285714285714,"{""collision"": 14}","{""collision_tblock_early"": 14}","{""collision_rod_early"": 0.0, ""collision_rod_late"": 0.0, ""collision_rod_mid"": 0.0, ""collision_tblock_early"": 5.9885407484574085, ""collision_tblock_late"": 0.0, ""collision_tblock_mid"": 0.0, ""fall"": 0.0, ""timeout"": 0.0}"
layout_path_conditioned,start_region=x_neg__y_pos|path_angle_bin=sector_2|path_len_bin=long|near_count_bin=2|medhigh_count_bin=2|pair_side_mode=opposite_side,False,14,0,14,1.0,3.0737054250812323,collision_tblock_early,14,-10.345448944500971,1.0,"{""collision"": 14}","{""collision_tblock_early"": 14}","{""collision_rod_early"": 0.0, ""collision_rod_late"": 0.0, ""collision_rod_mid"": 0.0, ""collision_tblock_early"": 5.9885407484574085, ""collision_tblock_late"": 0.0, ""collision_tblock_mid"": 0.0, ""fall"": 0.0, ""timeout"": 0.0}"
layout_path_conditioned,start_region=x_pos__y_neg|path_angle_bin=sector_7|path_len_bin=long|near_count_bin=1|medhigh_count_bin=1|pair_side_mode=center_involved,False,13,0,13,1.0,3.0737054250812323,collision_tblock_early,13,-10.253733537867895,1.0,"{""collision"": 13}","{""collision_tblock_early"": 13}","{""collision_rod_early"": 0.0, ""collision_rod_late"": 0.0, ""collision_rod_mid"": 0.0, ""collision_tblock_early"": 5.9885407484574085, ""collision_tblock_late"": 0.0, ""collision_tblock_mid"": 0.0, ""fall"": 0.0, ""timeout"": 0.0}"
layout_path_conditioned,start_region=x_pos__y_neg|path_angle_bin=sector_7|path_len_bin=long|near_count_bin=0|medhigh_count_bin=2|pair_side_mode=center_involved,False,13,0,13,1.0,3.0737054250812323,collision_tblock_early,13,-10.239021267258808,1.0,"{""collision"": 13}","{""collision_tblock_early"": 13}","{""collision_rod_early"": 0.0, ""collision_rod_late"": 0.0, ""collision_rod_mid"": 0.0, ""collision_tblock_early"": 5.9885407484574085, ""collision_tblock_late"": 0.0, ""collision_tblock_mid"": 0.0, ""fall"": 0.0, ""timeout"": 0.0}"
layout_path_conditioned,start_region=x_pos__y_neg|path_angle_bin=sector_6|path_len_bin=long|near_count_bin=2|medhigh_count_bin=1|pair_side_mode=opposite_side,False,12,0,12,1.0,3.0737054250812323,collision_tblock_early,12,-10.263719558527276,1.0,"{""collision"": 12}","{""collision_tblock_early"": 12}","{""collision_rod_early"": 0.0, ""collision_rod_late"": 0.0, ""collision_rod_mid"": 0.0, ""collision_tblock_early"": 5.988540748457409, ""collision_tblock_late"": 0.0, ""collision_tblock_mid"": 0.0, ""fall"": 0.0, ""timeout"": 0.0}"
layout_path_conditioned,start_region=x_pos__y_pos|path_angle_bin=sector_1|path_len_bin=long|near_count_bin=1|medhigh_count_bin=1|pair_side_mode=center_involved,False,12,0,12,1.0,3.0737054250812323,collision_tblock_early,12,-10.282663615563653,1.0,"{""collision"": 12}","{""collision_tblock_early"": 12}","{""collision_rod_early"": 0.0, ""collision_rod_late"": 0.0, ""collision_rod_mid"": 0.0, ""collision_tblock_early"": 5.988540748457409, ""collision_tblock_late"": 0.0, ""collision_tblock_mid"": 0.0, ""fall"": 0.0, ""timeout"": 0.0}"
layout_path_conditioned,start_region=x_mid__y_neg|path_angle_bin=sector_6|path_len_bin=long|near_count_bin=0|medhigh_count_bin=1|pair_side_mode=center_involved,False,12,0,12,1.0,3.0737054250812323,collision_tblock_early,12,-10.213782625215718,1.0,"{""collision"": 12}","{""collision_tblock_early"": 12}","{""collision_rod_early"": 0.0, ""collision_rod_late"": 0.0, ""collision_rod_mid"": 0.0, ""collision_tblock_early"": 5.988540748457409, ""collision_tblock_late"": 0.0, ""collision_tblock_mid"": 0.0, ""fall"": 0.0, ""timeout"": 0.0}"
layout_path_conditioned,start_region=x_pos__y_pos|path_angle_bin=sector_0|path_len_bin=long|near_count_bin=2|medhigh_count_bin=1|pair_side_mode=opposite_side,False,11,0,11,1.0,3.0737054250812323,collision_tblock_early,11,-10.305949407501172,1.0,"{""collision"": 11}","{""collision_tblock_early"": 11}","{""collision_rod_early"": 0.0, ""collision_rod_late"": 0.0, ""collision_rod_mid"": 0.0, ""collision_tblock_early"": 5.9885407484574085, ""collision_tblock_late"": 0.0, ""collision_tblock_mid"": 0.0, ""fall"": 0.0, ""timeout"": 0.0}"
layout_path_conditioned,start_region=x_pos__y_neg|path_angle_bin=sector_6|path_len_bin=long|near_count_bin=0|medhigh_count_bin=2|pair_side_mode=center_involved,False,11,0,11,1.0,3.0737054250812323,collision_tblock_early,11,-10.25242329174455,1.0,"{""collision"": 11}","{""collision_tblock_early"": 11}","{""collision_rod_early"": 0.0, ""collision_rod_late"": 0.0, ""collision_rod_mid"": 0.0, ""collision_tblock_early"": 5.9885407484574085, ""collision_tblock_late"": 0.0, ""collision_tblock_mid"": 0.0, ""fall"": 0.0, ""timeout"": 0.0}"
layout_path_conditioned,start_region=x_pos__y_mid|path_angle_bin=sector_7|path_len_bin=long|near_count_bin=1|medhigh_count_bin=1|pair_side_mode=opposite_side,False,10,0,10,1.0,3.0737054250812323,collision_tblock_early,9,-10.58297993162358,1.3,"{""collision"": 10}","{""collision_rod_mid"": 1, ""collision_tblock_early"": 9}","{""collision_rod_early"": 0.0, ""collision_rod_late"": 0.0, ""collision_rod_mid"": 16.793483146067416, ""collision_tblock_early"": 5.389686673611667, ""collision_tblock_late"": 0.0, ""collision_tblock_mid"": 0.0, ""fall"": 0.0, ""timeout"": 0.0}"
layout_path_conditioned,start_region=x_pos__y_pos|path_angle_bin=sector_1|path_len_bin=long|near_count_bin=2|medhigh_count_bin=2|pair_side_mode=same_side,False,10,0,10,1.0,3.0737054250812323,collision_tblock_early,10,-10.261676539500428,1.0,"{""collision"": 10}","{""collision_tblock_early"": 10}","{""collision_rod_early"": 0.0, ""collision_rod_late"": 0.0, ""collision_rod_mid"": 0.0, ""collision_tblock_early"": 5.9885407484574085, ""collision_tblock_late"": 0.0, ""collision_tblock_mid"": 0.0, ""fall"": 0.0, ""timeout"": 0.0}"
layout_path_conditioned,start_region=x_pos__y_neg|path_angle_bin=sector_6|path_len_bin=long|near_count_bin=2|medhigh_count_bin=1|pair_side_mode=same_side,False,10,0,10,1.0,3.0737054250812323,collision_tblock_early,10,-10.281554779676593,1.0,"{""collision"": 10}","{""collision_tblock_early"": 10}","{""collision_rod_early"": 0.0, ""collision_rod_late"": 0.0, ""collision_rod_mid"": 0.0, ""collision_tblock_early"": 5.9885407484574085, ""collision_tblock_late"": 0.0, ""collision_tblock_mid"": 0.0, ""fall"": 0.0, ""timeout"": 0.0}"
layout_path_conditioned,start_region=x_pos__y_pos|path_angle_bin=sector_1|path_len_bin=long|near_count_bin=0|medhigh_count_bin=1|pair_side_mode=opposite_side,False,8,0,8,1.0,3.0737054250812323,collision_tblock_early,8,-10.266562278239526,1.0,"{""collision"": 8}","{""collision_tblock_early"": 8}","{""collision_rod_early"": 0.0, ""collision_rod_late"": 0.0, ""collision_rod_mid"": 0.0, ""collision_tblock_early"": 5.9885407484574085, ""collision_tblock_late"": 0.0, ""collision_tblock_mid"": 0.0, ""fall"": 0.0, ""timeout"": 0.0}"
layout_path_conditioned,start_region=x_pos__y_neg|path_angle_bin=sector_7|path_len_bin=long|near_count_bin=2|medhigh_count_bin=1|pair_side_mode=same_side,False,8,0,8,1.0,3.0737054250812323,collision_tblock_early,8,-11.062071300598596,1.125,"{""collision"": 8}","{""collision_tblock_early"": 8}","{""collision_rod_early"": 0.0, ""collision_rod_late"": 0.0, ""collision_rod_mid"": 0.0, ""collision_tblock_early"": 5.9885407484574085, ""collision_tblock_late"": 0.0, ""collision_tblock_mid"": 0.0, ""fall"": 0.0, ""timeout"": 0.0}"
layout_path_conditioned,start_region=x_pos__y_neg|path_angle_bin=sector_7|path_len_bin=long|near_count_bin=2|medhigh_count_bin=1|pair_side_mode=opposite_side,False,8,0,8,1.0,3.0737054250812323,collision_tblock_early,8,-10.269643163313543,1.0,"{""collision"": 8}","{""collision_tblock_early"": 8}","{""collision_rod_early"": 0.0, ""collision_rod_late"": 0.0, ""collision_rod_mid"": 0.0, ""collision_tblock_early"": 5.9885407484574085, ""collision_tblock_late"": 0.0, ""collision_tblock_mid"": 0.0, ""fall"": 0.0, ""timeout"": 0.0}"
layout_path_conditioned,start_region=x_pos__y_pos|path_angle_bin=sector_0|path_len_bin=long|near_count_bin=2|medhigh_count_bin=1|pair_side_mode=same_side,False,7,0,7,1.0,3.0737054250812323,collision_tblock_early,7,-10.335702307951156,1.0,"{""collision"": 7}","{""collision_tblock_early"": 7}","{""collision_rod_early"": 0.0, ""collision_rod_late"": 0.0, ""collision_rod_mid"": 0.0, ""collision_tblock_early"": 5.9885407484574085, ""collision_tblock_late"": 0.0, ""collision_tblock_mid"": 0.0, ""fall"": 0.0, ""timeout"": 0.0}"
layout_path_conditioned,start_region=x_neg__y_pos|path_angle_bin=sector_3|path_len_bin=long|near_count_bin=1|medhigh_count_bin=1|pair_side_mode=center_involved,False,7,0,7,1.0,3.0737054250812323,collision_tblock_early,6,-10.59310462923782,1.1428571428571428,"{""collision"": 7}","{""collision_rod_early"": 1, ""collision_tblock_early"": 6}","{""collision_rod_early"": 4.504581072935504, ""collision_rod_late"": 0.0, ""collision_rod_mid"": 0.0, ""collision_tblock_early"": 5.1330349272492075, ""collision_tblock_late"": 0.0, ""collision_tblock_mid"": 0.0, ""fall"": 0.0, ""timeout"": 0.0}"
layout_path_conditioned,start_region=x_pos__y_neg|path_angle_bin=sector_6|path_len_bin=long|near_count_bin=2|medhigh_count_bin=2|pair_side_mode=same_side,False,7,0,7,1.0,3.0737054250812323,collision_tblock_early,7,-10.288458248166664,1.0,"{""collision"": 7}","{""collision_tblock_early"": 7}","{""collision_rod_early"": 0.0, ""collision_rod_late"": 0.0, ""collision_rod_mid"": 0.0, ""collision_tblock_early"": 5.9885407484574085, ""collision_tblock_late"": 0.0, ""collision_tblock_mid"": 0.0, ""fall"": 0.0, ""timeout"": 0.0}"
layout_path_conditioned,start_region=x_mid__y_pos|path_angle_bin=sector_1|path_len_bin=long|near_count_bin=0|medhigh_count_bin=1|pair_side_mode=opposite_side,False,6,0,6,1.0,3.0737054250812323,collision_tblock_early,5,-10.242845652491889,1.0,"{""collision"": 6}","{""collision_rod_early"": 1, ""collision_tblock_early"": 5}","{""collision_rod_early"": 5.255344585091421, ""collision_rod_late"": 0.0, ""collision_rod_mid"": 0.0, ""collision_tblock_early"": 4.990450623714508, ""collision_tblock_late"": 0.0, ""collision_tblock_mid"": 0.0, ""fall"": 0.0, ""timeout"": 0.0}"
layout_path_conditioned,start_region=x_pos__y_pos|path_angle_bin=sector_1|path_len_bin=long|near_count_bin=2|medhigh_count_bin=1|pair_side_mode=same_side,False,6,0,6,1.0,3.0737054250812323,collision_tblock_early,6,-10.310528432172633,1.0,"{""collision"": 6}","{""collision_tblock_early"": 6}","{""collision_rod_early"": 0.0, ""collision_rod_late"": 0.0, ""collision_rod_mid"": 0.0, ""collision_tblock_early"": 5.988540748457409, ""collision_tblock_late"": 0.0, ""collision_tblock_mid"": 0.0, ""fall"": 0.0, ""timeout"": 0.0}"
layout_path_conditioned,start_region=x_neg__y_mid|path_angle_bin=sector_3|path_len_bin=long|near_count_bin=0|medhigh_count_bin=1|pair_side_mode=center_involved,False,6,0,6,1.0,3.0737054250812323,collision_tblock_early,6,-10.260810271870062,1.0,"{""collision"": 6}","{""collision_tblock_early"": 6}","{""collision_rod_early"": 0.0, ""collision_rod_late"": 0.0, ""collision_rod_mid"": 0.0, ""collision_tblock_early"": 5.988540748457409, ""collision_tblock_late"": 0.0, ""collision_tblock_mid"": 0.0, ""fall"": 0.0, ""timeout"": 0.0}"
layout_path_conditioned,start_region=x_neg__y_pos|path_angle_bin=sector_2|path_len_bin=long|near_count_bin=0|medhigh_count_bin=2|pair_side_mode=center_involved,False,6,0,6,1.0,3.0737054250812323,collision_tblock_early,5,-10.331123278447327,1.0,"{""collision"": 6}","{""collision_rod_early"": 1, ""collision_tblock_early"": 5}","{""collision_rod_early"": 5.255344585091421, ""collision_rod_late"": 0.0, ""collision_rod_mid"": 0.0, ""collision_tblock_early"": 4.990450623714508, ""collision_tblock_late"": 0.0, ""collision_tblock_mid"": 0.0, ""fall"": 0.0, ""timeout"": 0.0}"
layout_path_conditioned,start_region=x_neg__y_neg|path_angle_bin=sector_4|path_len_bin=long|near_count_bin=0|medhigh_count_bin=1|pair_side_mode=center_involved,False,5,0,5,1.0,3.0737054250812323,collision_tblock_early,5,-10.257939603621248,1.0,"{""collision"": 5}","{""collision_tblock_early"": 5}","{""collision_rod_early"": 0.0, ""collision_rod_late"": 0.0, ""collision_rod_mid"": 0.0, ""collision_tblock_early"": 5.9885407484574085, ""collision_tblock_late"": 0.0, ""collision_tblock_mid"": 0.0, ""fall"": 0.0, ""timeout"": 0.0}"
layout_path_conditioned,start_region=x_mid__y_pos|path_angle_bin=sector_2|path_len_bin=long|near_count_bin=0|medhigh_count_bin=2|pair_side_mode=center_involved,False,5,0,5,1.0,3.0737054250812323,collision_tblock_early,5,-10.206603610844278,1.0,"{""collision"": 5}","{""collision_tblock_early"": 5}","{""collision_rod_early"": 0.0, ""collision_rod_late"": 0.0, ""collision_rod_mid"": 0.0, ""collision_tblock_early"": 5.9885407484574085, ""collision_tblock_late"": 0.0, ""collision_tblock_mid"": 0.0, ""fall"": 0.0, ""timeout"": 0.0}"
layout_path_conditioned,start_region=x_pos__y_mid|path_angle_bin=sector_0|path_len_bin=long|near_count_bin=1|medhigh_count_bin=2|pair_side_mode=center_involved,False,5,0,5,1.0,3.0737054250812323,collision_tblock_early,5,-10.231085648611602,1.0,"{""collision"": 5}","{""collision_tblock_early"": 5}","{""collision_rod_early"": 0.0, ""collision_rod_late"": 0.0, ""collision_rod_mid"": 0.0, ""collision_tblock_early"": 5.9885407484574085, ""collision_tblock_late"": 0.0, ""collision_tblock_mid"": 0.0, ""fall"": 0.0, ""timeout"": 0.0}"
layout_path_conditioned,start_region=x_neg__y_pos|path_angle_bin=sector_3|path_len_bin=long|near_count_bin=0|medhigh_count_bin=2|pair_side_mode=center_involved,False,5,0,5,1.0,3.0737054250812323,collision_tblock_early,5,-10.284918399590328,1.0,"{""collision"": 5}","{""collision_tblock_early"": 5}","{""collision_rod_early"": 0.0, ""collision_rod_late"": 0.0, ""collision_rod_mid"": 0.0, ""collision_tblock_early"": 5.9885407484574085, ""collision_tblock_late"": 0.0, ""collision_tblock_mid"": 0.0, ""fall"": 0.0, ""timeout"": 0.0}"
layout_path_conditioned,start_region=x_pos__y_mid|path_angle_bin=sector_0|path_len_bin=long|near_count_bin=2|medhigh_count_bin=2|pair_side_mode=opposite_side,False,4,0,4,1.0,3.0737054250812323,collision_tblock_early,4,-10.237387445414903,1.0,"{""collision"": 4}","{""collision_tblock_early"": 4}","{""collision_rod_early"": 0.0, ""collision_rod_late"": 0.0, ""collision_rod_mid"": 0.0, ""collision_tblock_early"": 5.9885407484574085, ""collision_tblock_late"": 0.0, ""collision_tblock_mid"": 0.0, ""fall"": 0.0, ""timeout"": 0.0}"
layout_path_conditioned,start_region=x_pos__y_neg|path_angle_bin=sector_6|path_len_bin=long|near_count_bin=0|medhigh_count_bin=1|pair_side_mode=opposite_side,False,4,0,4,1.0,3.0737054250812323,collision_tblock_early,4,-10.294692843934508,1.0,"{""collision"": 4}","{""collision_tblock_early"": 4}","{""collision_rod_early"": 0.0, ""collision_rod_late"": 0.0, ""collision_rod_mid"": 0.0, ""collision_tblock_early"": 5.9885407484574085, ""collision_tblock_late"": 0.0, ""collision_tblock_mid"": 0.0, ""fall"": 0.0, ""timeout"": 0.0}"
layout_path_conditioned,start_region=x_mid__y_pos|path_angle_bin=sector_1|path_len_bin=long|near_count_bin=1|medhigh_count_bin=2|pair_side_mode=center_involved,False,4,0,4,1.0,3.0737054250812323,collision_tblock_early,4,-10.200118790476948,1.0,"{""collision"": 4}","{""collision_tblock_early"": 4}","{""collision_rod_early"": 0.0, ""collision_rod_late"": 0.0, ""collision_rod_mid"": 0.0, ""collision_tblock_early"": 5.9885407484574085, ""collision_tblock_late"": 0.0, ""collision_tblock_mid"": 0.0, ""fall"": 0.0, ""timeout"": 0.0}"
layout_path_conditioned,start_region=x_neg__y_neg|path_angle_bin=sector_5|path_len_bin=long|near_count_bin=0|medhigh_count_bin=1|pair_side_mode=center_involved,False,4,0,4,1.0,3.0737054250812323,collision_tblock_early,4,-10.273596935307612,1.0,"{""collision"": 4}","{""collision_tblock_early"": 4}","{""collision_rod_early"": 0.0, ""collision_rod_late"": 0.0, ""collision_rod_mid"": 0.0, ""collision_tblock_early"": 5.9885407484574085, ""collision_tblock_late"": 0.0, ""collision_tblock_mid"": 0.0, ""fall"": 0.0, ""timeout"": 0.0}"
layout_path_conditioned,start_region=x_pos__y_pos|path_angle_bin=sector_1|path_len_bin=long|near_count_bin=2|medhigh_count_bin=0|pair_side_mode=opposite_side,False,3,0,3,1.0,3.0737054250812323,collision_tblock_early,2,-8.939030437336333,3.6666666666666665,"{""collision"": 2, ""timeout"": 1}","{""collision_tblock_early"": 2, ""timeout"": 1}","{""collision_rod_early"": 0.0, ""collision_rod_late"": 0.0, ""collision_rod_mid"": 0.0, ""collision_tblock_early"": 3.992360498971606, ""collision_tblock_late"": 0.0, ""collision_tblock_mid"": 0.0, ""fall"": 0.0, ""timeout"": 2.986850519584333}"
layout_path_conditioned,start_region=x_mid__y_pos|path_angle_bin=sector_1|path_len_bin=long|near_count_bin=2|medhigh_count_bin=2|pair_side_mode=opposite_side,False,3,0,3,1.0,3.0737054250812323,collision_tblock_early,3,-10.22661600838972,1.0,"{""collision"": 3}","{""collision_tblock_early"": 3}","{""collision_rod_early"": 0.0, ""collision_rod_late"": 0.0, ""collision_rod_mid"": 0.0, ""collision_tblock_early"": 5.988540748457409, ""collision_tblock_late"": 0.0, ""collision_tblock_mid"": 0.0, ""fall"": 0.0, ""timeout"": 0.0}"
layout_path_conditioned,start_region=x_neg__y_pos|path_angle_bin=sector_3|path_len_bin=long|near_count_bin=2|medhigh_count_bin=1|pair_side_mode=same_side,False,3,0,3,1.0,3.0737054250812323,collision_tblock_early,3,-10.378128550883318,1.0,"{""collision"": 3}","{""collision_tblock_early"": 3}","{""collision_rod_early"": 0.0, ""collision_rod_late"": 0.0, ""collision_rod_mid"": 0.0, ""collision_tblock_early"": 5.988540748457409, ""collision_tblock_late"": 0.0, ""collision_tblock_mid"": 0.0, ""fall"": 0.0, ""timeout"": 0.0}"
layout_path_conditioned,start_region=x_pos__y_neg|path_angle_bin=sector_7|path_len_bin=long|near_count_bin=0|medhigh_count_bin=1|pair_side_mode=opposite_side,False,3,0,3,1.0,3.0737054250812323,collision_tblock_early,3,-10.279950591776235,1.0,"{""collision"": 3}","{""collision_tblock_early"": 3}","{""collision_rod_early"": 0.0, ""collision_rod_late"": 0.0, ""collision_rod_mid"": 0.0, ""collision_tblock_early"": 5.988540748457409, ""collision_tblock_late"": 0.0, ""collision_tblock_mid"": 0.0, ""fall"": 0.0, ""timeout"": 0.0}"
layout_path_conditioned,start_region=x_neg__y_pos|path_angle_bin=sector_2|path_len_bin=long|near_count_bin=2|medhigh_count_bin=2|pair_side_mode=same_side,False,3,0,3,1.0,3.0737054250812323,collision_tblock_early,3,-10.355442378464934,1.0,"{""collision"": 3}","{""collision_tblock_early"": 3}","{""collision_rod_early"": 0.0, ""collision_rod_late"": 0.0, ""collision_rod_mid"": 0.0, ""collision_tblock_early"": 5.988540748457409, ""collision_tblock_late"": 0.0, ""collision_tblock_mid"": 0.0, ""fall"": 0.0, ""timeout"": 0.0}"
layout_path_conditioned,start_region=x_mid__y_pos|path_angle_bin=sector_2|path_len_bin=long|near_count_bin=1|medhigh_count_bin=2|pair_side_mode=center_involved,False,3,0,3,1.0,3.0737054250812323,collision_tblock_early,3,-10.215336609452443,1.0,"{""collision"": 3}","{""collision_tblock_early"": 3}","{""collision_rod_early"": 0.0, ""collision_rod_late"": 0.0, ""collision_rod_mid"": 0.0, ""collision_tblock_early"": 5.988540748457409, ""collision_tblock_late"": 0.0, ""collision_tblock_mid"": 0.0, ""fall"": 0.0, ""timeout"": 0.0}"
layout_path_conditioned,start_region=x_pos__y_mid|path_angle_bin=sector_0|path_len_bin=long|near_count_bin=0|medhigh_count_bin=2|pair_side_mode=center_involved,False,3,0,3,1.0,3.0737054250812323,collision_tblock_early,3,-10.232135332349834,1.0,"{""collision"": 3}","{""collision_tblock_early"": 3}","{""collision_rod_early"": 0.0, ""collision_rod_late"": 0.0, ""collision_rod_mid"": 0.0, ""collision_tblock_early"": 5.988540748457409, ""collision_tblock_late"": 0.0, ""collision_tblock_mid"": 0.0, ""fall"": 0.0, ""timeout"": 0.0}"
layout_path_conditioned,start_region=x_neg__y_pos|path_angle_bin=sector_3|path_len_bin=long|near_count_bin=2|medhigh_count_bin=0|pair_side_mode=same_side,False,2,0,2,1.0,3.0737054250812323,collision_rod_early,1,-10.23326748503766,1.0,"{""collision"": 2}","{""collision_rod_early"": 1, ""collision_tblock_early"": 1}","{""collision_rod_early"": 15.766033755274261, ""collision_rod_late"": 0.0, ""collision_rod_mid"": 0.0, ""collision_tblock_early"": 2.9942703742287042, ""collision_tblock_late"": 0.0, ""collision_tblock_mid"": 0.0, ""fall"": 0.0, ""timeout"": 0.0}"
layout_path_conditioned,start_region=x_pos__y_neg|path_angle_bin=sector_7|path_len_bin=long|near_count_bin=2|medhigh_count_bin=0|pair_side_mode=same_side,False,2,0,2,1.0,3.0737054250812323,collision_rod_mid,1,-14.700238139100986,2.5,"{""collision"": 2}","{""collision_rod_mid"": 1, ""collision_tblock_early"": 1}","{""collision_rod_early"": 0.0, ""collision_rod_late"": 0.0, ""collision_rod_mid"": 83.96741573033708, ""collision_tblock_early"": 2.9942703742287042, ""collision_tblock_late"": 0.0, ""collision_tblock_mid"": 0.0, ""fall"": 0.0, ""timeout"": 0.0}"
layout_path_conditioned,start_region=x_neg__y_neg|path_angle_bin=sector_5|path_len_bin=medium|near_count_bin=1|medhigh_count_bin=0|pair_side_mode=same_side,False,2,0,2,1.0,3.0737054250812323,timeout,1,-12.713275789841038,5.5,"{""collision"": 1, ""timeout"": 1}","{""collision_rod_early"": 1, ""timeout"": 1}","{""collision_rod_early"": 15.766033755274261, ""collision_rod_late"": 0.0, ""collision_rod_mid"": 0.0, ""collision_tblock_early"": 0.0, ""collision_tblock_late"": 0.0, ""collision_tblock_mid"": 0.0, ""fall"": 0.0, ""timeout"": 4.480275779376499}"
layout_path_conditioned,start_region=x_pos__y_neg|path_angle_bin=sector_6|path_len_bin=long|near_count_bin=2|medhigh_count_bin=0|pair_side_mode=opposite_side,False,2,0,2,1.0,3.0737054250812323,timeout,1,-11.862007107374623,5.0,"{""collision"": 1, ""timeout"": 1}","{""collision_tblock_early"": 1, ""timeout"": 1}","{""collision_rod_early"": 0.0, ""collision_rod_late"": 0.0, ""collision_rod_mid"": 0.0, ""collision_tblock_early"": 2.9942703742287042, ""collision_tblock_late"": 0.0, ""collision_tblock_mid"": 0.0, ""fall"": 0.0, ""timeout"": 4.480275779376499}"
layout_path_conditioned,start_region=x_neg__y_neg|path_angle_bin=sector_5|path_len_bin=long|near_count_bin=2|medhigh_count_bin=1|pair_side_mode=same_side,False,2,0,2,1.0,3.0737054250812323,collision_tblock_early,2,-10.269346638424,1.0,"{""collision"": 2}","{""collision_tblock_early"": 2}","{""collision_rod_early"": 0.0, ""collision_rod_late"": 0.0, ""collision_rod_mid"": 0.0, ""collision_tblock_early"": 5.9885407484574085, ""collision_tblock_late"": 0.0, ""collision_tblock_mid"": 0.0, ""fall"": 0.0, ""timeout"": 0.0}"
layout_path_conditioned,start_region=x_neg__y_neg|path_angle_bin=sector_4|path_len_bin=long|near_count_bin=2|medhigh_count_bin=1|pair_side_mode=opposite_side,False,2,0,2,1.0,3.0737054250812323,collision_tblock_early,2,-10.30547573890403,1.0,"{""collision"": 2}","{""collision_tblock_early"": 2}","{""collision_rod_early"": 0.0, ""collision_rod_late"": 0.0, ""collision_rod_mid"": 0.0, ""collision_tblock_early"": 5.9885407484574085, ""collision_tblock_late"": 0.0, ""collision_tblock_mid"": 0.0, ""fall"": 0.0, ""timeout"": 0.0}"
layout_path_conditioned,start_region=x_neg__y_pos|path_angle_bin=sector_3|path_len_bin=long|near_count_bin=0|medhigh_count_bin=1|pair_side_mode=opposite_side,False,2,0,2,1.0,3.0737054250812323,collision_tblock_early,2,-10.358821672852871,1.0,"{""collision"": 2}","{""collision_tblock_early"": 2}","{""collision_rod_early"": 0.0, ""collision_rod_late"": 0.0, ""collision_rod_mid"": 0.0, ""collision_tblock_early"": 5.9885407484574085, ""collision_tblock_late"": 0.0, ""collision_tblock_mid"": 0.0, ""fall"": 0.0, ""timeout"": 0.0}"
layout_path_conditioned,start_region=x_pos__y_pos|path_angle_bin=sector_0|path_len_bin=long|near_count_bin=2|medhigh_count_bin=0|pair_side_mode=opposite_side,False,2,0,2,1.0,3.0737054250812323,collision_tblock_early,2,-10.271242082187932,1.0,"{""collision"": 2}","{""collision_tblock_early"": 2}","{""collision_rod_early"": 0.0, ""collision_rod_late"": 0.0, ""collision_rod_mid"": 0.0, ""collision_tblock_early"": 5.9885407484574085, ""collision_tblock_late"": 0.0, ""collision_tblock_mid"": 0.0, ""fall"": 0.0, ""timeout"": 0.0}"
layout_path_conditioned,start_region=x_neg__y_mid|path_angle_bin=sector_3|path_len_bin=long|near_count_bin=1|medhigh_count_bin=1|pair_side_mode=opposite_side,False,2,0,2,1.0,3.0737054250812323,collision_tblock_early,2,-10.252459131482478,1.0,"{""collision"": 2}","{""collision_tblock_early"": 2}","{""collision_rod_early"": 0.0, ""collision_rod_late"": 0.0, ""collision_rod_mid"": 0.0, ""collision_tblock_early"": 5.9885407484574085, ""collision_tblock_late"": 0.0, ""collision_tblock_mid"": 0.0, ""fall"": 0.0, ""timeout"": 0.0}"
layout_path_conditioned,start_region=x_pos__y_mid|path_angle_bin=sector_7|path_len_bin=long|near_count_bin=0|medhigh_count_bin=2|pair_side_mode=center_involved,False,2,0,2,1.0,3.0737054250812323,collision_tblock_early,2,-10.233275467158585,1.0,"{""collision"": 2}","{""collision_tblock_early"": 2}","{""collision_rod_early"": 0.0, ""collision_rod_late"": 0.0, ""collision_rod_mid"": 0.0, ""collision_tblock_early"": 5.9885407484574085, ""collision_tblock_late"": 0.0, ""collision_tblock_mid"": 0.0, ""fall"": 0.0, ""timeout"": 0.0}"
layout_path_conditioned,start_region=x_neg__y_neg|path_angle_bin=sector_4|path_len_bin=long|near_count_bin=2|medhigh_count_bin=1|pair_side_mode=same_side,False,2,0,2,1.0,3.0737054250812323,collision_tblock_early,2,-10.244647063939228,1.0,"{""collision"": 2}","{""collision_tblock_early"": 2}","{""collision_rod_early"": 0.0, ""collision_rod_late"": 0.0, ""collision_rod_mid"": 0.0, ""collision_tblock_early"": 5.9885407484574085, ""collision_tblock_late"": 0.0, ""collision_tblock_mid"": 0.0, ""fall"": 0.0, ""timeout"": 0.0}"
layout_path_conditioned,start_region=x_pos__y_mid|path_angle_bin=sector_7|path_len_bin=long|near_count_bin=1|medhigh_count_bin=2|pair_side_mode=center_involved,False,2,0,2,1.0,3.0737054250812323,collision_tblock_early,2,-10.246629244418159,1.0,"{""collision"": 2}","{""collision_tblock_early"": 2}","{""collision_rod_early"": 0.0, ""collision_rod_late"": 0.0, ""collision_rod_mid"": 0.0, ""collision_tblock_early"": 5.9885407484574085, ""collision_tblock_late"": 0.0, ""collision_tblock_mid"": 0.0, ""fall"": 0.0, ""timeout"": 0.0}"
layout_path_conditioned,start_region=x_pos__y_mid|path_angle_bin=sector_7|path_len_bin=medium|near_count_bin=1|medhigh_count_bin=0|pair_side_mode=center_involved,False,1,0,1,1.0,3.0737054250812323,collision_rod_mid,1,-17.131409458002253,4.0,"{""collision"": 1}","{""collision_rod_mid"": 1}","{""collision_rod_early"": 0.0, ""collision_rod_late"": 0.0, ""collision_rod_mid"": 167.93483146067416, ""collision_tblock_early"": 0.0, ""collision_tblock_late"": 0.0, ""collision_tblock_mid"": 0.0, ""fall"": 0.0, ""timeout"": 0.0}"
layout_path_conditioned,start_region=x_neg__y_neg|path_angle_bin=sector_4|path_len_bin=long|near_count_bin=2|medhigh_count_bin=0|pair_side_mode=same_side,False,1,0,1,1.0,3.0737054250812323,timeout,1,-9.947863965159636,9.0,"{""timeout"": 1}","{""timeout"": 1}","{""collision_rod_early"": 0.0, ""collision_rod_late"": 0.0, ""collision_rod_mid"": 0.0, ""collision_tblock_early"": 0.0, ""collision_tblock_late"": 0.0, ""collision_tblock_mid"": 0.0, ""fall"": 0.0, ""timeout"": 8.960551558752998}"
layout_path_conditioned,start_region=x_pos__y_mid|path_angle_bin=sector_0|path_len_bin=long|near_count_bin=2|medhigh_count_bin=0|pair_side_mode=same_side,False,1,0,1,1.0,3.0737054250812323,collision_tblock_early,1,-17.929348525281796,3.0,"{""collision"": 1}","{""collision_tblock_early"": 1}","{""collision_rod_early"": 0.0, ""collision_rod_late"": 0.0, ""collision_rod_mid"": 0.0, ""collision_tblock_early"": 5.9885407484574085, ""collision_tblock_late"": 0.0, ""collision_tblock_mid"": 0.0, ""fall"": 0.0, ""timeout"": 0.0}"
layout_path_conditioned,start_region=x_neg__y_pos|path_angle_bin=sector_2|path_len_bin=long|near_count_bin=2|medhigh_count_bin=0|pair_side_mode=opposite_side,False,1,0,1,1.0,3.0737054250812323,collision_tblock_early,1,-10.277935179524976,1.0,"{""collision"": 1}","{""collision_tblock_early"": 1}","{""collision_rod_early"": 0.0, ""collision_rod_late"": 0.0, ""collision_rod_mid"": 0.0, ""collision_tblock_early"": 5.9885407484574085, ""collision_tblock_late"": 0.0, ""collision_tblock_mid"": 0.0, ""fall"": 0.0, ""timeout"": 0.0}"
layout_path_conditioned,start_region=x_pos__y_pos|path_angle_bin=sector_0|path_len_bin=long|near_count_bin=2|medhigh_count_bin=0|pair_side_mode=same_side,False,1,0,1,1.0,3.0737054250812323,collision_tblock_early,1,-10.253769978416571,1.0,"{""collision"": 1}","{""collision_tblock_early"": 1}","{""collision_rod_early"": 0.0, ""collision_rod_late"": 0.0, ""collision_rod_mid"": 0.0, ""collision_tblock_early"": 5.9885407484574085, ""collision_tblock_late"": 0.0, ""collision_tblock_mid"": 0.0, ""fall"": 0.0, ""timeout"": 0.0}"
layout_path_conditioned,start_region=x_neg__y_neg|path_angle_bin=sector_5|path_len_bin=long|near_count_bin=2|medhigh_count_bin=1|pair_side_mode=opposite_side,False,1,0,1,1.0,3.0737054250812323,collision_tblock_early,1,-10.275773539901289,1.0,"{""collision"": 1}","{""collision_tblock_early"": 1}","{""collision_rod_early"": 0.0, ""collision_rod_late"": 0.0, ""collision_rod_mid"": 0.0, ""collision_tblock_early"": 5.9885407484574085, ""collision_tblock_late"": 0.0, ""collision_tblock_mid"": 0.0, ""fall"": 0.0, ""timeout"": 0.0}"
layout_path_conditioned,start_region=x_neg__y_neg|path_angle_bin=sector_5|path_len_bin=long|near_count_bin=2|medhigh_count_bin=2|pair_side_mode=same_side,False,1,0,1,1.0,3.0737054250812323,collision_tblock_early,1,-10.276614815617158,1.0,"{""collision"": 1}","{""collision_tblock_early"": 1}","{""collision_rod_early"": 0.0, ""collision_rod_late"": 0.0, ""collision_rod_mid"": 0.0, ""collision_tblock_early"": 5.9885407484574085, ""collision_tblock_late"": 0.0, ""collision_tblock_mid"": 0.0, ""fall"": 0.0, ""timeout"": 0.0}"
layout_path_conditioned,start_region=x_pos__y_neg|path_angle_bin=sector_7|path_len_bin=long|near_count_bin=2|medhigh_count_bin=2|pair_side_mode=same_side,False,1,0,1,1.0,3.0737054250812323,collision_tblock_early,1,-10.26676531827969,1.0,"{""collision"": 1}","{""collision_tblock_early"": 1}","{""collision_rod_early"": 0.0, ""collision_rod_late"": 0.0, ""collision_rod_mid"": 0.0, ""collision_tblock_early"": 5.9885407484574085, ""collision_tblock_late"": 0.0, ""collision_tblock_mid"": 0.0, ""fall"": 0.0, ""timeout"": 0.0}"
layout_path_conditioned,start_region=x_pos__y_pos|path_angle_bin=sector_0|path_len_bin=long|near_count_bin=0|medhigh_count_bin=2|pair_side_mode=opposite_side,False,1,0,1,1.0,3.0737054250812323,collision_tblock_early,1,-10.281344746004518,1.0,"{""collision"": 1}","{""collision_tblock_early"": 1}","{""collision_rod_early"": 0.0, ""collision_rod_late"": 0.0, ""collision_rod_mid"": 0.0, ""collision_tblock_early"": 5.9885407484574085, ""collision_tblock_late"": 0.0, ""collision_tblock_mid"": 0.0, ""fall"": 0.0, ""timeout"": 0.0}"
layout_path_conditioned,start_region=x_neg__y_mid|path_angle_bin=sector_4|path_len_bin=long|near_count_bin=0|medhigh_count_bin=1|pair_side_mode=opposite_side,False,1,0,1,1.0,3.0737054250812323,collision_tblock_early,1,-10.234330040296337,1.0,"{""collision"": 1}","{""collision_tblock_early"": 1}","{""collision_rod_early"": 0.0, ""collision_rod_late"": 0.0, ""collision_rod_mid"": 0.0, ""collision_tblock_early"": 5.9885407484574085, ""collision_tblock_late"": 0.0, ""collision_tblock_mid"": 0.0, ""fall"": 0.0, ""timeout"": 0.0}"
layout_path_conditioned,start_region=x_neg__y_mid|path_angle_bin=sector_4|path_len_bin=long|near_count_bin=1|medhigh_count_bin=1|pair_side_mode=opposite_side,False,1,0,1,1.0,3.0737054250812323,collision_tblock_early,1,-10.297964051593114,1.0,"{""collision"": 1}","{""collision_tblock_early"": 1}","{""collision_rod_early"": 0.0, ""collision_rod_late"": 0.0, ""collision_rod_mid"": 0.0, ""collision_tblock_early"": 5.9885407484574085, ""collision_tblock_late"": 0.0, ""collision_tblock_mid"": 0.0, ""fall"": 0.0, ""timeout"": 0.0}"
layout_path_conditioned,start_region=x_neg__y_neg|path_angle_bin=sector_4|path_len_bin=long|near_count_bin=0|medhigh_count_bin=1|pair_side_mode=opposite_side,False,1,0,1,1.0,3.0737054250812323,collision_tblock_early,1,-10.306455090566745,1.0,"{""collision"": 1}","{""collision_tblock_early"": 1}","{""collision_rod_early"": 0.0, ""collision_rod_late"": 0.0, ""collision_rod_mid"": 0.0, ""collision_tblock_early"": 5.9885407484574085, ""collision_tblock_late"": 0.0, ""collision_tblock_mid"": 0.0, ""fall"": 0.0, ""timeout"": 0.0}"
layout_path_conditioned,start_region=x_mid__y_neg|path_angle_bin=sector_5|path_len_bin=long|near_count_bin=0|medhigh_count_bin=1|pair_side_mode=opposite_side,False,1,0,1,1.0,3.0737054250812323,collision_tblock_early,1,-10.258067636044274,1.0,"{""collision"": 1}","{""collision_tblock_early"": 1}","{""collision_rod_early"": 0.0, ""collision_rod_late"": 0.0, ""collision_rod_mid"": 0.0, ""collision_tblock_early"": 5.9885407484574085, ""collision_tblock_late"": 0.0, ""collision_tblock_mid"": 0.0, ""fall"": 0.0, ""timeout"": 0.0}"
layout_path_conditioned,start_region=x_mid__y_pos|path_angle_bin=sector_2|path_len_bin=long|near_count_bin=0|medhigh_count_bin=1|pair_side_mode=opposite_side,False,1,0,1,1.0,3.0737054250812323,collision_tblock_early,1,-10.227384680896717,1.0,"{""collision"": 1}","{""collision_tblock_early"": 1}","{""collision_rod_early"": 0.0, ""collision_rod_late"": 0.0, ""collision_rod_mid"": 0.0, ""collision_tblock_early"": 5.9885407484574085, ""collision_tblock_late"": 0.0, ""collision_tblock_mid"": 0.0, ""fall"": 0.0, ""timeout"": 0.0}"
layout_path_conditioned,start_region=x_pos__y_mid|path_angle_bin=sector_7|path_len_bin=long|near_count_bin=2|medhigh_count_bin=2|pair_side_mode=opposite_side,False,1,0,1,1.0,3.0737054250812323,collision_tblock_early,1,-10.256295681856015,1.0,"{""collision"": 1}","{""collision_tblock_early"": 1}","{""collision_rod_early"": 0.0, ""collision_rod_late"": 0.0, ""collision_rod_mid"": 0.0, ""collision_tblock_early"": 5.9885407484574085, ""collision_tblock_late"": 0.0, ""collision_tblock_mid"": 0.0, ""fall"": 0.0, ""timeout"": 0.0}"
layout_path_conditioned,start_region=x_mid__y_neg|path_angle_bin=sector_6|path_len_bin=long|near_count_bin=0|medhigh_count_bin=2|pair_side_mode=center_involved,False,1,0,1,1.0,3.0737054250812323,collision_tblock_early,1,-10.208314636401399,1.0,"{""collision"": 1}","{""collision_tblock_early"": 1}","{""collision_rod_early"": 0.0, ""collision_rod_late"": 0.0, ""collision_rod_mid"": 0.0, ""collision_tblock_early"": 5.9885407484574085, ""collision_tblock_late"": 0.0, ""collision_tblock_mid"": 0.0, ""fall"": 0.0, ""timeout"": 0.0}"
layout_path_conditioned,start_region=x_neg__y_mid|path_angle_bin=sector_3|path_len_bin=long|near_count_bin=0|medhigh_count_bin=2|pair_side_mode=center_involved,False,1,0,1,1.0,3.0737054250812323,collision_tblock_early,1,-10.257638475825775,1.0,"{""collision"": 1}","{""collision_tblock_early"": 1}","{""collision_rod_early"": 0.0, ""collision_rod_late"": 0.0, ""collision_rod_mid"": 0.0, ""collision_tblock_early"": 5.9885407484574085, ""collision_tblock_late"": 0.0, ""collision_tblock_mid"": 0.0, ""fall"": 0.0, ""timeout"": 0.0}"
layout_path_conditioned,start_region=x_mid__y_pos|path_angle_bin=sector_1|path_len_bin=long|near_count_bin=0|medhigh_count_bin=2|pair_side_mode=center_involved,False,1,0,1,1.0,3.0737054250812323,collision_tblock_early,1,-10.20881933828593,1.0,"{""collision"": 1}","{""collision_tblock_early"": 1}","{""collision_rod_early"": 0.0, ""collision_rod_late"": 0.0, ""collision_rod_mid"": 0.0, ""collision_tblock_early"": 5.9885407484574085, ""collision_tblock_late"": 0.0, ""collision_tblock_mid"": 0.0, ""fall"": 0.0, ""timeout"": 0.0}"
layout_path_conditioned,start_region=x_neg__y_neg|path_angle_bin=sector_5|path_len_bin=long|near_count_bin=1|medhigh_count_bin=2|pair_side_mode=center_involved,False,1,0,1,1.0,3.0737054250812323,collision_tblock_early,1,-10.25595460922258,1.0,"{""collision"": 1}","{""collision_tblock_early"": 1}","{""collision_rod_early"": 0.0, ""collision_rod_late"": 0.0, ""collision_rod_mid"": 0.0, ""collision_tblock_early"": 5.9885407484574085, ""collision_tblock_late"": 0.0, ""collision_tblock_mid"": 0.0, ""fall"": 0.0, ""timeout"": 0.0}"
layout_path_conditioned,start_region=x_neg__y_neg|path_angle_bin=sector_4|path_len_bin=long|near_count_bin=1|medhigh_count_bin=1|pair_side_mode=center_involved,False,1,0,1,1.0,3.0737054250812323,collision_tblock_early,1,-10.250838540562166,1.0,"{""collision"": 1}","{""collision_tblock_early"": 1}","{""collision_rod_early"": 0.0, ""collision_rod_late"": 0.0, ""collision_rod_mid"": 0.0, ""collision_tblock_early"": 5.9885407484574085, ""collision_tblock_late"": 0.0, ""collision_tblock_mid"": 0.0, ""fall"": 0.0, ""timeout"": 0.0}"
layout_path_conditioned,start_region=x_neg__y_pos|path_angle_bin=sector_2|path_len_bin=long|near_count_bin=0|medhigh_count_bin=1|pair_side_mode=center_involved,False,72,0,72,1.0,3.073705425081232,collision_tblock_early,72,-10.438216410187184,1.0138888888888888,"{""collision"": 72}","{""collision_tblock_early"": 72}","{""collision_rod_early"": 0.0, ""collision_rod_late"": 0.0, ""collision_rod_mid"": 0.0, ""collision_tblock_early"": 5.9885407484574085, ""collision_tblock_late"": 0.0, ""collision_tblock_mid"": 0.0, ""fall"": 0.0, ""timeout"": 0.0}"
layout_path_conditioned,start_region=x_pos__y_pos|path_angle_bin=sector_0|path_len_bin=long|near_count_bin=2|medhigh_count_bin=2|pair_side_mode=opposite_side,False,36,0,36,1.0,3.073705425081232,collision_tblock_early,34,-10.29049056657258,1.0,"{""collision"": 36}","{""collision_rod_early"": 2, ""collision_tblock_early"": 34}","{""collision_rod_early"": 1.7517815283638067, ""collision_rod_late"": 0.0, ""collision_rod_mid"": 0.0, ""collision_tblock_early"": 5.655844040209775, ""collision_tblock_late"": 0.0, ""collision_tblock_mid"": 0.0, ""fall"": 0.0, ""timeout"": 0.0}"
layout_path_conditioned,start_region=x_pos__y_pos|path_angle_bin=sector_1|path_len_bin=long|near_count_bin=2|medhigh_count_bin=2|pair_side_mode=opposite_side,False,33,0,33,1.0,3.073705425081232,collision_tblock_early,33,-10.275210444263104,1.0,"{""collision"": 33}","{""collision_tblock_early"": 33}","{""collision_rod_early"": 0.0, ""collision_rod_late"": 0.0, ""collision_rod_mid"": 0.0, ""collision_tblock_early"": 5.988540748457408, ""collision_tblock_late"": 0.0, ""collision_tblock_mid"": 0.0, ""fall"": 0.0, ""timeout"": 0.0}"
layout_path_conditioned,start_region=x_pos__y_neg|path_angle_bin=sector_7|path_len_bin=long|near_count_bin=2|medhigh_count_bin=2|pair_side_mode=opposite_side,False,19,0,19,1.0,3.073705425081232,collision_tblock_early,19,-10.260429450730305,1.0,"{""collision"": 19}","{""collision_tblock_early"": 19}","{""collision_rod_early"": 0.0, ""collision_rod_late"": 0.0, ""collision_rod_mid"": 0.0, ""collision_tblock_early"": 5.9885407484574085, ""collision_tblock_late"": 0.0, ""collision_tblock_mid"": 0.0, ""fall"": 0.0, ""timeout"": 0.0}"
layout_path_conditioned,start_region=x_pos__y_pos|path_angle_bin=sector_0|path_len_bin=long|near_count_bin=1|medhigh_count_bin=1|pair_side_mode=center_involved,False,19,0,19,1.0,3.073705425081232,collision_tblock_early,18,-10.276223923495467,1.0,"{""collision"": 19}","{""collision_rod_early"": 1, ""collision_tblock_early"": 18}","{""collision_rod_early"": 1.6595825005551854, ""collision_rod_late"": 0.0, ""collision_rod_mid"": 0.0, ""collision_tblock_early"": 5.6733543932754396, ""collision_tblock_late"": 0.0, ""collision_tblock_mid"": 0.0, ""fall"": 0.0, ""timeout"": 0.0}"
layout_path_conditioned,start_region=x_pos__y_neg|path_angle_bin=sector_6|path_len_bin=long|near_count_bin=1|medhigh_count_bin=2|pair_side_mode=center_involved,False,19,0,19,1.0,3.073705425081232,collision_tblock_early,19,-10.25093657635292,1.0,"{""collision"": 19}","{""collision_tblock_early"": 19}","{""collision_rod_early"": 0.0, ""collision_rod_late"": 0.0, ""collision_rod_mid"": 0.0, ""collision_tblock_early"": 5.9885407484574085, ""collision_tblock_late"": 0.0, ""collision_tblock_mid"": 0.0, ""fall"": 0.0, ""timeout"": 0.0}"
layout_path_conditioned,start_region=x_pos__y_neg|path_angle_bin=sector_6|path_len_bin=long|near_count_bin=2|medhigh_count_bin=2|pair_side_mode=opposite_side,False,18,0,18,1.0,3.073705425081232,collision_tblock_early,18,-10.259138792060332,1.0,"{""collision"": 18}","{""collision_tblock_early"": 18}","{""collision_rod_early"": 0.0, ""collision_rod_late"": 0.0, ""collision_rod_mid"": 0.0, ""collision_tblock_early"": 5.9885407484574085, ""collision_tblock_late"": 0.0, ""collision_tblock_mid"": 0.0, ""fall"": 0.0, ""timeout"": 0.0}"
layout_path_conditioned,start_region=x_neg__y_pos|path_angle_bin=sector_2|path_len_bin=long|near_count_bin=2|medhigh_count_bin=1|pair_side_mode=opposite_side,False,15,0,15,1.0,3.073705425081232,collision_tblock_early,15,-10.38960254429909,1.0,"{""collision"": 15}","{""collision_tblock_early"": 15}","{""collision_rod_early"": 0.0, ""collision_rod_late"": 0.0, ""collision_rod_mid"": 0.0, ""collision_tblock_early"": 5.9885407484574085, ""collision_tblock_late"": 0.0, ""collision_tblock_mid"": 0.0, ""fall"": 0.0, ""timeout"": 0.0}"
layout_path_conditioned,start_region=x_mid__y_pos|path_angle_bin=sector_2|path_len_bin=long|near_count_bin=0|medhigh_count_bin=1|pair_side_mode=center_involved,False,15,0,15,1.0,3.073705425081232,collision_tblock_early,15,-10.23131310221074,1.0,"{""collision"": 15}","{""collision_tblock_early"": 15}","{""collision_rod_early"": 0.0, ""collision_rod_late"": 0.0, ""collision_rod_mid"": 0.0, ""collision_tblock_early"": 5.9885407484574085, ""collision_tblock_late"": 0.0, ""collision_tblock_mid"": 0.0, ""fall"": 0.0, ""timeout"": 0.0}"
layout_path_conditioned,start_region=x_neg__y_pos|path_angle_bin=sector_2|path_len_bin=long|near_count_bin=1|medhigh_count_bin=1|pair_side_mode=center_involved,False,9,0,9,1.0,3.073705425081232,collision_tblock_early,9,-10.282571296669287,1.0,"{""collision"": 9}","{""collision_tblock_early"": 9}","{""collision_rod_early"": 0.0, ""collision_rod_late"": 0.0, ""collision_rod_mid"": 0.0, ""collision_tblock_early"": 5.9885407484574085, ""collision_tblock_late"": 0.0, ""collision_tblock_mid"": 0.0, ""fall"": 0.0, ""timeout"": 0.0}"
layout_path_conditioned,start_region=x_mid__y_pos|path_angle_bin=sector_2|path_len_bin=long|near_count_bin=1|medhigh_count_bin=1|pair_side_mode=opposite_side,False,9,0,9,1.0,3.073705425081232,collision_tblock_early,9,-10.21946520779534,1.0,"{""collision"": 9}","{""collision_tblock_early"": 9}","{""collision_rod_early"": 0.0, ""collision_rod_late"": 0.0, ""collision_rod_mid"": 0.0, ""collision_tblock_early"": 5.9885407484574085, ""collision_tblock_late"": 0.0, ""collision_tblock_mid"": 0.0, ""fall"": 0.0, ""timeout"": 0.0}"
layout_path_conditioned,start_region=x_pos__y_neg|path_angle_bin=sector_6|path_len_bin=long|near_count_bin=1|medhigh_count_bin=1|pair_side_mode=center_involved,False,9,0,9,1.0,3.073705425081232,collision_tblock_early,9,-10.241122178949677,1.0,"{""collision"": 9}","{""collision_tblock_early"": 9}","{""collision_rod_early"": 0.0, ""collision_rod_late"": 0.0, ""collision_rod_mid"": 0.0, ""collision_tblock_early"": 5.9885407484574085, ""collision_tblock_late"": 0.0, ""collision_tblock_mid"": 0.0, ""fall"": 0.0, ""timeout"": 0.0}"
layout_path_conditioned,start_region=x_pos__y_neg|path_angle_bin=sector_7|path_len_bin=long|near_count_bin=0|medhigh_count_bin=1|pair_side_mode=center_involved,False,71,1,70,0.9859154929577465,3.030413799375863,collision_tblock_early,70,-10.164517819589848,1.028169014084507,"{""collision"": 70, ""success"": 1}","{""collision_tblock_early"": 70}","{""collision_rod_early"": 0.0, ""collision_rod_late"": 0.0, ""collision_rod_mid"": 0.0, ""collision_tblock_early"": 5.904195104112938, ""collision_tblock_late"": 0.0, ""collision_tblock_mid"": 0.0, ""fall"": 0.0, ""timeout"": 0.0}"
layout_path_conditioned,start_region=x_neg__y_pos|path_angle_bin=sector_3|path_len_bin=long|near_count_bin=0|medhigh_count_bin=1|pair_side_mode=center_involved,False,64,1,63,0.984375,3.025678777814338,collision_tblock_early,62,-10.243295123340733,1.046875,"{""collision"": 63, ""success"": 1}","{""collision_rod_early"": 1, ""collision_tblock_early"": 62}","{""collision_rod_early"": 0.49268855485232066, ""collision_rod_late"": 0.0, ""collision_rod_mid"": 0.0, ""collision_tblock_early"": 5.801398850068114, ""collision_tblock_late"": 0.0, ""collision_tblock_mid"": 0.0, ""fall"": 0.0, ""timeout"": 0.0}"
layout_path_conditioned,start_region=x_pos__y_pos|path_angle_bin=sector_1|path_len_bin=long|near_count_bin=0|medhigh_count_bin=2|pair_side_mode=center_involved,False,56,1,55,0.9821428571428571,3.018817828204782,collision_tblock_early,55,-10.300006028341503,1.0714285714285714,"{""collision"": 55, ""success"": 1}","{""collision_tblock_early"": 55}","{""collision_rod_early"": 0.0, ""collision_rod_late"": 0.0, ""collision_rod_mid"": 0.0, ""collision_tblock_early"": 5.881602520806384, ""collision_tblock_late"": 0.0, ""collision_tblock_mid"": 0.0, ""fall"": 0.0, ""timeout"": 0.0}"
layout_path_conditioned,start_region=x_pos__y_pos|path_angle_bin=sector_1|path_len_bin=long|near_count_bin=1|medhigh_count_bin=2|pair_side_mode=center_involved,False,92,3,89,0.967391304347826,2.9734759003503224,collision_tblock_early,89,-10.073322778705299,1.108695652173913,"{""collision"": 89, ""success"": 3}","{""collision_tblock_early"": 89}","{""collision_rod_early"": 0.0, ""collision_rod_late"": 0.0, ""collision_rod_mid"": 0.0, ""collision_tblock_early"": 5.793262245790318, ""collision_tblock_late"": 0.0, ""collision_tblock_mid"": 0.0, ""fall"": 0.0, ""timeout"": 0.0}"
layout_path_conditioned,start_region=x_mid__y_pos|path_angle_bin=sector_1|path_len_bin=long|near_count_bin=1|medhigh_count_bin=1|pair_side_mode=opposite_side,False,30,1,29,0.9666666666666667,2.9712485775785247,collision_tblock_early,29,-10.160551698499733,1.1,"{""collision"": 29, ""success"": 1}","{""collision_tblock_early"": 29}","{""collision_rod_early"": 0.0, ""collision_rod_late"": 0.0, ""collision_rod_mid"": 0.0, ""collision_tblock_early"": 5.788922723508827, ""collision_tblock_late"": 0.0, ""collision_tblock_mid"": 0.0, ""fall"": 0.0, ""timeout"": 0.0}"
layout_path_conditioned,start_region=x_neg__y_neg|path_angle_bin=sector_4|path_len_bin=long|near_count_bin=1|medhigh_count_bin=1|pair_side_mode=opposite_side,False,29,1,28,0.9655172413793104,2.9677155828370516,collision_tblock_early,28,-10.050987013339597,1.103448275862069,"{""collision"": 28, ""success"": 1}","{""collision_tblock_early"": 28}","{""collision_rod_early"": 0.0, ""collision_rod_late"": 0.0, ""collision_rod_mid"": 0.0, ""collision_tblock_early"": 5.782039343338187, ""collision_tblock_late"": 0.0, ""collision_tblock_mid"": 0.0, ""fall"": 0.0, ""timeout"": 0.0}"
layout_path_conditioned,start_region=x_pos__y_mid|path_angle_bin=sector_0|path_len_bin=long|near_count_bin=1|medhigh_count_bin=1|pair_side_mode=opposite_side,False,44,2,42,0.9545454545454546,2.9339915421229943,collision_tblock_early,42,-9.988642053489569,1.0909090909090908,"{""collision"": 42, ""success"": 2}","{""collision_tblock_early"": 42}","{""collision_rod_early"": 0.0, ""collision_rod_late"": 0.0, ""collision_rod_mid"": 0.0, ""collision_tblock_early"": 5.7163343508002535, ""collision_tblock_late"": 0.0, ""collision_tblock_mid"": 0.0, ""fall"": 0.0, ""timeout"": 0.0}"
layout_path_conditioned,start_region=x_pos__y_neg|path_angle_bin=sector_7|path_len_bin=long|near_count_bin=1|medhigh_count_bin=2|pair_side_mode=center_involved,False,18,1,17,0.9444444444444444,2.9029440125767194,collision_tblock_early,17,-9.968707553908365,1.1666666666666667,"{""collision"": 17, ""success"": 1}","{""collision_tblock_early"": 17}","{""collision_rod_early"": 0.0, ""collision_rod_late"": 0.0, ""collision_rod_mid"": 0.0, ""collision_tblock_early"": 5.655844040209775, ""collision_tblock_late"": 0.0, ""collision_tblock_mid"": 0.0, ""fall"": 0.0, ""timeout"": 0.0}"
layout_path_conditioned,start_region=x_neg__y_neg|path_angle_bin=sector_5|path_len_bin=long|near_count_bin=1|medhigh_count_bin=1|pair_side_mode=same_side,False,31,2,29,0.9354838709677419,2.87540184926954,collision_tblock_early,29,-9.994131887736106,1.2258064516129032,"{""collision"": 29, ""success"": 2}","{""collision_tblock_early"": 29}","{""collision_rod_early"": 0.0, ""collision_rod_late"": 0.0, ""collision_rod_mid"": 0.0, ""collision_tblock_early"": 5.6021832808149945, ""collision_tblock_late"": 0.0, ""collision_tblock_mid"": 0.0, ""fall"": 0.0, ""timeout"": 0.0}"
layout_path_conditioned,start_region=x_pos__y_mid|path_angle_bin=sector_7|path_len_bin=long|near_count_bin=0|medhigh_count_bin=1|pair_side_mode=center_involved,False,15,1,14,0.9333333333333333,2.8687917300758166,collision_tblock_early,14,-10.383174283175919,1.2,"{""collision"": 14, ""success"": 1}","{""collision_tblock_early"": 14}","{""collision_rod_early"": 0.0, ""collision_rod_late"": 0.0, ""collision_rod_mid"": 0.0, ""collision_tblock_early"": 5.589304698560247, ""collision_tblock_late"": 0.0, ""collision_tblock_mid"": 0.0, ""fall"": 0.0, ""timeout"": 0.0}"
layout_path_conditioned,start_region=x_pos__y_pos|path_angle_bin=sector_0|path_len_bin=long|near_count_bin=2|medhigh_count_bin=2|pair_side_mode=same_side,False,12,1,11,0.9166666666666666,2.817563306324463,collision_tblock_early,11,-9.74598213064323,1.1666666666666667,"{""collision"": 11, ""success"": 1}","{""collision_tblock_early"": 11}","{""collision_rod_early"": 0.0, ""collision_rod_late"": 0.0, ""collision_rod_mid"": 0.0, ""collision_tblock_early"": 5.4894956860859585, ""collision_tblock_late"": 0.0, ""collision_tblock_mid"": 0.0, ""fall"": 0.0, ""timeout"": 0.0}"
layout_path_conditioned,start_region=x_mid__y_neg|path_angle_bin=sector_5|path_len_bin=long|near_count_bin=1|medhigh_count_bin=1|pair_side_mode=same_side,False,12,1,11,0.9166666666666666,2.817563306324463,collision_tblock_early,10,-9.782444933667033,1.25,"{""collision"": 10, ""fall"": 1, ""success"": 1}","{""collision_tblock_early"": 10, ""fall"": 1}","{""collision_rod_early"": 0.0, ""collision_rod_late"": 0.0, ""collision_rod_mid"": 0.0, ""collision_tblock_early"": 4.990450623714508, ""collision_tblock_late"": 0.0, ""collision_tblock_mid"": 0.0, ""fall"": 18.479475766567756, ""timeout"": 0.0}"
layout_path_conditioned,start_region=x_pos__y_pos|path_angle_bin=sector_0|path_len_bin=long|near_count_bin=0|medhigh_count_bin=1|pair_side_mode=opposite_side,False,10,1,9,0.9,2.766334882573109,collision_tblock_early,9,-9.422025772638417,1.1,"{""collision"": 9, ""success"": 1}","{""collision_tblock_early"": 9}","{""collision_rod_early"": 0.0, ""collision_rod_late"": 0.0, ""collision_rod_mid"": 0.0, ""collision_tblock_early"": 5.389686673611667, ""collision_tblock_late"": 0.0, ""collision_tblock_mid"": 0.0, ""fall"": 0.0, ""timeout"": 0.0}"
layout_path_conditioned,start_region=x_mid__y_pos|path_angle_bin=sector_1|path_len_bin=long|near_count_bin=0|medhigh_count_bin=1|pair_side_mode=center_involved,False,10,1,9,0.9,2.766334882573109,collision_tblock_early,9,-9.76835407911552,1.3,"{""collision"": 9, ""success"": 1}","{""collision_tblock_early"": 9}","{""collision_rod_early"": 0.0, ""collision_rod_late"": 0.0, ""collision_rod_mid"": 0.0, ""collision_tblock_early"": 5.389686673611667, ""collision_tblock_late"": 0.0, ""collision_tblock_mid"": 0.0, ""fall"": 0.0, ""timeout"": 0.0}"
layout_path_conditioned,start_region=x_pos__y_mid|path_angle_bin=sector_0|path_len_bin=long|near_count_bin=0|medhigh_count_bin=1|pair_side_mode=center_involved,False,9,1,8,0.8888888888888888,2.7321826000722065,collision_tblock_early,8,-9.361812502808691,1.1111111111111112,"{""collision"": 8, ""success"": 1}","{""collision_tblock_early"": 8}","{""collision_rod_early"": 0.0, ""collision_rod_late"": 0.0, ""collision_rod_mid"": 0.0, ""collision_tblock_early"": 5.323147331962141, ""collision_tblock_late"": 0.0, ""collision_tblock_mid"": 0.0, ""fall"": 0.0, ""timeout"": 0.0}"
layout_path_conditioned,start_region=x_neg__y_pos|path_angle_bin=sector_2|path_len_bin=long|near_count_bin=2|medhigh_count_bin=1|pair_side_mode=same_side,False,8,1,7,0.875,2.6894922469460782,collision_tblock_early,6,-11.160415763220701,2.375,"{""collision"": 6, ""success"": 1, ""timeout"": 1}","{""collision_tblock_early"": 6, ""timeout"": 1}","{""collision_rod_early"": 0.0, ""collision_rod_late"": 0.0, ""collision_rod_mid"": 0.0, ""collision_tblock_early"": 4.491405561343057, ""collision_tblock_late"": 0.0, ""collision_tblock_mid"": 0.0, ""fall"": 0.0, ""timeout"": 1.1200689448441248}"
layout_path_conditioned,start_region=x_neg__y_pos|path_angle_bin=sector_3|path_len_bin=long|near_count_bin=2|medhigh_count_bin=2|pair_side_mode=same_side,False,7,1,6,0.8571428571428571,2.6346046500696274,collision_tblock_early,6,-9.560665686886077,1.4285714285714286,"{""collision"": 6, ""success"": 1}","{""collision_tblock_early"": 6}","{""collision_rod_early"": 0.0, ""collision_rod_late"": 0.0, ""collision_rod_mid"": 0.0, ""collision_tblock_early"": 5.1330349272492075, ""collision_tblock_late"": 0.0, ""collision_tblock_mid"": 0.0, ""fall"": 0.0, ""timeout"": 0.0}"
layout_path_conditioned,start_region=x_neg__y_pos|path_angle_bin=sector_3|path_len_bin=long|near_count_bin=2|medhigh_count_bin=0|pair_side_mode=opposite_side,False,6,1,5,0.8333333333333334,2.561421187567694,collision_tblock_early,5,-8.99310524102246,1.1666666666666667,"{""collision"": 5, ""success"": 1}","{""collision_tblock_early"": 5}","{""collision_rod_early"": 0.0, ""collision_rod_late"": 0.0, ""collision_rod_mid"": 0.0, ""collision_tblock_early"": 4.990450623714508, ""collision_tblock_late"": 0.0, ""collision_tblock_mid"": 0.0, ""fall"": 0.0, ""timeout"": 0.0}"
layout_path_conditioned,start_region=x_neg__y_pos|path_angle_bin=sector_2|path_len_bin=long|near_count_bin=0|medhigh_count_bin=1|pair_side_mode=opposite_side,False,5,1,4,0.8,2.458964340064986,collision_tblock_early,3,-7.557569959231577,3.0,"{""collision"": 3, ""success"": 1, ""timeout"": 1}","{""collision_tblock_early"": 3, ""timeout"": 1}","{""collision_rod_early"": 0.0, ""collision_rod_late"": 0.0, ""collision_rod_mid"": 0.0, ""collision_tblock_early"": 3.593124449074445, ""collision_tblock_late"": 0.0, ""collision_tblock_mid"": 0.0, ""fall"": 0.0, ""timeout"": 1.7921103117505994}"
layout_path_conditioned,start_region=x_pos__y_neg|path_angle_bin=sector_7|path_len_bin=long|near_count_bin=2|medhigh_count_bin=0|pair_side_mode=opposite_side,False,9,2,7,0.7777777777777778,2.3906597750631806,collision_tblock_early,7,-8.91688077867308,1.7777777777777777,"{""collision"": 7, ""success"": 2}","{""collision_tblock_early"": 7}","{""collision_rod_early"": 0.0, ""collision_rod_late"": 0.0, ""collision_rod_mid"": 0.0, ""collision_tblock_early"": 4.657753915466873, ""collision_tblock_late"": 0.0, ""collision_tblock_mid"": 0.0, ""fall"": 0.0, ""timeout"": 0.0}"
layout_path_conditioned,start_region=x_pos__y_pos|path_angle_bin=sector_1|path_len_bin=long|near_count_bin=1|medhigh_count_bin=0|pair_side_mode=opposite_side,False,69,16,53,0.7681159420289855,2.360962138105874,collision_tblock_early,40,-10.100988051189047,2.6231884057971016,"{""collision"": 43, ""fall"": 2, ""success"": 16, ""timeout"": 8}","{""collision_rod_early"": 2, ""collision_rod_mid"": 1, ""collision_tblock_early"": 40, ""fall"": 2, ""timeout"": 8}","{""collision_rod_early"": 0.913972971320247, ""collision_rod_late"": 0.0, ""collision_rod_mid"": 2.43383813711122, ""collision_tblock_early"": 3.4716178251927006, ""collision_tblock_late"": 0.0, ""collision_tblock_mid"": 0.0, ""fall"": 6.427643744893132, ""timeout"": 1.038904528551072}"
layout_path_conditioned,start_region=x_pos__y_mid|path_angle_bin=sector_0|path_len_bin=long|near_count_bin=1|medhigh_count_bin=1|pair_side_mode=same_side,False,67,16,51,0.7611940298507462,2.339686219091684,collision_tblock_early,50,-9.065869315843116,1.7014925373134329,"{""collision"": 51, ""success"": 16}","{""collision_rod_early"": 1, ""collision_tblock_early"": 50}","{""collision_rod_early"": 0.470627873291769, ""collision_rod_late"": 0.0, ""collision_rod_mid"": 0.0, ""collision_tblock_early"": 4.469060260042842, ""collision_tblock_late"": 0.0, ""collision_tblock_mid"": 0.0, ""fall"": 0.0, ""timeout"": 0.0}"
layout_path_conditioned,start_region=x_pos__y_mid|path_angle_bin=sector_0|path_len_bin=long|near_count_bin=0|medhigh_count_bin=1|pair_side_mode=same_side,False,16,4,12,0.75,2.305279068810924,collision_tblock_early,12,-8.413982689950661,1.8125,"{""collision"": 12, ""success"": 4}","{""collision_tblock_early"": 12}","{""collision_rod_early"": 0.0, ""collision_rod_late"": 0.0, ""collision_rod_mid"": 0.0, ""collision_tblock_early"": 4.491405561343057, ""collision_tblock_late"": 0.0, ""collision_tblock_mid"": 0.0, ""fall"": 0.0, ""timeout"": 0.0}"
layout_path_conditioned,start_region=x_pos__y_pos|path_angle_bin=sector_0|path_len_bin=long|near_count_bin=1|medhigh_count_bin=0|pair_side_mode=opposite_side,False,77,21,56,0.7272727272727273,2.235422127331805,collision_tblock_early,41,-10.249330029886938,3.1298701298701297,"{""collision"": 47, ""success"": 21, ""timeout"": 9}","{""collision_rod_early"": 4, ""collision_rod_late"": 1, ""collision_rod_mid"": 1, ""collision_tblock_early"": 41, ""timeout"": 9}","{""collision_rod_early"": 1.6380294810674556, ""collision_rod_late"": 12.131655844155844, ""collision_rod_mid"": 2.1809718371516125, ""collision_tblock_early"": 3.188703515412386, ""collision_tblock_late"": 0.0, ""collision_tblock_mid"": 0.0, ""fall"": 0.0, ""timeout"": 1.0473371951789217}"
layout_path_conditioned,start_region=x_neg__y_neg|path_angle_bin=sector_5|path_len_bin=medium|near_count_bin=0|medhigh_count_bin=0|pair_side_mode=center_involved,False,10,3,7,0.7,2.1515937975568624,collision_rod_early,4,-9.818153796994809,4.4,"{""collision"": 4, ""success"": 3, ""timeout"": 3}","{""collision_rod_early"": 4, ""timeout"": 3}","{""collision_rod_early"": 12.612827004219408, ""collision_rod_late"": 0.0, ""collision_rod_mid"": 0.0, ""collision_tblock_early"": 0.0, ""collision_tblock_late"": 0.0, ""collision_tblock_mid"": 0.0, ""fall"": 0.0, ""timeout"": 2.688165467625899}"
layout_path_conditioned,start_region=x_pos__y_neg|path_angle_bin=sector_7|path_len_bin=long|near_count_bin=1|medhigh_count_bin=0|pair_side_mode=opposite_side,False,96,29,67,0.6979166666666666,2.1451902445879436,collision_tblock_early,47,-10.593157656450058,3.4895833333333335,"{""collision"": 51, ""success"": 29, ""timeout"": 16}","{""collision_rod_early"": 2, ""collision_tblock_early"": 47, ""collision_tblock_mid"": 2, ""timeout"": 16}","{""collision_rod_early"": 0.6569180731364276, ""collision_rod_late"": 0.0, ""collision_rod_mid"": 0.0, ""collision_tblock_early"": 2.931889741432273, ""collision_tblock_late"": 0.0, ""collision_tblock_mid"": 7.449262360446571, ""fall"": 0.0, ""timeout"": 1.4934252597921664}"
layout_path_conditioned,start_region=x_pos__y_neg|path_angle_bin=sector_7|path_len_bin=medium|near_count_bin=1|medhigh_count_bin=0|pair_side_mode=opposite_side,False,6,2,4,0.6666666666666666,2.049136950054155,timeout,3,-11.428769231898178,6.333333333333333,"{""collision"": 1, ""success"": 2, ""timeout"": 3}","{""collision_rod_mid"": 1, ""timeout"": 3}","{""collision_rod_early"": 0.0, ""collision_rod_late"": 0.0, ""collision_rod_mid"": 27.98913857677903, ""collision_tblock_early"": 0.0, ""collision_tblock_late"": 0.0, ""collision_tblock_mid"": 0.0, ""fall"": 0.0, ""timeout"": 4.480275779376499}"
layout_path_conditioned,start_region=x_pos__y_mid|path_angle_bin=sector_7|path_len_bin=long|near_count_bin=0|medhigh_count_bin=1|pair_side_mode=opposite_side,False,3,1,2,0.6666666666666666,2.049136950054155,collision_rod_early,1,-9.07991398811635,2.3333333333333335,"{""collision"": 2, ""success"": 1}","{""collision_rod_early"": 1, ""collision_tblock_early"": 1}","{""collision_rod_early"": 10.510689170182841, ""collision_rod_late"": 0.0, ""collision_rod_mid"": 0.0, ""collision_tblock_early"": 1.996180249485803, ""collision_tblock_late"": 0.0, ""collision_tblock_mid"": 0.0, ""fall"": 0.0, ""timeout"": 0.0}"
layout_path_conditioned,start_region=x_pos__y_pos|path_angle_bin=sector_0|path_len_bin=long|near_count_bin=1|medhigh_count_bin=0|pair_side_mode=same_side,False,70,25,45,0.6428571428571429,1.9759534875522207,collision_tblock_early,32,-10.141328564942194,3.6857142857142855,"{""collision"": 33, ""success"": 25, ""timeout"": 12}","{""collision_rod_early"": 1, ""collision_tblock_early"": 32, ""timeout"": 12}","{""collision_rod_early"": 0.45045810729355035, ""collision_rod_late"": 0.0, ""collision_rod_mid"": 0.0, ""collision_tblock_early"": 2.7376186278662438, ""collision_tblock_late"": 0.0, ""collision_tblock_mid"": 0.0, ""fall"": 0.0, ""timeout"": 1.5360945529290853}"
layout_path_conditioned,start_region=x_pos__y_pos|path_angle_bin=sector_1|path_len_bin=long|near_count_bin=0|medhigh_count_bin=1|pair_side_mode=same_side,False,14,5,9,0.6428571428571429,1.9759534875522207,collision_tblock_early,9,-7.815304656890959,1.7857142857142858,"{""collision"": 9, ""success"": 5}","{""collision_tblock_early"": 9}","{""collision_rod_early"": 0.0, ""collision_rod_late"": 0.0, ""collision_rod_mid"": 0.0, ""collision_tblock_early"": 3.8497761954369056, ""collision_tblock_late"": 0.0, ""collision_tblock_mid"": 0.0, ""fall"": 0.0, ""timeout"": 0.0}"
layout_path_conditioned,start_region=x_neg__y_pos|path_angle_bin=sector_2|path_len_bin=long|near_count_bin=1|medhigh_count_bin=0|pair_side_mode=same_side,False,87,32,55,0.632183908045977,1.9431471078099747,collision_tblock_early,35,-10.018578791101355,3.5632183908045976,"{""collision"": 38, ""fall"": 1, ""success"": 32, ""timeout"": 16}","{""collision_rod_early"": 2, ""collision_tblock_early"": 35, ""collision_tblock_mid"": 1, ""fall"": 1, ""timeout"": 16}","{""collision_rod_early"": 0.7248751151850236, ""collision_rod_late"": 0.0, ""collision_rod_mid"": 0.0, ""collision_tblock_early"": 2.409183059724245, ""collision_tblock_late"": 0.0, ""collision_tblock_mid"": 4.1099378540394875, ""fall"": 2.5488932091817595, ""timeout"": 1.6479175280465284}"
layout_path_conditioned,start_region=x_pos__y_neg|path_angle_bin=sector_6|path_len_bin=long|near_count_bin=1|medhigh_count_bin=0|pair_side_mode=same_side,False,92,36,56,0.6086956521739131,1.8709511283103153,collision_tblock_early,33,-9.480238159759597,4.076086956521739,"{""collision"": 35, ""fall"": 1, ""success"": 36, ""timeout"": 20}","{""collision_rod_early"": 2, ""collision_tblock_early"": 33, ""fall"": 1, ""timeout"": 20}","{""collision_rod_early"": 0.6854797284901852, ""collision_rod_late"": 0.0, ""collision_rod_mid"": 0.0, ""collision_tblock_early"": 2.1480635293379833, ""collision_tblock_late"": 0.0, ""collision_tblock_mid"": 0.0, ""fall"": 2.4103664043349244, ""timeout"": 1.9479459910332602}"
layout_path_conditioned,start_region=x_pos__y_mid|path_angle_bin=sector_0|path_len_bin=medium|near_count_bin=1|medhigh_count_bin=0|pair_side_mode=opposite_side,False,17,7,10,0.5882352941176471,1.8080620147536661,timeout,8,-10.016554026063616,6.411764705882353,"{""collision"": 2, ""success"": 7, ""timeout"": 8}","{""collision_rod_early"": 1, ""collision_rod_late"": 1, ""timeout"": 8}","{""collision_rod_early"": 1.8548275006205015, ""collision_rod_late"": 54.94926470588236, ""collision_rod_mid"": 0.0, ""collision_tblock_early"": 0.0, ""collision_tblock_late"": 0.0, ""collision_tblock_mid"": 0.0, ""fall"": 0.0, ""timeout"": 4.216730145295529}"
layout_path_conditioned,start_region=x_pos__y_mid|path_angle_bin=sector_7|path_len_bin=long|near_count_bin=1|medhigh_count_bin=1|pair_side_mode=same_side,False,17,7,10,0.5882352941176471,1.8080620147536661,collision_tblock_early,10,-8.219217735764179,2.176470588235294,"{""collision"": 10, ""success"": 7}","{""collision_tblock_early"": 10}","{""collision_rod_early"": 0.0, ""collision_rod_late"": 0.0, ""collision_rod_mid"": 0.0, ""collision_tblock_early"": 3.522671028504358, ""collision_tblock_late"": 0.0, ""collision_tblock_mid"": 0.0, ""fall"": 0.0, ""timeout"": 0.0}"
layout_path_conditioned,start_region=x_neg__y_mid|path_angle_bin=sector_3|path_len_bin=long|near_count_bin=1|medhigh_count_bin=1|pair_side_mode=same_side,False,12,5,7,0.5833333333333334,1.7929948312973856,collision_tblock_early,7,-7.433947662485096,1.9166666666666667,"{""collision"": 7, ""success"": 5}","{""collision_tblock_early"": 7}","{""collision_rod_early"": 0.0, ""collision_rod_late"": 0.0, ""collision_rod_mid"": 0.0, ""collision_tblock_early"": 3.493315436600155, ""collision_tblock_late"": 0.0, ""collision_tblock_mid"": 0.0, ""fall"": 0.0, ""timeout"": 0.0}"
layout_path_conditioned,start_region=x_mid__y_pos|path_angle_bin=sector_1|path_len_bin=long|near_count_bin=1|medhigh_count_bin=1|pair_side_mode=same_side,False,69,29,40,0.5797101449275363,1.7818582174383955,collision_tblock_early,40,-8.106763446790135,2.347826086956522,"{""collision"": 40, ""success"": 29}","{""collision_tblock_early"": 40}","{""collision_rod_early"": 0.0, ""collision_rod_late"": 0.0, ""collision_rod_mid"": 0.0, ""collision_tblock_early"": 3.4716178251927006, ""collision_tblock_late"": 0.0, ""collision_tblock_mid"": 0.0, ""fall"": 0.0, ""timeout"": 0.0}"
layout_path_conditioned,start_region=x_mid__y_pos|path_angle_bin=sector_1|path_len_bin=long|near_count_bin=0|medhigh_count_bin=0|pair_side_mode=center_involved,False,28,12,16,0.5714285714285714,1.7564031000464186,timeout,11,-10.51260594199292,5.357142857142857,"{""collision"": 5, ""success"": 12, ""timeout"": 11}","{""collision_rod_early"": 2, ""collision_rod_mid"": 1, ""collision_tblock_early"": 2, ""timeout"": 11}","{""collision_rod_early"": 2.252290536467752, ""collision_rod_late"": 0.0, ""collision_rod_mid"": 5.997672552166935, ""collision_tblock_early"": 0.4277529106041006, ""collision_tblock_late"": 0.0, ""collision_tblock_mid"": 0.0, ""fall"": 0.0, ""timeout"": 3.520216683795821}"
layout_path_conditioned,start_region=x_pos__y_mid|path_angle_bin=sector_7|path_len_bin=long|near_count_bin=0|medhigh_count_bin=0|pair_side_mode=center_involved,False,36,16,20,0.5555555555555556,1.707614125045129,timeout,15,-11.152613803617088,6.0,"{""collision"": 5, ""success"": 16, ""timeout"": 15}","{""collision_rod_early"": 1, ""collision_tblock_early"": 4, ""timeout"": 15}","{""collision_rod_early"": 0.8758907641819034, ""collision_rod_late"": 0.0, ""collision_rod_mid"": 0.0, ""collision_tblock_early"": 0.6653934164952676, ""collision_tblock_late"": 0.0, ""collision_tblock_mid"": 0.0, ""fall"": 0.0, ""timeout"": 3.733563149480416}"
layout_path_conditioned,start_region=x_pos__y_pos|path_angle_bin=sector_0|path_len_bin=long|near_count_bin=0|medhigh_count_bin=1|pair_side_mode=same_side,False,18,8,10,0.5555555555555556,1.707614125045129,collision_tblock_early,10,-7.915131386628419,2.2777777777777777,"{""collision"": 10, ""success"": 8}","{""collision_tblock_early"": 10}","{""collision_rod_early"": 0.0, ""collision_rod_late"": 0.0, ""collision_rod_mid"": 0.0, ""collision_tblock_early"": 3.326967082476338, ""collision_tblock_late"": 0.0, ""collision_tblock_mid"": 0.0, ""fall"": 0.0, ""timeout"": 0.0}"
layout_path_conditioned,start_region=x_pos__y_neg|path_angle_bin=sector_7|path_len_bin=long|near_count_bin=1|medhigh_count_bin=0|pair_side_mode=same_side,False,85,38,47,0.5529411764705883,1.699578293868446,collision_tblock_early,30,-9.35361769035235,3.623529411764706,"{""collision"": 36, ""success"": 38, ""timeout"": 11}","{""collision_rod_early"": 2, ""collision_rod_mid"": 4, ""collision_tblock_early"": 30, ""timeout"": 11}","{""collision_rod_early"": 0.7419310002482006, ""collision_rod_late"": 0.0, ""collision_rod_mid"": 7.902815598149373, ""collision_tblock_early"": 2.113602617102615, ""collision_tblock_late"": 0.0, ""collision_tblock_mid"": 0.0, ""fall"": 0.0, ""timeout"": 1.1596007899562704}"
layout_path_conditioned,start_region=x_mid__y_pos|path_angle_bin=sector_2|path_len_bin=long|near_count_bin=1|medhigh_count_bin=0|pair_side_mode=opposite_side,False,24,11,13,0.5416666666666666,1.664923771919001,timeout,6,-8.688528972613605,4.333333333333333,"{""collision"": 6, ""fall"": 1, ""success"": 11, ""timeout"": 6}","{""collision_rod_early"": 2, ""collision_tblock_early"": 4, ""fall"": 1, ""timeout"": 6}","{""collision_rod_early"": 2.6276722925457103, ""collision_rod_late"": 0.0, ""collision_rod_mid"": 0.0, ""collision_tblock_early"": 0.9980901247429015, ""collision_tblock_late"": 0.0, ""collision_tblock_mid"": 0.0, ""fall"": 9.239737883283878, ""timeout"": 2.2401378896882496}"
layout_path_conditioned,start_region=x_mid__y_pos|path_angle_bin=sector_1|path_len_bin=long|near_count_bin=0|medhigh_count_bin=1|pair_side_mode=same_side,False,24,11,13,0.5416666666666666,1.664923771919001,collision_tblock_early,13,-7.867928938195679,2.4583333333333335,"{""collision"": 13, ""success"": 11}","{""collision_tblock_early"": 13}","{""collision_rod_early"": 0.0, ""collision_rod_late"": 0.0, ""collision_rod_mid"": 0.0, ""collision_tblock_early"": 3.24379290541443, ""collision_tblock_late"": 0.0, ""collision_tblock_mid"": 0.0, ""fall"": 0.0, ""timeout"": 0.0}"
layout_path_conditioned,start_region=x_mid__y_pos|path_angle_bin=sector_1|path_len_bin=long|near_count_bin=1|medhigh_count_bin=0|pair_side_mode=opposite_side,False,17,8,9,0.5294117647058824,1.6272558132782995,timeout,5,-7.184595076968943,4.529411764705882,"{""collision"": 4, ""success"": 8, ""timeout"": 5}","{""collision_tblock_early"": 4, ""timeout"": 5}","{""collision_rod_early"": 0.0, ""collision_rod_late"": 0.0, ""collision_rod_mid"": 0.0, ""collision_tblock_early"": 1.409068411401743, ""collision_tblock_late"": 0.0, ""collision_tblock_mid"": 0.0, ""fall"": 0.0, ""timeout"": 2.635456340809705}"
layout_path_conditioned,start_region=x_neg__y_pos|path_angle_bin=sector_2|path_len_bin=long|near_count_bin=0|medhigh_count_bin=0|pair_side_mode=center_involved,False,69,33,36,0.5217391304347826,1.6036723956945558,timeout,23,-9.182443101610364,5.391304347826087,"{""collision"": 9, ""fall"": 4, ""success"": 33, ""timeout"": 23}","{""collision_rod_early"": 1, ""collision_tblock_early"": 8, ""fall"": 4, ""timeout"": 23}","{""collision_rod_early"": 0.4569864856601235, ""collision_rod_late"": 0.0, ""collision_rod_mid"": 0.0, ""collision_tblock_early"": 0.6943235650385401, ""collision_tblock_late"": 0.0, ""collision_tblock_mid"": 0.0, ""fall"": 12.855287489786264, ""timeout"": 2.9868505195843325}"
layout_path_conditioned,start_region=x_mid__y_pos|path_angle_bin=sector_2|path_len_bin=long|near_count_bin=0|medhigh_count_bin=0|pair_side_mode=center_involved,False,33,16,17,0.5151515151515151,1.5834240068600287,timeout,8,-8.612601252283136,4.757575757575758,"{""collision"": 8, ""fall"": 1, ""success"": 16, ""timeout"": 8}","{""collision_rod_early"": 2, ""collision_tblock_early"": 5, ""collision_tblock_mid"": 1, ""fall"": 1, ""timeout"": 8}","{""collision_rod_early"": 1.9110343945786983, ""collision_rod_late"": 0.0, ""collision_rod_mid"": 0.0, ""collision_tblock_early"": 0.907354658857183, ""collision_tblock_late"": 0.0, ""collision_tblock_mid"": 10.835290706104102, ""fall"": 6.719809369661002, ""timeout"": 2.17225492333406}"
layout_path_conditioned,start_region=x_pos__y_pos|path_angle_bin=sector_1|path_len_bin=long|near_count_bin=0|medhigh_count_bin=0|pair_side_mode=center_involved,False,34,17,17,0.5,1.5368527125406162,timeout,9,-9.689676501428522,4.852941176470588,"{""collision"": 8, ""success"": 17, ""timeout"": 9}","{""collision_rod_early"": 3, ""collision_rod_mid"": 1, ""collision_tblock_early"": 4, ""timeout"": 9}","{""collision_rod_early"": 2.782241250930752, ""collision_rod_late"": 0.0, ""collision_rod_mid"": 4.939259748843358, ""collision_tblock_early"": 0.7045342057008716, ""collision_tblock_late"": 0.0, ""collision_tblock_mid"": 0.0, ""fall"": 0.0, ""timeout"": 2.371910706728735}"
layout_path_conditioned,start_region=x_pos__y_mid|path_angle_bin=sector_0|path_len_bin=long|near_count_bin=1|medhigh_count_bin=0|pair_side_mode=same_side,False,26,13,13,0.5,1.5368527125406162,timeout,8,-8.003208740786492,5.3076923076923075,"{""collision"": 5, ""success"": 13, ""timeout"": 8}","{""collision_rod_early"": 2, ""collision_tblock_early"": 3, ""timeout"": 8}","{""collision_rod_early"": 2.4255436546575786, ""collision_rod_late"": 0.0, ""collision_rod_mid"": 0.0, ""collision_tblock_early"": 0.6909854709758548, ""collision_tblock_late"": 0.0, ""collision_tblock_mid"": 0.0, ""fall"": 0.0, ""timeout"": 2.7570927873086144}"
layout_path_conditioned,start_region=x_mid__y_pos|path_angle_bin=sector_1|path_len_bin=medium|near_count_bin=1|medhigh_count_bin=0|pair_side_mode=same_side,False,14,7,7,0.5,1.5368527125406162,timeout,5,-7.759270999683542,5.357142857142857,"{""collision"": 2, ""success"": 7, ""timeout"": 5}","{""collision_rod_early"": 2, ""timeout"": 5}","{""collision_rod_early"": 4.504581072935504, ""collision_rod_late"": 0.0, ""collision_rod_mid"": 0.0, ""collision_tblock_early"": 0.0, ""collision_tblock_late"": 0.0, ""collision_tblock_mid"": 0.0, ""fall"": 0.0, ""timeout"": 3.2001969852689274}"
layout_path_conditioned,start_region=x_mid__y_neg|path_angle_bin=sector_6|path_len_bin=long|near_count_bin=1|medhigh_count_bin=1|pair_side_mode=same_side,False,8,4,4,0.5,1.5368527125406162,collision_tblock_early,4,-8.705133274686617,2.75,"{""collision"": 4, ""success"": 4}","{""collision_tblock_early"": 4}","{""collision_rod_early"": 0.0, ""collision_rod_late"": 0.0, ""collision_rod_mid"": 0.0, ""collision_tblock_early"": 2.9942703742287042, ""collision_tblock_late"": 0.0, ""collision_tblock_mid"": 0.0, ""fall"": 0.0, ""timeout"": 0.0}"
layout_path_conditioned,start_region=x_mid__y_pos|path_angle_bin=sector_2|path_len_bin=long|near_count_bin=0|medhigh_count_bin=1|pair_side_mode=same_side,False,6,3,3,0.5,1.5368527125406162,collision_tblock_early,3,-7.411113943685514,2.3333333333333335,"{""collision"": 3, ""success"": 3}","{""collision_tblock_early"": 3}","{""collision_rod_early"": 0.0, ""collision_rod_late"": 0.0, ""collision_rod_mid"": 0.0, ""collision_tblock_early"": 2.9942703742287047, ""collision_tblock_late"": 0.0, ""collision_tblock_mid"": 0.0, ""fall"": 0.0, ""timeout"": 0.0}"
layout_path_conditioned,start_region=x_pos__y_neg|path_angle_bin=sector_7|path_len_bin=long|near_count_bin=0|medhigh_count_bin=1|pair_side_mode=same_side,False,6,3,3,0.5,1.5368527125406162,collision_tblock_early,3,-7.307824610907461,2.6666666666666665,"{""collision"": 3, ""success"": 3}","{""collision_tblock_early"": 3}","{""collision_rod_early"": 0.0, ""collision_rod_late"": 0.0, ""collision_rod_mid"": 0.0, ""collision_tblock_early"": 2.9942703742287047, ""collision_tblock_late"": 0.0, ""collision_tblock_mid"": 0.0, ""fall"": 0.0, ""timeout"": 0.0}"
layout_path_conditioned,start_region=x_neg__y_pos|path_angle_bin=sector_2|path_len_bin=medium|near_count_bin=1|medhigh_count_bin=0|pair_side_mode=same_side,False,4,2,2,0.5,1.5368527125406162,timeout,2,-5.765823861300609,6.5,"{""success"": 2, ""timeout"": 2}","{""timeout"": 2}","{""collision_rod_early"": 0.0, ""collision_rod_late"": 0.0, ""collision_rod_mid"": 0.0, ""collision_tblock_early"": 0.0, ""collision_tblock_late"": 0.0, ""collision_tblock_mid"": 0.0, ""fall"": 0.0, ""timeout"": 4.480275779376499}"
layout_path_conditioned,start_region=x_neg__y_neg|path_angle_bin=sector_5|path_len_bin=medium|near_count_bin=1|medhigh_count_bin=0|pair_side_mode=opposite_side,False,4,2,2,0.5,1.5368527125406162,timeout,1,-8.835025007507847,4.75,"{""collision"": 1, ""success"": 2, ""timeout"": 1}","{""collision_rod_early"": 1, ""timeout"": 1}","{""collision_rod_early"": 7.8830168776371305, ""collision_rod_late"": 0.0, ""collision_rod_mid"": 0.0, ""collision_tblock_early"": 0.0, ""collision_tblock_late"": 0.0, ""collision_tblock_mid"": 0.0, ""fall"": 0.0, ""timeout"": 2.2401378896882496}"
layout_path_conditioned,start_region=x_mid__y_neg|path_angle_bin=sector_5|path_len_bin=long|near_count_bin=0|medhigh_count_bin=1|pair_side_mode=same_side,False,4,2,2,0.5,1.5368527125406162,collision_tblock_early,2,-7.014565725265407,2.5,"{""collision"": 2, ""success"": 2}","{""collision_tblock_early"": 2}","{""collision_rod_early"": 0.0, ""collision_rod_late"": 0.0, ""collision_rod_mid"": 0.0, ""collision_tblock_early"": 2.9942703742287042, ""collision_tblock_late"": 0.0, ""collision_tblock_mid"": 0.0, ""fall"": 0.0, ""timeout"": 0.0}"
layout_path_conditioned,start_region=x_neg__y_neg|path_angle_bin=sector_4|path_len_bin=medium|near_count_bin=1|medhigh_count_bin=0|pair_side_mode=same_side,False,2,1,1,0.5,1.5368527125406162,collision_tblock_early,1,-7.307883778738089,4.0,"{""collision"": 1, ""success"": 1}","{""collision_tblock_early"": 1}","{""collision_rod_early"": 0.0, ""collision_rod_late"": 0.0, ""collision_rod_mid"": 0.0, ""collision_tblock_early"": 2.9942703742287042, ""collision_tblock_late"": 0.0, ""collision_tblock_mid"": 0.0, ""fall"": 0.0, ""timeout"": 0.0}"
layout_path_conditioned,start_region=x_neg__y_pos|path_angle_bin=sector_3|path_len_bin=long|near_count_bin=1|medhigh_count_bin=0|pair_side_mode=center_involved,False,2,1,1,0.5,1.5368527125406162,timeout,1,-6.573480055890456,5.5,"{""success"": 1, ""timeout"": 1}","{""timeout"": 1}","{""collision_rod_early"": 0.0, ""collision_rod_late"": 0.0, ""collision_rod_mid"": 0.0, ""collision_tblock_early"": 0.0, ""collision_tblock_late"": 0.0, ""collision_tblock_mid"": 0.0, ""fall"": 0.0, ""timeout"": 4.480275779376499}"
layout_path_conditioned,start_region=x_neg__y_pos|path_angle_bin=sector_2|path_len_bin=long|near_count_bin=1|medhigh_count_bin=0|pair_side_mode=center_involved,False,2,1,1,0.5,1.5368527125406162,timeout,1,-9.682919932799486,7.0,"{""success"": 1, ""timeout"": 1}","{""timeout"": 1}","{""collision_rod_early"": 0.0, ""collision_rod_late"": 0.0, ""collision_rod_mid"": 0.0, ""collision_tblock_early"": 0.0, ""collision_tblock_late"": 0.0, ""collision_tblock_mid"": 0.0, ""fall"": 0.0, ""timeout"": 4.480275779376499}"
layout_path_conditioned,start_region=x_neg__y_neg|path_angle_bin=sector_4|path_len_bin=long|near_count_bin=2|medhigh_count_bin=0|pair_side_mode=opposite_side,False,2,1,1,0.5,1.5368527125406162,collision_tblock_early,1,-8.489488634114238,3.0,"{""collision"": 1, ""success"": 1}","{""collision_tblock_early"": 1}","{""collision_rod_early"": 0.0, ""collision_rod_late"": 0.0, ""collision_rod_mid"": 0.0, ""collision_tblock_early"": 2.9942703742287042, ""collision_tblock_late"": 0.0, ""collision_tblock_mid"": 0.0, ""fall"": 0.0, ""timeout"": 0.0}"
layout_path_conditioned,start_region=x_pos__y_neg|path_angle_bin=sector_6|path_len_bin=long|near_count_bin=2|medhigh_count_bin=0|pair_side_mode=same_side,False,2,1,1,0.5,1.5368527125406162,collision_tblock_early,1,-7.448856269885332,2.5,"{""collision"": 1, ""success"": 1}","{""collision_tblock_early"": 1}","{""collision_rod_early"": 0.0, ""collision_rod_late"": 0.0, ""collision_rod_mid"": 0.0, ""collision_tblock_early"": 2.9942703742287042, ""collision_tblock_late"": 0.0, ""collision_tblock_mid"": 0.0, ""fall"": 0.0, ""timeout"": 0.0}"
layout_path_conditioned,start_region=x_mid__y_pos|path_angle_bin=sector_2|path_len_bin=medium|near_count_bin=1|medhigh_count_bin=0|pair_side_mode=same_side,False,18,9,9,0.5,1.536852712540616,timeout,7,-8.984745508404487,5.777777777777778,"{""collision"": 2, ""success"": 9, ""timeout"": 7}","{""collision_rod_early"": 1, ""collision_tblock_early"": 1, ""timeout"": 7}","{""collision_rod_early"": 1.7517815283638067, ""collision_rod_late"": 0.0, ""collision_rod_mid"": 0.0, ""collision_tblock_early"": 0.3326967082476338, ""collision_tblock_late"": 0.0, ""collision_tblock_mid"": 0.0, ""fall"": 0.0, ""timeout"": 3.4846589395150542}"
layout_path_conditioned,start_region=x_pos__y_pos|path_angle_bin=sector_1|path_len_bin=long|near_count_bin=1|medhigh_count_bin=0|pair_side_mode=same_side,False,65,33,32,0.49230769230769234,1.513208824655376,collision_tblock_early,23,-9.276214300008899,3.769230769230769,"{""collision"": 24, ""success"": 33, ""timeout"": 8}","{""collision_rod_early"": 1, ""collision_tblock_early"": 23, ""timeout"": 8}","{""collision_rod_early"": 0.48510873093151574, ""collision_rod_late"": 0.0, ""collision_rod_mid"": 0.0, ""collision_tblock_early"": 2.1190221109926215, ""collision_tblock_late"": 0.0, ""collision_tblock_mid"": 0.0, ""fall"": 0.0, ""timeout"": 1.102837114923446}"
layout_path_conditioned,start_region=x_pos__y_neg|path_angle_bin=sector_7|path_len_bin=long|near_count_bin=0|medhigh_count_bin=0|pair_side_mode=center_involved,False,41,21,20,0.4878048780487805,1.4993685000396255,timeout,16,-9.328292067263403,5.878048780487805,"{""collision"": 4, ""success"": 21, ""timeout"": 16}","{""collision_rod_early"": 3, ""collision_tblock_early"": 1, ""timeout"": 16}","{""collision_rod_early"": 2.3072244519913556, ""collision_rod_late"": 0.0, ""collision_rod_mid"": 0.0, ""collision_tblock_early"": 0.14606196947457092, ""collision_tblock_late"": 0.0, ""collision_tblock_mid"": 0.0, ""fall"": 0.0, ""timeout"": 3.496800608293853}"
layout_path_conditioned,start_region=x_mid__y_pos|path_angle_bin=sector_2|path_len_bin=medium|near_count_bin=1|medhigh_count_bin=0|pair_side_mode=opposite_side,False,21,11,10,0.47619047619047616,1.463669250038682,timeout,9,-8.711480543205964,5.714285714285714,"{""fall"": 1, ""success"": 11, ""timeout"": 9}","{""fall"": 1, ""timeout"": 9}","{""collision_rod_early"": 0.0, ""collision_rod_late"": 0.0, ""collision_rod_mid"": 0.0, ""collision_tblock_early"": 0.0, ""collision_tblock_late"": 0.0, ""collision_tblock_mid"": 0.0, ""fall"": 10.559700438038718, ""timeout"": 3.8402363823227135}"
layout_path_conditioned,start_region=x_mid__y_pos|path_angle_bin=sector_2|path_len_bin=long|near_count_bin=1|medhigh_count_bin=1|pair_side_mode=same_side,False,19,10,9,0.47368421052631576,1.4559657276700573,collision_tblock_early,9,-7.5469982947415435,2.473684210526316,"{""collision"": 9, ""success"": 10}","{""collision_tblock_early"": 9}","{""collision_rod_early"": 0.0, ""collision_rod_late"": 0.0, ""collision_rod_mid"": 0.0, ""collision_tblock_early"": 2.8366771966377198, ""collision_tblock_late"": 0.0, ""collision_tblock_mid"": 0.0, ""fall"": 0.0, ""timeout"": 0.0}"
layout_path_conditioned,start_region=x_pos__y_mid|path_angle_bin=sector_7|path_len_bin=long|near_count_bin=1|medhigh_count_bin=0|pair_side_mode=opposite_side,False,24,13,11,0.4583333333333333,1.4087816531622315,timeout,4,-9.644848094202624,4.25,"{""collision"": 7, ""success"": 13, ""timeout"": 4}","{""collision_rod_early"": 2, ""collision_rod_mid"": 1, ""collision_tblock_early"": 3, ""collision_tblock_mid"": 1, ""timeout"": 4}","{""collision_rod_early"": 2.6276722925457103, ""collision_rod_late"": 0.0, ""collision_rod_mid"": 6.997284644194758, ""collision_tblock_early"": 0.7485675935571762, ""collision_tblock_late"": 0.0, ""collision_tblock_mid"": 14.898524720893143, ""fall"": 0.0, ""timeout"": 1.4934252597921664}"
layout_path_conditioned,start_region=x_neg__y_mid|path_angle_bin=sector_4|path_len_bin=long|near_count_bin=1|medhigh_count_bin=1|pair_side_mode=same_side,False,9,5,4,0.4444444444444444,1.3660913000361032,collision_tblock_early,3,-6.408369710899518,3.2222222222222223,"{""collision"": 3, ""success"": 5, ""timeout"": 1}","{""collision_tblock_early"": 3, ""timeout"": 1}","{""collision_rod_early"": 0.0, ""collision_rod_late"": 0.0, ""collision_rod_mid"": 0.0, ""collision_tblock_early"": 1.9961802494858027, ""collision_tblock_late"": 0.0, ""collision_tblock_mid"": 0.0, ""fall"": 0.0, ""timeout"": 0.9956168398614441}"
layout_path_conditioned,start_region=x_pos__y_pos|path_angle_bin=sector_0|path_len_bin=long|near_count_bin=0|medhigh_count_bin=0|pair_side_mode=center_involved,False,32,18,14,0.4375,1.3447461234730391,timeout,9,-8.521434905427348,5.375,"{""collision"": 5, ""success"": 18, ""timeout"": 9}","{""collision_rod_early"": 1, ""collision_rod_late"": 1, ""collision_tblock_early"": 3, ""timeout"": 9}","{""collision_rod_early"": 0.9853771097046413, ""collision_rod_late"": 29.191796875, ""collision_rod_mid"": 0.0, ""collision_tblock_early"": 0.5614256951678821, ""collision_tblock_late"": 0.0, ""collision_tblock_mid"": 0.0, ""fall"": 0.0, ""timeout"": 2.5201551258992803}"
layout_path_conditioned,start_region=x_pos__y_mid|path_angle_bin=sector_7|path_len_bin=long|near_count_bin=1|medhigh_count_bin=0|pair_side_mode=same_side,False,14,8,6,0.42857142857142855,1.3173023250348137,timeout,3,-9.026930527105277,5.285714285714286,"{""collision"": 3, ""success"": 8, ""timeout"": 3}","{""collision_tblock_early"": 2, ""collision_tblock_mid"": 1, ""timeout"": 3}","{""collision_rod_early"": 0.0, ""collision_rod_late"": 0.0, ""collision_rod_mid"": 0.0, ""collision_tblock_early"": 0.8555058212082012, ""collision_tblock_late"": 0.0, ""collision_tblock_mid"": 25.540328092959673, ""fall"": 0.0, ""timeout"": 1.9201181911613567}"
layout_path_conditioned,start_region=x_pos__y_neg|path_angle_bin=sector_6|path_len_bin=long|near_count_bin=0|medhigh_count_bin=1|pair_side_mode=same_side,False,7,4,3,0.42857142857142855,1.3173023250348137,collision_tblock_early,3,-6.783594866220065,3.0,"{""collision"": 3, ""success"": 4}","{""collision_tblock_early"": 3}","{""collision_rod_early"": 0.0, ""collision_rod_late"": 0.0, ""collision_rod_mid"": 0.0, ""collision_tblock_early"": 2.5665174636246038, ""collision_tblock_late"": 0.0, ""collision_tblock_mid"": 0.0, ""fall"": 0.0, ""timeout"": 0.0}"
layout_path_conditioned,start_region=x_pos__y_mid|path_angle_bin=sector_0|path_len_bin=long|near_count_bin=0|medhigh_count_bin=0|pair_side_mode=center_involved,False,26,15,11,0.4230769230769231,1.3004138336882136,timeout,6,-7.714680103735523,4.923076923076923,"{""collision"": 4, ""fall"": 1, ""success"": 15, ""timeout"": 6}","{""collision_rod_early"": 1, ""collision_tblock_early"": 2, ""collision_tblock_mid"": 1, ""fall"": 1, ""timeout"": 6}","{""collision_rod_early"": 1.2127718273287893, ""collision_rod_late"": 0.0, ""collision_rod_mid"": 0.0, ""collision_tblock_early"": 0.46065698065056987, ""collision_tblock_late"": 0.0, ""collision_tblock_mid"": 13.752484357747514, ""fall"": 8.528988815338964, ""timeout"": 2.067819590481461}"
layout_path_conditioned,start_region=x_pos__y_mid|path_angle_bin=sector_7|path_len_bin=long|near_count_bin=0|medhigh_count_bin=1|pair_side_mode=same_side,False,10,6,4,0.4,1.229482170032493,collision_tblock_early,4,-5.97848484661185,2.6,"{""collision"": 4, ""success"": 6}","{""collision_tblock_early"": 4}","{""collision_rod_early"": 0.0, ""collision_rod_late"": 0.0, ""collision_rod_mid"": 0.0, ""collision_tblock_early"": 2.3954162993829633, ""collision_tblock_late"": 0.0, ""collision_tblock_mid"": 0.0, ""fall"": 0.0, ""timeout"": 0.0}"
layout_path_conditioned,start_region=x_pos__y_pos|path_angle_bin=sector_1|path_len_bin=medium|near_count_bin=0|medhigh_count_bin=0|pair_side_mode=center_involved,False,5,3,2,0.4,1.229482170032493,timeout,1,-7.201385967048495,4.6,"{""collision"": 1, ""success"": 3, ""timeout"": 1}","{""collision_rod_early"": 1, ""timeout"": 1}","{""collision_rod_early"": 6.306413502109704, ""collision_rod_late"": 0.0, ""collision_rod_mid"": 0.0, ""collision_tblock_early"": 0.0, ""collision_tblock_late"": 0.0, ""collision_tblock_mid"": 0.0, ""fall"": 0.0, ""timeout"": 1.7921103117505994}"
layout_path_conditioned,start_region=x_pos__y_neg|path_angle_bin=sector_6|path_len_bin=long|near_count_bin=0|medhigh_count_bin=0|pair_side_mode=center_involved,False,60,37,23,0.38333333333333336,1.178253746281139,timeout,15,-10.658673152873805,5.283333333333333,"{""collision"": 8, ""success"": 37, ""timeout"": 15}","{""collision_rod_early"": 4, ""collision_rod_mid"": 1, ""collision_tblock_early"": 3, ""timeout"": 15}","{""collision_rod_early"": 2.102137834036568, ""collision_rod_late"": 0.0, ""collision_rod_mid"": 2.7989138576779027, ""collision_tblock_early"": 0.2994270374228704, ""collision_tblock_late"": 0.0, ""collision_tblock_mid"": 0.0, ""fall"": 0.0, ""timeout"": 2.2401378896882496}"
layout_path_conditioned,start_region=x_neg__y_pos|path_angle_bin=sector_3|path_len_bin=medium|near_count_bin=0|medhigh_count_bin=0|pair_side_mode=center_involved,False,8,5,3,0.375,1.152639534405462,timeout,2,-9.579200382690688,5.5,"{""collision"": 1, ""success"": 5, ""timeout"": 2}","{""collision_rod_early"": 1, ""timeout"": 2}","{""collision_rod_early"": 3.9415084388185653, ""collision_rod_late"": 0.0, ""collision_rod_mid"": 0.0, ""collision_tblock_early"": 0.0, ""collision_tblock_late"": 0.0, ""collision_tblock_mid"": 0.0, ""fall"": 0.0, ""timeout"": 2.2401378896882496}"
layout_path_conditioned,start_region=x_mid__y_pos|path_angle_bin=sector_2|path_len_bin=medium|near_count_bin=0|medhigh_count_bin=0|pair_side_mode=center_involved,False,30,19,11,0.36666666666666664,1.127025322529785,timeout,7,-6.634652286429345,5.033333333333333,"{""collision"": 4, ""success"": 19, ""timeout"": 7}","{""collision_rod_early"": 1, ""collision_tblock_early"": 3, ""timeout"": 7}","{""collision_rod_early"": 1.051068917018284, ""collision_rod_late"": 0.0, ""collision_rod_mid"": 0.0, ""collision_tblock_early"": 0.5988540748457408, ""collision_tblock_late"": 0.0, ""collision_tblock_mid"": 0.0, ""fall"": 0.0, ""timeout"": 2.0907953637090326}"
layout_path_conditioned,start_region=x_mid__y_neg|path_angle_bin=sector_6|path_len_bin=long|near_count_bin=1|medhigh_count_bin=0|pair_side_mode=opposite_side,False,31,20,11,0.3548387096774194,1.0906696669643081,timeout,7,-8.180070349773137,4.838709677419355,"{""collision"": 4, ""success"": 20, ""timeout"": 7}","{""collision_rod_early"": 1, ""collision_rod_mid"": 1, ""collision_tblock_early"": 2, ""timeout"": 7}","{""collision_rod_early"": 1.0171634680822104, ""collision_rod_late"": 0.0, ""collision_rod_mid"": 5.417252627763683, ""collision_tblock_early"": 0.38635746764241347, ""collision_tblock_late"": 0.0, ""collision_tblock_mid"": 0.0, ""fall"": 0.0, ""timeout"": 2.0233503519764833}"
layout_path_conditioned,start_region=x_neg__y_pos|path_angle_bin=sector_3|path_len_bin=long|near_count_bin=0|medhigh_count_bin=0|pair_side_mode=center_involved,False,63,41,22,0.3492063492063492,1.0733574500283667,timeout,16,-7.490073668210015,5.126984126984127,"{""collision"": 6, ""success"": 41, ""timeout"": 16}","{""collision_rod_early"": 3, ""collision_rod_mid"": 1, ""collision_tblock_early"": 2, ""timeout"": 16}","{""collision_rod_early"": 1.5015270243118344, ""collision_rod_late"": 0.0, ""collision_rod_mid"": 2.6656322454075263, ""collision_tblock_early"": 0.19011240471293359, ""collision_tblock_late"": 0.0, ""collision_tblock_mid"": 0.0, ""fall"": 0.0, ""timeout"": 2.2756956339690153}"
layout_path_conditioned,start_region=x_mid__y_neg|path_angle_bin=sector_6|path_len_bin=medium|near_count_bin=1|medhigh_count_bin=0|pair_side_mode=same_side,False,23,15,8,0.34782608695652173,1.0691149304630374,timeout,3,-7.563312134693878,4.173913043478261,"{""collision"": 4, ""fall"": 1, ""success"": 15, ""timeout"": 3}","{""collision_rod_early"": 3, ""collision_tblock_early"": 1, ""fall"": 1, ""timeout"": 3}","{""collision_rod_early"": 4.112878370941112, ""collision_rod_late"": 0.0, ""collision_rod_mid"": 0.0, ""collision_tblock_early"": 0.2603713368894525, ""collision_tblock_late"": 0.0, ""collision_tblock_mid"": 0.0, ""fall"": 9.641465617339698, ""timeout"": 1.1687675946199563}"
layout_path_conditioned,start_region=x_neg__y_mid|path_angle_bin=sector_3|path_len_bin=long|near_count_bin=1|medhigh_count_bin=0|pair_side_mode=same_side,False,42,28,14,0.3333333333333333,1.0245684750270776,timeout,8,-8.105651909755329,4.619047619047619,"{""collision"": 6, ""success"": 28, ""timeout"": 8}","{""collision_rod_early"": 3, ""collision_tblock_early"": 2, ""collision_tblock_late"": 1, ""timeout"": 8}","{""collision_rod_early"": 2.252290536467752, ""collision_rod_late"": 0.0, ""collision_rod_mid"": 0.0, ""collision_tblock_early"": 0.2851686070694004, ""collision_tblock_late"": 33.571877807726864, ""collision_tblock_mid"": 0.0, ""fall"": 0.0, ""timeout"": 1.7067717254767616}"
layout_path_conditioned,start_region=x_pos__y_mid|path_angle_bin=sector_7|path_len_bin=medium|near_count_bin=0|medhigh_count_bin=0|pair_side_mode=center_involved,False,21,14,7,0.3333333333333333,1.0245684750270776,timeout,5,-5.533472217096755,4.761904761904762,"{""collision"": 2, ""success"": 14, ""timeout"": 5}","{""collision_rod_mid"": 1, ""collision_tblock_mid"": 1, ""timeout"": 5}","{""collision_rod_early"": 0.0, ""collision_rod_late"": 0.0, ""collision_rod_mid"": 7.99689673622258, ""collision_tblock_early"": 0.0, ""collision_tblock_late"": 0.0, ""collision_tblock_mid"": 17.026885395306447, ""fall"": 0.0, ""timeout"": 2.133464656845952}"
layout_path_conditioned,start_region=x_mid__y_neg|path_angle_bin=sector_5|path_len_bin=long|near_count_bin=1|medhigh_count_bin=0|pair_side_mode=center_involved,False,3,2,1,0.3333333333333333,1.0245684750270776,fall,1,-19.31693023261208,5.333333333333333,"{""fall"": 1, ""success"": 2}","{""fall"": 1}","{""collision_rod_early"": 0.0, ""collision_rod_late"": 0.0, ""collision_rod_mid"": 0.0, ""collision_tblock_early"": 0.0, ""collision_tblock_late"": 0.0, ""collision_tblock_mid"": 0.0, ""fall"": 73.91790306627102, ""timeout"": 0.0}"
layout_path_conditioned,start_region=x_neg__y_neg|path_angle_bin=sector_5|path_len_bin=long|near_count_bin=1|medhigh_count_bin=0|pair_side_mode=center_involved,False,3,2,1,0.3333333333333333,1.0245684750270776,timeout,1,-7.168975152173613,5.333333333333333,"{""success"": 2, ""timeout"": 1}","{""timeout"": 1}","{""collision_rod_early"": 0.0, ""collision_rod_late"": 0.0, ""collision_rod_mid"": 0.0, ""collision_tblock_early"": 0.0, ""collision_tblock_late"": 0.0, ""collision_tblock_mid"": 0.0, ""fall"": 0.0, ""timeout"": 2.986850519584333}"
layout_path_conditioned,start_region=x_mid__y_neg|path_angle_bin=sector_5|path_len_bin=long|near_count_bin=2|medhigh_count_bin=0|pair_side_mode=same_side,False,3,2,1,0.3333333333333333,1.0245684750270776,timeout,1,-4.866956988462637,5.333333333333333,"{""success"": 2, ""timeout"": 1}","{""timeout"": 1}","{""collision_rod_early"": 0.0, ""collision_rod_late"": 0.0, ""collision_rod_mid"": 0.0, ""collision_tblock_early"": 0.0, ""collision_tblock_late"": 0.0, ""collision_tblock_mid"": 0.0, ""fall"": 0.0, ""timeout"": 2.986850519584333}"
layout_path_conditioned,start_region=x_neg__y_pos|path_angle_bin=sector_2|path_len_bin=medium|near_count_bin=0|medhigh_count_bin=0|pair_side_mode=center_involved,False,3,2,1,0.3333333333333333,1.0245684750270776,collision_tblock_early,1,-4.66150318218335,2.0,"{""collision"": 1, ""success"": 2}","{""collision_tblock_early"": 1}","{""collision_rod_early"": 0.0, ""collision_rod_late"": 0.0, ""collision_rod_mid"": 0.0, ""collision_tblock_early"": 1.996180249485803, ""collision_tblock_late"": 0.0, ""collision_tblock_mid"": 0.0, ""fall"": 0.0, ""timeout"": 0.0}"
layout_path_conditioned,start_region=x_pos__y_neg|path_angle_bin=sector_6|path_len_bin=medium|near_count_bin=1|medhigh_count_bin=0|pair_side_mode=same_side,False,3,2,1,0.3333333333333333,1.0245684750270776,collision_rod_early,1,-6.895274965384509,3.0,"{""collision"": 1, ""success"": 2}","{""collision_rod_early"": 1}","{""collision_rod_early"": 10.510689170182841, ""collision_rod_late"": 0.0, ""collision_rod_mid"": 0.0, ""collision_tblock_early"": 0.0, ""collision_tblock_late"": 0.0, ""collision_tblock_mid"": 0.0, ""fall"": 0.0, ""timeout"": 0.0}"
layout_path_conditioned,start_region=x_mid__y_pos|path_angle_bin=sector_2|path_len_bin=long|near_count_bin=1|medhigh_count_bin=0|pair_side_mode=same_side,False,27,18,9,0.3333333333333333,1.0245684750270774,timeout,5,-10.168509999170263,5.111111111111111,"{""collision"": 4, ""success"": 18, ""timeout"": 5}","{""collision_rod_early"": 1, ""collision_tblock_early"": 2, ""collision_tblock_late"": 1, ""timeout"": 5}","{""collision_rod_early"": 1.167854352242538, ""collision_rod_late"": 0.0, ""collision_rod_mid"": 0.0, ""collision_tblock_early"": 0.4435956109968451, ""collision_tblock_late"": 52.22292103424179, ""collision_tblock_mid"": 0.0, ""fall"": 0.0, ""timeout"": 1.6593613997690737}"
layout_path_conditioned,start_region=x_mid__y_neg|path_angle_bin=sector_5|path_len_bin=long|near_count_bin=0|medhigh_count_bin=0|pair_side_mode=center_involved,False,48,33,15,0.3125,0.9605329453378851,timeout,13,-6.05704878402259,5.125,"{""collision"": 2, ""success"": 33, ""timeout"": 13}","{""collision_tblock_early"": 2, ""timeout"": 13}","{""collision_rod_early"": 0.0, ""collision_rod_late"": 0.0, ""collision_rod_mid"": 0.0, ""collision_tblock_early"": 0.24952253118572537, ""collision_tblock_late"": 0.0, ""collision_tblock_mid"": 0.0, ""fall"": 0.0, ""timeout"": 2.42681604716227}"
layout_path_conditioned,start_region=x_neg__y_mid|path_angle_bin=sector_4|path_len_bin=medium|near_count_bin=0|medhigh_count_bin=0|pair_side_mode=center_involved,False,32,22,10,0.3125,0.9605329453378851,timeout,8,-6.123971271267976,4.78125,"{""collision"": 2, ""success"": 22, ""timeout"": 8}","{""collision_rod_early"": 1, ""collision_tblock_early"": 1, ""timeout"": 8}","{""collision_rod_early"": 0.9853771097046413, ""collision_rod_late"": 0.0, ""collision_rod_mid"": 0.0, ""collision_tblock_early"": 0.18714189838929401, ""collision_tblock_late"": 0.0, ""collision_tblock_mid"": 0.0, ""fall"": 0.0, ""timeout"": 2.2401378896882496}"
layout_path_conditioned,start_region=x_mid__y_neg|path_angle_bin=sector_5|path_len_bin=medium|near_count_bin=0|medhigh_count_bin=0|pair_side_mode=center_involved,False,26,18,8,0.3076923076923077,0.94575551540961,timeout,6,-6.983281511204945,4.576923076923077,"{""collision"": 2, ""success"": 18, ""timeout"": 6}","{""collision_rod_early"": 1, ""collision_tblock_early"": 1, ""timeout"": 6}","{""collision_rod_early"": 1.2127718273287893, ""collision_rod_late"": 0.0, ""collision_rod_mid"": 0.0, ""collision_tblock_early"": 0.23032849032528493, ""collision_tblock_late"": 0.0, ""collision_tblock_mid"": 0.0, ""fall"": 0.0, ""timeout"": 2.067819590481461}"
layout_path_conditioned,start_region=x_pos__y_mid|path_angle_bin=sector_0|path_len_bin=long|near_count_bin=1|medhigh_count_bin=0|pair_side_mode=opposite_side,False,27,19,8,0.2962962962962963,0.9107275333574023,timeout,5,-7.626726698278661,4.777777777777778,"{""collision"": 3, ""success"": 19, ""timeout"": 5}","{""collision_rod_early"": 1, ""collision_tblock_early"": 2, ""timeout"": 5}","{""collision_rod_early"": 1.167854352242538, ""collision_rod_late"": 0.0, ""collision_rod_mid"": 0.0, ""collision_tblock_early"": 0.4435956109968451, ""collision_tblock_late"": 0.0, ""collision_tblock_mid"": 0.0, ""fall"": 0.0, ""timeout"": 1.6593613997690737}"
layout_path_conditioned,start_region=x_pos__y_mid|path_angle_bin=sector_7|path_len_bin=medium|near_count_bin=1|medhigh_count_bin=0|pair_side_mode=opposite_side,False,17,12,5,0.29411764705882354,0.9040310073768331,timeout,4,-7.701475277490354,4.705882352941177,"{""collision"": 1, ""success"": 12, ""timeout"": 4}","{""collision_rod_mid"": 1, ""timeout"": 4}","{""collision_rod_early"": 0.0, ""collision_rod_late"": 0.0, ""collision_rod_mid"": 9.878519497686716, ""collision_tblock_early"": 0.0, ""collision_tblock_late"": 0.0, ""collision_tblock_mid"": 0.0, ""fall"": 0.0, ""timeout"": 2.1083650726477643}"
layout_path_conditioned,start_region=x_mid__y_pos|path_angle_bin=sector_1|path_len_bin=medium|near_count_bin=0|medhigh_count_bin=0|pair_side_mode=center_involved,False,24,17,7,0.2916666666666667,0.8964974156486928,timeout,7,-5.434222849523587,4.958333333333333,"{""success"": 17, ""timeout"": 7}","{""timeout"": 7}","{""collision_rod_early"": 0.0, ""collision_rod_late"": 0.0, ""collision_rod_mid"": 0.0, ""collision_tblock_early"": 0.0, ""collision_tblock_late"": 0.0, ""collision_tblock_mid"": 0.0, ""fall"": 0.0, ""timeout"": 2.6134942046362912}"
layout_path_conditioned,start_region=x_pos__y_mid|path_angle_bin=sector_7|path_len_bin=medium|near_count_bin=1|medhigh_count_bin=0|pair_side_mode=same_side,False,14,10,4,0.2857142857142857,0.8782015500232093,timeout,4,-7.322282551137681,5.357142857142857,"{""success"": 10, ""timeout"": 4}","{""timeout"": 4}","{""collision_rod_early"": 0.0, ""collision_rod_late"": 0.0, ""collision_rod_mid"": 0.0, ""collision_tblock_early"": 0.0, ""collision_tblock_late"": 0.0, ""collision_tblock_mid"": 0.0, ""fall"": 0.0, ""timeout"": 2.560157588215142}"
layout_path_conditioned,start_region=x_pos__y_neg|path_angle_bin=sector_6|path_len_bin=medium|near_count_bin=1|medhigh_count_bin=0|pair_side_mode=opposite_side,False,7,5,2,0.2857142857142857,0.8782015500232093,timeout,2,-8.803887969403549,5.428571428571429,"{""success"": 5, ""timeout"": 2}","{""timeout"": 2}","{""collision_rod_early"": 0.0, ""collision_rod_late"": 0.0, ""collision_rod_mid"": 0.0, ""collision_tblock_early"": 0.0, ""collision_tblock_late"": 0.0, ""collision_tblock_mid"": 0.0, ""fall"": 0.0, ""timeout"": 2.560157588215142}"
layout_path_conditioned,start_region=x_pos__y_neg|path_angle_bin=sector_6|path_len_bin=medium|near_count_bin=0|medhigh_count_bin=0|pair_side_mode=center_involved,False,7,5,2,0.2857142857142857,0.8782015500232093,timeout,2,-7.042644518801893,6.285714285714286,"{""success"": 5, ""timeout"": 2}","{""timeout"": 2}","{""collision_rod_early"": 0.0, ""collision_rod_late"": 0.0, ""collision_rod_mid"": 0.0, ""collision_tblock_early"": 0.0, ""collision_tblock_late"": 0.0, ""collision_tblock_mid"": 0.0, ""fall"": 0.0, ""timeout"": 2.560157588215142}"
layout_path_conditioned,start_region=x_mid__y_pos|path_angle_bin=sector_1|path_len_bin=medium|near_count_bin=1|medhigh_count_bin=0|pair_side_mode=opposite_side,False,11,8,3,0.2727272727272727,0.8382832977494269,collision_tblock_mid,1,-6.638587771856778,4.454545454545454,"{""collision"": 2, ""success"": 8, ""timeout"": 1}","{""collision_rod_early"": 1, ""collision_tblock_mid"": 1, ""timeout"": 1}","{""collision_rod_early"": 2.8665515918680478, ""collision_rod_late"": 0.0, ""collision_rod_mid"": 0.0, ""collision_tblock_early"": 0.0, ""collision_tblock_late"": 0.0, ""collision_tblock_mid"": 32.50587211831231, ""fall"": 0.0, ""timeout"": 0.8145955962502726}"
layout_path_conditioned,start_region=x_neg__y_mid|path_angle_bin=sector_3|path_len_bin=medium|near_count_bin=1|medhigh_count_bin=0|pair_side_mode=same_side,False,30,22,8,0.26666666666666666,0.8196547800216619,timeout,7,-6.380044811872058,4.966666666666667,"{""collision"": 1, ""success"": 22, ""timeout"": 7}","{""collision_rod_early"": 1, ""timeout"": 7}","{""collision_rod_early"": 1.051068917018284, ""collision_rod_late"": 0.0, ""collision_rod_mid"": 0.0, ""collision_tblock_early"": 0.0, ""collision_tblock_late"": 0.0, ""collision_tblock_mid"": 0.0, ""fall"": 0.0, ""timeout"": 2.0907953637090326}"
layout_path_conditioned,start_region=x_mid__y_neg|path_angle_bin=sector_6|path_len_bin=long|near_count_bin=1|medhigh_count_bin=0|pair_side_mode=same_side,False,31,23,8,0.25806451612903225,0.7932143032467697,timeout,4,-8.125691859957941,5.419354838709677,"{""collision"": 4, ""success"": 23, ""timeout"": 4}","{""collision_rod_mid"": 1, ""collision_tblock_early"": 1, ""collision_tblock_late"": 2, ""timeout"": 4}","{""collision_rod_early"": 0.0, ""collision_rod_late"": 0.0, ""collision_rod_mid"": 5.417252627763683, ""collision_tblock_early"": 0.19317873382120673, ""collision_tblock_late"": 90.96895922093731, ""collision_tblock_mid"": 0.0, ""fall"": 0.0, ""timeout"": 1.156200201129419}"
layout_path_conditioned,start_region=x_neg__y_mid|path_angle_bin=sector_4|path_len_bin=long|near_count_bin=0|medhigh_count_bin=0|pair_side_mode=center_involved,False,71,53,18,0.2535211267605634,0.7792492626966504,timeout,10,-6.969185993537362,4.253521126760563,"{""collision"": 7, ""fall"": 1, ""success"": 53, ""timeout"": 10}","{""collision_rod_mid"": 1, ""collision_tblock_early"": 5, ""collision_tblock_mid"": 1, ""fall"": 1, ""timeout"": 10}","{""collision_rod_early"": 0.0, ""collision_rod_late"": 0.0, ""collision_rod_mid"": 2.3652793163475234, ""collision_tblock_early"": 0.42172822172235275, ""collision_tblock_late"": 0.0, ""collision_tblock_mid"": 5.0361210324145835, ""fall"": 3.123291678856522, ""timeout"": 1.2620495153173235}"
layout_path_conditioned,start_region=x_mid__y_pos|path_angle_bin=sector_1|path_len_bin=long|near_count_bin=1|medhigh_count_bin=0|pair_side_mode=same_side,False,12,9,3,0.25,0.7684263562703081,timeout,2,-8.164171847970328,4.666666666666667,"{""collision"": 1, ""success"": 9, ""timeout"": 2}","{""collision_tblock_early"": 1, ""timeout"": 2}","{""collision_rod_early"": 0.0, ""collision_rod_late"": 0.0, ""collision_rod_mid"": 0.0, ""collision_tblock_early"": 0.49904506237145074, ""collision_tblock_late"": 0.0, ""collision_tblock_mid"": 0.0, ""fall"": 0.0, ""timeout"": 1.4934252597921664}"
layout_path_conditioned,start_region=x_neg__y_pos|path_angle_bin=sector_3|path_len_bin=medium|near_count_bin=1|medhigh_count_bin=0|pair_side_mode=opposite_side,False,4,3,1,0.25,0.7684263562703081,timeout,1,-3.2900561275115856,5.0,"{""success"": 3, ""timeout"": 1}","{""timeout"": 1}","{""collision_rod_early"": 0.0, ""collision_rod_late"": 0.0, ""collision_rod_mid"": 0.0, ""collision_tblock_early"": 0.0, ""collision_tblock_late"": 0.0, ""collision_tblock_mid"": 0.0, ""fall"": 0.0, ""timeout"": 2.2401378896882496}"
layout_path_conditioned,start_region=x_pos__y_pos|path_angle_bin=sector_0|path_len_bin=medium|near_count_bin=1|medhigh_count_bin=0|pair_side_mode=same_side,False,4,3,1,0.25,0.7684263562703081,collision_tblock_mid,1,-12.07500338570061,4.75,"{""collision"": 1, ""success"": 3}","{""collision_tblock_mid"": 1}","{""collision_rod_early"": 0.0, ""collision_rod_late"": 0.0, ""collision_rod_mid"": 0.0, ""collision_tblock_early"": 0.0, ""collision_tblock_late"": 0.0, ""collision_tblock_mid"": 89.39114832535884, ""fall"": 0.0, ""timeout"": 0.0}"
layout_path_conditioned,start_region=x_pos__y_pos|path_angle_bin=sector_1|path_len_bin=medium|near_count_bin=1|medhigh_count_bin=0|pair_side_mode=opposite_side,False,4,3,1,0.25,0.7684263562703081,collision_tblock_early,1,-5.055652973446981,2.5,"{""collision"": 1, ""success"": 3}","{""collision_tblock_early"": 1}","{""collision_rod_early"": 0.0, ""collision_rod_late"": 0.0, ""collision_rod_mid"": 0.0, ""collision_tblock_early"": 1.4971351871143521, ""collision_tblock_late"": 0.0, ""collision_tblock_mid"": 0.0, ""fall"": 0.0, ""timeout"": 0.0}"
layout_path_conditioned,start_region=x_pos__y_mid|path_angle_bin=sector_0|path_len_bin=medium|near_count_bin=1|medhigh_count_bin=0|pair_side_mode=same_side,False,21,16,5,0.23809523809523808,0.731834625019341,timeout,3,-5.3565501011650385,4.0476190476190474,"{""collision"": 2, ""success"": 16, ""timeout"": 3}","{""collision_rod_mid"": 1, ""collision_tblock_early"": 1, ""timeout"": 3}","{""collision_rod_early"": 0.0, ""collision_rod_late"": 0.0, ""collision_rod_mid"": 7.99689673622258, ""collision_tblock_early"": 0.2851686070694004, ""collision_tblock_late"": 0.0, ""collision_tblock_mid"": 0.0, ""fall"": 0.0, ""timeout"": 1.2800787941075713}"
layout_path_conditioned,start_region=x_neg__y_mid|path_angle_bin=sector_3|path_len_bin=long|near_count_bin=0|medhigh_count_bin=0|pair_side_mode=center_involved,False,51,39,12,0.23529411764705882,0.7232248059014664,timeout,9,-6.08646460079927,4.333333333333333,"{""collision"": 1, ""fall"": 2, ""success"": 39, ""timeout"": 9}","{""collision_tblock_early"": 1, ""fall"": 2, ""timeout"": 9}","{""collision_rod_early"": 0.0, ""collision_rod_late"": 0.0, ""collision_rod_mid"": 0.0, ""collision_tblock_early"": 0.11742236761681193, ""collision_tblock_late"": 0.0, ""collision_tblock_mid"": 0.0, ""fall"": 8.696223890149533, ""timeout"": 1.5812738044858232}"
layout_path_conditioned,start_region=x_mid__y_neg|path_angle_bin=sector_5|path_len_bin=long|near_count_bin=1|medhigh_count_bin=0|pair_side_mode=opposite_side,False,58,45,13,0.22413793103448276,0.6889339745871728,timeout,8,-6.99709345608646,4.603448275862069,"{""collision"": 5, ""success"": 45, ""timeout"": 8}","{""collision_rod_early"": 1, ""collision_rod_late"": 1, ""collision_tblock_early"": 3, ""timeout"": 8}","{""collision_rod_early"": 0.5436563363887676, ""collision_rod_late"": 16.10581896551724, ""collision_rod_mid"": 0.0, ""collision_tblock_early"": 0.3097521076788315, ""collision_tblock_late"": 0.0, ""collision_tblock_mid"": 0.0, ""fall"": 0.0, ""timeout"": 1.2359381460348962}"
layout_path_conditioned,start_region=x_neg__y_mid|path_angle_bin=sector_4|path_len_bin=long|near_count_bin=1|medhigh_count_bin=0|pair_side_mode=opposite_side,False,54,42,12,0.2222222222222222,0.6830456500180516,timeout,11,-7.280434647706833,4.648148148148148,"{""collision"": 1, ""success"": 42, ""timeout"": 11}","{""collision_rod_early"": 1, ""timeout"": 11}","{""collision_rod_early"": 0.583927176121269, ""collision_rod_late"": 0.0, ""collision_rod_mid"": 0.0, ""collision_tblock_early"": 0.0, ""collision_tblock_late"": 0.0, ""collision_tblock_mid"": 0.0, ""fall"": 0.0, ""timeout"": 1.8252975397459812}"
layout_path_conditioned,start_region=x_neg__y_mid|path_angle_bin=sector_4|path_len_bin=medium|near_count_bin=1|medhigh_count_bin=0|pair_side_mode=same_side,False,28,22,6,0.21428571428571427,0.6586511625174069,timeout,4,-4.656128689620597,4.428571428571429,"{""collision"": 2, ""success"": 22, ""timeout"": 4}","{""collision_rod_early"": 1, ""collision_tblock_mid"": 1, ""timeout"": 4}","{""collision_rod_early"": 1.126145268233876, ""collision_rod_late"": 0.0, ""collision_rod_mid"": 0.0, ""collision_tblock_early"": 0.0, ""collision_tblock_late"": 0.0, ""collision_tblock_mid"": 12.770164046479836, ""fall"": 0.0, ""timeout"": 1.280078794107571}"
layout_path_conditioned,start_region=x_pos__y_pos|path_angle_bin=sector_0|path_len_bin=medium|near_count_bin=1|medhigh_count_bin=0|pair_side_mode=opposite_side,False,5,4,1,0.2,0.6147410850162465,collision_rod_early,1,-4.596291530266669,3.8,"{""collision"": 1, ""success"": 4}","{""collision_rod_early"": 1}","{""collision_rod_early"": 6.306413502109704, ""collision_rod_late"": 0.0, ""collision_rod_mid"": 0.0, ""collision_tblock_early"": 0.0, ""collision_tblock_late"": 0.0, ""collision_tblock_mid"": 0.0, ""fall"": 0.0, ""timeout"": 0.0}"
layout_path_conditioned,start_region=x_neg__y_neg|path_angle_bin=sector_4|path_len_bin=long|near_count_bin=1|medhigh_count_bin=0|pair_side_mode=center_involved,False,5,4,1,0.2,0.6147410850162465,timeout,1,-6.542063430271149,5.2,"{""success"": 4, ""timeout"": 1}","{""timeout"": 1}","{""collision_rod_early"": 0.0, ""collision_rod_late"": 0.0, ""collision_rod_mid"": 0.0, ""collision_tblock_early"": 0.0, ""collision_tblock_late"": 0.0, ""collision_tblock_mid"": 0.0, ""fall"": 0.0, ""timeout"": 1.7921103117505994}"
layout_path_conditioned,start_region=x_mid__y_neg|path_angle_bin=sector_5|path_len_bin=long|near_count_bin=1|medhigh_count_bin=0|pair_side_mode=same_side,False,56,45,11,0.19642857142857142,0.6037635656409563,timeout,7,-5.250485302930933,4.410714285714286,"{""collision"": 4, ""success"": 45, ""timeout"": 7}","{""collision_tblock_early"": 4, ""timeout"": 7}","{""collision_rod_early"": 0.0, ""collision_rod_late"": 0.0, ""collision_rod_mid"": 0.0, ""collision_tblock_early"": 0.4277529106041006, ""collision_tblock_late"": 0.0, ""collision_tblock_mid"": 0.0, ""fall"": 0.0, ""timeout"": 1.1200689448441248}"
layout_path_conditioned,start_region=x_neg__y_mid|path_angle_bin=sector_4|path_len_bin=long|near_count_bin=1|medhigh_count_bin=0|pair_side_mode=same_side,False,57,46,11,0.19298245614035087,0.5931712223840974,timeout,4,-5.526561908791894,3.982456140350877,"{""collision"": 7, ""success"": 46, ""timeout"": 4}","{""collision_rod_early"": 3, ""collision_tblock_early"": 4, ""timeout"": 4}","{""collision_rod_early"": 1.6595825005551854, ""collision_rod_late"": 0.0, ""collision_rod_mid"": 0.0, ""collision_tblock_early"": 0.42024847357595846, ""collision_tblock_late"": 0.0, ""collision_tblock_mid"": 0.0, ""fall"": 0.0, ""timeout"": 0.6288106357019647}"
layout_path_conditioned,start_region=x_mid__y_neg|path_angle_bin=sector_6|path_len_bin=medium|near_count_bin=0|medhigh_count_bin=0|pair_side_mode=center_involved,False,32,26,6,0.1875,0.576319767202731,timeout,4,-4.979143409855509,4.65625,"{""collision"": 2, ""success"": 26, ""timeout"": 4}","{""collision_tblock_early"": 1, ""collision_tblock_mid"": 1, ""timeout"": 4}","{""collision_rod_early"": 0.0, ""collision_rod_late"": 0.0, ""collision_rod_mid"": 0.0, ""collision_tblock_early"": 0.18714189838929401, ""collision_tblock_late"": 0.0, ""collision_tblock_mid"": 11.173893540669855, ""fall"": 0.0, ""timeout"": 1.1200689448441248}"
layout_path_conditioned,start_region=x_mid__y_neg|path_angle_bin=sector_6|path_len_bin=medium|near_count_bin=1|medhigh_count_bin=0|pair_side_mode=opposite_side,False,27,22,5,0.18518518518518517,0.5692047083483764,timeout,2,-6.052811271544284,4.555555555555555,"{""collision"": 3, ""success"": 22, ""timeout"": 2}","{""collision_rod_early"": 2, ""collision_tblock_early"": 1, ""timeout"": 2}","{""collision_rod_early"": 2.335708704485076, ""collision_rod_late"": 0.0, ""collision_rod_mid"": 0.0, ""collision_tblock_early"": 0.22179780549842254, ""collision_tblock_late"": 0.0, ""collision_tblock_mid"": 0.0, ""fall"": 0.0, ""timeout"": 0.6637445599076295}"
layout_path_conditioned,start_region=x_neg__y_mid|path_angle_bin=sector_4|path_len_bin=medium|near_count_bin=1|medhigh_count_bin=0|pair_side_mode=opposite_side,False,33,27,6,0.18181818181818182,0.5588555318329512,timeout,5,-6.837249924741155,4.454545454545454,"{""fall"": 1, ""success"": 27, ""timeout"": 5}","{""fall"": 1, ""timeout"": 5}","{""collision_rod_early"": 0.0, ""collision_rod_late"": 0.0, ""collision_rod_mid"": 0.0, ""collision_tblock_early"": 0.0, ""collision_tblock_late"": 0.0, ""collision_tblock_mid"": 0.0, ""fall"": 6.719809369661002, ""timeout"": 1.3576593270837873}"
layout_path_conditioned,start_region=x_neg__y_mid|path_angle_bin=sector_3|path_len_bin=medium|near_count_bin=0|medhigh_count_bin=0|pair_side_mode=center_involved,False,28,23,5,0.17857142857142858,0.5488759687645058,timeout,3,-4.896089154547305,3.857142857142857,"{""collision"": 1, ""fall"": 1, ""success"": 23, ""timeout"": 3}","{""collision_rod_early"": 1, ""fall"": 1, ""timeout"": 3}","{""collision_rod_early"": 1.126145268233876, ""collision_rod_late"": 0.0, ""collision_rod_mid"": 0.0, ""collision_tblock_early"": 0.0, ""collision_tblock_late"": 0.0, ""collision_tblock_mid"": 0.0, ""fall"": 7.919775328529038, ""timeout"": 0.9600590955806784}"
layout_path_conditioned,start_region=x_neg__y_neg|path_angle_bin=sector_4|path_len_bin=medium|near_count_bin=0|medhigh_count_bin=0|pair_side_mode=center_involved,False,6,5,1,0.16666666666666666,0.5122842375135388,timeout,1,-5.983564713658755,5.5,"{""success"": 5, ""timeout"": 1}","{""timeout"": 1}","{""collision_rod_early"": 0.0, ""collision_rod_late"": 0.0, ""collision_rod_mid"": 0.0, ""collision_tblock_early"": 0.0, ""collision_tblock_late"": 0.0, ""collision_tblock_mid"": 0.0, ""fall"": 0.0, ""timeout"": 1.4934252597921664}"
layout_path_conditioned,start_region=x_pos__y_neg|path_angle_bin=sector_7|path_len_bin=medium|near_count_bin=1|medhigh_count_bin=0|pair_side_mode=same_side,False,6,5,1,0.16666666666666666,0.5122842375135388,timeout,1,-4.86973711885063,4.0,"{""success"": 5, ""timeout"": 1}","{""timeout"": 1}","{""collision_rod_early"": 0.0, ""collision_rod_late"": 0.0, ""collision_rod_mid"": 0.0, ""collision_tblock_early"": 0.0, ""collision_tblock_late"": 0.0, ""collision_tblock_mid"": 0.0, ""fall"": 0.0, ""timeout"": 1.4934252597921664}"
layout_path_conditioned,start_region=x_mid__y_neg|path_angle_bin=sector_6|path_len_bin=long|near_count_bin=0|medhigh_count_bin=0|pair_side_mode=center_involved,False,51,43,8,0.1568627450980392,0.4821498706009777,timeout,6,-6.1331316710064385,4.568627450980392,"{""collision"": 2, ""success"": 43, ""timeout"": 6}","{""collision_rod_early"": 1, ""collision_rod_mid"": 1, ""timeout"": 6}","{""collision_rod_early"": 0.6182758335401671, ""collision_rod_late"": 0.0, ""collision_rod_mid"": 3.292839832562239, ""collision_tblock_early"": 0.0, ""collision_tblock_late"": 0.0, ""collision_tblock_mid"": 0.0, ""fall"": 0.0, ""timeout"": 1.0541825363238821}"
layout_path_conditioned,start_region=x_pos__y_mid|path_angle_bin=sector_0|path_len_bin=medium|near_count_bin=0|medhigh_count_bin=0|pair_side_mode=center_involved,False,21,18,3,0.14285714285714285,0.4391007750116046,timeout,2,-4.70726681757017,3.761904761904762,"{""collision"": 1, ""success"": 18, ""timeout"": 2}","{""collision_tblock_early"": 1, ""timeout"": 2}","{""collision_rod_early"": 0.0, ""collision_rod_late"": 0.0, ""collision_rod_mid"": 0.0, ""collision_tblock_early"": 0.2851686070694004, ""collision_tblock_late"": 0.0, ""collision_tblock_mid"": 0.0, ""fall"": 0.0, ""timeout"": 0.8533858627383808}"
layout_path_conditioned,start_region=x_neg__y_mid|path_angle_bin=sector_4|path_len_bin=long|near_count_bin=0|medhigh_count_bin=1|pair_side_mode=same_side,False,8,7,1,0.125,0.38421317813515404,collision_tblock_early,1,-4.307025785176045,3.0,"{""collision"": 1, ""success"": 7}","{""collision_tblock_early"": 1}","{""collision_rod_early"": 0.0, ""collision_rod_late"": 0.0, ""collision_rod_mid"": 0.0, ""collision_tblock_early"": 0.7485675935571761, ""collision_tblock_late"": 0.0, ""collision_tblock_mid"": 0.0, ""fall"": 0.0, ""timeout"": 0.0}"
layout_path_conditioned,start_region=x_mid__y_neg|path_angle_bin=sector_5|path_len_bin=medium|near_count_bin=1|medhigh_count_bin=0|pair_side_mode=opposite_side,False,25,22,3,0.12,0.36884465100974784,timeout,2,-4.634696607231587,4.6,"{""collision"": 1, ""success"": 22, ""timeout"": 2}","{""collision_rod_mid"": 1, ""timeout"": 2}","{""collision_rod_early"": 0.0, ""collision_rod_late"": 0.0, ""collision_rod_mid"": 6.717393258426967, ""collision_tblock_early"": 0.0, ""collision_tblock_late"": 0.0, ""collision_tblock_mid"": 0.0, ""fall"": 0.0, ""timeout"": 0.7168441247002398}"
layout_path_conditioned,start_region=x_neg__y_mid|path_angle_bin=sector_3|path_len_bin=medium|near_count_bin=1|medhigh_count_bin=0|pair_side_mode=opposite_side,False,18,16,2,0.1111111111111111,0.3415228250090258,collision_tblock_early,1,-4.2396913626520725,3.4444444444444446,"{""collision"": 2, ""success"": 16}","{""collision_rod_early"": 1, ""collision_tblock_early"": 1}","{""collision_rod_early"": 1.7517815283638067, ""collision_rod_late"": 0.0, ""collision_rod_mid"": 0.0, ""collision_tblock_early"": 0.3326967082476338, ""collision_tblock_late"": 0.0, ""collision_tblock_mid"": 0.0, ""fall"": 0.0, ""timeout"": 0.0}"
layout_path_conditioned,start_region=x_mid__y_neg|path_angle_bin=sector_5|path_len_bin=medium|near_count_bin=1|medhigh_count_bin=0|pair_side_mode=same_side,False,23,21,2,0.08695652173913043,0.26727873261575935,timeout,1,-3.6721481382178687,3.4347826086956523,"{""collision"": 1, ""success"": 21, ""timeout"": 1}","{""collision_tblock_early"": 1, ""timeout"": 1}","{""collision_rod_early"": 0.0, ""collision_rod_late"": 0.0, ""collision_rod_mid"": 0.0, ""collision_tblock_early"": 0.2603713368894525, ""collision_tblock_late"": 0.0, ""collision_tblock_mid"": 0.0, ""fall"": 0.0, ""timeout"": 0.38958919820665205}"
layout_path_conditioned,start_region=x_neg__y_mid|path_angle_bin=sector_3|path_len_bin=long|near_count_bin=1|medhigh_count_bin=0|pair_side_mode=opposite_side,False,38,35,3,0.07894736842105263,0.2426609546116762,timeout,3,-4.096469583177776,3.9473684210526314,"{""success"": 35, ""timeout"": 3}","{""timeout"": 3}","{""collision_rod_early"": 0.0, ""collision_rod_late"": 0.0, ""collision_rod_mid"": 0.0, ""collision_tblock_early"": 0.0, ""collision_tblock_late"": 0.0, ""collision_tblock_mid"": 0.0, ""fall"": 0.0, ""timeout"": 0.7074119651647104}"
layout_path_conditioned,start_region=x_pos__y_neg|path_angle_bin=sector_7|path_len_bin=medium|near_count_bin=0|medhigh_count_bin=0|pair_side_mode=center_involved,False,6,6,0,0.0,0.0,none,0,-3.905495629779821,3.6666666666666665,"{""success"": 6}",{},"{""collision_rod_early"": 0.0, ""collision_rod_late"": 0.0, ""collision_rod_mid"": 0.0, ""collision_tblock_early"": 0.0, ""collision_tblock_late"": 0.0, ""collision_tblock_mid"": 0.0, ""fall"": 0.0, ""timeout"": 0.0}"
layout_path_conditioned,start_region=x_pos__y_pos|path_angle_bin=sector_0|path_len_bin=medium|near_count_bin=0|medhigh_count_bin=0|pair_side_mode=center_involved,False,4,4,0,0.0,0.0,none,0,-3.0966449124338187,4.0,"{""success"": 4}",{},"{""collision_rod_early"": 0.0, ""collision_rod_late"": 0.0, ""collision_rod_mid"": 0.0, ""collision_tblock_early"": 0.0, ""collision_tblock_late"": 0.0, ""collision_tblock_mid"": 0.0, ""fall"": 0.0, ""timeout"": 0.0}"
layout_path_conditioned,start_region=x_neg__y_pos|path_angle_bin=sector_2|path_len_bin=medium|near_count_bin=1|medhigh_count_bin=0|pair_side_mode=opposite_side,False,3,3,0,0.0,0.0,none,0,-6.111836135285388,5.333333333333333,"{""success"": 3}",{},"{""collision_rod_early"": 0.0, ""collision_rod_late"": 0.0, ""collision_rod_mid"": 0.0, ""collision_tblock_early"": 0.0, ""collision_tblock_late"": 0.0, ""collision_tblock_mid"": 0.0, ""fall"": 0.0, ""timeout"": 0.0}"
layout_path_conditioned,start_region=x_neg__y_neg|path_angle_bin=sector_4|path_len_bin=medium|near_count_bin=1|medhigh_count_bin=0|pair_side_mode=opposite_side,False,3,3,0,0.0,0.0,none,0,-4.189433791388164,4.666666666666667,"{""success"": 3}",{},"{""collision_rod_early"": 0.0, ""collision_rod_late"": 0.0, ""collision_rod_mid"": 0.0, ""collision_tblock_early"": 0.0, ""collision_tblock_late"": 0.0, ""collision_tblock_mid"": 0.0, ""fall"": 0.0, ""timeout"": 0.0}"
layout_path_conditioned,start_region=x_pos__y_pos|path_angle_bin=sector_1|path_len_bin=medium|near_count_bin=1|medhigh_count_bin=0|pair_side_mode=same_side,False,3,3,0,0.0,0.0,none,0,-2.1099436250692274,2.0,"{""success"": 3}",{},"{""collision_rod_early"": 0.0, ""collision_rod_late"": 0.0, ""collision_rod_mid"": 0.0, ""collision_tblock_early"": 0.0, ""collision_tblock_late"": 0.0, ""collision_tblock_mid"": 0.0, ""fall"": 0.0, ""timeout"": 0.0}"
layout_path_conditioned,start_region=x_neg__y_pos|path_angle_bin=sector_3|path_len_bin=medium|near_count_bin=1|medhigh_count_bin=0|pair_side_mode=same_side,False,2,2,0,0.0,0.0,none,0,-5.897271281085908,5.5,"{""success"": 2}",{},"{""collision_rod_early"": 0.0, ""collision_rod_late"": 0.0, ""collision_rod_mid"": 0.0, ""collision_tblock_early"": 0.0, ""collision_tblock_late"": 0.0, ""collision_tblock_mid"": 0.0, ""fall"": 0.0, ""timeout"": 0.0}"
layout_path_conditioned,start_region=x_mid__y_neg|path_angle_bin=sector_5|path_len_bin=long|near_count_bin=2|medhigh_count_bin=0|pair_side_mode=opposite_side,False,2,2,0,0.0,0.0,none,0,-3.0502441655707457,3.5,"{""success"": 2}",{},"{""collision_rod_early"": 0.0, ""collision_rod_late"": 0.0, ""collision_rod_mid"": 0.0, ""collision_tblock_early"": 0.0, ""collision_tblock_late"": 0.0, ""collision_tblock_mid"": 0.0, ""fall"": 0.0, ""timeout"": 0.0}"
layout_path_conditioned,start_region=x_neg__y_mid|path_angle_bin=sector_3|path_len_bin=long|near_count_bin=2|medhigh_count_bin=0|pair_side_mode=opposite_side,False,2,2,0,0.0,0.0,none,0,-3.062336636237818,2.5,"{""success"": 2}",{},"{""collision_rod_early"": 0.0, ""collision_rod_late"": 0.0, ""collision_rod_mid"": 0.0, ""collision_tblock_early"": 0.0, ""collision_tblock_late"": 0.0, ""collision_tblock_mid"": 0.0, ""fall"": 0.0, ""timeout"": 0.0}"
layout_path_conditioned,start_region=x_neg__y_mid|path_angle_bin=sector_3|path_len_bin=long|near_count_bin=0|medhigh_count_bin=1|pair_side_mode=same_side,False,2,2,0,0.0,0.0,none,0,-3.818839740319114,3.5,"{""success"": 2}",{},"{""collision_rod_early"": 0.0, ""collision_rod_late"": 0.0, ""collision_rod_mid"": 0.0, ""collision_tblock_early"": 0.0, ""collision_tblock_late"": 0.0, ""collision_tblock_mid"": 0.0, ""fall"": 0.0, ""timeout"": 0.0}"
layout_path_conditioned,start_region=x_neg__y_pos|path_angle_bin=sector_2|path_len_bin=long|near_count_bin=0|medhigh_count_bin=1|pair_side_mode=same_side,False,2,2,0,0.0,0.0,none,0,-2.6770918677356934,3.5,"{""success"": 2}",{},"{""collision_rod_early"": 0.0, ""collision_rod_late"": 0.0, ""collision_rod_mid"": 0.0, ""collision_tblock_early"": 0.0, ""collision_tblock_late"": 0.0, ""collision_tblock_mid"": 0.0, ""fall"": 0.0, ""timeout"": 0.0}"
layout_path_conditioned,start_region=x_pos__y_pos|path_angle_bin=sector_0|path_len_bin=long|near_count_bin=1|medhigh_count_bin=0|pair_side_mode=center_involved,False,1,1,0,0.0,0.0,none,0,-8.10717524059098,6.0,"{""success"": 1}",{},"{""collision_rod_early"": 0.0, ""collision_rod_late"": 0.0, ""collision_rod_mid"": 0.0, ""collision_tblock_early"": 0.0, ""collision_tblock_late"": 0.0, ""collision_tblock_mid"": 0.0, ""fall"": 0.0, ""timeout"": 0.0}"
layout_path_conditioned,start_region=x_pos__y_neg|path_angle_bin=sector_6|path_len_bin=long|near_count_bin=1|medhigh_count_bin=0|pair_side_mode=center_involved,False,1,1,0,0.0,0.0,none,0,-2.6183975149531054,4.0,"{""success"": 1}",{},"{""collision_rod_early"": 0.0, ""collision_rod_late"": 0.0, ""collision_rod_mid"": 0.0, ""collision_tblock_early"": 0.0, ""collision_tblock_late"": 0.0, ""collision_tblock_mid"": 0.0, ""fall"": 0.0, ""timeout"": 0.0}"
layout_path_conditioned,start_region=x_neg__y_mid|path_angle_bin=sector_3|path_len_bin=long|near_count_bin=1|medhigh_count_bin=0|pair_side_mode=center_involved,False,1,1,0,0.0,0.0,none,0,-5.115333984522658,5.0,"{""success"": 1}",{},"{""collision_rod_early"": 0.0, ""collision_rod_late"": 0.0, ""collision_rod_mid"": 0.0, ""collision_tblock_early"": 0.0, ""collision_tblock_late"": 0.0, ""collision_tblock_mid"": 0.0, ""fall"": 0.0, ""timeout"": 0.0}"
layout_path_conditioned,start_region=x_neg__y_mid|path_angle_bin=sector_4|path_len_bin=medium|near_count_bin=2|medhigh_count_bin=0|pair_side_mode=opposite_side,False,1,1,0,0.0,0.0,none,0,-1.013421302702763,2.0,"{""success"": 1}",{},"{""collision_rod_early"": 0.0, ""collision_rod_late"": 0.0, ""collision_rod_mid"": 0.0, ""collision_tblock_early"": 0.0, ""collision_tblock_late"": 0.0, ""collision_tblock_mid"": 0.0, ""fall"": 0.0, ""timeout"": 0.0}"
layout_path_conditioned,start_region=x_neg__y_mid|path_angle_bin=sector_4|path_len_bin=long|near_count_bin=2|medhigh_count_bin=0|pair_side_mode=same_side,False,1,1,0,0.0,0.0,none,0,-7.256731317194055,5.0,"{""success"": 1}",{},"{""collision_rod_early"": 0.0, ""collision_rod_late"": 0.0, ""collision_rod_mid"": 0.0, ""collision_tblock_early"": 0.0, ""collision_tblock_late"": 0.0, ""collision_tblock_mid"": 0.0, ""fall"": 0.0, ""timeout"": 0.0}"
layout_path_conditioned,start_region=x_neg__y_neg|path_angle_bin=sector_5|path_len_bin=long|near_count_bin=2|medhigh_count_bin=0|pair_side_mode=opposite_side,False,1,1,0,0.0,0.0,none,0,-2.9458697103757823,4.0,"{""success"": 1}",{},"{""collision_rod_early"": 0.0, ""collision_rod_late"": 0.0, ""collision_rod_mid"": 0.0, ""collision_tblock_early"": 0.0, ""collision_tblock_late"": 0.0, ""collision_tblock_mid"": 0.0, ""fall"": 0.0, ""timeout"": 0.0}"
layout_path_conditioned,start_region=x_pos__y_mid|path_angle_bin=sector_7|path_len_bin=long|near_count_bin=1|medhigh_count_bin=0|pair_side_mode=center_involved,False,1,1,0,0.0,0.0,none,0,-4.849405199865101,4.0,"{""success"": 1}",{},"{""collision_rod_early"": 0.0, ""collision_rod_late"": 0.0, ""collision_rod_mid"": 0.0, ""collision_tblock_early"": 0.0, ""collision_tblock_late"": 0.0, ""collision_tblock_mid"": 0.0, ""fall"": 0.0, ""timeout"": 0.0}"
layout_path_conditioned,start_region=x_mid__y_neg|path_angle_bin=sector_6|path_len_bin=long|near_count_bin=1|medhigh_count_bin=1|pair_side_mode=opposite_side,False,1,1,0,0.0,0.0,none,0,-4.592005084628347,3.0,"{""success"": 1}",{},"{""collision_rod_early"": 0.0, ""collision_rod_late"": 0.0, ""collision_rod_mid"": 0.0, ""collision_tblock_early"": 0.0, ""collision_tblock_late"": 0.0, ""collision_tblock_mid"": 0.0, ""fall"": 0.0, ""timeout"": 0.0}"
layout_path_conditioned,start_region=x_neg__y_neg|path_angle_bin=sector_5|path_len_bin=long|near_count_bin=0|medhigh_count_bin=1|pair_side_mode=opposite_side,False,1,1,0,0.0,0.0,none,0,-5.818303170888703,5.0,"{""success"": 1}",{},"{""collision_rod_early"": 0.0, ""collision_rod_late"": 0.0, ""collision_rod_mid"": 0.0, ""collision_tblock_early"": 0.0, ""collision_tblock_late"": 0.0, ""collision_tblock_mid"": 0.0, ""fall"": 0.0, ""timeout"": 0.0}"
layout_path_conditioned,start_region=x_pos__y_neg|path_angle_bin=sector_7|path_len_bin=medium|near_count_bin=0|medhigh_count_bin=1|pair_side_mode=same_side,False,1,1,0,0.0,0.0,none,0,-2.5747416133076775,4.0,"{""success"": 1}",{},"{""collision_rod_early"": 0.0, ""collision_rod_late"": 0.0, ""collision_rod_mid"": 0.0, ""collision_tblock_early"": 0.0, ""collision_tblock_late"": 0.0, ""collision_tblock_mid"": 0.0, ""fall"": 0.0, ""timeout"": 0.0}"
layout_path_conditioned,start_region=x_pos__y_mid|path_angle_bin=sector_0|path_len_bin=medium|near_count_bin=0|medhigh_count_bin=1|pair_side_mode=same_side,False,1,1,0,0.0,0.0,none,0,-7.546316838231846,4.0,"{""success"": 1}",{},"{""collision_rod_early"": 0.0, ""collision_rod_late"": 0.0, ""collision_rod_mid"": 0.0, ""collision_tblock_early"": 0.0, ""collision_tblock_late"": 0.0, ""collision_tblock_mid"": 0.0, ""fall"": 0.0, ""timeout"": 0.0}"
layout_path_conditioned,start_region=x_neg__y_pos|path_angle_bin=sector_3|path_len_bin=long|near_count_bin=0|medhigh_count_bin=1|pair_side_mode=same_side,False,1,1,0,0.0,0.0,none,0,-1.8074562867352202,2.0,"{""success"": 1}",{},"{""collision_rod_early"": 0.0, ""collision_rod_late"": 0.0, ""collision_rod_mid"": 0.0, ""collision_tblock_early"": 0.0, ""collision_tblock_late"": 0.0, ""collision_tblock_mid"": 0.0, ""fall"": 0.0, ""timeout"": 0.0}"
layout_path_conditioned,start_region=x_neg__y_neg|path_angle_bin=sector_5|path_len_bin=long|near_count_bin=2|medhigh_count_bin=0|pair_side_mode=same_side,False,1,1,0,0.0,0.0,none,0,-3.4174061887116656,4.0,"{""success"": 1}",{},"{""collision_rod_early"": 0.0, ""collision_rod_late"": 0.0, ""collision_rod_mid"": 0.0, ""collision_tblock_early"": 0.0, ""collision_tblock_late"": 0.0, ""collision_tblock_mid"": 0.0, ""fall"": 0.0, ""timeout"": 0.0}"
layout_pressure,path_len_bin=long|max_blockage_bin=high|medhigh_count_bin=1|near_count_bin=0|center_count_bin=1|min_pair_dist_bin=medium|pressure_bin=high,True,215,1,214,0.9953488372093023,3.059409120778529,collision_tblock_early,212,-10.357531659729132,1.027906976744186,"{""collision"": 214, ""success"": 1}","{""collision_rod_early"": 2, ""collision_tblock_early"": 212}","{""collision_rod_early"": 0.2933215582376607, ""collision_rod_late"": 0.0, ""collision_rod_mid"": 0.0, ""collision_tblock_early"": 5.904979714758002, ""collision_tblock_late"": 0.0, ""collision_tblock_mid"": 0.0, ""fall"": 0.0, ""timeout"": 0.0}"
layout_pressure,path_len_bin=long|max_blockage_bin=high|medhigh_count_bin=2|near_count_bin=0|center_count_bin=2|min_pair_dist_bin=very_close|pressure_bin=high,True,172,1,171,0.9941860465116279,3.0558350447028526,collision_tblock_early,170,-10.244031929772525,1.0174418604651163,"{""collision"": 171, ""success"": 1}","{""collision_rod_early"": 1, ""collision_tblock_early"": 170}","{""collision_rod_early"": 0.18332597389853791, ""collision_rod_late"": 0.0, ""collision_rod_mid"": 0.0, ""collision_tblock_early"": 5.918906553707903, ""collision_tblock_late"": 0.0, ""collision_tblock_mid"": 0.0, ""fall"": 0.0, ""timeout"": 0.0}"
layout_pressure,path_len_bin=long|max_blockage_bin=high|medhigh_count_bin=1|near_count_bin=1|center_count_bin=0|min_pair_dist_bin=medium|pressure_bin=medium,True,254,4,250,0.984251968503937,3.0253006152374335,collision_tblock_early,250,-10.238324944574153,1.0511811023622046,"{""collision"": 250, ""success"": 4}","{""collision_tblock_early"": 250}","{""collision_rod_early"": 0.0, ""collision_rod_late"": 0.0, ""collision_rod_mid"": 0.0, ""collision_tblock_early"": 5.894233020135245, ""collision_tblock_late"": 0.0, ""collision_tblock_mid"": 0.0, ""fall"": 0.0, ""timeout"": 0.0}"
layout_pressure,path_len_bin=long|max_blockage_bin=high|medhigh_count_bin=2|near_count_bin=1|center_count_bin=1|min_pair_dist_bin=very_close|pressure_bin=high,True,241,4,237,0.983402489626556,3.0226895674035354,collision_tblock_early,237,-10.180072723765345,1.053941908713693,"{""collision"": 237, ""success"": 4}","{""collision_tblock_early"": 237}","{""collision_rod_early"": 0.0, ""collision_rod_late"": 0.0, ""collision_rod_mid"": 0.0, ""collision_tblock_early"": 5.889145881263094, ""collision_tblock_late"": 0.0, ""collision_tblock_mid"": 0.0, ""fall"": 0.0, ""timeout"": 0.0}"
layout_pressure,path_len_bin=long|max_blockage_bin=medium|medhigh_count_bin=1|near_count_bin=1|center_count_bin=0|min_pair_dist_bin=medium|pressure_bin=medium,True,596,11,585,0.9815436241610739,3.0169759625377863,collision_tblock_early,581,-10.331185537886006,1.0906040268456376,"{""collision"": 584, ""success"": 11, ""timeout"": 1}","{""collision_rod_early"": 3, ""collision_tblock_early"": 581, ""timeout"": 1}","{""collision_rod_early"": 0.1587184606235664, ""collision_rod_late"": 0.0, ""collision_rod_mid"": 0.0, ""collision_tblock_early"": 5.83782244102979, ""collision_tblock_late"": 0.0, ""collision_tblock_mid"": 0.0, ""fall"": 0.0, ""timeout"": 0.01503448248112919}"
layout_pressure,path_len_bin=long|max_blockage_bin=high|medhigh_count_bin=1|near_count_bin=0|center_count_bin=1|min_pair_dist_bin=close|pressure_bin=high,True,428,13,415,0.969626168224299,2.9803452135717556,collision_tblock_early,414,-10.110289722534448,1.0630841121495327,"{""collision"": 415, ""success"": 13}","{""collision_rod_early"": 1, ""collision_tblock_early"": 414}","{""collision_rod_early"": 0.07367305493118814, ""collision_rod_late"": 0.0, ""collision_rod_mid"": 0.0, ""collision_tblock_early"": 5.79265390154525, ""collision_tblock_late"": 0.0, ""collision_tblock_mid"": 0.0, ""fall"": 0.0, ""timeout"": 0.0}"
layout_pressure,path_len_bin=long|max_blockage_bin=medium|medhigh_count_bin=1|near_count_bin=1|center_count_bin=0|min_pair_dist_bin=far|pressure_bin=medium,True,351,27,324,0.9230769230769231,2.83726654622883,collision_tblock_early,320,-9.986213108339054,1.2820512820512822,"{""collision"": 324, ""success"": 27}","{""collision_rod_early"": 3, ""collision_rod_mid"": 1, ""collision_tblock_early"": 320}","{""collision_rod_early"": 0.2695048505175088, ""collision_rod_late"": 0.0, ""collision_rod_mid"": 0.47844681327827404, ""collision_tblock_early"": 5.45963828919194, ""collision_tblock_late"": 0.0, ""collision_tblock_mid"": 0.0, ""fall"": 0.0, ""timeout"": 0.0}"
layout_pressure,path_len_bin=long|max_blockage_bin=high|medhigh_count_bin=1|near_count_bin=1|center_count_bin=0|min_pair_dist_bin=close|pressure_bin=medium,True,215,23,192,0.8930232558139535,2.7448904261190537,collision_tblock_early,192,-9.718336254891055,1.302325581395349,"{""collision"": 192, ""success"": 23}","{""collision_tblock_early"": 192}","{""collision_rod_early"": 0.0, ""collision_rod_late"": 0.0, ""collision_rod_mid"": 0.0, ""collision_tblock_early"": 5.347906156761965, ""collision_tblock_late"": 0.0, ""collision_tblock_mid"": 0.0, ""fall"": 0.0, ""timeout"": 0.0}"
layout_pressure,path_len_bin=long|max_blockage_bin=high|medhigh_count_bin=1|near_count_bin=1|center_count_bin=0|min_pair_dist_bin=very_close|pressure_bin=medium,True,122,18,104,0.8524590163934426,2.6202079033479357,collision_tblock_early,104,-9.450445558103945,1.3852459016393444,"{""collision"": 104, ""success"": 18}","{""collision_tblock_early"": 104}","{""collision_rod_early"": 0.0, ""collision_rod_late"": 0.0, ""collision_rod_mid"": 0.0, ""collision_tblock_early"": 5.104985556062053, ""collision_tblock_late"": 0.0, ""collision_tblock_mid"": 0.0, ""fall"": 0.0, ""timeout"": 0.0}"
layout_pressure,path_len_bin=long|max_blockage_bin=medium|medhigh_count_bin=1|near_count_bin=1|center_count_bin=0|min_pair_dist_bin=close|pressure_bin=medium,True,497,91,406,0.8169014084507042,2.5109142909114293,collision_tblock_early,401,-9.486186323682277,1.551307847082495,"{""collision"": 406, ""success"": 91}","{""collision_rod_early"": 3, ""collision_rod_mid"": 2, ""collision_tblock_early"": 401}","{""collision_rod_early"": 0.19033441153248606, ""collision_rod_late"": 0.0, ""collision_rod_mid"": 0.6757940903850067, ""collision_tblock_early"": 4.831800483161812, ""collision_tblock_late"": 0.0, ""collision_tblock_mid"": 0.0, ""fall"": 0.0, ""timeout"": 0.0}"
layout_pressure,path_len_bin=long|max_blockage_bin=low|medhigh_count_bin=0|near_count_bin=1|center_count_bin=0|min_pair_dist_bin=medium|pressure_bin=low,True,191,43,148,0.774869109947644,2.381719386973939,collision_tblock_early,126,-9.591310955435318,2.507853403141361,"{""collision"": 131, ""fall"": 1, ""success"": 43, ""timeout"": 16}","{""collision_rod_early"": 3, ""collision_tblock_early"": 126, ""collision_tblock_mid"": 2, ""fall"": 1, ""timeout"": 16}","{""collision_rod_early"": 0.495268076081914, ""collision_rod_late"": 0.0, ""collision_rod_mid"": 0.0, ""collision_tblock_early"": 3.950555676992846, ""collision_tblock_late"": 0.0, ""collision_tblock_mid"": 3.7441318670307373, ""fall"": 1.1610141842869794, ""timeout"": 0.7506221201049632}"
layout_pressure,path_len_bin=long|max_blockage_bin=medium|medhigh_count_bin=1|near_count_bin=1|center_count_bin=0|min_pair_dist_bin=very_close|pressure_bin=medium,True,387,94,293,0.7571059431524548,2.3271206448289434,collision_tblock_early,289,-8.90706837004555,1.7700258397932818,"{""collision"": 289, ""fall"": 1, ""success"": 94, ""timeout"": 3}","{""collision_tblock_early"": 289, ""fall"": 1, ""timeout"": 3}","{""collision_rod_early"": 0.0, ""collision_rod_late"": 0.0, ""collision_rod_mid"": 0.0, ""collision_tblock_early"": 4.472062729468194, ""collision_tblock_late"": 0.0, ""collision_tblock_mid"": 0.0, ""fall"": 0.5730070005137289, ""timeout"": 0.06946163999033332}"
layout_pressure,path_len_bin=long|max_blockage_bin=low|medhigh_count_bin=0|near_count_bin=1|center_count_bin=0|min_pair_dist_bin=very_close|pressure_bin=low,True,129,48,81,0.627906976744186,1.9300010808649597,collision_tblock_early,75,-8.431248930650607,2.2170542635658914,"{""collision"": 77, ""fall"": 1, ""success"": 48, ""timeout"": 3}","{""collision_rod_early"": 2, ""collision_tblock_early"": 75, ""fall"": 1, ""timeout"": 3}","{""collision_rod_early"": 0.48886926372943446, ""collision_rod_late"": 0.0, ""collision_rod_mid"": 0.0, ""collision_tblock_early"": 3.4817097374752373, ""collision_tblock_late"": 0.0, ""collision_tblock_mid"": 0.0, ""fall"": 1.7190210015411864, ""timeout"": 0.20838491997099995}"
layout_pressure,path_len_bin=long|max_blockage_bin=low|medhigh_count_bin=0|near_count_bin=1|center_count_bin=0|min_pair_dist_bin=close|pressure_bin=low,True,159,61,98,0.6163522012578616,1.894485104767049,collision_tblock_early,89,-8.677097884193715,2.6792452830188678,"{""collision"": 91, ""success"": 61, ""timeout"": 7}","{""collision_rod_early"": 2, ""collision_tblock_early"": 89, ""timeout"": 7}","{""collision_rod_early"": 0.3966297800068997, ""collision_rod_late"": 0.0, ""collision_rod_mid"": 0.0, ""collision_tblock_early"": 3.3520762680044616, ""collision_tblock_late"": 0.0, ""collision_tblock_mid"": 0.0, ""fall"": 0.0, ""timeout"": 0.39448969126585526}"
layout_pressure,path_len_bin=long|max_blockage_bin=low|medhigh_count_bin=0|near_count_bin=0|center_count_bin=0|min_pair_dist_bin=medium|pressure_bin=low,True,3483,1991,1492,0.428366350846971,1.3166719765205852,collision_tblock_early,769,-7.8520692343041985,4.145851277634224,"{""collision"": 920, ""fall"": 17, ""success"": 1991, ""timeout"": 555}","{""collision_rod_early"": 108, ""collision_rod_late"": 3, ""collision_rod_mid"": 26, ""collision_tblock_early"": 769, ""collision_tblock_late"": 4, ""collision_tblock_mid"": 10, ""fall"": 17, ""timeout"": 555}","{""collision_rod_early"": 0.9777385274588689, ""collision_rod_late"": 0.8045973298880275, ""collision_rod_mid"": 1.253604828589586, ""collision_tblock_early"": 1.3221900188239295, ""collision_tblock_late"": 1.619315380906722, ""collision_tblock_mid"": 1.0265994639719649, ""fall"": 1.0823465565259323, ""timeout"": 1.4278225998012959}"
layout_pressure,path_len_bin=long|max_blockage_bin=low|medhigh_count_bin=0|near_count_bin=1|center_count_bin=0|min_pair_dist_bin=far|pressure_bin=low,True,1565,911,654,0.41789137380191693,1.2844749827496011,timeout,307,-8.350271543706661,4.440894568690096,"{""collision"": 334, ""fall"": 13, ""success"": 911, ""timeout"": 307}","{""collision_rod_early"": 48, ""collision_rod_late"": 2, ""collision_rod_mid"": 13, ""collision_tblock_early"": 259, ""collision_tblock_late"": 7, ""collision_tblock_mid"": 5, ""fall"": 13, ""timeout"": 307}","{""collision_rod_early"": 0.9671177255631496, ""collision_rod_late"": 1.1937859424920128, ""collision_rod_mid"": 1.3949858204401047, ""collision_tblock_early"": 0.9910747947926317, ""collision_tblock_late"": 6.306793658448369, ""collision_tblock_mid"": 1.1423788923368543, ""fall"": 1.8420435907888624, ""timeout"": 1.757756759448671}"
layout_pressure,path_len_bin=long|max_blockage_bin=low|medhigh_count_bin=0|near_count_bin=0|center_count_bin=1|min_pair_dist_bin=far|pressure_bin=low,True,859,558,301,0.35040745052386496,1.0770492816640873,timeout,181,-7.640967703610136,4.767171129220023,"{""collision"": 109, ""fall"": 11, ""success"": 558, ""timeout"": 181}","{""collision_rod_early"": 30, ""collision_rod_late"": 1, ""collision_rod_mid"": 7, ""collision_tblock_early"": 67, ""collision_tblock_mid"": 4, ""fall"": 11, ""timeout"": 181}","{""collision_rod_early"": 1.1012363507758507, ""collision_rod_late"": 1.0874708963911526, ""collision_rod_mid"": 1.3685027010765067, ""collision_tblock_early"": 0.467092235327877, ""collision_tblock_late"": 0.0, ""collision_tblock_mid"": 1.6650272097854966, ""fall"": 2.839686613721704, ""timeout"": 1.88807896639615}"
layout_pressure,path_len_bin=long|max_blockage_bin=low|medhigh_count_bin=0|near_count_bin=0|center_count_bin=0|min_pair_dist_bin=far|pressure_bin=low,True,29552,19425,10127,0.34268408229561453,1.0533099228410139,collision_tblock_early,4503,-7.04636109532684,4.06672983216026,"{""collision"": 6167, ""fall"": 197, ""success"": 19425, ""timeout"": 3763}","{""collision_rod_early"": 1260, ""collision_rod_late"": 48, ""collision_rod_mid"": 244, ""collision_tblock_early"": 4503, ""collision_tblock_late"": 21, ""collision_tblock_mid"": 91, ""fall"": 197, ""timeout"": 3763}","{""collision_rod_early"": 1.3444235606148869, ""collision_rod_late"": 1.5172780184082295, ""collision_rod_mid"": 1.386576166635236, ""collision_tblock_early"": 0.9125067335646898, ""collision_tblock_late"": 1.0019760498922272, ""collision_tblock_mid"": 1.1010550213329258, ""fall"": 1.4782580100218656, ""timeout"": 1.1409906441387225}"
layout_pressure,path_len_bin=medium|max_blockage_bin=low|medhigh_count_bin=0|near_count_bin=1|center_count_bin=0|min_pair_dist_bin=far|pressure_bin=low,True,365,261,104,0.28493150684931506,0.87579551837931,timeout,69,-6.658193419110118,4.684931506849315,"{""collision"": 33, ""fall"": 2, ""success"": 261, ""timeout"": 69}","{""collision_rod_early"": 17, ""collision_rod_late"": 1, ""collision_rod_mid"": 4, ""collision_tblock_early"": 8, ""collision_tblock_mid"": 3, ""fall"": 2, ""timeout"": 69}","{""collision_rod_early"": 1.4686168429570545, ""collision_rod_late"": 2.5592808219178083, ""collision_rod_mid"": 1.8403817146375252, ""collision_tblock_early"": 0.13125568763742265, ""collision_tblock_late"": 0.0, ""collision_tblock_mid"": 2.938887068230976, ""fall"": 1.2150888175277428, ""timeout"": 1.6939124864491968}"
layout_pressure,path_len_bin=medium|max_blockage_bin=low|medhigh_count_bin=0|near_count_bin=0|center_count_bin=1|min_pair_dist_bin=far|pressure_bin=low,True,238,173,65,0.27310924369747897,0.8394573639927735,timeout,46,-5.740088849441505,4.57563025210084,"{""collision"": 18, ""fall"": 1, ""success"": 173, ""timeout"": 46}","{""collision_rod_early"": 9, ""collision_rod_mid"": 1, ""collision_tblock_early"": 7, ""collision_tblock_mid"": 1, ""fall"": 1, ""timeout"": 46}","{""collision_rod_early"": 1.1923891075417508, ""collision_rod_late"": 0.0, ""collision_rod_mid"": 0.7056085355490511, ""collision_tblock_early"": 0.1761335514252179, ""collision_tblock_late"": 0.0, ""collision_tblock_mid"": 1.5023722407623337, ""fall"": 0.9317382739445927, ""timeout"": 1.7318713096749492}"
layout_pressure,path_len_bin=long|max_blockage_bin=low|medhigh_count_bin=0|near_count_bin=0|center_count_bin=0|min_pair_dist_bin=close|pressure_bin=low,True,7115,5268,1847,0.2595924104005622,0.7979106001581218,timeout,803,-6.307372460325812,4.079971890372453,"{""collision"": 1004, ""fall"": 40, ""success"": 5268, ""timeout"": 803}","{""collision_rod_early"": 194, ""collision_rod_late"": 3, ""collision_rod_mid"": 25, ""collision_tblock_early"": 753, ""collision_tblock_late"": 6, ""collision_tblock_mid"": 23, ""fall"": 40, ""timeout"": 803}","{""collision_rod_early"": 0.8597640333164319, ""collision_rod_late"": 0.39387385804638086, ""collision_rod_mid"": 0.5900731955751024, ""collision_tblock_early"": 0.6337837222190342, ""collision_tblock_late"": 1.1890531563664328, ""collision_tblock_mid"": 1.1558658673131432, ""fall"": 1.246682834568169, ""timeout"": 1.0112892342485815}"
layout_pressure,path_len_bin=medium|max_blockage_bin=low|medhigh_count_bin=0|near_count_bin=0|center_count_bin=0|min_pair_dist_bin=medium|pressure_bin=low,True,1183,887,296,0.2502113271344041,0.7690759136297928,timeout,194,-5.833591289796554,4.475908706677937,"{""collision"": 101, ""fall"": 1, ""success"": 887, ""timeout"": 194}","{""collision_rod_early"": 26, ""collision_rod_mid"": 10, ""collision_tblock_early"": 54, ""collision_tblock_late"": 2, ""collision_tblock_mid"": 9, ""fall"": 1, ""timeout"": 194}","{""collision_rod_early"": 0.6930124727593083, ""collision_rod_late"": 0.0, ""collision_rod_mid"": 1.419567467968505, ""collision_tblock_early"": 0.2733568896168217, ""collision_tblock_late"": 2.3838019745131502, ""collision_tblock_mid"": 2.7202716312028055, ""fall"": 0.1874503036338234, ""timeout"": 1.4694395624666794}"
layout_pressure,path_len_bin=medium|max_blockage_bin=low|medhigh_count_bin=0|near_count_bin=0|center_count_bin=0|min_pair_dist_bin=far|pressure_bin=low,True,10771,8169,2602,0.24157459845882462,0.7425291538447096,timeout,1382,-5.474169248761358,4.161730572834463,"{""collision"": 1198, ""fall"": 22, ""success"": 8169, ""timeout"": 1382}","{""collision_rod_early"": 402, ""collision_rod_late"": 11, ""collision_rod_mid"": 72, ""collision_tblock_early"": 677, ""collision_tblock_late"": 7, ""collision_tblock_mid"": 29, ""fall"": 22, ""timeout"": 1382}","{""collision_rod_early"": 1.1768536941083008, ""collision_rod_late"": 0.9539980038993595, ""collision_rod_mid"": 1.1225798779285618, ""collision_tblock_early"": 0.37640349890499175, ""collision_tblock_late"": 0.9163617190113916, ""collision_tblock_mid"": 0.9627122092416329, ""fall"": 0.4529367377563725, ""timeout"": 1.1497059004917505}"
layout_pressure,path_len_bin=medium|max_blockage_bin=low|medhigh_count_bin=0|near_count_bin=0|center_count_bin=0|min_pair_dist_bin=close|pressure_bin=low,True,2046,1616,430,0.2101661779081134,0.6459889212047556,timeout,259,-5.057212874545057,4.128054740957967,"{""collision"": 168, ""fall"": 3, ""success"": 1616, ""timeout"": 259}","{""collision_rod_early"": 53, ""collision_rod_late"": 3, ""collision_rod_mid"": 6, ""collision_tblock_early"": 98, ""collision_tblock_late"": 2, ""collision_tblock_mid"": 6, ""fall"": 3, ""timeout"": 259}","{""collision_rod_early"": 0.8168130880054114, ""collision_rod_late"": 1.3697030791788856, ""collision_rod_mid"": 0.49247751161488024, ""collision_tblock_early"": 0.28684115021936757, ""collision_tblock_late"": 1.3783175639535956, ""collision_tblock_mid"": 1.0485765199455583, ""fall"": 0.32515206627391946, ""timeout"": 1.1343024700474225}"
layout_pressure,path_len_bin=long|max_blockage_bin=low|medhigh_count_bin=0|near_count_bin=0|center_count_bin=0|min_pair_dist_bin=very_close|pressure_bin=low,True,9274,7675,1599,0.17241751132197541,0.5299606399293606,collision_tblock_early,859,-4.970478047352604,3.627668751347854,"{""collision"": 1050, ""fall"": 21, ""success"": 7675, ""timeout"": 528}","{""collision_rod_early"": 147, ""collision_rod_late"": 7, ""collision_rod_mid"": 19, ""collision_tblock_early"": 859, ""collision_tblock_late"": 2, ""collision_tblock_mid"": 16, ""fall"": 21, ""timeout"": 528}","{""collision_rod_early"": 0.49980741040011134, ""collision_rod_late"": 0.7050854539572999, ""collision_rod_mid"": 0.3440545393306889, ""collision_tblock_early"": 0.5546858424547029, ""collision_tblock_late"": 0.30407998014330995, ""collision_tblock_mid"": 0.6168895290945619, ""fall"": 0.5021380087529733, ""timeout"": 0.5101543263987042}"
layout_pressure,path_len_bin=medium|max_blockage_bin=low|medhigh_count_bin=0|near_count_bin=0|center_count_bin=0|min_pair_dist_bin=very_close|pressure_bin=low,True,3177,2839,338,0.10638967579477494,0.32701052366303324,timeout,176,-3.6988030882483147,3.54044696254328,"{""collision"": 158, ""fall"": 4, ""success"": 2839, ""timeout"": 176}","{""collision_rod_early"": 46, ""collision_rod_late"": 1, ""collision_rod_mid"": 12, ""collision_tblock_early"": 88, ""collision_tblock_late"": 2, ""collision_tblock_mid"": 9, ""fall"": 4, ""timeout"": 176}","{""collision_rod_early"": 0.4565549592336267, ""collision_rod_late"": 0.29403131885426503, ""collision_rod_mid"": 0.634314755281111, ""collision_tblock_early"": 0.16587711232743216, ""collision_tblock_late"": 0.8876417172958944, ""collision_tblock_mid"": 1.0129308592108652, ""fall"": 0.2791988784372843, ""timeout"": 0.49639819777794386}"
layout_pressure,path_len_bin=long|max_blockage_bin=medium|medhigh_count_bin=2|near_count_bin=2|center_count_bin=0|min_pair_dist_bin=close|pressure_bin=high,False,65,0,65,1.0,3.0737054250812323,collision_tblock_early,65,-10.291274654891719,1.0,"{""collision"": 65}","{""collision_tblock_early"": 65}","{""collision_rod_early"": 0.0, ""collision_rod_late"": 0.0, ""collision_rod_mid"": 0.0, ""collision_tblock_early"": 5.9885407484574085, ""collision_tblock_late"": 0.0, ""collision_tblock_mid"": 0.0, ""fall"": 0.0, ""timeout"": 0.0}"
layout_pressure,path_len_bin=long|max_blockage_bin=high|medhigh_count_bin=2|near_count_bin=2|center_count_bin=0|min_pair_dist_bin=close|pressure_bin=high,False,56,0,56,1.0,3.0737054250812323,collision_tblock_early,55,-10.28108282900195,1.0,"{""collision"": 56}","{""collision_rod_early"": 1, ""collision_tblock_early"": 55}","{""collision_rod_early"": 0.563072634116938, ""collision_rod_late"": 0.0, ""collision_rod_mid"": 0.0, ""collision_tblock_early"": 5.881602520806384, ""collision_tblock_late"": 0.0, ""collision_tblock_mid"": 0.0, ""fall"": 0.0, ""timeout"": 0.0}"
layout_pressure,path_len_bin=long|max_blockage_bin=high|medhigh_count_bin=2|near_count_bin=1|center_count_bin=1|min_pair_dist_bin=close|pressure_bin=high,False,52,0,52,1.0,3.0737054250812323,collision_tblock_early,52,-10.290117624697528,1.0,"{""collision"": 52}","{""collision_tblock_early"": 52}","{""collision_rod_early"": 0.0, ""collision_rod_late"": 0.0, ""collision_rod_mid"": 0.0, ""collision_tblock_early"": 5.9885407484574085, ""collision_tblock_late"": 0.0, ""collision_tblock_mid"": 0.0, ""fall"": 0.0, ""timeout"": 0.0}"
layout_pressure,path_len_bin=long|max_blockage_bin=medium|medhigh_count_bin=1|near_count_bin=2|center_count_bin=0|min_pair_dist_bin=medium|pressure_bin=medium,False,43,0,43,1.0,3.0737054250812323,collision_tblock_early,43,-10.311745033224492,1.0,"{""collision"": 43}","{""collision_tblock_early"": 43}","{""collision_rod_early"": 0.0, ""collision_rod_late"": 0.0, ""collision_rod_mid"": 0.0, ""collision_tblock_early"": 5.9885407484574085, ""collision_tblock_late"": 0.0, ""collision_tblock_mid"": 0.0, ""fall"": 0.0, ""timeout"": 0.0}"
layout_pressure,path_len_bin=long|max_blockage_bin=high|medhigh_count_bin=1|near_count_bin=1|center_count_bin=1|min_pair_dist_bin=very_close|pressure_bin=high,False,26,0,26,1.0,3.0737054250812323,collision_tblock_early,26,-10.27266081880953,1.0,"{""collision"": 26}","{""collision_tblock_early"": 26}","{""collision_rod_early"": 0.0, ""collision_rod_late"": 0.0, ""collision_rod_mid"": 0.0, ""collision_tblock_early"": 5.9885407484574085, ""collision_tblock_late"": 0.0, ""collision_tblock_mid"": 0.0, ""fall"": 0.0, ""timeout"": 0.0}"
layout_pressure,path_len_bin=long|max_blockage_bin=high|medhigh_count_bin=1|near_count_bin=2|center_count_bin=0|min_pair_dist_bin=very_close|pressure_bin=high,False,24,0,24,1.0,3.0737054250812323,collision_tblock_early,24,-10.298404778678218,1.0,"{""collision"": 24}","{""collision_tblock_early"": 24}","{""collision_rod_early"": 0.0, ""collision_rod_late"": 0.0, ""collision_rod_mid"": 0.0, ""collision_tblock_early"": 5.988540748457409, ""collision_tblock_late"": 0.0, ""collision_tblock_mid"": 0.0, ""fall"": 0.0, ""timeout"": 0.0}"
layout_pressure,path_len_bin=long|max_blockage_bin=low|medhigh_count_bin=0|near_count_bin=1|center_count_bin=0|min_pair_dist_bin=medium|pressure_bin=medium,False,23,0,23,1.0,3.0737054250812323,collision_tblock_early,23,-10.308153375344899,1.0,"{""collision"": 23}","{""collision_tblock_early"": 23}","{""collision_rod_early"": 0.0, ""collision_rod_late"": 0.0, ""collision_rod_mid"": 0.0, ""collision_tblock_early"": 5.988540748457408, ""collision_tblock_late"": 0.0, ""collision_tblock_mid"": 0.0, ""fall"": 0.0, ""timeout"": 0.0}"
layout_pressure,path_len_bin=long|max_blockage_bin=high|medhigh_count_bin=1|near_count_bin=2|center_count_bin=0|min_pair_dist_bin=close|pressure_bin=high,False,20,0,20,1.0,3.0737054250812323,collision_tblock_early,20,-10.301460048713675,1.0,"{""collision"": 20}","{""collision_tblock_early"": 20}","{""collision_rod_early"": 0.0, ""collision_rod_late"": 0.0, ""collision_rod_mid"": 0.0, ""collision_tblock_early"": 5.9885407484574085, ""collision_tblock_late"": 0.0, ""collision_tblock_mid"": 0.0, ""fall"": 0.0, ""timeout"": 0.0}"
layout_pressure,path_len_bin=long|max_blockage_bin=low|medhigh_count_bin=0|near_count_bin=2|center_count_bin=0|min_pair_dist_bin=medium|pressure_bin=medium,False,17,0,17,1.0,3.0737054250812323,collision_tblock_early,17,-10.28137960922194,1.0,"{""collision"": 17}","{""collision_tblock_early"": 17}","{""collision_rod_early"": 0.0, ""collision_rod_late"": 0.0, ""collision_rod_mid"": 0.0, ""collision_tblock_early"": 5.988540748457409, ""collision_tblock_late"": 0.0, ""collision_tblock_mid"": 0.0, ""fall"": 0.0, ""timeout"": 0.0}"
layout_pressure,path_len_bin=long|max_blockage_bin=medium|medhigh_count_bin=1|near_count_bin=2|center_count_bin=0|min_pair_dist_bin=far|pressure_bin=medium,False,12,0,12,1.0,3.0737054250812323,collision_tblock_early,11,-11.17069139179037,1.6666666666666667,"{""collision"": 11, ""timeout"": 1}","{""collision_tblock_early"": 11, ""timeout"": 1}","{""collision_rod_early"": 0.0, ""collision_rod_late"": 0.0, ""collision_rod_mid"": 0.0, ""collision_tblock_early"": 5.4894956860859585, ""collision_tblock_late"": 0.0, ""collision_tblock_mid"": 0.0, ""fall"": 0.0, ""timeout"": 0.7467126298960832}"
layout_pressure,path_len_bin=long|max_blockage_bin=medium|medhigh_count_bin=2|near_count_bin=2|center_count_bin=0|min_pair_dist_bin=medium|pressure_bin=medium,False,12,0,12,1.0,3.0737054250812323,collision_tblock_early,12,-10.277162142064471,1.0,"{""collision"": 12}","{""collision_tblock_early"": 12}","{""collision_rod_early"": 0.0, ""collision_rod_late"": 0.0, ""collision_rod_mid"": 0.0, ""collision_tblock_early"": 5.988540748457409, ""collision_tblock_late"": 0.0, ""collision_tblock_mid"": 0.0, ""fall"": 0.0, ""timeout"": 0.0}"
layout_pressure,path_len_bin=long|max_blockage_bin=low|medhigh_count_bin=0|near_count_bin=0|center_count_bin=0|min_pair_dist_bin=medium|pressure_bin=medium,False,11,0,11,1.0,3.0737054250812323,collision_tblock_early,10,-10.31390311190235,1.0,"{""collision"": 11}","{""collision_rod_early"": 1, ""collision_tblock_early"": 10}","{""collision_rod_early"": 2.8665515918680478, ""collision_rod_late"": 0.0, ""collision_rod_mid"": 0.0, ""collision_tblock_early"": 5.444127953143099, ""collision_tblock_late"": 0.0, ""collision_tblock_mid"": 0.0, ""fall"": 0.0, ""timeout"": 0.0}"
layout_pressure,path_len_bin=long|max_blockage_bin=medium|medhigh_count_bin=1|near_count_bin=2|center_count_bin=0|min_pair_dist_bin=close|pressure_bin=medium,False,10,0,10,1.0,3.0737054250812323,collision_tblock_early,10,-10.67172755009139,1.1,"{""collision"": 10}","{""collision_tblock_early"": 10}","{""collision_rod_early"": 0.0, ""collision_rod_late"": 0.0, ""collision_rod_mid"": 0.0, ""collision_tblock_early"": 5.9885407484574085, ""collision_tblock_late"": 0.0, ""collision_tblock_mid"": 0.0, ""fall"": 0.0, ""timeout"": 0.0}"
layout_pressure,path_len_bin=long|max_blockage_bin=high|medhigh_count_bin=1|near_count_bin=0|center_count_bin=1|min_pair_dist_bin=close|pressure_bin=medium,False,10,0,10,1.0,3.0737054250812323,collision_tblock_early,10,-10.271241757565221,1.0,"{""collision"": 10}","{""collision_tblock_early"": 10}","{""collision_rod_early"": 0.0, ""collision_rod_late"": 0.0, ""collision_rod_mid"": 0.0, ""collision_tblock_early"": 5.9885407484574085, ""collision_tblock_late"": 0.0, ""collision_tblock_mid"": 0.0, ""fall"": 0.0, ""timeout"": 0.0}"
layout_pressure,path_len_bin=long|max_blockage_bin=medium|medhigh_count_bin=2|near_count_bin=2|center_count_bin=0|min_pair_dist_bin=very_close|pressure_bin=high,False,10,0,10,1.0,3.0737054250812323,collision_tblock_early,10,-10.272693014917524,1.0,"{""collision"": 10}","{""collision_tblock_early"": 10}","{""collision_rod_early"": 0.0, ""collision_rod_late"": 0.0, ""collision_rod_mid"": 0.0, ""collision_tblock_early"": 5.9885407484574085, ""collision_tblock_late"": 0.0, ""collision_tblock_mid"": 0.0, ""fall"": 0.0, ""timeout"": 0.0}"
layout_pressure,path_len_bin=long|max_blockage_bin=medium|medhigh_count_bin=1|near_count_bin=2|center_count_bin=0|min_pair_dist_bin=close|pressure_bin=high,False,8,0,8,1.0,3.0737054250812323,collision_tblock_early,8,-10.318007066975216,1.0,"{""collision"": 8}","{""collision_tblock_early"": 8}","{""collision_rod_early"": 0.0, ""collision_rod_late"": 0.0, ""collision_rod_mid"": 0.0, ""collision_tblock_early"": 5.9885407484574085, ""collision_tblock_late"": 0.0, ""collision_tblock_mid"": 0.0, ""fall"": 0.0, ""timeout"": 0.0}"
layout_pressure,path_len_bin=long|max_blockage_bin=high|medhigh_count_bin=1|near_count_bin=0|center_count_bin=1|min_pair_dist_bin=medium|pressure_bin=medium,False,8,0,8,1.0,3.0737054250812323,collision_tblock_early,8,-10.278717213289084,1.0,"{""collision"": 8}","{""collision_tblock_early"": 8}","{""collision_rod_early"": 0.0, ""collision_rod_late"": 0.0, ""collision_rod_mid"": 0.0, ""collision_tblock_early"": 5.9885407484574085, ""collision_tblock_late"": 0.0, ""collision_tblock_mid"": 0.0, ""fall"": 0.0, ""timeout"": 0.0}"
layout_pressure,path_len_bin=long|max_blockage_bin=medium|medhigh_count_bin=2|near_count_bin=2|center_count_bin=0|min_pair_dist_bin=close|pressure_bin=medium,False,7,0,7,1.0,3.0737054250812323,collision_tblock_early,6,-10.288900244032035,1.0,"{""collision"": 7}","{""collision_rod_early"": 1, ""collision_tblock_early"": 6}","{""collision_rod_early"": 4.504581072935504, ""collision_rod_late"": 0.0, ""collision_rod_mid"": 0.0, ""collision_tblock_early"": 5.1330349272492075, ""collision_tblock_late"": 0.0, ""collision_tblock_mid"": 0.0, ""fall"": 0.0, ""timeout"": 0.0}"
layout_pressure,path_len_bin=long|max_blockage_bin=medium|medhigh_count_bin=1|near_count_bin=1|center_count_bin=0|min_pair_dist_bin=close|pressure_bin=high,False,5,0,5,1.0,3.0737054250812323,collision_tblock_early,5,-10.291565009791508,1.0,"{""collision"": 5}","{""collision_tblock_early"": 5}","{""collision_rod_early"": 0.0, ""collision_rod_late"": 0.0, ""collision_rod_mid"": 0.0, ""collision_tblock_early"": 5.9885407484574085, ""collision_tblock_late"": 0.0, ""collision_tblock_mid"": 0.0, ""fall"": 0.0, ""timeout"": 0.0}"
layout_pressure,path_len_bin=long|max_blockage_bin=high|medhigh_count_bin=2|near_count_bin=0|center_count_bin=2|min_pair_dist_bin=close|pressure_bin=high,False,5,0,5,1.0,3.0737054250812323,collision_tblock_early,5,-11.457428371294153,1.2,"{""collision"": 5}","{""collision_tblock_early"": 5}","{""collision_rod_early"": 0.0, ""collision_rod_late"": 0.0, ""collision_rod_mid"": 0.0, ""collision_tblock_early"": 5.9885407484574085, ""collision_tblock_late"": 0.0, ""collision_tblock_mid"": 0.0, ""fall"": 0.0, ""timeout"": 0.0}"
layout_pressure,path_len_bin=long|max_blockage_bin=high|medhigh_count_bin=1|near_count_bin=0|center_count_bin=1|min_pair_dist_bin=far|pressure_bin=high,False,4,0,4,1.0,3.0737054250812323,collision_tblock_early,4,-10.24737958910463,1.0,"{""collision"": 4}","{""collision_tblock_early"": 4}","{""collision_rod_early"": 0.0, ""collision_rod_late"": 0.0, ""collision_rod_mid"": 0.0, ""collision_tblock_early"": 5.9885407484574085, ""collision_tblock_late"": 0.0, ""collision_tblock_mid"": 0.0, ""fall"": 0.0, ""timeout"": 0.0}"
layout_pressure,path_len_bin=long|max_blockage_bin=medium|medhigh_count_bin=1|near_count_bin=1|center_count_bin=1|min_pair_dist_bin=far|pressure_bin=medium,False,4,0,4,1.0,3.0737054250812323,collision_tblock_early,3,-10.882462850835614,1.25,"{""collision"": 4}","{""collision_rod_early"": 1, ""collision_tblock_early"": 3}","{""collision_rod_early"": 7.8830168776371305, ""collision_rod_late"": 0.0, ""collision_rod_mid"": 0.0, ""collision_tblock_early"": 4.491405561343057, ""collision_tblock_late"": 0.0, ""collision_tblock_mid"": 0.0, ""fall"": 0.0, ""timeout"": 0.0}"
layout_pressure,path_len_bin=long|max_blockage_bin=medium|medhigh_count_bin=2|near_count_bin=2|center_count_bin=0|min_pair_dist_bin=medium|pressure_bin=high,False,4,0,4,1.0,3.0737054250812323,collision_tblock_early,4,-10.2886926494963,1.0,"{""collision"": 4}","{""collision_tblock_early"": 4}","{""collision_rod_early"": 0.0, ""collision_rod_late"": 0.0, ""collision_rod_mid"": 0.0, ""collision_tblock_early"": 5.9885407484574085, ""collision_tblock_late"": 0.0, ""collision_tblock_mid"": 0.0, ""fall"": 0.0, ""timeout"": 0.0}"
layout_pressure,path_len_bin=long|max_blockage_bin=high|medhigh_count_bin=2|near_count_bin=0|center_count_bin=1|min_pair_dist_bin=very_close|pressure_bin=high,False,4,0,4,1.0,3.0737054250812323,collision_tblock_early,4,-10.259274222381928,1.0,"{""collision"": 4}","{""collision_tblock_early"": 4}","{""collision_rod_early"": 0.0, ""collision_rod_late"": 0.0, ""collision_rod_mid"": 0.0, ""collision_tblock_early"": 5.9885407484574085, ""collision_tblock_late"": 0.0, ""collision_tblock_mid"": 0.0, ""fall"": 0.0, ""timeout"": 0.0}"
layout_pressure,path_len_bin=long|max_blockage_bin=high|medhigh_count_bin=1|near_count_bin=1|center_count_bin=0|min_pair_dist_bin=far|pressure_bin=high,False,3,0,3,1.0,3.0737054250812323,collision_tblock_early,3,-10.290439225682773,1.0,"{""collision"": 3}","{""collision_tblock_early"": 3}","{""collision_rod_early"": 0.0, ""collision_rod_late"": 0.0, ""collision_rod_mid"": 0.0, ""collision_tblock_early"": 5.988540748457409, ""collision_tblock_late"": 0.0, ""collision_tblock_mid"": 0.0, ""fall"": 0.0, ""timeout"": 0.0}"
layout_pressure,path_len_bin=long|max_blockage_bin=high|medhigh_count_bin=1|near_count_bin=0|center_count_bin=1|min_pair_dist_bin=far|pressure_bin=medium,False,3,0,3,1.0,3.0737054250812323,collision_tblock_early,3,-10.25375823783983,1.0,"{""collision"": 3}","{""collision_tblock_early"": 3}","{""collision_rod_early"": 0.0, ""collision_rod_late"": 0.0, ""collision_rod_mid"": 0.0, ""collision_tblock_early"": 5.988540748457409, ""collision_tblock_late"": 0.0, ""collision_tblock_mid"": 0.0, ""fall"": 0.0, ""timeout"": 0.0}"
layout_pressure,path_len_bin=long|max_blockage_bin=medium|medhigh_count_bin=1|near_count_bin=2|center_count_bin=0|min_pair_dist_bin=very_close|pressure_bin=high,False,3,0,3,1.0,3.0737054250812323,collision_tblock_early,3,-10.295417070559372,1.0,"{""collision"": 3}","{""collision_tblock_early"": 3}","{""collision_rod_early"": 0.0, ""collision_rod_late"": 0.0, ""collision_rod_mid"": 0.0, ""collision_tblock_early"": 5.988540748457409, ""collision_tblock_late"": 0.0, ""collision_tblock_mid"": 0.0, ""fall"": 0.0, ""timeout"": 0.0}"
layout_pressure,path_len_bin=long|max_blockage_bin=low|medhigh_count_bin=0|near_count_bin=1|center_count_bin=0|min_pair_dist_bin=very_close|pressure_bin=medium,False,2,0,2,1.0,3.0737054250812323,collision_tblock_early,2,-13.0995786579542,1.5,"{""collision"": 2}","{""collision_tblock_early"": 2}","{""collision_rod_early"": 0.0, ""collision_rod_late"": 0.0, ""collision_rod_mid"": 0.0, ""collision_tblock_early"": 5.9885407484574085, ""collision_tblock_late"": 0.0, ""collision_tblock_mid"": 0.0, ""fall"": 0.0, ""timeout"": 0.0}"
layout_pressure,path_len_bin=long|max_blockage_bin=high|medhigh_count_bin=1|near_count_bin=1|center_count_bin=1|min_pair_dist_bin=medium|pressure_bin=high,False,2,0,2,1.0,3.0737054250812323,collision_tblock_early,2,-10.26187976652124,1.0,"{""collision"": 2}","{""collision_tblock_early"": 2}","{""collision_rod_early"": 0.0, ""collision_rod_late"": 0.0, ""collision_rod_mid"": 0.0, ""collision_tblock_early"": 5.9885407484574085, ""collision_tblock_late"": 0.0, ""collision_tblock_mid"": 0.0, ""fall"": 0.0, ""timeout"": 0.0}"
layout_pressure,path_len_bin=long|max_blockage_bin=high|medhigh_count_bin=1|near_count_bin=0|center_count_bin=1|min_pair_dist_bin=very_close|pressure_bin=medium,False,2,0,2,1.0,3.0737054250812323,collision_tblock_early,2,-10.27604572662506,1.0,"{""collision"": 2}","{""collision_tblock_early"": 2}","{""collision_rod_early"": 0.0, ""collision_rod_late"": 0.0, ""collision_rod_mid"": 0.0, ""collision_tblock_early"": 5.9885407484574085, ""collision_tblock_late"": 0.0, ""collision_tblock_mid"": 0.0, ""fall"": 0.0, ""timeout"": 0.0}"
layout_pressure,path_len_bin=medium|max_blockage_bin=low|medhigh_count_bin=0|near_count_bin=1|center_count_bin=1|min_pair_dist_bin=very_close|pressure_bin=low,False,1,0,1,1.0,3.0737054250812323,collision_rod_mid,1,-17.131409458002253,4.0,"{""collision"": 1}","{""collision_rod_mid"": 1}","{""collision_rod_early"": 0.0, ""collision_rod_late"": 0.0, ""collision_rod_mid"": 167.93483146067416, ""collision_tblock_early"": 0.0, ""collision_tblock_late"": 0.0, ""collision_tblock_mid"": 0.0, ""fall"": 0.0, ""timeout"": 0.0}"
layout_pressure,path_len_bin=long|max_blockage_bin=low|medhigh_count_bin=0|near_count_bin=0|center_count_bin=2|min_pair_dist_bin=close|pressure_bin=low,False,1,0,1,1.0,3.0737054250812323,timeout,1,-10.261970895109815,9.0,"{""timeout"": 1}","{""timeout"": 1}","{""collision_rod_early"": 0.0, ""collision_rod_late"": 0.0, ""collision_rod_mid"": 0.0, ""collision_tblock_early"": 0.0, ""collision_tblock_late"": 0.0, ""collision_tblock_mid"": 0.0, ""fall"": 0.0, ""timeout"": 8.960551558752998}"
layout_pressure,path_len_bin=long|max_blockage_bin=low|medhigh_count_bin=0|near_count_bin=1|center_count_bin=1|min_pair_dist_bin=medium|pressure_bin=low,False,1,0,1,1.0,3.0737054250812323,timeout,1,-11.340824006602222,9.0,"{""timeout"": 1}","{""timeout"": 1}","{""collision_rod_early"": 0.0, ""collision_rod_late"": 0.0, ""collision_rod_mid"": 0.0, ""collision_tblock_early"": 0.0, ""collision_tblock_late"": 0.0, ""collision_tblock_mid"": 0.0, ""fall"": 0.0, ""timeout"": 8.960551558752998}"
layout_pressure,path_len_bin=long|max_blockage_bin=high|medhigh_count_bin=1|near_count_bin=1|center_count_bin=1|min_pair_dist_bin=far|pressure_bin=high,False,1,0,1,1.0,3.0737054250812323,collision_tblock_early,1,-10.297931881234899,1.0,"{""collision"": 1}","{""collision_tblock_early"": 1}","{""collision_rod_early"": 0.0, ""collision_rod_late"": 0.0, ""collision_rod_mid"": 0.0, ""collision_tblock_early"": 5.9885407484574085, ""collision_tblock_late"": 0.0, ""collision_tblock_mid"": 0.0, ""fall"": 0.0, ""timeout"": 0.0}"
layout_pressure,path_len_bin=long|max_blockage_bin=high|medhigh_count_bin=1|near_count_bin=2|center_count_bin=0|min_pair_dist_bin=far|pressure_bin=medium,False,1,0,1,1.0,3.0737054250812323,collision_tblock_early,1,-10.33073424803942,1.0,"{""collision"": 1}","{""collision_tblock_early"": 1}","{""collision_rod_early"": 0.0, ""collision_rod_late"": 0.0, ""collision_rod_mid"": 0.0, ""collision_tblock_early"": 5.9885407484574085, ""collision_tblock_late"": 0.0, ""collision_tblock_mid"": 0.0, ""fall"": 0.0, ""timeout"": 0.0}"
layout_pressure,path_len_bin=long|max_blockage_bin=medium|medhigh_count_bin=2|near_count_bin=0|center_count_bin=0|min_pair_dist_bin=medium|pressure_bin=medium,False,1,0,1,1.0,3.0737054250812323,collision_tblock_early,1,-10.281344746004518,1.0,"{""collision"": 1}","{""collision_tblock_early"": 1}","{""collision_rod_early"": 0.0, ""collision_rod_late"": 0.0, ""collision_rod_mid"": 0.0, ""collision_tblock_early"": 5.9885407484574085, ""collision_tblock_late"": 0.0, ""collision_tblock_mid"": 0.0, ""fall"": 0.0, ""timeout"": 0.0}"
layout_pressure,path_len_bin=long|max_blockage_bin=low|medhigh_count_bin=0|near_count_bin=1|center_count_bin=0|min_pair_dist_bin=close|pressure_bin=medium,False,1,0,1,1.0,3.0737054250812323,collision_tblock_early,1,-10.274383362164954,1.0,"{""collision"": 1}","{""collision_tblock_early"": 1}","{""collision_rod_early"": 0.0, ""collision_rod_late"": 0.0, ""collision_rod_mid"": 0.0, ""collision_tblock_early"": 5.9885407484574085, ""collision_tblock_late"": 0.0, ""collision_tblock_mid"": 0.0, ""fall"": 0.0, ""timeout"": 0.0}"
layout_pressure,path_len_bin=long|max_blockage_bin=high|medhigh_count_bin=1|near_count_bin=2|center_count_bin=0|min_pair_dist_bin=medium|pressure_bin=high,False,1,0,1,1.0,3.0737054250812323,collision_tblock_early,1,-10.362108824574342,1.0,"{""collision"": 1}","{""collision_tblock_early"": 1}","{""collision_rod_early"": 0.0, ""collision_rod_late"": 0.0, ""collision_rod_mid"": 0.0, ""collision_tblock_early"": 5.9885407484574085, ""collision_tblock_late"": 0.0, ""collision_tblock_mid"": 0.0, ""fall"": 0.0, ""timeout"": 0.0}"
layout_pressure,path_len_bin=long|max_blockage_bin=high|medhigh_count_bin=1|near_count_bin=1|center_count_bin=1|min_pair_dist_bin=close|pressure_bin=high,False,37,0,37,1.0,3.073705425081232,collision_tblock_early,36,-10.259833568772711,1.0,"{""collision"": 37}","{""collision_rod_early"": 1, ""collision_tblock_early"": 36}","{""collision_rod_early"": 0.8522180408256357, ""collision_rod_late"": 0.0, ""collision_rod_mid"": 0.0, ""collision_tblock_early"": 5.826688295796397, ""collision_tblock_late"": 0.0, ""collision_tblock_mid"": 0.0, ""fall"": 0.0, ""timeout"": 0.0}"
layout_pressure,path_len_bin=long|max_blockage_bin=high|medhigh_count_bin=1|near_count_bin=1|center_count_bin=0|min_pair_dist_bin=medium|pressure_bin=high,False,36,0,36,1.0,3.073705425081232,collision_tblock_early,36,-10.282800628894968,1.0,"{""collision"": 36}","{""collision_tblock_early"": 36}","{""collision_rod_early"": 0.0, ""collision_rod_late"": 0.0, ""collision_rod_mid"": 0.0, ""collision_tblock_early"": 5.9885407484574085, ""collision_tblock_late"": 0.0, ""collision_tblock_mid"": 0.0, ""fall"": 0.0, ""timeout"": 0.0}"
layout_pressure,path_len_bin=long|max_blockage_bin=high|medhigh_count_bin=1|near_count_bin=1|center_count_bin=0|min_pair_dist_bin=far|pressure_bin=medium,False,42,1,41,0.9761904761904762,3.000521962579298,collision_tblock_early,41,-10.144662336122217,1.0476190476190477,"{""collision"": 41, ""success"": 1}","{""collision_tblock_early"": 41}","{""collision_rod_early"": 0.0, ""collision_rod_late"": 0.0, ""collision_rod_mid"": 0.0, ""collision_tblock_early"": 5.845956444922709, ""collision_tblock_late"": 0.0, ""collision_tblock_mid"": 0.0, ""fall"": 0.0, ""timeout"": 0.0}"
layout_pressure,path_len_bin=long|max_blockage_bin=high|medhigh_count_bin=2|near_count_bin=2|center_count_bin=0|min_pair_dist_bin=very_close|pressure_bin=high,False,29,1,28,0.9655172413793104,2.9677155828370516,collision_tblock_early,28,-10.080994597772264,1.0689655172413792,"{""collision"": 28, ""success"": 1}","{""collision_tblock_early"": 28}","{""collision_rod_early"": 0.0, ""collision_rod_late"": 0.0, ""collision_rod_mid"": 0.0, ""collision_tblock_early"": 5.782039343338187, ""collision_tblock_late"": 0.0, ""collision_tblock_mid"": 0.0, ""fall"": 0.0, ""timeout"": 0.0}"
layout_pressure,path_len_bin=long|max_blockage_bin=high|medhigh_count_bin=1|near_count_bin=1|center_count_bin=0|min_pair_dist_bin=close|pressure_bin=high,False,63,3,60,0.9523809523809523,2.9273385000773637,collision_tblock_early,60,-9.96882975921283,1.126984126984127,"{""collision"": 60, ""success"": 3}","{""collision_tblock_early"": 60}","{""collision_rod_early"": 0.0, ""collision_rod_late"": 0.0, ""collision_rod_mid"": 0.0, ""collision_tblock_early"": 5.703372141388008, ""collision_tblock_late"": 0.0, ""collision_tblock_mid"": 0.0, ""fall"": 0.0, ""timeout"": 0.0}"
layout_pressure,path_len_bin=long|max_blockage_bin=high|medhigh_count_bin=1|near_count_bin=1|center_count_bin=0|min_pair_dist_bin=very_close|pressure_bin=high,False,52,4,48,0.9230769230769231,2.8372665462288293,collision_tblock_early,47,-10.026386559829065,1.4230769230769231,"{""collision"": 47, ""success"": 4, ""timeout"": 1}","{""collision_tblock_early"": 47, ""timeout"": 1}","{""collision_rod_early"": 0.0, ""collision_rod_late"": 0.0, ""collision_rod_mid"": 0.0, ""collision_tblock_early"": 5.4127195226441955, ""collision_tblock_late"": 0.0, ""collision_tblock_mid"": 0.0, ""fall"": 0.0, ""timeout"": 0.1723182992067884}"
layout_pressure,path_len_bin=long|max_blockage_bin=medium|medhigh_count_bin=1|near_count_bin=0|center_count_bin=0|min_pair_dist_bin=medium|pressure_bin=medium,False,37,3,34,0.918918918918919,2.824486066290862,collision_tblock_early,32,-9.755051119579065,1.5135135135135136,"{""collision"": 33, ""success"": 3, ""timeout"": 1}","{""collision_rod_early"": 1, ""collision_tblock_early"": 32, ""timeout"": 1}","{""collision_rod_early"": 0.8522180408256357, ""collision_rod_late"": 0.0, ""collision_rod_mid"": 0.0, ""collision_tblock_early"": 5.179278485152353, ""collision_tblock_late"": 0.0, ""collision_tblock_mid"": 0.0, ""fall"": 0.0, ""timeout"": 0.2421770691554864}"
layout_pressure,path_len_bin=long|max_blockage_bin=medium|medhigh_count_bin=1|near_count_bin=2|center_count_bin=0|min_pair_dist_bin=very_close|pressure_bin=medium,False,9,1,8,0.8888888888888888,2.7321826000722065,collision_tblock_early,8,-10.241447072450594,1.3333333333333333,"{""collision"": 8, ""success"": 1}","{""collision_tblock_early"": 8}","{""collision_rod_early"": 0.0, ""collision_rod_late"": 0.0, ""collision_rod_mid"": 0.0, ""collision_tblock_early"": 5.323147331962141, ""collision_tblock_late"": 0.0, ""collision_tblock_mid"": 0.0, ""fall"": 0.0, ""timeout"": 0.0}"
layout_pressure,path_len_bin=long|max_blockage_bin=high|medhigh_count_bin=1|near_count_bin=0|center_count_bin=1|min_pair_dist_bin=very_close|pressure_bin=high,False,44,5,39,0.8863636363636364,2.724420717685638,collision_tblock_early,39,-9.644671188687186,1.2272727272727273,"{""collision"": 39, ""success"": 5}","{""collision_tblock_early"": 39}","{""collision_rod_early"": 0.0, ""collision_rod_late"": 0.0, ""collision_rod_mid"": 0.0, ""collision_tblock_early"": 5.308024754314522, ""collision_tblock_late"": 0.0, ""collision_tblock_mid"": 0.0, ""fall"": 0.0, ""timeout"": 0.0}"
layout_pressure,path_len_bin=long|max_blockage_bin=medium|medhigh_count_bin=1|near_count_bin=0|center_count_bin=0|min_pair_dist_bin=far|pressure_bin=medium,False,33,4,29,0.8787878787878788,2.7011350705259316,collision_tblock_early,28,-9.490024224383404,1.303030303030303,"{""collision"": 29, ""success"": 4}","{""collision_rod_early"": 1, ""collision_tblock_early"": 28}","{""collision_rod_early"": 0.9555171972893491, ""collision_rod_late"": 0.0, ""collision_rod_mid"": 0.0, ""collision_tblock_early"": 5.081186089600225, ""collision_tblock_late"": 0.0, ""collision_tblock_mid"": 0.0, ""fall"": 0.0, ""timeout"": 0.0}"
layout_pressure,path_len_bin=long|max_blockage_bin=low|medhigh_count_bin=0|near_count_bin=2|center_count_bin=0|min_pair_dist_bin=far|pressure_bin=low,False,7,2,5,0.7142857142857143,2.1955038750580234,collision_tblock_early,3,-8.781377659400366,3.142857142857143,"{""collision"": 4, ""success"": 2, ""timeout"": 1}","{""collision_rod_early"": 1, ""collision_tblock_early"": 3, ""timeout"": 1}","{""collision_rod_early"": 4.504581072935504, ""collision_rod_late"": 0.0, ""collision_rod_mid"": 0.0, ""collision_tblock_early"": 2.5665174636246038, ""collision_tblock_late"": 0.0, ""collision_tblock_mid"": 0.0, ""fall"": 0.0, ""timeout"": 1.280078794107571}"
layout_pressure,path_len_bin=long|max_blockage_bin=medium|medhigh_count_bin=2|near_count_bin=2|center_count_bin=0|min_pair_dist_bin=very_close|pressure_bin=medium,False,3,1,2,0.6666666666666666,2.049136950054155,collision_tblock_early,2,-8.452518809689076,2.0,"{""collision"": 2, ""success"": 1}","{""collision_tblock_early"": 2}","{""collision_rod_early"": 0.0, ""collision_rod_late"": 0.0, ""collision_rod_mid"": 0.0, ""collision_tblock_early"": 3.992360498971606, ""collision_tblock_late"": 0.0, ""collision_tblock_mid"": 0.0, ""fall"": 0.0, ""timeout"": 0.0}"
layout_pressure,path_len_bin=long|max_blockage_bin=medium|medhigh_count_bin=1|near_count_bin=0|center_count_bin=0|min_pair_dist_bin=very_close|pressure_bin=medium,False,58,29,29,0.5,1.5368527125406162,collision_tblock_early,29,-7.072432651981974,2.396551724137931,"{""collision"": 29, ""success"": 29}","{""collision_tblock_early"": 29}","{""collision_rod_early"": 0.0, ""collision_rod_late"": 0.0, ""collision_rod_mid"": 0.0, ""collision_tblock_early"": 2.994270374228704, ""collision_tblock_late"": 0.0, ""collision_tblock_mid"": 0.0, ""fall"": 0.0, ""timeout"": 0.0}"
layout_pressure,path_len_bin=long|max_blockage_bin=low|medhigh_count_bin=0|near_count_bin=2|center_count_bin=0|min_pair_dist_bin=medium|pressure_bin=low,False,4,2,2,0.5,1.5368527125406162,timeout,1,-8.349044689334592,4.75,"{""collision"": 1, ""success"": 2, ""timeout"": 1}","{""collision_tblock_early"": 1, ""timeout"": 1}","{""collision_rod_early"": 0.0, ""collision_rod_late"": 0.0, ""collision_rod_mid"": 0.0, ""collision_tblock_early"": 1.4971351871143521, ""collision_tblock_late"": 0.0, ""collision_tblock_mid"": 0.0, ""fall"": 0.0, ""timeout"": 2.2401378896882496}"
layout_pressure,path_len_bin=long|max_blockage_bin=medium|medhigh_count_bin=1|near_count_bin=0|center_count_bin=1|min_pair_dist_bin=far|pressure_bin=medium,False,2,1,1,0.5,1.5368527125406162,collision_tblock_early,1,-7.797493325669093,2.5,"{""collision"": 1, ""success"": 1}","{""collision_tblock_early"": 1}","{""collision_rod_early"": 0.0, ""collision_rod_late"": 0.0, ""collision_rod_mid"": 0.0, ""collision_tblock_early"": 2.9942703742287042, ""collision_tblock_late"": 0.0, ""collision_tblock_mid"": 0.0, ""fall"": 0.0, ""timeout"": 0.0}"
layout_pressure,path_len_bin=long|max_blockage_bin=low|medhigh_count_bin=0|near_count_bin=2|center_count_bin=0|min_pair_dist_bin=close|pressure_bin=medium,False,2,1,1,0.5,1.5368527125406162,collision_tblock_early,1,-7.469287015110532,2.5,"{""collision"": 1, ""success"": 1}","{""collision_tblock_early"": 1}","{""collision_rod_early"": 0.0, ""collision_rod_late"": 0.0, ""collision_rod_mid"": 0.0, ""collision_tblock_early"": 2.9942703742287042, ""collision_tblock_late"": 0.0, ""collision_tblock_mid"": 0.0, ""fall"": 0.0, ""timeout"": 0.0}"
layout_pressure,path_len_bin=long|max_blockage_bin=low|medhigh_count_bin=0|near_count_bin=2|center_count_bin=0|min_pair_dist_bin=very_close|pressure_bin=medium,False,2,1,1,0.5,1.5368527125406162,collision_tblock_early,1,-6.816768652224916,2.5,"{""collision"": 1, ""success"": 1}","{""collision_tblock_early"": 1}","{""collision_rod_early"": 0.0, ""collision_rod_late"": 0.0, ""collision_rod_mid"": 0.0, ""collision_tblock_early"": 2.9942703742287042, ""collision_tblock_late"": 0.0, ""collision_tblock_mid"": 0.0, ""fall"": 0.0, ""timeout"": 0.0}"
layout_pressure,path_len_bin=long|max_blockage_bin=medium|medhigh_count_bin=1|near_count_bin=0|center_count_bin=0|min_pair_dist_bin=close|pressure_bin=medium,False,50,26,24,0.48,1.4753786040389913,collision_tblock_early,24,-7.140051378426383,2.46,"{""collision"": 24, ""success"": 26}","{""collision_tblock_early"": 24}","{""collision_rod_early"": 0.0, ""collision_rod_late"": 0.0, ""collision_rod_mid"": 0.0, ""collision_tblock_early"": 2.874499559259556, ""collision_tblock_late"": 0.0, ""collision_tblock_mid"": 0.0, ""fall"": 0.0, ""timeout"": 0.0}"
layout_pressure,path_len_bin=long|max_blockage_bin=low|medhigh_count_bin=0|near_count_bin=0|center_count_bin=1|min_pair_dist_bin=close|pressure_bin=low,False,18,10,8,0.4444444444444444,1.3660913000361032,timeout,7,-11.014211062866167,5.944444444444445,"{""collision"": 1, ""success"": 10, ""timeout"": 7}","{""collision_rod_early"": 1, ""timeout"": 7}","{""collision_rod_early"": 1.7517815283638067, ""collision_rod_late"": 0.0, ""collision_rod_mid"": 0.0, ""collision_tblock_early"": 0.0, ""collision_tblock_late"": 0.0, ""collision_tblock_mid"": 0.0, ""fall"": 0.0, ""timeout"": 3.4846589395150542}"
layout_pressure,path_len_bin=long|max_blockage_bin=low|medhigh_count_bin=0|near_count_bin=0|center_count_bin=0|min_pair_dist_bin=very_close|pressure_bin=medium,False,5,3,2,0.4,1.229482170032493,collision_tblock_early,2,-7.351938458556037,3.2,"{""collision"": 2, ""success"": 3}","{""collision_tblock_early"": 2}","{""collision_rod_early"": 0.0, ""collision_rod_late"": 0.0, ""collision_rod_mid"": 0.0, ""collision_tblock_early"": 2.3954162993829633, ""collision_tblock_late"": 0.0, ""collision_tblock_mid"": 0.0, ""fall"": 0.0, ""timeout"": 0.0}"
layout_pressure,path_len_bin=long|max_blockage_bin=low|medhigh_count_bin=0|near_count_bin=0|center_count_bin=1|min_pair_dist_bin=medium|pressure_bin=low,False,45,29,16,0.35555555555555557,1.0928730400288826,timeout,15,-8.73982990057034,5.688888888888889,"{""collision"": 1, ""success"": 29, ""timeout"": 15}","{""collision_rod_mid"": 1, ""timeout"": 15}","{""collision_rod_early"": 0.0, ""collision_rod_late"": 0.0, ""collision_rod_mid"": 3.7318851435705374, ""collision_tblock_early"": 0.0, ""collision_tblock_late"": 0.0, ""collision_tblock_mid"": 0.0, ""fall"": 0.0, ""timeout"": 2.986850519584333}"
layout_pressure,path_len_bin=medium|max_blockage_bin=low|medhigh_count_bin=0|near_count_bin=0|center_count_bin=1|min_pair_dist_bin=medium|pressure_bin=low,False,17,11,6,0.35294117647058826,1.0848372088521996,timeout,4,-8.513848205898473,5.117647058823529,"{""collision"": 2, ""success"": 11, ""timeout"": 4}","{""collision_rod_early"": 1, ""collision_tblock_mid"": 1, ""timeout"": 4}","{""collision_rod_early"": 1.8548275006205015, ""collision_rod_late"": 0.0, ""collision_rod_mid"": 0.0, ""collision_tblock_early"": 0.0, ""collision_tblock_late"": 0.0, ""collision_tblock_mid"": 21.03321137067267, ""fall"": 0.0, ""timeout"": 2.1083650726477643}"
layout_pressure,path_len_bin=medium|max_blockage_bin=low|medhigh_count_bin=0|near_count_bin=1|center_count_bin=0|min_pair_dist_bin=very_close|pressure_bin=low,False,3,2,1,0.3333333333333333,1.0245684750270776,timeout,1,-10.03441054693326,6.666666666666667,"{""success"": 2, ""timeout"": 1}","{""timeout"": 1}","{""collision_rod_early"": 0.0, ""collision_rod_late"": 0.0, ""collision_rod_mid"": 0.0, ""collision_tblock_early"": 0.0, ""collision_tblock_late"": 0.0, ""collision_tblock_mid"": 0.0, ""fall"": 0.0, ""timeout"": 2.986850519584333}"
layout_pressure,path_len_bin=long|max_blockage_bin=low|medhigh_count_bin=0|near_count_bin=2|center_count_bin=0|min_pair_dist_bin=very_close|pressure_bin=low,False,3,2,1,0.3333333333333333,1.0245684750270776,timeout,1,-4.570870437918424,5.0,"{""success"": 2, ""timeout"": 1}","{""timeout"": 1}","{""collision_rod_early"": 0.0, ""collision_rod_late"": 0.0, ""collision_rod_mid"": 0.0, ""collision_tblock_early"": 0.0, ""collision_tblock_late"": 0.0, ""collision_tblock_mid"": 0.0, ""fall"": 0.0, ""timeout"": 2.986850519584333}"
layout_pressure,path_len_bin=long|max_blockage_bin=medium|medhigh_count_bin=1|near_count_bin=1|center_count_bin=0|min_pair_dist_bin=very_close|pressure_bin=high,False,3,2,1,0.3333333333333333,1.0245684750270776,collision_tblock_early,1,-6.451895655450717,2.6666666666666665,"{""collision"": 1, ""success"": 2}","{""collision_tblock_early"": 1}","{""collision_rod_early"": 0.0, ""collision_rod_late"": 0.0, ""collision_rod_mid"": 0.0, ""collision_tblock_early"": 1.996180249485803, ""collision_tblock_late"": 0.0, ""collision_tblock_mid"": 0.0, ""fall"": 0.0, ""timeout"": 0.0}"
layout_pressure,path_len_bin=long|max_blockage_bin=low|medhigh_count_bin=0|near_count_bin=2|center_count_bin=0|min_pair_dist_bin=close|pressure_bin=low,False,9,6,3,0.3333333333333333,1.0245684750270774,collision_rod_mid,1,-7.10653425077027,4.0,"{""collision"": 2, ""success"": 6, ""timeout"": 1}","{""collision_rod_mid"": 1, ""collision_tblock_early"": 1, ""timeout"": 1}","{""collision_rod_early"": 0.0, ""collision_rod_late"": 0.0, ""collision_rod_mid"": 18.659425717852685, ""collision_tblock_early"": 0.6653934164952676, ""collision_tblock_late"": 0.0, ""collision_tblock_mid"": 0.0, ""fall"": 0.0, ""timeout"": 0.9956168398614441}"
layout_pressure,path_len_bin=medium|max_blockage_bin=low|medhigh_count_bin=0|near_count_bin=0|center_count_bin=1|min_pair_dist_bin=close|pressure_bin=low,False,7,5,2,0.2857142857142857,0.8782015500232093,collision_tblock_early,1,-5.9539774123851785,4.0,"{""collision"": 1, ""success"": 5, ""timeout"": 1}","{""collision_tblock_early"": 1, ""timeout"": 1}","{""collision_rod_early"": 0.0, ""collision_rod_late"": 0.0, ""collision_rod_mid"": 0.0, ""collision_tblock_early"": 0.8555058212082012, ""collision_tblock_late"": 0.0, ""collision_tblock_mid"": 0.0, ""fall"": 0.0, ""timeout"": 1.280078794107571}"
layout_pressure,path_len_bin=long|max_blockage_bin=low|medhigh_count_bin=0|near_count_bin=1|center_count_bin=1|min_pair_dist_bin=very_close|pressure_bin=low,False,8,6,2,0.25,0.7684263562703081,fall,1,-11.174647624201098,5.0,"{""fall"": 1, ""success"": 6, ""timeout"": 1}","{""fall"": 1, ""timeout"": 1}","{""collision_rod_early"": 0.0, ""collision_rod_late"": 0.0, ""collision_rod_mid"": 0.0, ""collision_tblock_early"": 0.0, ""collision_tblock_late"": 0.0, ""collision_tblock_mid"": 0.0, ""fall"": 27.719213649851632, ""timeout"": 1.1200689448441248}"
layout_pressure,path_len_bin=long|max_blockage_bin=low|medhigh_count_bin=0|near_count_bin=1|center_count_bin=1|min_pair_dist_bin=close|pressure_bin=low,False,8,6,2,0.25,0.7684263562703081,timeout,2,-6.600640590335298,5.625,"{""success"": 6, ""timeout"": 2}","{""timeout"": 2}","{""collision_rod_early"": 0.0, ""collision_rod_late"": 0.0, ""collision_rod_mid"": 0.0, ""collision_tblock_early"": 0.0, ""collision_tblock_late"": 0.0, ""collision_tblock_mid"": 0.0, ""fall"": 0.0, ""timeout"": 2.2401378896882496}"
layout_pressure,path_len_bin=medium|max_blockage_bin=low|medhigh_count_bin=0|near_count_bin=1|center_count_bin=0|min_pair_dist_bin=medium|pressure_bin=low,False,22,17,5,0.22727272727272727,0.6985694147911892,timeout,5,-4.345541634062328,4.409090909090909,"{""success"": 17, ""timeout"": 5}","{""timeout"": 5}","{""collision_rod_early"": 0.0, ""collision_rod_late"": 0.0, ""collision_rod_mid"": 0.0, ""collision_tblock_early"": 0.0, ""collision_tblock_late"": 0.0, ""collision_tblock_mid"": 0.0, ""fall"": 0.0, ""timeout"": 2.0364889906256813}"
layout_pressure,path_len_bin=medium|max_blockage_bin=low|medhigh_count_bin=0|near_count_bin=1|center_count_bin=0|min_pair_dist_bin=close|pressure_bin=low,False,12,10,2,0.16666666666666666,0.5122842375135388,fall,1,-6.687405016122391,4.416666666666667,"{""fall"": 1, ""success"": 10, ""timeout"": 1}","{""fall"": 1, ""timeout"": 1}","{""collision_rod_early"": 0.0, ""collision_rod_late"": 0.0, ""collision_rod_mid"": 0.0, ""collision_tblock_early"": 0.0, ""collision_tblock_late"": 0.0, ""collision_tblock_mid"": 0.0, ""fall"": 18.479475766567756, ""timeout"": 0.7467126298960832}"
layout_pressure,path_len_bin=long|max_blockage_bin=low|medhigh_count_bin=0|near_count_bin=0|center_count_bin=1|min_pair_dist_bin=very_close|pressure_bin=low,False,6,5,1,0.16666666666666666,0.5122842375135388,timeout,1,-4.741246182470882,4.0,"{""success"": 5, ""timeout"": 1}","{""timeout"": 1}","{""collision_rod_early"": 0.0, ""collision_rod_late"": 0.0, ""collision_rod_mid"": 0.0, ""collision_tblock_early"": 0.0, ""collision_tblock_late"": 0.0, ""collision_tblock_mid"": 0.0, ""fall"": 0.0, ""timeout"": 1.4934252597921664}"
layout_pressure,path_len_bin=long|max_blockage_bin=low|medhigh_count_bin=0|near_count_bin=1|center_count_bin=1|min_pair_dist_bin=far|pressure_bin=low,False,2,2,0,0.0,0.0,none,0,-5.914007750065582,4.0,"{""success"": 2}",{},"{""collision_rod_early"": 0.0, ""collision_rod_late"": 0.0, ""collision_rod_mid"": 0.0, ""collision_tblock_early"": 0.0, ""collision_tblock_late"": 0.0, ""collision_tblock_mid"": 0.0, ""fall"": 0.0, ""timeout"": 0.0}"
layout_pressure,path_len_bin=medium|max_blockage_bin=low|medhigh_count_bin=0|near_count_bin=0|center_count_bin=1|min_pair_dist_bin=very_close|pressure_bin=low,False,1,1,0,0.0,0.0,none,0,-11.74354832525437,6.0,"{""success"": 1}",{},"{""collision_rod_early"": 0.0, ""collision_rod_late"": 0.0, ""collision_rod_mid"": 0.0, ""collision_tblock_early"": 0.0, ""collision_tblock_late"": 0.0, ""collision_tblock_mid"": 0.0, ""fall"": 0.0, ""timeout"": 0.0}"
layout_pressure,path_len_bin=long|max_blockage_bin=low|medhigh_count_bin=0|near_count_bin=0|center_count_bin=2|min_pair_dist_bin=far|pressure_bin=low,False,1,1,0,0.0,0.0,none,0,-5.30735901036166,4.0,"{""success"": 1}",{},"{""collision_rod_early"": 0.0, ""collision_rod_late"": 0.0, ""collision_rod_mid"": 0.0, ""collision_tblock_early"": 0.0, ""collision_tblock_late"": 0.0, ""collision_tblock_mid"": 0.0, ""fall"": 0.0, ""timeout"": 0.0}"
layout_pressure,path_len_bin=medium|max_blockage_bin=low|medhigh_count_bin=0|near_count_bin=2|center_count_bin=0|min_pair_dist_bin=very_close|pressure_bin=low,False,1,1,0,0.0,0.0,none,0,-1.013421302702763,2.0,"{""success"": 1}",{},"{""collision_rod_early"": 0.0, ""collision_rod_late"": 0.0, ""collision_rod_mid"": 0.0, ""collision_tblock_early"": 0.0, ""collision_tblock_late"": 0.0, ""collision_tblock_mid"": 0.0, ""fall"": 0.0, ""timeout"": 0.0}"
layout_pressure,path_len_bin=medium|max_blockage_bin=medium|medhigh_count_bin=1|near_count_bin=0|center_count_bin=0|min_pair_dist_bin=close|pressure_bin=medium,False,1,1,0,0.0,0.0,none,0,-2.5747416133076775,4.0,"{""success"": 1}",{},"{""collision_rod_early"": 0.0, ""collision_rod_late"": 0.0, ""collision_rod_mid"": 0.0, ""collision_tblock_early"": 0.0, ""collision_tblock_late"": 0.0, ""collision_tblock_mid"": 0.0, ""fall"": 0.0, ""timeout"": 0.0}"
layout_pressure,path_len_bin=medium|max_blockage_bin=medium|medhigh_count_bin=1|near_count_bin=0|center_count_bin=0|min_pair_dist_bin=very_close|pressure_bin=medium,False,1,1,0,0.0,0.0,none,0,-7.546316838231846,4.0,"{""success"": 1}",{},"{""collision_rod_early"": 0.0, ""collision_rod_late"": 0.0, ""collision_rod_mid"": 0.0, ""collision_tblock_early"": 0.0, ""collision_tblock_late"": 0.0, ""collision_tblock_mid"": 0.0, ""fall"": 0.0, ""timeout"": 0.0}"
start_behavior_context,start_region=x_neg__y_pos|start_theta_bin=sector_6|path_angle_bin=sector_2|near_count_bin=0|far_count_bin=2|medhigh_count_bin=0,True,527,211,316,0.5996204933586338,1.8430567634263175,collision_tblock_early,222,-10.529219092034154,3.1669829222011385,"{""collision"": 275, ""fall"": 9, ""success"": 211, ""timeout"": 32}","{""collision_rod_early"": 45, ""collision_rod_mid"": 3, ""collision_tblock_early"": 222, ""collision_tblock_late"": 1, ""collision_tblock_mid"": 4, ""fall"": 9, ""timeout"": 32}","{""collision_rod_early"": 2.692491533158792, ""collision_rod_late"": 0.0, ""collision_rod_mid"": 0.9559857578406499, ""collision_tblock_early"": 2.5226869946063464, ""collision_tblock_late"": 2.675557624145215, ""collision_tblock_mid"": 2.713962757506151, ""fall"": 3.7870652424844735, ""timeout"": 0.5440942122961973}"
start_behavior_context,start_region=x_mid__y_pos|start_theta_bin=sector_6|path_angle_bin=sector_2|near_count_bin=0|far_count_bin=2|medhigh_count_bin=0,True,584,281,303,0.5188356164383562,1.5947478489719409,collision_tblock_early,167,-10.004281609879577,3.518835616438356,"{""collision"": 250, ""fall"": 6, ""success"": 281, ""timeout"": 47}","{""collision_rod_early"": 76, ""collision_rod_mid"": 3, ""collision_tblock_early"": 167, ""collision_tblock_mid"": 4, ""fall"": 6, ""timeout"": 47}","{""collision_rod_early"": 4.103488237674123, ""collision_rod_late"": 0.0, ""collision_rod_mid"": 0.8626789287363399, ""collision_tblock_early"": 1.7124765496444987, ""collision_tblock_late"": 0.0, ""collision_tblock_mid"": 2.4490725568591465, ""fall"": 2.2782915328645177, ""timeout"": 0.7211402795571762}"
start_behavior_context,start_region=x_pos__y_pos|start_theta_bin=sector_6|path_angle_bin=sector_0|near_count_bin=0|far_count_bin=2|medhigh_count_bin=0,True,370,182,188,0.5081081081081081,1.561774648419653,collision_tblock_early,131,-11.054608343159662,3.7216216216216216,"{""collision"": 155, ""fall"": 2, ""success"": 182, ""timeout"": 31}","{""collision_rod_early"": 21, ""collision_rod_late"": 1, ""collision_rod_mid"": 2, ""collision_tblock_early"": 131, ""fall"": 2, ""timeout"": 31}","{""collision_rod_early"": 1.7896578857338352, ""collision_rod_late"": 2.524695945945946, ""collision_rod_mid"": 0.9077558457333739, ""collision_tblock_early"": 2.120267129859245, ""collision_tblock_late"": 0.0, ""collision_tblock_mid"": 0.0, ""fall"": 1.1986686983719625, ""timeout"": 0.750748914382008}"
start_behavior_context,start_region=x_pos__y_pos|start_theta_bin=sector_6|path_angle_bin=sector_1|near_count_bin=0|far_count_bin=2|medhigh_count_bin=0,True,417,209,208,0.4988009592326139,1.533167214429008,collision_tblock_early,124,-10.49666264578576,3.9400479616306954,"{""collision"": 157, ""fall"": 3, ""success"": 209, ""timeout"": 48}","{""collision_rod_early"": 25, ""collision_rod_mid"": 4, ""collision_tblock_early"": 124, ""collision_tblock_late"": 1, ""collision_tblock_mid"": 3, ""fall"": 3, ""timeout"": 48}","{""collision_rod_early"": 1.8904117212559066, ""collision_rod_late"": 0.0, ""collision_rod_mid"": 1.6108856734836852, ""collision_tblock_early"": 1.7807651146492056, ""collision_tblock_late"": 3.3813402108501878, ""collision_tblock_mid"": 2.5724071460534925, ""fall"": 1.5953504258907416, ""timeout"": 1.0314303952521438}"
start_behavior_context,start_region=x_neg__y_pos|start_theta_bin=sector_7|path_angle_bin=sector_2|near_count_bin=0|far_count_bin=2|medhigh_count_bin=0,True,523,264,259,0.49521988527724664,1.5221600479847786,collision_tblock_early,166,-8.817411056265222,3.6902485659655833,"{""collision"": 184, ""fall"": 11, ""success"": 264, ""timeout"": 64}","{""collision_rod_early"": 17, ""collision_rod_mid"": 1, ""collision_tblock_early"": 166, ""fall"": 11, ""timeout"": 64}","{""collision_rod_early"": 1.024942920992973, ""collision_rod_late"": 0.0, ""collision_rod_mid"": 0.32109910413130816, ""collision_tblock_early"": 1.9007605434874375, ""collision_tblock_late"": 0.0, ""collision_tblock_mid"": 0.0, ""fall"": 4.664035948732207, ""timeout"": 1.0965110894076326}"
start_behavior_context,start_region=x_pos__y_pos|start_theta_bin=sector_7|path_angle_bin=sector_1|near_count_bin=0|far_count_bin=2|medhigh_count_bin=0,True,395,202,193,0.48860759493670886,1.501835815292855,collision_tblock_early,113,-8.682927514974448,3.7974683544303796,"{""collision"": 136, ""fall"": 2, ""success"": 202, ""timeout"": 55}","{""collision_rod_early"": 20, ""collision_rod_mid"": 3, ""collision_tblock_early"": 113, ""fall"": 2, ""timeout"": 55}","{""collision_rod_early"": 1.5965603802809376, ""collision_rod_late"": 0.0, ""collision_rod_mid"": 1.275454416157019, ""collision_tblock_early"": 1.7131774799384485, ""collision_tblock_late"": 0.0, ""collision_tblock_mid"": 0.0, ""fall"": 1.1228035908800662, ""timeout"": 1.2476717360288982}"
start_behavior_context,start_region=x_pos__y_pos|start_theta_bin=sector_7|path_angle_bin=sector_0|near_count_bin=0|far_count_bin=2|medhigh_count_bin=0,True,466,242,224,0.48068669527896996,1.4774893030433391,collision_tblock_early,132,-8.861806313949137,3.890557939914163,"{""collision"": 171, ""fall"": 1, ""success"": 242, ""timeout"": 52}","{""collision_rod_early"": 32, ""collision_rod_late"": 1, ""collision_rod_mid"": 2, ""collision_tblock_early"": 132, ""collision_tblock_mid"": 4, ""fall"": 1, ""timeout"": 52}","{""collision_rod_early"": 2.165292189565564, ""collision_rod_late"": 2.0045869098712448, ""collision_rod_mid"": 0.7207503496166273, ""collision_tblock_early"": 1.6963248472025276, ""collision_tblock_late"": 0.0, ""collision_tblock_mid"": 3.0692239768363554, ""fall"": 0.47586632875281776, ""timeout"": 0.9998898735089182}"
start_behavior_context,start_region=x_mid__y_pos|start_theta_bin=sector_6|path_angle_bin=sector_1|near_count_bin=0|far_count_bin=2|medhigh_count_bin=0,True,552,294,258,0.4673913043478261,1.4366231878097062,collision_tblock_early,140,-9.161460639447972,3.4927536231884058,"{""collision"": 209, ""fall"": 5, ""success"": 294, ""timeout"": 44}","{""collision_rod_early"": 66, ""collision_rod_mid"": 2, ""collision_tblock_early"": 140, ""collision_tblock_mid"": 1, ""fall"": 5, ""timeout"": 44}","{""collision_rod_early"": 3.7701385066960187, ""collision_rod_late"": 0.0, ""collision_rod_mid"": 0.608459534277805, ""collision_tblock_early"": 1.5188327985218064, ""collision_tblock_late"": 0.0, ""collision_tblock_mid"": 0.6477619443866582, ""fall"": 2.0086386702791037, ""timeout"": 0.7142468633788621}"
start_behavior_context,start_region=x_pos__y_pos|start_theta_bin=sector_5|path_angle_bin=sector_1|near_count_bin=0|far_count_bin=2|medhigh_count_bin=0,True,433,233,200,0.4618937644341801,1.4197253695525323,collision_tblock_early,124,-9.624995456967556,3.6212471131639723,"{""collision"": 161, ""fall"": 1, ""success"": 233, ""timeout"": 38}","{""collision_rod_early"": 30, ""collision_rod_late"": 1, ""collision_rod_mid"": 2, ""collision_tblock_early"": 124, ""collision_tblock_late"": 1, ""collision_tblock_mid"": 3, ""fall"": 1, ""timeout"": 38}","{""collision_rod_early"": 2.1846698044259947, ""collision_rod_late"": 2.1573614318706698, ""collision_rod_mid"": 0.7756805148299039, ""collision_tblock_early"": 1.7149631704589345, ""collision_tblock_late"": 3.256394614144407, ""collision_tblock_mid"": 2.4773528404256497, ""fall"": 0.5121332775954113, ""timeout"": 0.7863763492670067}"
start_behavior_context,start_region=x_neg__y_pos|start_theta_bin=sector_6|path_angle_bin=sector_3|near_count_bin=0|far_count_bin=2|medhigh_count_bin=0,True,514,280,234,0.45525291828793774,1.3993133647256972,collision_tblock_early,132,-9.565032777062129,4.019455252918288,"{""collision"": 169, ""fall"": 5, ""success"": 280, ""timeout"": 60}","{""collision_rod_early"": 28, ""collision_rod_mid"": 5, ""collision_tblock_early"": 132, ""collision_tblock_mid"": 4, ""fall"": 5, ""timeout"": 60}","{""collision_rod_early"": 1.717700175671904, ""collision_rod_late"": 0.0, ""collision_rod_mid"": 1.633607309928737, ""collision_tblock_early"": 1.5379131883198014, ""collision_tblock_late"": 0.0, ""collision_tblock_mid"": 2.7826038389216765, ""fall"": 2.1571372490156913, ""timeout"": 1.0459787811773928}"
start_behavior_context,start_region=x_mid__y_pos|start_theta_bin=sector_7|path_angle_bin=sector_2|near_count_bin=0|far_count_bin=2|medhigh_count_bin=0,True,534,295,239,0.44756554307116103,1.3756846378172554,collision_tblock_early,146,-8.410779868750575,3.554307116104869,"{""collision"": 191, ""fall"": 1, ""success"": 295, ""timeout"": 47}","{""collision_rod_early"": 42, ""collision_rod_mid"": 1, ""collision_tblock_early"": 146, ""collision_tblock_mid"": 2, ""fall"": 1, ""timeout"": 47}","{""collision_rod_early"": 2.4800502536386477, ""collision_rod_late"": 0.0, ""collision_rod_mid"": 0.3144847031098767, ""collision_tblock_early"": 1.6373163844097034, ""collision_tblock_late"": 0.0, ""collision_tblock_mid"": 1.3391932333387093, ""fall"": 0.41526911834983715, ""timeout"": 0.788662777643054}"
start_behavior_context,start_region=x_neg__y_pos|start_theta_bin=sector_0|path_angle_bin=sector_2|near_count_bin=0|far_count_bin=2|medhigh_count_bin=0,True,469,260,209,0.44562899786780386,1.3697322683197817,collision_tblock_early,132,-8.536157911915824,3.8059701492537314,"{""collision"": 145, ""fall"": 12, ""success"": 260, ""timeout"": 52}","{""collision_rod_early"": 12, ""collision_tblock_early"": 132, ""collision_tblock_mid"": 1, ""fall"": 12, ""timeout"": 52}","{""collision_rod_early"": 0.8067906399287469, ""collision_rod_late"": 0.0, ""collision_rod_mid"": 0.0, ""collision_tblock_early"": 1.6854741552161576, ""collision_tblock_late"": 0.0, ""collision_tblock_mid"": 0.7623978535211843, ""fall"": 5.673868892080505, ""timeout"": 0.9934939894566224}"
start_behavior_context,start_region=x_pos__y_pos|start_theta_bin=sector_0|path_angle_bin=sector_1|near_count_bin=0|far_count_bin=2|medhigh_count_bin=0,True,406,230,176,0.43349753694581283,1.3324437310696968,collision_tblock_early,110,-7.7170584389704775,3.726600985221675,"{""collision"": 124, ""fall"": 1, ""success"": 230, ""timeout"": 51}","{""collision_rod_early"": 8, ""collision_rod_late"": 2, ""collision_rod_mid"": 3, ""collision_tblock_early"": 110, ""collision_tblock_mid"": 1, ""fall"": 1, ""timeout"": 51}","{""collision_rod_early"": 0.6213215273014487, ""collision_rod_late"": 4.601662561576355, ""collision_rod_mid"": 1.2408977694138486, ""collision_tblock_early"": 1.6225110402224507, ""collision_tblock_late"": 0.0, ""collision_tblock_mid"": 0.8807009687227473, ""fall"": 0.5461914019675199, ""timeout"": 1.1255865258532092}"
start_behavior_context,start_region=x_pos__y_neg|start_theta_bin=sector_7|path_angle_bin=sector_7|near_count_bin=0|far_count_bin=2|medhigh_count_bin=0,True,527,299,228,0.43263757115749524,1.3298004495607607,collision_tblock_early,134,-9.916091937065255,3.967741935483871,"{""collision"": 180, ""fall"": 4, ""success"": 299, ""timeout"": 44}","{""collision_rod_early"": 35, ""collision_rod_mid"": 7, ""collision_tblock_early"": 134, ""collision_tblock_late"": 1, ""collision_tblock_mid"": 3, ""fall"": 4, ""timeout"": 44}","{""collision_rod_early"": 2.0941600813457275, ""collision_rod_late"": 0.0, ""collision_rod_mid"": 2.2306334349615162, ""collision_tblock_early"": 1.5227029607083353, ""collision_tblock_late"": 2.675557624145215, ""collision_tblock_mid"": 2.0354720681296135, ""fall"": 1.6831401077708772, ""timeout"": 0.7481295419072712}"
start_behavior_context,start_region=x_pos__y_mid|start_theta_bin=sector_6|path_angle_bin=sector_0|near_count_bin=0|far_count_bin=2|medhigh_count_bin=0,True,519,295,224,0.43159922928709055,1.3266088925206088,collision_tblock_early,152,-9.572705024094322,3.7552986512524087,"{""collision"": 178, ""fall"": 2, ""success"": 295, ""timeout"": 44}","{""collision_rod_early"": 16, ""collision_rod_late"": 1, ""collision_rod_mid"": 7, ""collision_tblock_early"": 152, ""collision_tblock_mid"": 2, ""fall"": 2, ""timeout"": 44}","{""collision_rod_early"": 0.9720868596700893, ""collision_rod_late"": 1.7998795761078998, ""collision_rod_mid"": 2.265016994652638, ""collision_tblock_early"": 1.7538693521493758, ""collision_tblock_late"": 0.0, ""collision_tblock_mid"": 1.3778982400826025, ""fall"": 0.8545422319800118, ""timeout"": 0.759661403824917}"
start_behavior_context,start_region=x_pos__y_pos|start_theta_bin=sector_5|path_angle_bin=sector_0|near_count_bin=0|far_count_bin=2|medhigh_count_bin=0,True,389,222,167,0.42930591259640105,1.319559912567007,collision_tblock_early,108,-8.840902524500642,3.7223650385604112,"{""collision"": 124, ""fall"": 2, ""success"": 222, ""timeout"": 41}","{""collision_rod_early"": 10, ""collision_rod_mid"": 2, ""collision_tblock_early"": 108, ""collision_tblock_late"": 1, ""collision_tblock_mid"": 3, ""fall"": 2, ""timeout"": 41}","{""collision_rod_early"": 0.810592995129782, ""collision_rod_late"": 0.0, ""collision_rod_mid"": 0.86341815661015, ""collision_tblock_early"": 1.6626282797773781, ""collision_tblock_late"": 3.624727166901101, ""collision_tblock_mid"": 2.7575675575946175, ""fall"": 1.1401218981944117, ""timeout"": 0.9444283133904187}"
start_behavior_context,start_region=x_pos__y_pos|start_theta_bin=sector_0|path_angle_bin=sector_0|near_count_bin=0|far_count_bin=2|medhigh_count_bin=0,True,444,254,190,0.42792792792792794,1.3153243936158425,collision_tblock_early,131,-7.554599598159121,3.828828828828829,"{""collision"": 148, ""success"": 254, ""timeout"": 42}","{""collision_rod_early"": 10, ""collision_rod_mid"": 4, ""collision_tblock_early"": 131, ""collision_tblock_mid"": 3, ""timeout"": 42}","{""collision_rod_early"": 0.7101817006880297, ""collision_rod_late"": 0.0, ""collision_rod_mid"": 1.512926409555623, ""collision_tblock_early"": 1.7668892748827039, ""collision_tblock_late"": 0.0, ""collision_tblock_mid"": 2.4159769817664554, ""fall"": 0.0, ""timeout"": 0.8476197420442023}"
start_behavior_context,start_region=x_mid__y_pos|start_theta_bin=sector_7|path_angle_bin=sector_1|near_count_bin=0|far_count_bin=2|medhigh_count_bin=0,True,518,298,220,0.4247104247104247,1.3054347365209866,collision_tblock_early,112,-7.684147866339068,3.646718146718147,"{""collision"": 165, ""fall"": 3, ""success"": 298, ""timeout"": 52}","{""collision_rod_early"": 49, ""collision_rod_late"": 1, ""collision_rod_mid"": 1, ""collision_tblock_early"": 112, ""collision_tblock_mid"": 2, ""fall"": 3, ""timeout"": 52}","{""collision_rod_early"": 2.982763142889725, ""collision_rod_late"": 1.8033542471042472, ""collision_rod_mid"": 0.32419851633334784, ""collision_tblock_early"": 1.2948196212880883, ""collision_tblock_late"": 0.0, ""collision_tblock_mid"": 1.3805582752951173, ""fall"": 1.284287891112817, ""timeout"": 0.8995148282918067}"
start_behavior_context,start_region=x_pos__y_neg|start_theta_bin=sector_6|path_angle_bin=sector_7|near_count_bin=0|far_count_bin=2|medhigh_count_bin=0,True,509,295,214,0.4204322200392927,1.2922847956137204,collision_tblock_early,127,-8.982524429772557,3.9783889980353635,"{""collision"": 160, ""fall"": 5, ""success"": 295, ""timeout"": 49}","{""collision_rod_early"": 21, ""collision_rod_late"": 1, ""collision_rod_mid"": 7, ""collision_tblock_early"": 127, ""collision_tblock_mid"": 4, ""fall"": 5, ""timeout"": 49}","{""collision_rod_early"": 1.30093009375544, ""collision_rod_late"": 1.8352406679764244, ""collision_rod_mid"": 2.309516346217523, ""collision_tblock_early"": 1.4941938606170744, ""collision_tblock_late"": 0.0, ""collision_tblock_mid"": 2.809937864844286, ""fall"": 2.1783272023459044, ""timeout"": 0.8626071245164968}"
start_behavior_context,start_region=x_neg__y_pos|start_theta_bin=sector_1|path_angle_bin=sector_2|near_count_bin=0|far_count_bin=2|medhigh_count_bin=0,True,410,241,169,0.4121951219512195,1.2669663825334836,collision_tblock_early,89,-7.262548249555559,3.8365853658536584,"{""collision"": 104, ""fall"": 7, ""success"": 241, ""timeout"": 58}","{""collision_rod_early"": 10, ""collision_rod_late"": 1, ""collision_rod_mid"": 3, ""collision_tblock_early"": 89, ""collision_tblock_late"": 1, ""fall"": 7, ""timeout"": 58}","{""collision_rod_early"": 0.7690748173304517, ""collision_rod_late"": 2.2783841463414634, ""collision_rod_mid"": 1.2287914497122499, ""collision_tblock_early"": 1.2999515283236813, ""collision_tblock_late"": 3.43907040957202, ""collision_tblock_mid"": 0.0, ""fall"": 3.7860389375407104, ""timeout"": 1.2675902205065215}"
start_behavior_context,start_region=x_pos__y_mid|start_theta_bin=sector_7|path_angle_bin=sector_0|near_count_bin=0|far_count_bin=2|medhigh_count_bin=0,True,575,343,232,0.40347826086956523,1.2401733193371234,collision_tblock_early,135,-8.427032683463445,3.707826086956522,"{""collision"": 184, ""success"": 343, ""timeout"": 48}","{""collision_rod_early"": 37, ""collision_rod_late"": 3, ""collision_rod_mid"": 6, ""collision_tblock_early"": 135, ""collision_tblock_mid"": 3, ""timeout"": 48}","{""collision_rod_early"": 2.0290199963309483, ""collision_rod_late"": 4.873760869565217, ""collision_rod_mid"": 1.7523634587200783, ""collision_tblock_early"": 1.4060052192030437, ""collision_tblock_late"": 0.0, ""collision_tblock_mid"": 1.865554399833576, ""fall"": 0.0, ""timeout"": 0.748011260556772}"
start_behavior_context,start_region=x_pos__y_neg|start_theta_bin=sector_5|path_angle_bin=sector_7|near_count_bin=0|far_count_bin=2|medhigh_count_bin=0,True,461,284,177,0.3839479392624729,1.1801428638598224,collision_tblock_early,98,-8.326392933131498,4.297180043383948,"{""collision"": 118, ""fall"": 2, ""success"": 284, ""timeout"": 57}","{""collision_rod_early"": 14, ""collision_rod_late"": 1, ""collision_rod_mid"": 3, ""collision_tblock_early"": 98, ""collision_tblock_mid"": 2, ""fall"": 2, ""timeout"": 57}","{""collision_rod_early"": 0.9575899027064627, ""collision_rod_late"": 2.02632863340564, ""collision_rod_mid"": 1.0928513977918057, ""collision_tblock_early"": 1.2730520463098178, ""collision_tblock_late"": 0.0, ""collision_tblock_mid"": 1.5512563700713031, ""fall"": 0.9620551375219656, ""timeout"": 1.1079206916462492}"
start_behavior_context,start_region=x_pos__y_neg|start_theta_bin=sector_4|path_angle_bin=sector_7|near_count_bin=0|far_count_bin=2|medhigh_count_bin=0,True,456,281,175,0.38377192982456143,1.1796018626956484,collision_tblock_early,108,-7.137641355889657,3.8267543859649122,"{""collision"": 126, ""fall"": 2, ""success"": 281, ""timeout"": 47}","{""collision_rod_early"": 7, ""collision_rod_mid"": 6, ""collision_tblock_early"": 108, ""collision_tblock_late"": 1, ""collision_tblock_mid"": 4, ""fall"": 2, ""timeout"": 47}","{""collision_rod_early"": 0.48404489599526235, ""collision_rod_late"": 0.0, ""collision_rod_mid"": 2.2096688350088702, ""collision_tblock_early"": 1.4183385983188599, ""collision_tblock_late"": 3.0921466401853688, ""collision_tblock_mid"": 3.1365315201880297, ""fall"": 0.9726039877140923, ""timeout"": 0.9235656211872607}"
start_behavior_context,start_region=x_mid__y_pos|start_theta_bin=sector_5|path_angle_bin=sector_1|near_count_bin=0|far_count_bin=2|medhigh_count_bin=0,True,515,320,195,0.3786407766990291,1.1638302094967772,collision_tblock_early,117,-8.364774522748442,3.4970873786407766,"{""collision"": 152, ""fall"": 2, ""success"": 320, ""timeout"": 41}","{""collision_rod_early"": 29, ""collision_rod_late"": 1, ""collision_tblock_early"": 117, ""collision_tblock_late"": 2, ""collision_tblock_mid"": 3, ""fall"": 2, ""timeout"": 41}","{""collision_rod_early"": 1.7755921510794315, ""collision_rod_late"": 1.813859223300971, ""collision_rod_mid"": 0.0, ""collision_tblock_early"": 1.360503432173819, ""collision_tblock_late"": 5.475801428833119, ""collision_tblock_mid"": 2.082900543503507, ""fall"": 0.861179453199274, ""timeout"": 0.7133642988521803}"
start_behavior_context,start_region=x_pos__y_mid|start_theta_bin=sector_6|path_angle_bin=sector_7|near_count_bin=0|far_count_bin=2|medhigh_count_bin=0,True,542,338,204,0.3763837638376384,1.1568928168202424,collision_tblock_early,102,-8.619581916177397,4.009225092250922,"{""collision"": 151, ""fall"": 2, ""success"": 338, ""timeout"": 51}","{""collision_rod_early"": 33, ""collision_rod_late"": 1, ""collision_rod_mid"": 13, ""collision_tblock_early"": 102, ""collision_tblock_late"": 1, ""collision_tblock_mid"": 1, ""fall"": 2, ""timeout"": 51}","{""collision_rod_early"": 1.9198491288710355, ""collision_rod_late"": 1.7235009225092253, ""collision_rod_mid"": 4.027957212156392, ""collision_tblock_early"": 1.1269947533997335, ""collision_tblock_late"": 2.6015108264290188, ""collision_tblock_mid"": 0.6597132717738661, ""fall"": 0.8182793697373176, ""timeout"": 0.8431515304361676}"
start_behavior_context,start_region=x_neg__y_neg|start_theta_bin=sector_2|path_angle_bin=sector_4|near_count_bin=0|far_count_bin=2|medhigh_count_bin=0,True,506,317,189,0.37351778656126483,1.1480836469176934,collision_tblock_early,99,-6.23299886934908,3.875494071146245,"{""collision"": 122, ""fall"": 1, ""success"": 317, ""timeout"": 66}","{""collision_rod_early"": 19, ""collision_rod_mid"": 2, ""collision_tblock_early"": 99, ""collision_tblock_late"": 2, ""fall"": 1, ""timeout"": 66}","{""collision_rod_early"": 1.184010440119411, ""collision_rod_late"": 0.0, ""collision_rod_mid"": 0.663774037393969, ""collision_tblock_early"": 1.1716710160025365, ""collision_tblock_late"": 5.57319710642106, ""collision_tblock_mid"": 0.0, ""fall"": 0.43824843715180445, ""timeout"": 1.1687675946199563}"
start_behavior_context,start_region=x_neg__y_neg|start_theta_bin=sector_7|path_angle_bin=sector_5|near_count_bin=0|far_count_bin=2|medhigh_count_bin=0,True,554,348,206,0.37184115523465705,1.142930176113238,collision_tblock_early,94,-8.257789862074972,4.055956678700361,"{""collision"": 138, ""fall"": 4, ""success"": 348, ""timeout"": 64}","{""collision_rod_early"": 30, ""collision_rod_mid"": 10, ""collision_tblock_early"": 94, ""collision_tblock_late"": 1, ""collision_tblock_mid"": 3, ""fall"": 4, ""timeout"": 64}","{""collision_rod_early"": 1.7075126810766348, ""collision_rod_late"": 0.0, ""collision_rod_mid"": 3.0313146473045878, ""collision_tblock_early"": 1.0161061919765277, ""collision_tblock_late"": 2.545160411416116, ""collision_tblock_mid"": 1.936270360838098, ""fall"": 1.6011098137098416, ""timeout"": 1.035153970686267}"
start_behavior_context,start_region=x_neg__y_neg|start_theta_bin=sector_6|path_angle_bin=sector_5|near_count_bin=0|far_count_bin=2|medhigh_count_bin=0,True,539,340,199,0.3692022263450835,1.134818886068952,collision_tblock_early,75,-9.437407291865725,4.282003710575139,"{""collision"": 138, ""fall"": 2, ""success"": 340, ""timeout"": 59}","{""collision_rod_early"": 49, ""collision_rod_late"": 5, ""collision_rod_mid"": 6, ""collision_tblock_early"": 75, ""collision_tblock_mid"": 3, ""fall"": 2, ""timeout"": 59}","{""collision_rod_early"": 2.8665515918680478, ""collision_rod_late"": 8.665468460111317, ""collision_rod_mid"": 1.8694044318442393, ""collision_tblock_early"": 0.833284890787209, ""collision_tblock_late"": 0.0, ""collision_tblock_mid"": 1.9901554358150395, ""fall"": 0.8228338003666533, ""timeout"": 0.9808395954850221}"
start_behavior_context,start_region=x_pos__y_mid|start_theta_bin=sector_0|path_angle_bin=sector_0|near_count_bin=0|far_count_bin=2|medhigh_count_bin=0,True,640,404,236,0.36875,1.1334288754987043,collision_tblock_early,114,-6.886549417433839,3.9953125,"{""collision"": 160, ""fall"": 1, ""success"": 404, ""timeout"": 75}","{""collision_rod_early"": 32, ""collision_rod_late"": 1, ""collision_rod_mid"": 10, ""collision_tblock_early"": 114, ""collision_tblock_late"": 2, ""collision_tblock_mid"": 1, ""fall"": 1, ""timeout"": 75}","{""collision_rod_early"": 1.576603375527426, ""collision_rod_late"": 1.45958984375, ""collision_rod_mid"": 2.6239817415730333, ""collision_tblock_early"": 1.066708820818976, ""collision_tblock_late"": 4.40630896226415, ""collision_tblock_mid"": 0.5586946770334927, ""fall"": 0.3464901706231454, ""timeout"": 1.0500646357913668}"
start_behavior_context,start_region=x_neg__y_pos|start_theta_bin=sector_0|path_angle_bin=sector_3|near_count_bin=0|far_count_bin=2|medhigh_count_bin=0,True,467,299,168,0.35974304068522484,1.105744135789394,collision_tblock_early,85,-7.205129703983609,3.91220556745182,"{""collision"": 95, ""fall"": 12, ""success"": 299, ""timeout"": 61}","{""collision_rod_early"": 4, ""collision_rod_late"": 1, ""collision_rod_mid"": 3, ""collision_tblock_early"": 85, ""collision_tblock_mid"": 2, ""fall"": 12, ""timeout"": 61}","{""collision_rod_early"": 0.2700819486984884, ""collision_rod_late"": 2.0002944325481797, ""collision_rod_mid"": 1.0788104804754228, ""collision_tblock_early"": 1.0899913567856097, ""collision_tblock_late"": 0.0, ""collision_tblock_mid"": 1.5313258813765969, ""fall"": 5.698168116457723, ""timeout"": 1.1704360708435393}"
start_behavior_context,start_region=x_neg__y_pos|start_theta_bin=sector_1|path_angle_bin=sector_3|near_count_bin=0|far_count_bin=2|medhigh_count_bin=0,True,467,305,162,0.3468950749464668,1.0662532737969157,collision_tblock_early,88,-6.6539043051076465,3.8394004282655247,"{""collision"": 106, ""fall"": 3, ""success"": 305, ""timeout"": 53}","{""collision_rod_early"": 17, ""collision_tblock_early"": 88, ""collision_tblock_mid"": 1, ""fall"": 3, ""timeout"": 53}","{""collision_rod_early"": 1.1478482819685758, ""collision_rod_late"": 0.0, ""collision_rod_mid"": 0.0, ""collision_tblock_early"": 1.1284616399662784, ""collision_tblock_late"": 0.0, ""collision_tblock_mid"": 0.7656629406882984, ""fall"": 1.4245420291144308, ""timeout"": 1.0169362582738948}"
start_behavior_context,start_region=x_pos__y_pos|start_theta_bin=sector_4|path_angle_bin=sector_1|near_count_bin=0|far_count_bin=2|medhigh_count_bin=0,True,444,291,153,0.34459459459459457,1.0591822748590731,collision_tblock_early,93,-7.14763294422001,3.6621621621621623,"{""collision"": 116, ""fall"": 2, ""success"": 291, ""timeout"": 35}","{""collision_rod_early"": 18, ""collision_rod_mid"": 3, ""collision_tblock_early"": 93, ""collision_tblock_late"": 1, ""collision_tblock_mid"": 1, ""fall"": 2, ""timeout"": 35}","{""collision_rod_early"": 1.2783270612384534, ""collision_rod_late"": 0.0, ""collision_rod_mid"": 1.1346948071667173, ""collision_tblock_early"": 1.2543565081228354, ""collision_tblock_late"": 3.1757181710011895, ""collision_tblock_mid"": 0.8053256605888184, ""fall"": 0.9988905819766354, ""timeout"": 0.7063497850368353}"
start_behavior_context,start_region=x_pos__y_mid|start_theta_bin=sector_7|path_angle_bin=sector_7|near_count_bin=0|far_count_bin=2|medhigh_count_bin=0,True,584,384,200,0.3424657534246575,1.0526388442059014,collision_tblock_early,102,-8.151450716107028,4.054794520547945,"{""collision"": 138, ""success"": 384, ""timeout"": 62}","{""collision_rod_early"": 27, ""collision_rod_late"": 3, ""collision_rod_mid"": 5, ""collision_tblock_early"": 102, ""collision_tblock_mid"": 1, ""timeout"": 62}","{""collision_rod_early"": 1.4578181897000173, ""collision_rod_late"": 4.79865154109589, ""collision_rod_mid"": 1.4377982145605663, ""collision_tblock_early"": 1.0459437608607116, ""collision_tblock_late"": 0.0, ""collision_tblock_mid"": 0.6122681392147866, ""fall"": 0.0, ""timeout"": 0.9512914326073388}"
start_behavior_context,start_region=x_neg__y_pos|start_theta_bin=sector_2|path_angle_bin=sector_2|near_count_bin=0|far_count_bin=2|medhigh_count_bin=0,True,437,288,149,0.34096109839816935,1.048013977888109,collision_tblock_early,87,-5.51767414039228,3.622425629290618,"{""collision"": 93, ""fall"": 4, ""success"": 288, ""timeout"": 52}","{""collision_rod_early"": 4, ""collision_tblock_early"": 87, ""collision_tblock_mid"": 2, ""fall"": 4, ""timeout"": 52}","{""collision_rod_early"": 0.28862304357481483, ""collision_rod_late"": 0.0, ""collision_rod_mid"": 0.0, ""collision_tblock_early"": 1.19222664786223, ""collision_tblock_late"": 0.0, ""collision_tblock_mid"": 1.6364512279241894, ""fall"": 2.02978223522941, ""timeout"": 1.0662441214076792}"
start_behavior_context,start_region=x_neg__y_neg|start_theta_bin=sector_7|path_angle_bin=sector_4|near_count_bin=0|far_count_bin=2|medhigh_count_bin=0,True,536,354,182,0.33955223880597013,1.0436835585163886,collision_tblock_early,77,-7.971300771009782,4.0690298507462686,"{""collision"": 111, ""fall"": 10, ""success"": 354, ""timeout"": 61}","{""collision_rod_early"": 20, ""collision_rod_late"": 1, ""collision_rod_mid"": 12, ""collision_tblock_early"": 77, ""collision_tblock_mid"": 1, ""fall"": 10, ""timeout"": 61}","{""collision_rod_early"": 1.1765696832294223, ""collision_rod_late"": 1.7427938432835821, ""collision_rod_mid"": 3.75973503270166, ""collision_tblock_early"": 0.8602941000582471, ""collision_tblock_late"": 0.0, ""collision_tblock_mid"": 0.6670981218310362, ""fall"": 4.1371960671420345, ""timeout"": 1.0197642632162927}"
start_behavior_context,start_region=x_pos__y_neg|start_theta_bin=sector_3|path_angle_bin=sector_7|near_count_bin=0|far_count_bin=2|medhigh_count_bin=0,True,517,344,173,0.3346228239845261,1.0285319894372402,collision_tblock_early,84,-6.861231855917623,4.0309477756286265,"{""collision"": 103, ""fall"": 5, ""success"": 344, ""timeout"": 65}","{""collision_rod_early"": 11, ""collision_rod_late"": 1, ""collision_rod_mid"": 2, ""collision_tblock_early"": 84, ""collision_tblock_late"": 1, ""collision_tblock_mid"": 4, ""fall"": 5, ""timeout"": 65}","{""collision_rod_early"": 0.670895053415926, ""collision_rod_late"": 1.8068423597678918, ""collision_rod_mid"": 0.649651185534523, ""collision_tblock_early"": 0.9729930809872772, ""collision_tblock_late"": 2.727309222291157, ""collision_tblock_mid"": 2.7664572015584943, ""fall"": 2.1446200115939367, ""timeout"": 1.12656837779293}"
start_behavior_context,start_region=x_pos__y_neg|start_theta_bin=sector_7|path_angle_bin=sector_6|near_count_bin=0|far_count_bin=2|medhigh_count_bin=0,True,511,341,170,0.33268101761252444,1.0225634486571613,collision_tblock_early,92,-9.108833214010776,4.160469667318982,"{""collision"": 125, ""fall"": 1, ""success"": 341, ""timeout"": 44}","{""collision_rod_early"": 25, ""collision_rod_late"": 4, ""collision_rod_mid"": 2, ""collision_tblock_early"": 92, ""collision_tblock_mid"": 2, ""fall"": 1, ""timeout"": 44}","{""collision_rod_early"": 1.5426647510053093, ""collision_rod_late"": 7.312230919765167, ""collision_rod_mid"": 0.6572791837991162, ""collision_tblock_early"": 1.078171719878829, ""collision_tblock_late"": 0.0, ""collision_tblock_mid"": 1.3994700324909408, ""fall"": 0.4339602919741939, ""timeout"": 0.7715543416538785}"
start_behavior_context,start_region=x_neg__y_neg|start_theta_bin=sector_2|path_angle_bin=sector_5|near_count_bin=0|far_count_bin=2|medhigh_count_bin=0,True,509,342,167,0.3280943025540275,1.0084652376985574,timeout,84,-5.966725980595269,4.255402750491159,"{""collision"": 82, ""fall"": 1, ""success"": 342, ""timeout"": 84}","{""collision_rod_early"": 21, ""collision_rod_mid"": 8, ""collision_tblock_early"": 53, ""fall"": 1, ""timeout"": 84}","{""collision_rod_early"": 1.30093009375544, ""collision_rod_late"": 0.0, ""collision_rod_mid"": 2.6394472528200263, ""collision_tblock_early"": 0.6235612174228735, ""collision_tblock_late"": 0.0, ""collision_tblock_mid"": 0.0, ""fall"": 0.4356654404691809, ""timeout"": 1.4787550705997088}"
start_behavior_context,start_region=x_pos__y_neg|start_theta_bin=sector_6|path_angle_bin=sector_6|near_count_bin=0|far_count_bin=2|medhigh_count_bin=0,True,511,348,163,0.31898238747553814,0.9804578948889254,collision_tblock_early,109,-7.207230005720003,3.888454011741683,"{""collision"": 127, ""fall"": 2, ""success"": 348, ""timeout"": 34}","{""collision_rod_early"": 14, ""collision_rod_late"": 2, ""collision_rod_mid"": 1, ""collision_tblock_early"": 109, ""collision_tblock_mid"": 1, ""fall"": 2, ""timeout"": 34}","{""collision_rod_early"": 0.8638922605629732, ""collision_rod_late"": 3.6561154598825834, ""collision_rod_mid"": 0.3286395918995581, ""collision_tblock_early"": 1.277399102899917, ""collision_tblock_late"": 0.0, ""collision_tblock_mid"": 0.6997350162454704, ""fall"": 0.8679205839483878, ""timeout"": 0.5962010821870879}"
start_behavior_context,start_region=x_mid__y_pos|start_theta_bin=sector_5|path_angle_bin=sector_2|near_count_bin=0|far_count_bin=2|medhigh_count_bin=0,True,580,395,185,0.31896551724137934,0.9804060407586689,collision_tblock_early,81,-7.279527512554923,4.017241379310345,"{""collision"": 119, ""fall"": 2, ""success"": 395, ""timeout"": 64}","{""collision_rod_early"": 32, ""collision_rod_mid"": 1, ""collision_tblock_early"": 81, ""collision_tblock_late"": 1, ""collision_tblock_mid"": 4, ""fall"": 2, ""timeout"": 64}","{""collision_rod_early"": 1.7397002764440566, ""collision_rod_late"": 0.0, ""collision_rod_mid"": 0.28954281286323136, ""collision_tblock_early"": 0.836330690732845, ""collision_tblock_late"": 2.4310670136629797, ""collision_tblock_mid"": 2.4659627124236922, ""fall"": 0.7646679627545279, ""timeout"": 0.988750516827917}"
start_behavior_context,start_region=x_pos__y_mid|start_theta_bin=sector_0|path_angle_bin=sector_7|near_count_bin=0|far_count_bin=2|medhigh_count_bin=0,True,594,405,189,0.3181818181818182,0.9779971807076648,timeout,72,-6.439622543721189,4.065656565656566,"{""collision"": 116, ""fall"": 1, ""success"": 405, ""timeout"": 72}","{""collision_rod_early"": 37, ""collision_rod_late"": 2, ""collision_rod_mid"": 5, ""collision_tblock_early"": 70, ""collision_tblock_late"": 1, ""collision_tblock_mid"": 1, ""fall"": 1, ""timeout"": 72}","{""collision_rod_early"": 1.9641186833169957, ""collision_rod_late"": 3.1452441077441082, ""collision_rod_mid"": 1.4135928574130823, ""collision_tblock_early"": 0.7057202902222536, ""collision_tblock_late"": 2.3737691379200814, ""collision_tblock_mid"": 0.6019605947835613, ""fall"": 0.37332274275894456, ""timeout"": 1.08612746166703}"
start_behavior_context,start_region=x_pos__y_pos|start_theta_bin=sector_1|path_angle_bin=sector_1|near_count_bin=0|far_count_bin=2|medhigh_count_bin=0,True,451,308,143,0.3170731707317073,0.9745895250257567,collision_tblock_early,78,-6.308042800143414,3.9312638580931263,"{""collision"": 88, ""fall"": 2, ""success"": 308, ""timeout"": 53}","{""collision_rod_early"": 5, ""collision_rod_mid"": 5, ""collision_tblock_early"": 78, ""fall"": 2, ""timeout"": 53}","{""collision_rod_early"": 0.3495794624229326, ""collision_rod_late"": 0.0, ""collision_rod_mid"": 1.8618052268367422, ""collision_tblock_early"": 1.0357121471833213, ""collision_tblock_late"": 0.0, ""collision_tblock_mid"": 0.0, ""fall"": 0.9833867370235613, ""timeout"": 1.0530138195430352}"
start_behavior_context,start_region=x_pos__y_mid|start_theta_bin=sector_5|path_angle_bin=sector_7|near_count_bin=0|far_count_bin=2|medhigh_count_bin=0,True,531,364,167,0.3145009416195857,0.9666832504492764,collision_tblock_early,93,-7.243193238661531,4.08286252354049,"{""collision"": 118, ""fall"": 1, ""success"": 364, ""timeout"": 48}","{""collision_rod_early"": 15, ""collision_rod_late"": 1, ""collision_rod_mid"": 8, ""collision_tblock_early"": 93, ""collision_tblock_mid"": 1, ""fall"": 1, ""timeout"": 48}","{""collision_rod_early"": 0.890736370354478, ""collision_rod_late"": 1.7592043314500942, ""collision_rod_mid"": 2.530091622759686, ""collision_tblock_early"": 1.0488404700688116, ""collision_tblock_late"": 0.0, ""collision_tblock_mid"": 0.6733796484019499, ""fall"": 0.4176152715608532, ""timeout"": 0.8099933612432088}"
start_behavior_context,start_region=x_pos__y_neg|start_theta_bin=sector_5|path_angle_bin=sector_6|near_count_bin=0|far_count_bin=2|medhigh_count_bin=0,True,493,338,155,0.3144016227180527,0.9663779734028215,collision_tblock_early,81,-7.019932248143077,4.318458417849898,"{""collision"": 93, ""success"": 338, ""timeout"": 62}","{""collision_rod_early"": 8, ""collision_rod_mid"": 3, ""collision_tblock_early"": 81, ""collision_tblock_late"": 1, ""timeout"": 62}","{""collision_rod_early"": 0.5116765518953107, ""collision_rod_late"": 0.0, ""collision_rod_mid"": 1.0219158101055223, ""collision_tblock_early"": 0.9839184596857, ""collision_tblock_late"": 2.8600788396035055, ""collision_tblock_mid"": 0.0, ""fall"": 0.0, ""timeout"": 1.1268847802082878}"
start_behavior_context,start_region=x_neg__y_pos|start_theta_bin=sector_7|path_angle_bin=sector_3|near_count_bin=0|far_count_bin=2|medhigh_count_bin=0,True,452,310,142,0.3141592920353982,0.9656331202688827,collision_tblock_early,66,-7.20798424428755,3.747787610619469,"{""collision"": 84, ""fall"": 9, ""success"": 310, ""timeout"": 49}","{""collision_rod_early"": 12, ""collision_rod_late"": 1, ""collision_rod_mid"": 4, ""collision_tblock_early"": 66, ""collision_tblock_mid"": 1, ""fall"": 9, ""timeout"": 49}","{""collision_rod_early"": 0.8371345356782793, ""collision_rod_late"": 2.0666758849557523, ""collision_rod_mid"": 1.4861489509794175, ""collision_tblock_early"": 0.8744329411464357, ""collision_tblock_late"": 0.0, ""collision_tblock_mid"": 0.7910721090739721, ""fall"": 4.415449961923269, ""timeout"": 0.9713872265019843}"
start_behavior_context,start_region=x_neg__y_neg|start_theta_bin=sector_0|path_angle_bin=sector_4|near_count_bin=0|far_count_bin=2|medhigh_count_bin=0,True,527,363,164,0.3111954459203036,0.9565231303858104,timeout,61,-6.402055978455502,3.925996204933586,"{""collision"": 101, ""fall"": 2, ""success"": 363, ""timeout"": 61}","{""collision_rod_early"": 39, ""collision_rod_late"": 2, ""collision_rod_mid"": 3, ""collision_tblock_early"": 56, ""collision_tblock_mid"": 1, ""fall"": 2, ""timeout"": 61}","{""collision_rod_early"": 2.3334926620709533, ""collision_rod_late"": 3.54511385199241, ""collision_rod_mid"": 0.9559857578406499, ""collision_tblock_early"": 0.6363534761169163, ""collision_tblock_late"": 0.0, ""collision_tblock_mid"": 0.6784906893765378, ""fall"": 0.8415700538854386, ""timeout"": 1.0371795921896259}"
start_behavior_context,start_region=x_neg__y_neg|start_theta_bin=sector_6|path_angle_bin=sector_4|near_count_bin=0|far_count_bin=2|medhigh_count_bin=0,True,509,351,158,0.3104125736738703,0.9541168117148029,collision_tblock_early,78,-8.640742369893317,4.145383104125736,"{""collision"": 112, ""success"": 351, ""timeout"": 46}","{""collision_rod_early"": 27, ""collision_rod_mid"": 7, ""collision_tblock_early"": 78, ""timeout"": 46}","{""collision_rod_early"": 1.6726244062569944, ""collision_rod_late"": 0.0, ""collision_rod_mid"": 2.309516346217523, ""collision_tblock_early"": 0.9176938671506442, ""collision_tblock_late"": 0.0, ""collision_tblock_mid"": 0.0, ""fall"": 0.0, ""timeout"": 0.8097944434236501}"
start_behavior_context,start_region=x_pos__y_mid|start_theta_bin=sector_5|path_angle_bin=sector_0|near_count_bin=0|far_count_bin=2|medhigh_count_bin=0,True,549,379,170,0.30965391621129323,0.9517849221563014,collision_tblock_early,94,-7.024605111286012,3.97632058287796,"{""collision"": 116, ""success"": 379, ""timeout"": 54}","{""collision_rod_early"": 16, ""collision_rod_late"": 1, ""collision_rod_mid"": 1, ""collision_tblock_early"": 94, ""collision_tblock_late"": 3, ""collision_tblock_mid"": 1, ""timeout"": 54}","{""collision_rod_early"": 0.9189673591416692, ""collision_rod_late"": 1.7015255009107468, ""collision_rod_mid"": 0.3058922248828309, ""collision_tblock_early"": 1.0253603467304122, ""collision_tblock_late"": 7.705021136199608, ""collision_tblock_mid"": 0.6513016271428695, ""fall"": 0.0, ""timeout"": 0.8813657270904587}"
start_behavior_context,start_region=x_pos__y_pos|start_theta_bin=sector_4|path_angle_bin=sector_0|near_count_bin=0|far_count_bin=2|medhigh_count_bin=0,True,405,281,124,0.30617283950617286,0.9410851178026489,collision_tblock_early,64,-6.771450359161786,4.111111111111111,"{""collision"": 75, ""success"": 281, ""timeout"": 49}","{""collision_rod_early"": 7, ""collision_rod_mid"": 1, ""collision_tblock_early"": 64, ""collision_tblock_late"": 1, ""collision_tblock_mid"": 2, ""timeout"": 49}","{""collision_rod_early"": 0.5449986977131843, ""collision_rod_late"": 0.0, ""collision_rod_mid"": 0.4146539048411708, ""collision_tblock_early"": 0.9463373034599362, ""collision_tblock_late"": 3.4815280689494528, ""collision_tblock_mid"": 1.7657510780317798, ""fall"": 0.0, ""timeout"": 1.084116114515795}"
start_behavior_context,start_region=x_pos__y_pos|start_theta_bin=sector_1|path_angle_bin=sector_0|near_count_bin=0|far_count_bin=2|medhigh_count_bin=0,True,468,326,142,0.3034188034188034,0.9326200221400319,collision_tblock_early,68,-5.866088798611948,4.051282051282051,"{""collision"": 87, ""success"": 326, ""timeout"": 55}","{""collision_rod_early"": 10, ""collision_rod_mid"": 7, ""collision_tblock_early"": 68, ""collision_tblock_late"": 1, ""collision_tblock_mid"": 1, ""timeout"": 55}","{""collision_rod_early"": 0.6737621262937717, ""collision_rod_late"": 0.0, ""collision_rod_mid"": 2.511845769710938, ""collision_tblock_early"": 0.8701298523399653, ""collision_tblock_late"": 3.0128608288985643, ""collision_tblock_mid"": 0.7640269087637508, ""fall"": 0.0, ""timeout"": 1.0530562729303736}"
start_behavior_context,start_region=x_neg__y_neg|start_theta_bin=sector_3|path_angle_bin=sector_5|near_count_bin=0|far_count_bin=2|medhigh_count_bin=0,True,556,388,168,0.302158273381295,0.9287455241252645,collision_tblock_early,70,-6.077801718769424,4.089928057553957,"{""collision"": 99, ""success"": 388, ""timeout"": 69}","{""collision_rod_early"": 21, ""collision_rod_mid"": 7, ""collision_tblock_early"": 70, ""collision_tblock_late"": 1, ""timeout"": 69}","{""collision_rod_early"": 1.1909593843912214, ""collision_rod_late"": 0.0, ""collision_rod_mid"": 2.114287446447337, ""collision_tblock_early"": 0.7539529719280911, ""collision_tblock_late"": 2.5360051581376406, ""collision_tblock_mid"": 0.0, ""fall"": 0.0, ""timeout"": 1.1120108948812173}"
start_behavior_context,start_region=x_mid__y_pos|start_theta_bin=sector_0|path_angle_bin=sector_2|near_count_bin=0|far_count_bin=2|medhigh_count_bin=0,True,542,385,157,0.2896678966789668,0.8903537854940101,collision_tblock_early,90,-6.998432761840797,3.830258302583026,"{""collision"": 108, ""fall"": 5, ""success"": 385, ""timeout"": 44}","{""collision_rod_early"": 15, ""collision_rod_mid"": 1, ""collision_tblock_early"": 90, ""collision_tblock_mid"": 2, ""fall"": 5, ""timeout"": 44}","{""collision_rod_early"": 0.8726586949413798, ""collision_rod_late"": 0.0, ""collision_rod_mid"": 0.30984286247356857, ""collision_tblock_early"": 0.9944071353527062, ""collision_tblock_late"": 0.0, ""collision_tblock_mid"": 1.3194265435477321, ""fall"": 2.045698424343294, ""timeout"": 0.7274248497880663}"
start_behavior_context,start_region=x_neg__y_pos|start_theta_bin=sector_2|path_angle_bin=sector_3|near_count_bin=0|far_count_bin=2|medhigh_count_bin=0,True,504,359,145,0.2876984126984127,0.8843001718983704,timeout,65,-5.5172675490025105,3.9642857142857144,"{""collision"": 77, ""fall"": 3, ""success"": 359, ""timeout"": 65}","{""collision_rod_early"": 7, ""collision_rod_mid"": 2, ""collision_tblock_early"": 64, ""collision_tblock_mid"": 4, ""fall"": 3, ""timeout"": 65}","{""collision_rod_early"": 0.4379453820909517, ""collision_rod_late"": 0.0, ""collision_rod_mid"": 0.6664080613518816, ""collision_tblock_early"": 0.7604496188517343, ""collision_tblock_late"": 0.0, ""collision_tblock_mid"": 2.8378142325510742, ""fall"": 1.3199625547548397, ""timeout"": 1.1556266891248905}"
start_behavior_context,start_region=x_mid__y_pos|start_theta_bin=sector_0|path_angle_bin=sector_1|near_count_bin=0|far_count_bin=2|medhigh_count_bin=0,True,529,377,152,0.28733459357277885,0.8831818990781612,collision_tblock_early,76,-6.408681037540521,3.880907372400756,"{""collision"": 88, ""fall"": 3, ""success"": 377, ""timeout"": 61}","{""collision_rod_early"": 10, ""collision_tblock_early"": 76, ""collision_tblock_mid"": 2, ""fall"": 3, ""timeout"": 61}","{""collision_rod_early"": 0.5960693291219002, ""collision_rod_late"": 0.0, ""collision_rod_mid"": 0.0, ""collision_tblock_early"": 0.8603574610260171, ""collision_tblock_late"": 0.0, ""collision_tblock_mid"": 1.3518510143721565, ""fall"": 1.2575824718269173, ""timeout"": 1.0332583082872078}"
start_behavior_context,start_region=x_pos__y_neg|start_theta_bin=sector_4|path_angle_bin=sector_6|near_count_bin=0|far_count_bin=2|medhigh_count_bin=0,True,473,339,134,0.2832980972515856,0.8707748984373893,timeout,60,-6.442092185040425,4.245243128964059,"{""collision"": 73, ""fall"": 1, ""success"": 339, ""timeout"": 60}","{""collision_rod_early"": 11, ""collision_rod_mid"": 1, ""collision_tblock_early"": 59, ""collision_tblock_late"": 1, ""collision_tblock_mid"": 1, ""fall"": 1, ""timeout"": 60}","{""collision_rod_early"": 0.7333038955941517, ""collision_rod_late"": 0.0, ""collision_rod_mid"": 0.3550419269781695, ""collision_tblock_early"": 0.74698499822196, ""collision_tblock_late"": 2.9810124057601017, ""collision_tblock_mid"": 0.755950514379356, ""fall"": 0.4688239095112327, ""timeout"": 1.136645018023636}"
start_behavior_context,start_region=x_neg__y_neg|start_theta_bin=sector_4|path_angle_bin=sector_4|near_count_bin=0|far_count_bin=2|medhigh_count_bin=0,True,524,380,144,0.2748091603053435,0.8446824068925524,timeout,75,-4.657385880888487,3.895038167938931,"{""collision"": 69, ""success"": 380, ""timeout"": 75}","{""collision_rod_early"": 20, ""collision_rod_late"": 2, ""collision_rod_mid"": 3, ""collision_tblock_early"": 43, ""collision_tblock_mid"": 1, ""timeout"": 75}","{""collision_rod_early"": 1.2035140271201725, ""collision_rod_late"": 3.5654103053435118, ""collision_rod_mid"": 0.9614589587443177, ""collision_tblock_early"": 0.49142605378562704, ""collision_tblock_late"": 0.0, ""collision_tblock_mid"": 0.6823751780561744, ""fall"": 0.0, ""timeout"": 1.2825216925696084}"
start_behavior_context,start_region=x_neg__y_neg|start_theta_bin=sector_3|path_angle_bin=sector_4|near_count_bin=0|far_count_bin=2|medhigh_count_bin=0,True,519,378,141,0.27167630057803466,0.8350529189527046,timeout,77,-5.4791922599358465,4.055876685934489,"{""collision"": 64, ""success"": 378, ""timeout"": 77}","{""collision_rod_early"": 16, ""collision_rod_late"": 2, ""collision_rod_mid"": 6, ""collision_tblock_early"": 39, ""collision_tblock_mid"": 1, ""timeout"": 77}","{""collision_rod_early"": 0.9720868596700893, ""collision_rod_late"": 3.5997591522157997, ""collision_rod_mid"": 1.9414431382736896, ""collision_tblock_early"": 0.4500059521962214, ""collision_tblock_late"": 0.0, ""collision_tblock_mid"": 0.6889491200413013, ""fall"": 0.0, ""timeout"": 1.3294074566936045}"
start_behavior_context,start_region=x_pos__y_neg|start_theta_bin=sector_3|path_angle_bin=sector_6|near_count_bin=0|far_count_bin=2|medhigh_count_bin=0,True,503,367,136,0.27037773359840955,0.8310615065825996,collision_tblock_early,55,-6.174660677468873,4.039761431411531,"{""collision"": 74, ""fall"": 9, ""success"": 367, ""timeout"": 53}","{""collision_rod_early"": 12, ""collision_rod_late"": 2, ""collision_rod_mid"": 3, ""collision_tblock_early"": 55, ""collision_tblock_mid"": 2, ""fall"": 9, ""timeout"": 53}","{""collision_rod_early"": 0.7522560837506606, ""collision_rod_late"": 3.7142644135188867, ""collision_rod_mid"": 1.0015993924095874, ""collision_tblock_early"": 0.6548106186186033, ""collision_tblock_late"": 0.0, ""collision_tblock_mid"": 1.4217280051746934, ""fall"": 3.9677602043525195, ""timeout"": 0.9441535439640335}"
start_behavior_context,start_region=x_neg__y_neg|start_theta_bin=sector_4|path_angle_bin=sector_5|near_count_bin=0|far_count_bin=2|medhigh_count_bin=0,True,499,366,133,0.2665330661322645,0.8192441313342763,timeout,51,-5.303835102423169,3.8617234468937878,"{""collision"": 82, ""success"": 366, ""timeout"": 51}","{""collision_rod_early"": 31, ""collision_rod_mid"": 7, ""collision_tblock_early"": 42, ""collision_tblock_mid"": 2, ""timeout"": 51}","{""collision_rod_early"": 1.958905997649307, ""collision_rod_late"": 0.0, ""collision_rod_mid"": 2.355799238927293, ""collision_tblock_early"": 0.5040455138982187, ""collision_tblock_late"": 0.0, ""collision_tblock_mid"": 1.4331246224506429, ""fall"": 0.0, ""timeout"": 0.9158078747422903}"
start_behavior_context,start_region=x_neg__y_pos|start_theta_bin=sector_3|path_angle_bin=sector_2|near_count_bin=0|far_count_bin=2|medhigh_count_bin=0,True,529,389,140,0.2646502835538752,0.8134570123088328,timeout,74,-5.141325992435999,3.9300567107750473,"{""collision"": 65, ""fall"": 1, ""success"": 389, ""timeout"": 74}","{""collision_rod_early"": 7, ""collision_tblock_early"": 58, ""fall"": 1, ""timeout"": 74}","{""collision_rod_early"": 0.41724853038533016, ""collision_rod_late"": 0.0, ""collision_rod_mid"": 0.0, ""collision_tblock_early"": 0.6565885886777498, ""collision_tblock_late"": 0.0, ""collision_tblock_mid"": 0.0, ""fall"": 0.4191941572756391, ""timeout"": 1.253460898577924}"
start_behavior_context,start_region=x_mid__y_neg|start_theta_bin=sector_6|path_angle_bin=sector_6|near_count_bin=0|far_count_bin=2|medhigh_count_bin=0,True,571,420,151,0.26444833625218916,0.8128362857920597,collision_tblock_early,62,-7.2374536991886655,4.367775831873906,"{""collision"": 90, ""success"": 420, ""timeout"": 61}","{""collision_rod_early"": 20, ""collision_rod_late"": 1, ""collision_rod_mid"": 5, ""collision_tblock_early"": 62, ""collision_tblock_late"": 1, ""collision_tblock_mid"": 1, ""timeout"": 61}","{""collision_rod_early"": 1.1044507008948694, ""collision_rod_late"": 1.6359676007005255, ""collision_rod_mid"": 1.4705326747869891, ""collision_tblock_early"": 0.6502443544734839, ""collision_tblock_late"": 2.4693850576611704, ""collision_tblock_mid"": 0.626207694048048, ""fall"": 0.0, ""timeout"": 0.9572568215130174}"
start_behavior_context,start_region=x_neg__y_neg|start_theta_bin=sector_0|path_angle_bin=sector_5|near_count_bin=0|far_count_bin=2|medhigh_count_bin=0,True,496,365,131,0.26411290322580644,0.8118052634791159,timeout,64,-5.378388195278054,3.9576612903225805,"{""collision"": 64, ""fall"": 3, ""success"": 365, ""timeout"": 64}","{""collision_rod_early"": 27, ""collision_rod_late"": 1, ""collision_rod_mid"": 3, ""collision_tblock_early"": 33, ""fall"": 3, ""timeout"": 64}","{""collision_rod_early"": 1.71646335238873, ""collision_rod_late"": 1.883341733870968, ""collision_rod_mid"": 1.0157348677056905, ""collision_tblock_early"": 0.39843113850623885, ""collision_tblock_late"": 0.0, ""collision_tblock_mid"": 0.0, ""fall"": 1.3412522733799177, ""timeout"": 1.156200201129419}"
start_behavior_context,start_region=x_neg__y_neg|start_theta_bin=sector_1|path_angle_bin=sector_5|near_count_bin=0|far_count_bin=2|medhigh_count_bin=0,True,481,354,127,0.26403326403326405,0.811560476060949,timeout,66,-4.947593671782533,4.012474012474012,"{""collision"": 60, ""fall"": 1, ""success"": 354, ""timeout"": 66}","{""collision_rod_early"": 22, ""collision_rod_mid"": 5, ""collision_tblock_early"": 31, ""collision_tblock_mid"": 2, ""fall"": 1, ""timeout"": 66}","{""collision_rod_early"": 1.4422151460126145, ""collision_rod_late"": 0.0, ""collision_rod_mid"": 1.7456843187180267, ""collision_tblock_early"": 0.38595584865318017, ""collision_tblock_late"": 0.0, ""collision_tblock_mid"": 1.4867550657024342, ""fall"": 0.4610264224507548, ""timeout"": 1.229514351097085}"
start_behavior_context,start_region=x_pos__y_mid|start_theta_bin=sector_4|path_angle_bin=sector_7|near_count_bin=0|far_count_bin=2|medhigh_count_bin=0,True,581,428,153,0.2633390705679862,0.8094267298406688,timeout,73,-5.1296854881185,3.938037865748709,"{""collision"": 80, ""success"": 428, ""timeout"": 73}","{""collision_rod_early"": 9, ""collision_rod_late"": 1, ""collision_rod_mid"": 2, ""collision_tblock_early"": 68, ""timeout"": 73}","{""collision_rod_early"": 0.4884485500773437, ""collision_rod_late"": 1.6078098106712566, ""collision_rod_mid"": 0.5780889206907889, ""collision_tblock_early"": 0.7008963354476829, ""collision_tblock_late"": 0.0, ""collision_tblock_mid"": 0.0, ""fall"": 0.0, ""timeout"": 1.125852433371719}"
start_behavior_context,start_region=x_pos__y_neg|start_theta_bin=sector_2|path_angle_bin=sector_7|near_count_bin=0|far_count_bin=2|medhigh_count_bin=0,True,469,347,122,0.2601279317697228,0.7995566350957577,timeout,54,-5.77361329068735,3.9808102345415777,"{""collision"": 66, ""fall"": 2, ""success"": 347, ""timeout"": 54}","{""collision_rod_early"": 9, ""collision_rod_late"": 1, ""collision_rod_mid"": 3, ""collision_tblock_early"": 53, ""fall"": 2, ""timeout"": 54}","{""collision_rod_early"": 0.6050929799465602, ""collision_rod_late"": 1.991764392324094, ""collision_rod_mid"": 1.0742100093433316, ""collision_tblock_early"": 0.6767434108064875, ""collision_tblock_late"": 0.0, ""collision_tblock_mid"": 0.0, ""fall"": 0.9456448153467508, ""timeout"": 1.0317052967434155}"
start_behavior_context,start_region=x_neg__y_pos|start_theta_bin=sector_5|path_angle_bin=sector_2|near_count_bin=0|far_count_bin=2|medhigh_count_bin=0,True,502,373,129,0.25697211155378485,0.7898565733774481,collision_tblock_early,57,-5.98299393982603,4.039840637450199,"{""collision"": 81, ""success"": 373, ""timeout"": 48}","{""collision_rod_early"": 22, ""collision_rod_mid"": 1, ""collision_tblock_early"": 57, ""collision_tblock_mid"": 1, ""timeout"": 48}","{""collision_rod_early"": 1.3818834367172659, ""collision_rod_late"": 0.0, ""collision_rod_mid"": 0.33453153677425135, ""collision_tblock_early"": 0.6799737503228532, ""collision_tblock_late"": 0.0, ""collision_tblock_mid"": 0.7122800663375207, ""fall"": 0.0, ""timeout"": 0.8567858064146293}"
start_behavior_context,start_region=x_mid__y_neg|start_theta_bin=sector_6|path_angle_bin=sector_5|near_count_bin=0|far_count_bin=2|medhigh_count_bin=0,True,594,444,150,0.25252525252525254,0.7761882386568769,timeout,67,-7.477002910100903,4.531986531986532,"{""collision"": 83, ""success"": 444, ""timeout"": 67}","{""collision_rod_early"": 30, ""collision_rod_late"": 1, ""collision_rod_mid"": 5, ""collision_tblock_early"": 42, ""collision_tblock_late"": 1, ""collision_tblock_mid"": 4, ""timeout"": 67}","{""collision_rod_early"": 1.5925286621489154, ""collision_rod_late"": 1.5726220538720541, ""collision_rod_mid"": 1.4135928574130823, ""collision_tblock_early"": 0.4234321741333521, ""collision_tblock_late"": 2.3737691379200814, ""collision_tblock_mid"": 2.4078423791342454, ""fall"": 0.0, ""timeout"": 1.0107019434957085}"
start_behavior_context,start_region=x_neg__y_mid|start_theta_bin=sector_2|path_angle_bin=sector_4|near_count_bin=0|far_count_bin=2|medhigh_count_bin=0,True,535,400,135,0.2523364485981308,0.7756079110018063,timeout,90,-5.202526834086071,4.491588785046729,"{""collision"": 41, ""fall"": 4, ""success"": 400, ""timeout"": 90}","{""collision_rod_early"": 15, ""collision_rod_mid"": 5, ""collision_tblock_early"": 21, ""fall"": 4, ""timeout"": 90}","{""collision_rod_early"": 0.8840766591742577, ""collision_rod_late"": 0.0, ""collision_rod_mid"": 1.5694844061745248, ""collision_tblock_early"": 0.23506421629458987, ""collision_tblock_late"": 0.0, ""collision_tblock_mid"": 0.0, ""fall"": 1.6579716575612193, ""timeout"": 1.5073825052107848}"
start_behavior_context,start_region=x_pos__y_neg|start_theta_bin=sector_0|path_angle_bin=sector_7|near_count_bin=0|far_count_bin=2|medhigh_count_bin=0,True,506,379,127,0.2509881422924901,0.7714636145954872,timeout,57,-6.287346188058067,4.075098814229249,"{""collision"": 68, ""fall"": 2, ""success"": 379, ""timeout"": 57}","{""collision_rod_early"": 13, ""collision_rod_mid"": 8, ""collision_tblock_early"": 44, ""collision_tblock_late"": 1, ""collision_tblock_mid"": 2, ""fall"": 2, ""timeout"": 57}","{""collision_rod_early"": 0.8101124063974917, ""collision_rod_late"": 0.0, ""collision_rod_mid"": 2.655096149575876, ""collision_tblock_early"": 0.520742673778905, ""collision_tblock_late"": 2.78659855321053, ""collision_tblock_mid"": 1.413298787752709, ""fall"": 0.8764968743036089, ""timeout"": 1.0093901953535984}"
start_behavior_context,start_region=x_neg__y_mid|start_theta_bin=sector_6|path_angle_bin=sector_4|near_count_bin=0|far_count_bin=2|medhigh_count_bin=0,True,546,410,136,0.2490842490842491,0.7656116077125413,timeout,57,-7.539514611752541,4.362637362637362,"{""collision"": 72, ""fall"": 7, ""success"": 410, ""timeout"": 57}","{""collision_rod_early"": 27, ""collision_rod_late"": 1, ""collision_rod_mid"": 6, ""collision_tblock_early"": 37, ""collision_tblock_mid"": 1, ""fall"": 7, ""timeout"": 57}","{""collision_rod_early"": 1.5592780637084434, ""collision_rod_late"": 1.7108745421245422, ""collision_rod_mid"": 1.8454377083590567, ""collision_tblock_early"": 0.4058168639064544, ""collision_tblock_late"": 0.0, ""collision_tblock_mid"": 0.6548802075117864, ""fall"": 2.842996271779654, ""timeout"": 0.9354421956939941}"
start_behavior_context,start_region=x_neg__y_pos|start_theta_bin=sector_4|path_angle_bin=sector_2|near_count_bin=0|far_count_bin=2|medhigh_count_bin=0,True,504,380,124,0.24603174603174602,0.7562291125199857,timeout,63,-5.230856330549558,3.986111111111111,"{""collision"": 60, ""fall"": 1, ""success"": 380, ""timeout"": 63}","{""collision_rod_early"": 18, ""collision_tblock_early"": 42, ""fall"": 1, ""timeout"": 63}","{""collision_rod_early"": 1.1261452682338757, ""collision_rod_late"": 0.0, ""collision_rod_mid"": 0.0, ""collision_tblock_early"": 0.49904506237145063, ""collision_tblock_late"": 0.0, ""collision_tblock_mid"": 0.0, ""fall"": 0.4399875182516132, ""timeout"": 1.1200689448441248}"
start_behavior_context,start_region=x_neg__y_mid|start_theta_bin=sector_7|path_angle_bin=sector_4|near_count_bin=0|far_count_bin=2|medhigh_count_bin=0,True,548,414,134,0.24452554744525548,0.75159950175344,timeout,79,-7.378767039691617,4.572992700729927,"{""collision"": 43, ""fall"": 12, ""success"": 414, ""timeout"": 79}","{""collision_rod_early"": 19, ""collision_rod_mid"": 4, ""collision_tblock_early"": 19, ""collision_tblock_mid"": 1, ""fall"": 12, ""timeout"": 79}","{""collision_rod_early"": 1.0932651144168284, ""collision_rod_late"": 0.0, ""collision_rod_mid"": 1.225801689493972, ""collision_tblock_early"": 0.20763188726403423, ""collision_tblock_late"": 0.0, ""collision_tblock_mid"": 0.6524901337617434, ""fall"": 4.855920639390067, ""timeout"": 1.2917583451486985}"
start_behavior_context,start_region=x_neg__y_neg|start_theta_bin=sector_5|path_angle_bin=sector_5|near_count_bin=0|far_count_bin=2|medhigh_count_bin=0,True,501,379,122,0.2435129740518962,0.7484871494209787,timeout,55,-5.606009180153731,4.1337325349301395,"{""collision"": 67, ""success"": 379, ""timeout"": 55}","{""collision_rod_early"": 27, ""collision_rod_mid"": 8, ""collision_tblock_early"": 28, ""collision_tblock_late"": 1, ""collision_tblock_mid"": 3, ""timeout"": 55}","{""collision_rod_early"": 1.6993329796103993, ""collision_rod_late"": 0.0, ""collision_rod_mid"": 2.6815941151405056, ""collision_tblock_early"": 0.33468890410540403, ""collision_tblock_late"": 2.8144089180130303, ""collision_tblock_mid"": 2.1411053491103917, ""fall"": 0.0, ""timeout"": 0.9836932848930435}"
start_behavior_context,start_region=x_pos__y_pos|start_theta_bin=sector_3|path_angle_bin=sector_0|near_count_bin=0|far_count_bin=2|medhigh_count_bin=0,True,460,348,112,0.24347826086956523,0.7483804513241261,timeout,65,-5.229225615592596,4.245652173913044,"{""collision"": 45, ""fall"": 2, ""success"": 348, ""timeout"": 65}","{""collision_rod_early"": 13, ""collision_rod_late"": 2, ""collision_rod_mid"": 3, ""collision_tblock_early"": 27, ""fall"": 2, ""timeout"": 65}","{""collision_rod_early"": 0.8911236470372409, ""collision_rod_late"": 4.061467391304348, ""collision_rod_mid"": 1.0952271617000489, ""collision_tblock_early"": 0.3515013048007609, ""collision_tblock_late"": 0.0, ""collision_tblock_mid"": 0.0, ""fall"": 0.9641465617339698, ""timeout"": 1.2661648941716193}"
start_behavior_context,start_region=x_neg__y_neg|start_theta_bin=sector_1|path_angle_bin=sector_4|near_count_bin=0|far_count_bin=2|medhigh_count_bin=0,True,519,393,126,0.24277456647398843,0.7462175020428424,timeout,58,-5.1347928604965745,3.9248554913294798,"{""collision"": 67, ""fall"": 1, ""success"": 393, ""timeout"": 58}","{""collision_rod_early"": 20, ""collision_rod_mid"": 2, ""collision_tblock_early"": 44, ""collision_tblock_mid"": 1, ""fall"": 1, ""timeout"": 58}","{""collision_rod_early"": 1.2151085745876116, ""collision_rod_late"": 0.0, ""collision_rod_mid"": 0.6471477127578966, ""collision_tblock_early"": 0.5076990229906088, ""collision_tblock_late"": 0.0, ""collision_tblock_mid"": 0.6889491200413013, ""fall"": 0.4272711159900059, ""timeout"": 1.0013718504964813}"
start_behavior_context,start_region=x_pos__y_neg|start_theta_bin=sector_1|path_angle_bin=sector_7|near_count_bin=0|far_count_bin=2|medhigh_count_bin=0,True,554,421,133,0.24007220216606498,0.7379112302090323,collision_tblock_early,66,-5.53558637982909,3.9747292418772564,"{""collision"": 84, ""fall"": 1, ""success"": 421, ""timeout"": 48}","{""collision_rod_early"": 14, ""collision_rod_late"": 1, ""collision_tblock_early"": 66, ""collision_tblock_mid"": 3, ""fall"": 1, ""timeout"": 48}","{""collision_rod_early"": 0.7968392511690962, ""collision_rod_late"": 1.6861687725631769, ""collision_rod_mid"": 0.0, ""collision_tblock_early"": 0.7134362624516045, ""collision_tblock_late"": 0.0, ""collision_tblock_mid"": 1.936270360838098, ""fall"": 0.4002774534274604, ""timeout"": 0.7763654780147001}"
start_behavior_context,start_region=x_mid__y_neg|start_theta_bin=sector_3|path_angle_bin=sector_5|near_count_bin=0|far_count_bin=2|medhigh_count_bin=0,True,480,365,115,0.23958333333333334,0.7364085914257118,timeout,60,-5.324324551907164,4.19375,"{""collision"": 54, ""fall"": 1, ""success"": 365, ""timeout"": 60}","{""collision_rod_early"": 14, ""collision_rod_mid"": 3, ""collision_tblock_early"": 33, ""collision_tblock_mid"": 4, ""fall"": 1, ""timeout"": 60}","{""collision_rod_early"": 0.9196853023909984, ""collision_rod_late"": 0.0, ""collision_rod_mid"": 1.0495926966292135, ""collision_tblock_early"": 0.41171217645644675, ""collision_tblock_late"": 0.0, ""collision_tblock_mid"": 2.979704944178628, ""fall"": 0.46198689416419386, ""timeout"": 1.1200689448441248}"
start_behavior_context,start_region=x_neg__y_neg|start_theta_bin=sector_5|path_angle_bin=sector_4|near_count_bin=0|far_count_bin=2|medhigh_count_bin=0,True,507,386,121,0.23865877712031558,0.7335667779779667,timeout,73,-5.360475880270528,4.276134122287968,"{""collision"": 48, ""success"": 386, ""timeout"": 73}","{""collision_rod_early"": 20, ""collision_rod_late"": 2, ""collision_rod_mid"": 3, ""collision_tblock_early"": 22, ""collision_tblock_mid"": 1, ""timeout"": 73}","{""collision_rod_early"": 1.2438685408500403, ""collision_rod_late"": 3.6849605522682447, ""collision_rod_mid"": 0.9936972275779535, ""collision_tblock_early"": 0.2598577839567317, ""collision_tblock_late"": 0.0, ""collision_tblock_mid"": 0.7052556080896161, ""fall"": 0.0, ""timeout"": 1.2901780350867234}"
start_behavior_context,start_region=x_pos__y_mid|start_theta_bin=sector_4|path_angle_bin=sector_0|near_count_bin=0|far_count_bin=2|medhigh_count_bin=0,True,545,417,128,0.23486238532110093,0.7218977879089867,timeout,65,-4.762182265975435,4.029357798165138,"{""collision"": 63, ""success"": 417, ""timeout"": 65}","{""collision_rod_early"": 6, ""collision_rod_late"": 2, ""collision_rod_mid"": 6, ""collision_tblock_early"": 49, ""timeout"": 65}","{""collision_rod_early"": 0.3471420276390663, ""collision_rod_late"": 3.42802752293578, ""collision_rod_mid"": 1.8488238325945778, ""collision_tblock_early"": 0.5384192599530514, ""collision_tblock_late"": 0.0, ""collision_tblock_mid"": 0.0, ""fall"": 0.0, ""timeout"": 1.0686896354476052}"
start_behavior_context,start_region=x_neg__y_pos|start_theta_bin=sector_5|path_angle_bin=sector_3|near_count_bin=0|far_count_bin=2|medhigh_count_bin=0,True,488,374,114,0.2336065573770492,0.7180377427443861,timeout,56,-5.8444480169326525,4.280737704918033,"{""collision"": 57, ""fall"": 1, ""success"": 374, ""timeout"": 56}","{""collision_rod_early"": 22, ""collision_rod_mid"": 1, ""collision_tblock_early"": 33, ""collision_tblock_late"": 1, ""fall"": 1, ""timeout"": 56}","{""collision_rod_early"": 1.4215276336722695, ""collision_rod_late"": 0.0, ""collision_rod_mid"": 0.3441287529931848, ""collision_tblock_early"": 0.4049627965145378, ""collision_tblock_late"": 2.889382926074853, ""collision_tblock_mid"": 0.0, ""fall"": 0.45441333852215793, ""timeout"": 1.0282600149388685}"
start_behavior_context,start_region=x_pos__y_neg|start_theta_bin=sector_0|path_angle_bin=sector_6|near_count_bin=0|far_count_bin=2|medhigh_count_bin=0,True,496,382,114,0.22983870967741934,0.7064564888291541,timeout,51,-6.257719678307278,4.169354838709677,"{""collision"": 61, ""fall"": 2, ""success"": 382, ""timeout"": 51}","{""collision_rod_early"": 30, ""collision_rod_mid"": 3, ""collision_tblock_early"": 26, ""collision_tblock_late"": 1, ""collision_tblock_mid"": 1, ""fall"": 2, ""timeout"": 51}","{""collision_rod_early"": 1.9071815026541445, ""collision_rod_late"": 0.0, ""collision_rod_mid"": 1.0157348677056905, ""collision_tblock_early"": 0.31391544245946096, ""collision_tblock_late"": 2.842779975654291, ""collision_tblock_mid"": 0.7208963574625714, ""fall"": 0.8941681822532785, ""timeout"": 0.9213470352750058}"
start_behavior_context,start_region=x_mid__y_pos|start_theta_bin=sector_4|path_angle_bin=sector_1|near_count_bin=0|far_count_bin=2|medhigh_count_bin=0,True,536,413,123,0.2294776119402985,0.7053465807555812,timeout,57,-5.099456807225358,3.796641791044776,"{""collision"": 65, ""fall"": 1, ""success"": 413, ""timeout"": 57}","{""collision_rod_early"": 25, ""collision_rod_mid"": 2, ""collision_tblock_early"": 35, ""collision_tblock_mid"": 3, ""fall"": 1, ""timeout"": 57}","{""collision_rod_early"": 1.470712104036778, ""collision_rod_late"": 0.0, ""collision_rod_mid"": 0.6266225054502768, ""collision_tblock_early"": 0.3910427727537487, ""collision_tblock_late"": 0.0, ""collision_tblock_mid"": 2.001294365493109, ""fall"": 0.4137196067142035, ""timeout"": 0.9528944754644045}"
start_behavior_context,start_region=x_mid__y_neg|start_theta_bin=sector_2|path_angle_bin=sector_5|near_count_bin=0|far_count_bin=2|medhigh_count_bin=0,True,526,406,120,0.22813688212927757,0.7012255722618781,timeout,73,-4.350097872387898,3.9866920152091256,"{""collision"": 46, ""fall"": 1, ""success"": 406, ""timeout"": 73}","{""collision_rod_early"": 18, ""collision_tblock_early"": 27, ""collision_tblock_late"": 1, ""fall"": 1, ""timeout"": 73}","{""collision_rod_early"": 1.0790441353419646, ""collision_rod_late"": 0.0, ""collision_rod_mid"": 0.0, ""collision_tblock_early"": 0.30739657834287076, ""collision_tblock_late"": 2.6806442355979625, ""collision_tblock_mid"": 0.0, ""fall"": 0.42158499847683095, ""timeout"": 1.2435746459866328}"
start_behavior_context,start_region=x_mid__y_pos|start_theta_bin=sector_1|path_angle_bin=sector_1|near_count_bin=0|far_count_bin=2|medhigh_count_bin=0,True,582,450,132,0.2268041237113402,0.6971290654823413,timeout,69,-4.975062522097868,3.9072164948453607,"{""collision"": 63, ""success"": 450, ""timeout"": 69}","{""collision_rod_early"": 7, ""collision_tblock_early"": 54, ""collision_tblock_mid"": 2, ""timeout"": 69}","{""collision_rod_early"": 0.37925167108907154, ""collision_rod_late"": 0.0, ""collision_rod_mid"": 0.0, ""collision_tblock_early"": 0.5556378014032647, ""collision_tblock_late"": 0.0, ""collision_tblock_mid"": 1.2287443068777848, ""fall"": 0.0, ""timeout"": 1.0623334322232936}"
start_behavior_context,start_region=x_pos__y_neg|start_theta_bin=sector_1|path_angle_bin=sector_6|near_count_bin=0|far_count_bin=2|medhigh_count_bin=0,True,538,416,122,0.22676579925650558,0.6970112673976029,timeout,72,-5.4203608043552185,4.157992565055762,"{""collision"": 50, ""success"": 416, ""timeout"": 72}","{""collision_rod_early"": 5, ""collision_rod_mid"": 6, ""collision_tblock_early"": 38, ""collision_tblock_mid"": 1, ""timeout"": 72}","{""collision_rod_early"": 0.29304895455900115, ""collision_rod_late"": 0.0, ""collision_rod_mid"": 1.872879161271459, ""collision_tblock_early"": 0.42298243204717756, ""collision_tblock_late"": 0.0, ""collision_tblock_mid"": 0.6646182031625193, ""fall"": 0.0, ""timeout"": 1.1991816212457542}"
start_behavior_context,start_region=x_neg__y_mid|start_theta_bin=sector_6|path_angle_bin=sector_3|near_count_bin=0|far_count_bin=2|medhigh_count_bin=0,True,584,455,129,0.2208904109589041,0.6789520545128064,timeout,74,-7.4843864843858805,4.789383561643835,"{""collision"": 53, ""fall"": 2, ""success"": 455, ""timeout"": 74}","{""collision_rod_early"": 22, ""collision_rod_late"": 2, ""collision_rod_mid"": 3, ""collision_tblock_early"": 23, ""collision_tblock_late"": 2, ""collision_tblock_mid"": 1, ""fall"": 2, ""timeout"": 74}","{""collision_rod_early"": 1.1878518582740882, ""collision_rod_late"": 3.1991010273972607, ""collision_rod_mid"": 0.8626789287363399, ""collision_tblock_early"": 0.23585006372349382, ""collision_tblock_late"": 4.828831739467563, ""collision_tblock_mid"": 0.6122681392147866, ""fall"": 0.7594305109548393, ""timeout"": 1.1354123550474688}"
start_behavior_context,start_region=x_pos__y_mid|start_theta_bin=sector_1|path_angle_bin=sector_7|near_count_bin=0|far_count_bin=2|medhigh_count_bin=0,True,552,431,121,0.21920289855072464,0.6737651384688933,timeout,74,-4.949791268598619,4.242753623188406,"{""collision"": 46, ""fall"": 1, ""success"": 431, ""timeout"": 74}","{""collision_rod_early"": 22, ""collision_rod_late"": 2, ""collision_rod_mid"": 2, ""collision_tblock_early"": 20, ""fall"": 1, ""timeout"": 74}","{""collision_rod_early"": 1.2567128355653396, ""collision_rod_late"": 3.3845561594202898, ""collision_rod_mid"": 0.608459534277805, ""collision_tblock_early"": 0.21697611407454379, ""collision_tblock_late"": 0.0, ""collision_tblock_mid"": 0.0, ""fall"": 0.40172773405582074, ""timeout"": 1.201233361137177}"
start_behavior_context,start_region=x_pos__y_pos|start_theta_bin=sector_2|path_angle_bin=sector_0|near_count_bin=0|far_count_bin=2|medhigh_count_bin=0,True,493,385,108,0.21906693711967545,0.6733472330806756,timeout,59,-4.734007004896798,4.052738336713996,"{""collision"": 49, ""success"": 385, ""timeout"": 59}","{""collision_rod_early"": 12, ""collision_rod_mid"": 6, ""collision_tblock_early"": 30, ""collision_tblock_mid"": 1, ""timeout"": 59}","{""collision_rod_early"": 0.7675148278429661, ""collision_rod_late"": 0.0, ""collision_rod_mid"": 2.0438316202110447, ""collision_tblock_early"": 0.36441424432803704, ""collision_tblock_late"": 0.0, ""collision_tblock_mid"": 0.7252831507128508, ""fall"": 0.0, ""timeout"": 1.0723580972949835}"
start_behavior_context,start_region=x_pos__y_pos|start_theta_bin=sector_3|path_angle_bin=sector_1|near_count_bin=0|far_count_bin=2|medhigh_count_bin=0,True,505,395,110,0.21782178217821782,0.6695199935820506,timeout,49,-4.83518496827715,3.6910891089108913,"{""collision"": 60, ""fall"": 1, ""success"": 395, ""timeout"": 49}","{""collision_rod_early"": 11, ""collision_rod_late"": 1, ""collision_rod_mid"": 2, ""collision_tblock_early"": 39, ""collision_tblock_mid"": 7, ""fall"": 1, ""timeout"": 49}","{""collision_rod_early"": 0.686837114091156, ""collision_rod_late"": 1.8497772277227724, ""collision_rod_mid"": 0.6650884414284126, ""collision_tblock_early"": 0.46248136473235435, ""collision_tblock_late"": 0.0, ""collision_tblock_mid"": 4.95634089724762, ""fall"": 0.4391162558392338, ""timeout"": 0.8694396561958354}"
start_behavior_context,start_region=x_mid__y_pos|start_theta_bin=sector_1|path_angle_bin=sector_2|near_count_bin=0|far_count_bin=2|medhigh_count_bin=0,True,603,474,129,0.21393034825870647,0.6575588720323033,timeout,71,-5.374154638541018,4.006633499170813,"{""collision"": 57, ""fall"": 1, ""success"": 474, ""timeout"": 71}","{""collision_rod_early"": 8, ""collision_rod_mid"": 3, ""collision_tblock_early"": 44, ""collision_tblock_mid"": 2, ""fall"": 1, ""timeout"": 71}","{""collision_rod_early"": 0.41833588737046135, ""collision_rod_late"": 0.0, ""collision_rod_mid"": 0.8354966739337023, ""collision_tblock_early"": 0.4369747809819668, ""collision_tblock_late"": 0.0, ""collision_tblock_mid"": 1.1859522165885088, ""fall"": 0.3677507615237364, ""timeout"": 1.0550566511964556}"
start_behavior_context,start_region=x_pos__y_neg|start_theta_bin=sector_2|path_angle_bin=sector_6|near_count_bin=0|far_count_bin=2|medhigh_count_bin=0,True,539,424,115,0.21335807050092764,0.6557998587835653,timeout,57,-4.946102602152455,3.9313543599257885,"{""collision"": 45, ""fall"": 13, ""success"": 424, ""timeout"": 57}","{""collision_rod_early"": 9, ""collision_rod_mid"": 3, ""collision_tblock_early"": 31, ""collision_tblock_mid"": 2, ""fall"": 13, ""timeout"": 57}","{""collision_rod_early"": 0.5265094760573965, ""collision_rod_late"": 0.0, ""collision_rod_mid"": 0.9347022159221197, ""collision_tblock_early"": 0.3444244215253797, ""collision_tblock_late"": 0.0, ""collision_tblock_mid"": 1.3267702905433596, ""fall"": 5.3484197023832465, ""timeout"": 0.947590795638072}"
start_behavior_context,start_region=x_pos__y_mid|start_theta_bin=sector_1|path_angle_bin=sector_0|near_count_bin=0|far_count_bin=2|medhigh_count_bin=0,True,585,461,124,0.21196581196581196,0.6515204661710646,timeout,76,-4.886480189986246,4.336752136752136,"{""collision"": 45, ""fall"": 3, ""success"": 461, ""timeout"": 76}","{""collision_rod_early"": 20, ""collision_rod_mid"": 2, ""collision_tblock_early"": 19, ""collision_tblock_late"": 1, ""collision_tblock_mid"": 3, ""fall"": 3, ""timeout"": 76}","{""collision_rod_early"": 1.0780194020700349, ""collision_rod_late"": 0.0, ""collision_rod_mid"": 0.5741361759339287, ""collision_tblock_early"": 0.19449961405246283, ""collision_tblock_late"": 2.410288663118852, ""collision_tblock_mid"": 1.8336645810330021, ""fall"": 1.137198508711862, ""timeout"": 1.1641058435303038}"
start_behavior_context,start_region=x_mid__y_neg|start_theta_bin=sector_4|path_angle_bin=sector_5|near_count_bin=0|far_count_bin=2|medhigh_count_bin=0,True,548,432,116,0.2116788321167883,0.6506383746522317,timeout,84,-4.775254971542098,4.4726277372262775,"{""collision"": 31, ""fall"": 1, ""success"": 432, ""timeout"": 84}","{""collision_rod_early"": 12, ""collision_rod_mid"": 5, ""collision_tblock_early"": 10, ""collision_tblock_mid"": 4, ""fall"": 1, ""timeout"": 84}","{""collision_rod_early"": 0.6904832301579968, ""collision_rod_late"": 0.0, ""collision_rod_mid"": 1.5322521118674648, ""collision_tblock_early"": 0.10927994066528118, ""collision_tblock_late"": 0.0, ""collision_tblock_mid"": 2.6099605350469735, ""fall"": 0.4046600532825056, ""timeout"": 1.3735152024365906}"
start_behavior_context,start_region=x_mid__y_neg|start_theta_bin=sector_1|path_angle_bin=sector_5|near_count_bin=0|far_count_bin=2|medhigh_count_bin=0,True,541,427,114,0.21072088724584104,0.6476939343054722,timeout,88,-3.556965542685493,4.066543438077634,"{""collision"": 26, ""success"": 427, ""timeout"": 88}","{""collision_rod_early"": 9, ""collision_rod_late"": 1, ""collision_rod_mid"": 4, ""collision_tblock_early"": 11, ""collision_tblock_late"": 1, ""timeout"": 88}","{""collision_rod_early"": 0.5245630454619902, ""collision_rod_late"": 1.7266866913123846, ""collision_rod_mid"": 1.2416623398201418, ""collision_tblock_early"": 0.12176330542149999, ""collision_tblock_late"": 2.6063195340564294, ""collision_tblock_mid"": 0.0, ""fall"": 0.0, ""timeout"": 1.4575388857121327}"
start_behavior_context,start_region=x_mid__y_neg|start_theta_bin=sector_7|path_angle_bin=sector_6|near_count_bin=0|far_count_bin=2|medhigh_count_bin=0,True,566,447,119,0.21024734982332155,0.6462384197608951,timeout,53,-7.404703635164154,4.4734982332155475,"{""collision"": 66, ""success"": 447, ""timeout"": 53}","{""collision_rod_early"": 13, ""collision_rod_mid"": 5, ""collision_tblock_early"": 46, ""collision_tblock_mid"": 2, ""timeout"": 53}","{""collision_rod_early"": 0.7242347661433407, ""collision_rod_late"": 0.0, ""collision_rod_mid"": 1.4835232461190295, ""collision_tblock_early"": 0.48670119157074343, ""collision_tblock_late"": 0.0, ""collision_tblock_mid"": 1.2634791282736233, ""fall"": 0.0, ""timeout"": 0.839062248434468}"
start_behavior_context,start_region=x_pos__y_mid|start_theta_bin=sector_3|path_angle_bin=sector_7|near_count_bin=0|far_count_bin=2|medhigh_count_bin=0,True,576,455,121,0.21006944444444445,0.6456915910326894,timeout,68,-4.824778920851751,4.022569444444445,"{""collision"": 53, ""success"": 455, ""timeout"": 68}","{""collision_rod_early"": 6, ""collision_rod_mid"": 4, ""collision_tblock_early"": 41, ""collision_tblock_late"": 1, ""collision_tblock_mid"": 1, ""timeout"": 68}","{""collision_rod_early"": 0.3284590365682138, ""collision_rod_late"": 0.0, ""collision_rod_mid"": 1.1662141073657928, ""collision_tblock_early"": 0.4262676574422808, ""collision_tblock_late"": 2.447949423480084, ""collision_tblock_mid"": 0.6207718633705476, ""fall"": 0.0, ""timeout"": 1.0578428923527845}"
start_behavior_context,start_region=x_neg__y_mid|start_theta_bin=sector_3|path_angle_bin=sector_4|near_count_bin=0|far_count_bin=2|medhigh_count_bin=0,True,569,450,119,0.20913884007029876,0.6428311873192736,timeout,94,-4.135568756110377,4.305799648506151,"{""collision"": 25, ""success"": 450, ""timeout"": 94}","{""collision_rod_early"": 12, ""collision_rod_mid"": 2, ""collision_tblock_early"": 11, ""timeout"": 94}","{""collision_rod_early"": 0.6649996663033081, ""collision_rod_late"": 0.0, ""collision_rod_mid"": 0.590280602673723, ""collision_tblock_early"": 0.11577143801938751, ""collision_tblock_late"": 0.0, ""collision_tblock_mid"": 0.0, ""fall"": 0.0, ""timeout"": 1.4803020149785269}"
start_behavior_context,start_region=x_neg__y_mid|start_theta_bin=sector_1|path_angle_bin=sector_3|near_count_bin=0|far_count_bin=2|medhigh_count_bin=0,True,557,441,116,0.20825852782764812,0.6401253668032728,timeout,77,-5.3649679720698735,4.281867145421903,"{""collision"": 34, ""fall"": 5, ""success"": 441, ""timeout"": 77}","{""collision_rod_early"": 11, ""collision_rod_mid"": 1, ""collision_tblock_early"": 20, ""collision_tblock_mid"": 2, ""fall"": 5, ""timeout"": 77}","{""collision_rod_early"": 0.6227158754327357, ""collision_rod_late"": 0.0, ""collision_rod_mid"": 0.3014987997498639, ""collision_tblock_early"": 0.2150283931223486, ""collision_tblock_late"": 0.0, ""collision_tblock_mid"": 1.2838944104180805, ""fall"": 1.9906078025028102, ""timeout"": 1.2387117953751898}"
start_behavior_context,start_region=x_mid__y_neg|start_theta_bin=sector_4|path_angle_bin=sector_6|near_count_bin=0|far_count_bin=2|medhigh_count_bin=0,True,536,427,109,0.20335820895522388,0.6250632301004745,timeout,64,-5.342378785683563,4.451492537313433,"{""collision"": 43, ""fall"": 2, ""success"": 427, ""timeout"": 64}","{""collision_rod_early"": 15, ""collision_rod_late"": 2, ""collision_rod_mid"": 3, ""collision_tblock_early"": 21, ""collision_tblock_mid"": 2, ""fall"": 2, ""timeout"": 64}","{""collision_rod_early"": 0.8824272624220668, ""collision_rod_late"": 3.4855876865671642, ""collision_rod_mid"": 0.939933758175415, ""collision_tblock_early"": 0.2346256636522492, ""collision_tblock_late"": 0.0, ""collision_tblock_mid"": 1.3341962436620725, ""fall"": 0.827439213428407, ""timeout"": 1.0699166040302086}"
start_behavior_context,start_region=x_neg__y_pos|start_theta_bin=sector_3|path_angle_bin=sector_3|near_count_bin=0|far_count_bin=2|medhigh_count_bin=0,True,473,379,94,0.19873150105708245,0.610842092933691,timeout,50,-4.220670482173795,3.6067653276955602,"{""collision"": 43, ""fall"": 1, ""success"": 379, ""timeout"": 50}","{""collision_rod_early"": 5, ""collision_rod_late"": 2, ""collision_tblock_early"": 35, ""collision_tblock_mid"": 1, ""fall"": 1, ""timeout"": 50}","{""collision_rod_early"": 0.33331995254279617, ""collision_rod_late"": 3.9498414376321356, ""collision_rod_mid"": 0.0, ""collision_tblock_early"": 0.44312669386048475, ""collision_tblock_late"": 0.0, ""collision_tblock_mid"": 0.755950514379356, ""fall"": 0.4688239095112327, ""timeout"": 0.9472041816863633}"
start_behavior_context,start_region=x_pos__y_mid|start_theta_bin=sector_2|path_angle_bin=sector_7|near_count_bin=0|far_count_bin=2|medhigh_count_bin=0,True,544,436,108,0.19852941176470587,0.6102209299793623,timeout,64,-4.383533573123823,4.042279411764706,"{""collision"": 42, ""fall"": 2, ""success"": 436, ""timeout"": 64}","{""collision_rod_early"": 12, ""collision_rod_mid"": 1, ""collision_tblock_early"": 25, ""collision_tblock_late"": 1, ""collision_tblock_mid"": 3, ""fall"": 2, ""timeout"": 64}","{""collision_rod_early"": 0.695560312732688, ""collision_rod_late"": 0.0, ""collision_rod_mid"": 0.30870373430270986, ""collision_tblock_early"": 0.275208674101903, ""collision_tblock_late"": 2.591946448390677, ""collision_tblock_mid"": 1.971863566000563, ""fall"": 0.8152709897015187, ""timeout"": 1.0541825363238821}"
start_behavior_context,start_region=x_mid__y_neg|start_theta_bin=sector_7|path_angle_bin=sector_5|near_count_bin=0|far_count_bin=2|medhigh_count_bin=0,True,503,404,99,0.19681908548707752,0.604963890821157,timeout,55,-6.662503799115168,4.614314115308151,"{""collision"": 44, ""success"": 404, ""timeout"": 55}","{""collision_rod_early"": 12, ""collision_rod_mid"": 3, ""collision_tblock_early"": 27, ""collision_tblock_mid"": 2, ""timeout"": 55}","{""collision_rod_early"": 0.7522560837506606, ""collision_rod_late"": 0.0, ""collision_rod_mid"": 1.0015993924095874, ""collision_tblock_early"": 0.321452485503678, ""collision_tblock_late"": 0.0, ""collision_tblock_mid"": 1.4217280051746934, ""fall"": 0.0, ""timeout"": 0.9797819795853178}"
start_behavior_context,start_region=x_neg__y_mid|start_theta_bin=sector_5|path_angle_bin=sector_4|near_count_bin=0|far_count_bin=2|medhigh_count_bin=0,True,556,447,109,0.1960431654676259,0.6025789412479394,timeout,82,-6.129433569596911,4.58453237410072,"{""collision"": 26, ""fall"": 1, ""success"": 447, ""timeout"": 82}","{""collision_rod_early"": 8, ""collision_rod_late"": 1, ""collision_rod_mid"": 5, ""collision_tblock_early"": 8, ""collision_tblock_mid"": 4, ""fall"": 1, ""timeout"": 82}","{""collision_rod_early"": 0.45369881310141763, ""collision_rod_late"": 1.6801034172661873, ""collision_rod_mid"": 1.5102053188909546, ""collision_tblock_early"": 0.08616605393463897, ""collision_tblock_late"": 0.0, ""collision_tblock_mid"": 2.572407146053492, ""fall"": 0.3988376064726854, ""timeout"": 1.3215201939168089}"
start_behavior_context,start_region=x_mid__y_neg|start_theta_bin=sector_2|path_angle_bin=sector_6|near_count_bin=0|far_count_bin=2|medhigh_count_bin=0,True,583,470,113,0.19382504288164665,0.5957610858219199,timeout,71,-3.9420456433625772,3.955403087478559,"{""collision"": 39, ""fall"": 3, ""success"": 470, ""timeout"": 71}","{""collision_rod_early"": 13, ""collision_rod_mid"": 3, ""collision_tblock_early"": 20, ""collision_tblock_late"": 1, ""collision_tblock_mid"": 2, ""fall"": 3, ""timeout"": 71}","{""collision_rod_early"": 0.7031164281940495, ""collision_rod_late"": 0.0, ""collision_rod_mid"": 0.8641586524562993, ""collision_tblock_early"": 0.20543879068464524, ""collision_tblock_late"": 2.4185572348619697, ""collision_tblock_mid"": 1.2266366837098985, ""fall"": 1.141099704282057, ""timeout"": 1.0912507044107425}"
start_behavior_context,start_region=x_pos__y_mid|start_theta_bin=sector_3|path_angle_bin=sector_0|near_count_bin=0|far_count_bin=2|medhigh_count_bin=0,True,578,466,112,0.19377162629757785,0.5955968989776782,timeout,81,-4.54728832408709,4.313148788927336,"{""collision"": 29, ""fall"": 2, ""success"": 466, ""timeout"": 81}","{""collision_rod_early"": 8, ""collision_rod_mid"": 1, ""collision_tblock_early"": 18, ""collision_tblock_mid"": 2, ""fall"": 2, ""timeout"": 81}","{""collision_rod_early"": 0.4364300001460003, ""collision_rod_late"": 0.0, ""collision_rod_mid"": 0.29054469110843284, ""collision_tblock_early"": 0.18649434856787778, ""collision_tblock_late"": 0.0, ""collision_tblock_mid"": 1.2372477276866276, ""fall"": 0.7673138726602529, ""timeout"": 1.255717432974036}"
start_behavior_context,start_region=x_pos__y_pos|start_theta_bin=sector_2|path_angle_bin=sector_1|near_count_bin=0|far_count_bin=2|medhigh_count_bin=0,True,480,388,92,0.19166666666666668,0.5891268731405696,timeout,55,-4.648267733803297,3.877083333333333,"{""collision"": 36, ""fall"": 1, ""success"": 388, ""timeout"": 55}","{""collision_rod_early"": 7, ""collision_rod_mid"": 1, ""collision_tblock_early"": 26, ""collision_tblock_late"": 1, ""collision_tblock_mid"": 1, ""fall"": 1, ""timeout"": 55}","{""collision_rod_early"": 0.4598426511954992, ""collision_rod_late"": 0.0, ""collision_rod_mid"": 0.34986423220973784, ""collision_tblock_early"": 0.32437929054144293, ""collision_tblock_late"": 2.9375393081761003, ""collision_tblock_mid"": 0.744926236044657, ""fall"": 0.46198689416419386, ""timeout"": 1.0267298661071143}"
start_behavior_context,start_region=x_neg__y_mid|start_theta_bin=sector_7|path_angle_bin=sector_3|near_count_bin=0|far_count_bin=2|medhigh_count_bin=0,True,544,440,104,0.19117647058823528,0.5876201547949416,timeout,64,-6.078281550066138,4.294117647058823,"{""collision"": 33, ""fall"": 7, ""success"": 440, ""timeout"": 64}","{""collision_rod_early"": 14, ""collision_tblock_early"": 19, ""fall"": 7, ""timeout"": 64}","{""collision_rod_early"": 0.8114870315214693, ""collision_rod_late"": 0.0, ""collision_rod_mid"": 0.0, ""collision_tblock_early"": 0.20915859231744624, ""collision_tblock_late"": 0.0, ""collision_tblock_mid"": 0.0, ""fall"": 2.853448463955315, ""timeout"": 1.0541825363238821}"
start_behavior_context,start_region=x_pos__y_mid|start_theta_bin=sector_2|path_angle_bin=sector_0|near_count_bin=0|far_count_bin=2|medhigh_count_bin=0,True,536,434,102,0.19029850746268656,0.584921554772921,timeout,73,-4.202443947245977,4.231343283582089,"{""collision"": 29, ""success"": 434, ""timeout"": 73}","{""collision_rod_early"": 13, ""collision_tblock_early"": 15, ""collision_tblock_late"": 1, ""timeout"": 73}","{""collision_rod_early"": 0.7647702940991247, ""collision_rod_late"": 0.0, ""collision_rod_mid"": 0.0, ""collision_tblock_early"": 0.1675897597516066, ""collision_tblock_late"": 2.630632216277105, ""collision_tblock_mid"": 0.0, ""fall"": 0.0, ""timeout"": 1.2203736264719567}"
start_behavior_context,start_region=x_neg__y_mid|start_theta_bin=sector_1|path_angle_bin=sector_4|near_count_bin=0|far_count_bin=2|medhigh_count_bin=0,True,556,451,105,0.18884892086330934,0.5804659525782903,timeout,82,-4.457309266444538,4.095323741007194,"{""collision"": 22, ""fall"": 1, ""success"": 451, ""timeout"": 82}","{""collision_rod_early"": 8, ""collision_rod_late"": 1, ""collision_tblock_early"": 13, ""fall"": 1, ""timeout"": 82}","{""collision_rod_early"": 0.45369881310141763, ""collision_rod_late"": 1.6801034172661873, ""collision_rod_mid"": 0.0, ""collision_tblock_early"": 0.14001983764378834, ""collision_tblock_late"": 0.0, ""collision_tblock_mid"": 0.0, ""fall"": 0.3988376064726854, ""timeout"": 1.3215201939168089}"
start_behavior_context,start_region=x_neg__y_mid|start_theta_bin=sector_0|path_angle_bin=sector_4|near_count_bin=0|far_count_bin=2|medhigh_count_bin=0,True,533,433,100,0.18761726078799248,0.5766801923229329,timeout,58,-4.728458639287873,4.00562851782364,"{""collision"": 32, ""fall"": 10, ""success"": 433, ""timeout"": 58}","{""collision_rod_early"": 18, ""collision_rod_late"": 1, ""collision_tblock_early"": 11, ""collision_tblock_mid"": 2, ""fall"": 10, ""timeout"": 58}","{""collision_rod_early"": 1.0648728239960101, ""collision_rod_late"": 1.7526031894934335, ""collision_rod_mid"": 0.0, ""collision_tblock_early"": 0.12359089724771387, ""collision_tblock_late"": 0.0, ""collision_tblock_mid"": 1.3417057909997576, ""fall"": 4.160482348945836, ""timeout"": 0.975069400389632}"
start_behavior_context,start_region=x_neg__y_mid|start_theta_bin=sector_4|path_angle_bin=sector_4|near_count_bin=0|far_count_bin=2|medhigh_count_bin=0,True,560,455,105,0.1875,0.576319767202731,timeout,77,-3.5650732518274633,3.8875,"{""collision"": 28, ""success"": 455, ""timeout"": 77}","{""collision_rod_early"": 4, ""collision_rod_late"": 1, ""collision_rod_mid"": 5, ""collision_tblock_early"": 17, ""collision_tblock_mid"": 1, ""timeout"": 77}","{""collision_rod_early"": 0.22522905364677517, ""collision_rod_late"": 1.6681026785714286, ""collision_rod_mid"": 1.4994181380417335, ""collision_tblock_early"": 0.18179498700674276, ""collision_tblock_late"": 0.0, ""collision_tblock_mid"": 0.6385082023239917, ""fall"": 0.0, ""timeout"": 1.2320758393285371}"
start_behavior_context,start_region=x_mid__y_pos|start_theta_bin=sector_2|path_angle_bin=sector_2|near_count_bin=0|far_count_bin=2|medhigh_count_bin=0,True,606,494,112,0.1848184818481848,0.568077570312043,timeout,51,-4.28911132942249,3.6105610561056105,"{""collision"": 60, ""fall"": 1, ""success"": 494, ""timeout"": 51}","{""collision_rod_early"": 12, ""collision_rod_late"": 1, ""collision_rod_mid"": 4, ""collision_tblock_early"": 43, ""fall"": 1, ""timeout"": 51}","{""collision_rod_early"": 0.6243973764465055, ""collision_rod_late"": 1.5414810231023104, ""collision_rod_mid"": 1.108480735714021, ""collision_tblock_early"": 0.42492945904895807, ""collision_tblock_late"": 0.0, ""collision_tblock_mid"": 0.0, ""fall"": 0.36593021319936153, ""timeout"": 0.75410582425149}"
start_behavior_context,start_region=x_mid__y_neg|start_theta_bin=sector_5|path_angle_bin=sector_5|near_count_bin=0|far_count_bin=2|medhigh_count_bin=0,True,560,458,102,0.18214285714285713,0.5598534881397959,timeout,75,-4.597047572565181,4.1553571428571425,"{""collision"": 27, ""success"": 458, ""timeout"": 75}","{""collision_rod_early"": 7, ""collision_rod_mid"": 6, ""collision_tblock_early"": 12, ""collision_tblock_mid"": 2, ""timeout"": 75}","{""collision_rod_early"": 0.3941508438818565, ""collision_rod_late"": 0.0, ""collision_rod_mid"": 1.7993017656500803, ""collision_tblock_early"": 0.12832587318123018, ""collision_tblock_late"": 0.0, ""collision_tblock_mid"": 1.2770164046479835, ""fall"": 0.0, ""timeout"": 1.200073869475848}"
start_behavior_context,start_region=x_neg__y_mid|start_theta_bin=sector_4|path_angle_bin=sector_3|near_count_bin=0|far_count_bin=2|medhigh_count_bin=0,True,547,450,97,0.1773308957952468,0.5450629364403647,timeout,81,-3.886784870823661,4.146252285191956,"{""collision"": 16, ""success"": 450, ""timeout"": 81}","{""collision_rod_early"": 3, ""collision_rod_mid"": 2, ""collision_tblock_early"": 10, ""collision_tblock_mid"": 1, ""timeout"": 81}","{""collision_rod_early"": 0.17293638488417837, ""collision_rod_late"": 0.0, ""collision_rod_mid"": 0.6140213216112401, ""collision_tblock_early"": 0.10947972117838041, ""collision_tblock_late"": 0.0, ""collision_tblock_mid"": 0.6536829859258417, ""fall"": 0.0, ""timeout"": 1.32688240632357}"
start_behavior_context,start_region=x_neg__y_mid|start_theta_bin=sector_5|path_angle_bin=sector_3|near_count_bin=0|far_count_bin=2|medhigh_count_bin=0,True,538,444,94,0.17472118959107807,0.5370414683227431,timeout,59,-5.67456220823034,4.5315985130111525,"{""collision"": 33, ""fall"": 2, ""success"": 444, ""timeout"": 59}","{""collision_rod_early"": 17, ""collision_rod_mid"": 3, ""collision_tblock_early"": 12, ""collision_tblock_mid"": 1, ""fall"": 2, ""timeout"": 59}","{""collision_rod_early"": 0.9963664455006039, ""collision_rod_late"": 0.0, ""collision_rod_mid"": 0.9364395806357295, ""collision_tblock_early"": 0.13357339959384554, ""collision_tblock_late"": 0.0, ""collision_tblock_mid"": 0.6646182031625193, ""fall"": 0.8243632312223534, ""timeout"": 0.9826627174097154}"
start_behavior_context,start_region=x_mid__y_neg|start_theta_bin=sector_0|path_angle_bin=sector_5|near_count_bin=0|far_count_bin=2|medhigh_count_bin=0,True,538,444,94,0.17472118959107807,0.5370414683227431,timeout,69,-4.816671174176961,4.128252788104089,"{""collision"": 25, ""success"": 444, ""timeout"": 69}","{""collision_rod_early"": 10, ""collision_rod_late"": 1, ""collision_rod_mid"": 1, ""collision_tblock_early"": 12, ""collision_tblock_mid"": 1, ""timeout"": 69}","{""collision_rod_early"": 0.5860979091180023, ""collision_rod_late"": 1.736315055762082, ""collision_rod_mid"": 0.3121465268785765, ""collision_tblock_early"": 0.13357339959384554, ""collision_tblock_late"": 0.0, ""collision_tblock_mid"": 0.6646182031625193, ""fall"": 0.0, ""timeout"": 1.1492157203605147}"
start_behavior_context,start_region=x_neg__y_pos|start_theta_bin=sector_4|path_angle_bin=sector_3|near_count_bin=0|far_count_bin=2|medhigh_count_bin=0,True,537,444,93,0.17318435754189945,0.5323176993157441,timeout,59,-4.808415925694378,4.01489757914339,"{""collision"": 33, ""fall"": 1, ""success"": 444, ""timeout"": 59}","{""collision_rod_early"": 10, ""collision_rod_mid"": 2, ""collision_tblock_early"": 20, ""collision_tblock_mid"": 1, ""fall"": 1, ""timeout"": 59}","{""collision_rod_early"": 0.5871893391163597, ""collision_rod_late"": 0.0, ""collision_rod_mid"": 0.6254556106542799, ""collision_tblock_early"": 0.22303689938388857, ""collision_tblock_late"": 0.0, ""collision_tblock_mid"": 0.6658558534477381, ""fall"": 0.41294917914117885, ""timeout"": 0.984492629360199}"
start_behavior_context,start_region=x_mid__y_pos|start_theta_bin=sector_4|path_angle_bin=sector_2|near_count_bin=0|far_count_bin=2|medhigh_count_bin=0,True,600,499,101,0.16833333333333333,0.5174070798886742,timeout,58,-4.137189545268391,3.7183333333333333,"{""collision"": 40, ""fall"": 3, ""success"": 499, ""timeout"": 58}","{""collision_rod_early"": 15, ""collision_rod_mid"": 1, ""collision_tblock_early"": 24, ""fall"": 3, ""timeout"": 58}","{""collision_rod_early"": 0.7883016877637131, ""collision_rod_late"": 0.0, ""collision_rod_mid"": 0.2798913857677903, ""collision_tblock_early"": 0.23954162993829636, ""collision_tblock_late"": 0.0, ""collision_tblock_mid"": 0.0, ""fall"": 1.1087685459940655, ""timeout"": 0.8661866506794564}"
start_behavior_context,start_region=x_neg__y_mid|start_theta_bin=sector_0|path_angle_bin=sector_3|near_count_bin=0|far_count_bin=2|medhigh_count_bin=0,True,531,442,89,0.16760828625235405,0.5151784987424287,timeout,51,-4.187051394324083,3.6666666666666665,"{""collision"": 28, ""fall"": 10, ""success"": 442, ""timeout"": 51}","{""collision_rod_early"": 5, ""collision_rod_mid"": 2, ""collision_tblock_early"": 20, ""collision_tblock_late"": 1, ""fall"": 10, ""timeout"": 51}","{""collision_rod_early"": 0.29691212345149265, ""collision_rod_late"": 0.0, ""collision_rod_mid"": 0.6325229056899215, ""collision_tblock_early"": 0.22555709033737883, ""collision_tblock_late"": 2.655402764452972, ""collision_tblock_mid"": 0.0, ""fall"": 4.1761527156085325, ""timeout"": 0.8606179463209094}"
start_behavior_context,start_region=x_neg__y_mid|start_theta_bin=sector_3|path_angle_bin=sector_3|near_count_bin=0|far_count_bin=2|medhigh_count_bin=0,True,531,443,88,0.1657250470809793,0.5093899762846487,timeout,75,-3.3518048887907805,3.785310734463277,"{""collision"": 13, ""success"": 443, ""timeout"": 75}","{""collision_rod_early"": 2, ""collision_tblock_early"": 11, ""timeout"": 75}","{""collision_rod_early"": 0.11876484938059707, ""collision_rod_late"": 0.0, ""collision_rod_mid"": 0.0, ""collision_tblock_early"": 0.12405639968555836, ""collision_tblock_late"": 0.0, ""collision_tblock_mid"": 0.0, ""fall"": 0.0, ""timeout"": 1.2656146269425137}"
start_behavior_context,start_region=x_mid__y_pos|start_theta_bin=sector_3|path_angle_bin=sector_2|near_count_bin=0|far_count_bin=2|medhigh_count_bin=0,True,559,469,90,0.16100178890876565,0.4948720720166564,timeout,62,-3.5313809863909125,3.771019677996422,"{""collision"": 28, ""success"": 469, ""timeout"": 62}","{""collision_rod_early"": 9, ""collision_rod_mid"": 3, ""collision_tblock_early"": 16, ""timeout"": 62}","{""collision_rod_early"": 0.5076719277190281, ""collision_rod_late"": 0.0, ""collision_rod_mid"": 0.9012602761753533, ""collision_tblock_early"": 0.17140724861416554, ""collision_tblock_late"": 0.0, ""collision_tblock_mid"": 0.0, ""fall"": 0.0, ""timeout"": 0.9938357721693845}"
start_behavior_context,start_region=x_mid__y_neg|start_theta_bin=sector_5|path_angle_bin=sector_6|near_count_bin=0|far_count_bin=2|medhigh_count_bin=0,True,530,445,85,0.16037735849056603,0.49295275685265044,timeout,57,-4.671221946929904,4.120754716981132,"{""collision"": 28, ""success"": 445, ""timeout"": 57}","{""collision_rod_early"": 5, ""collision_rod_mid"": 2, ""collision_tblock_early"": 15, ""collision_tblock_late"": 2, ""collision_tblock_mid"": 4, ""timeout"": 57}","{""collision_rod_early"": 0.2974723350051747, ""collision_rod_late"": 0.0, ""collision_rod_mid"": 0.6337163451346195, ""collision_tblock_early"": 0.16948700231483232, ""collision_tblock_late"": 5.320825916696333, ""collision_tblock_mid"": 2.6986007041617763, ""fall"": 0.0, ""timeout"": 0.9636819600923034}"
start_behavior_context,start_region=x_mid__y_neg|start_theta_bin=sector_3|path_angle_bin=sector_6|near_count_bin=0|far_count_bin=2|medhigh_count_bin=0,True,537,451,86,0.1601489757914339,0.4922507757113333,timeout,58,-4.466762354888361,4.074487895716946,"{""collision"": 22, ""fall"": 6, ""success"": 451, ""timeout"": 58}","{""collision_rod_early"": 8, ""collision_rod_mid"": 3, ""collision_tblock_early"": 10, ""collision_tblock_mid"": 1, ""fall"": 6, ""timeout"": 58}","{""collision_rod_early"": 0.46975147129308786, ""collision_rod_late"": 0.0, ""collision_rod_mid"": 0.9381834159814199, ""collision_tblock_early"": 0.11151844969194429, ""collision_tblock_late"": 0.0, ""collision_tblock_mid"": 0.6658558534477381, ""fall"": 2.477695074847073, ""timeout"": 0.9678063136083311}"
start_behavior_context,start_region=x_mid__y_neg|start_theta_bin=sector_0|path_angle_bin=sector_6|near_count_bin=0|far_count_bin=2|medhigh_count_bin=0,True,545,458,87,0.1596330275229358,0.49066490271938934,timeout,56,-5.136808460439282,4.0715596330275226,"{""collision"": 29, ""fall"": 2, ""success"": 458, ""timeout"": 56}","{""collision_rod_early"": 12, ""collision_rod_late"": 1, ""collision_rod_mid"": 2, ""collision_tblock_early"": 14, ""fall"": 2, ""timeout"": 56}","{""collision_rod_early"": 0.6942840552781326, ""collision_rod_late"": 1.71401376146789, ""collision_rod_mid"": 0.6162746108648594, ""collision_tblock_early"": 0.1538340742723004, ""collision_tblock_late"": 0.0, ""collision_tblock_mid"": 0.0, ""fall"": 0.8137750796286718, ""timeout"": 0.9207172243856291}"
start_behavior_context,start_region=x_mid__y_pos|start_theta_bin=sector_3|path_angle_bin=sector_1|near_count_bin=0|far_count_bin=2|medhigh_count_bin=0,True,553,467,86,0.15551537070524413,0.47800843862022785,timeout,43,-3.5751356623839357,3.361663652802893,"{""collision"": 43, ""success"": 467, ""timeout"": 43}","{""collision_rod_early"": 12, ""collision_rod_mid"": 3, ""collision_tblock_early"": 28, ""timeout"": 43}","{""collision_rod_early"": 0.6842401629775449, ""collision_rod_late"": 0.0, ""collision_rod_mid"": 0.911038868683585, ""collision_tblock_early"": 0.30321725308645103, ""collision_tblock_late"": 0.0, ""collision_tblock_mid"": 0.0, ""fall"": 0.0, ""timeout"": 0.6967517486914628}"
start_behavior_context,start_region=x_neg__y_mid|start_theta_bin=sector_2|path_angle_bin=sector_3|near_count_bin=0|far_count_bin=2|medhigh_count_bin=0,True,505,429,76,0.1504950495049505,0.4625774501112349,timeout,63,-4.013382807308535,4.0574257425742575,"{""collision"": 11, ""fall"": 2, ""success"": 429, ""timeout"": 63}","{""collision_rod_early"": 4, ""collision_tblock_early"": 7, ""fall"": 2, ""timeout"": 63}","{""collision_rod_early"": 0.24975895057860217, ""collision_rod_late"": 0.0, ""collision_rod_mid"": 0.0, ""collision_tblock_early"": 0.0830094757211918, ""collision_tblock_late"": 0.0, ""collision_tblock_mid"": 0.0, ""fall"": 0.8782325116784676, ""timeout"": 1.1178509865375028}"
start_behavior_context,start_region=x_mid__y_pos|start_theta_bin=sector_2|path_angle_bin=sector_1|near_count_bin=0|far_count_bin=2|medhigh_count_bin=0,True,545,463,82,0.15045871559633028,0.46246577037919456,timeout,46,-3.798377991856629,3.638532110091743,"{""collision"": 36, ""success"": 463, ""timeout"": 46}","{""collision_rod_early"": 6, ""collision_rod_mid"": 1, ""collision_tblock_early"": 29, ""timeout"": 46}","{""collision_rod_early"": 0.3471420276390663, ""collision_rod_late"": 0.0, ""collision_rod_mid"": 0.3081373054324297, ""collision_tblock_early"": 0.3186562967069079, ""collision_tblock_late"": 0.0, ""collision_tblock_mid"": 0.0, ""fall"": 0.0, ""timeout"": 0.7563034343167668}"
start_behavior_context,start_region=x_mid__y_neg|start_theta_bin=sector_1|path_angle_bin=sector_6|near_count_bin=0|far_count_bin=2|medhigh_count_bin=0,True,576,496,80,0.1388888888888889,0.4269035312612823,timeout,64,-3.219992308668664,3.7864583333333335,"{""collision"": 14, ""fall"": 2, ""success"": 496, ""timeout"": 64}","{""collision_rod_early"": 2, ""collision_rod_mid"": 2, ""collision_tblock_early"": 10, ""fall"": 2, ""timeout"": 64}","{""collision_rod_early"": 0.10948634552273792, ""collision_rod_late"": 0.0, ""collision_rod_mid"": 0.5831070536828964, ""collision_tblock_early"": 0.10396772132738556, ""collision_tblock_late"": 0.0, ""collision_tblock_mid"": 0.0, ""fall"": 0.7699781569403231, ""timeout"": 0.9956168398614441}"
start_behavior_context,start_region=x_neg__y_pos|start_theta_bin=sector_0|path_angle_bin=sector_3|near_count_bin=1|far_count_bin=1|medhigh_count_bin=1,False,77,0,77,1.0,3.0737054250812323,collision_tblock_early,77,-10.43499640729608,1.0129870129870129,"{""collision"": 77}","{""collision_tblock_early"": 77}","{""collision_rod_early"": 0.0, ""collision_rod_late"": 0.0, ""collision_rod_mid"": 0.0, ""collision_tblock_early"": 5.988540748457408, ""collision_tblock_late"": 0.0, ""collision_tblock_mid"": 0.0, ""fall"": 0.0, ""timeout"": 0.0}"
start_behavior_context,start_region=x_pos__y_pos|start_theta_bin=sector_4|path_angle_bin=sector_1|near_count_bin=0|far_count_bin=1|medhigh_count_bin=1,False,40,0,40,1.0,3.0737054250812323,collision_tblock_early,40,-10.311876109730042,1.0,"{""collision"": 40}","{""collision_tblock_early"": 40}","{""collision_rod_early"": 0.0, ""collision_rod_late"": 0.0, ""collision_rod_mid"": 0.0, ""collision_tblock_early"": 5.9885407484574085, ""collision_tblock_late"": 0.0, ""collision_tblock_mid"": 0.0, ""fall"": 0.0, ""timeout"": 0.0}"
start_behavior_context,start_region=x_pos__y_neg|start_theta_bin=sector_2|path_angle_bin=sector_6|near_count_bin=1|far_count_bin=1|medhigh_count_bin=1,False,31,0,31,1.0,3.0737054250812323,collision_tblock_early,31,-10.614713864006958,1.064516129032258,"{""collision"": 31}","{""collision_tblock_early"": 31}","{""collision_rod_early"": 0.0, ""collision_rod_late"": 0.0, ""collision_rod_mid"": 0.0, ""collision_tblock_early"": 5.9885407484574085, ""collision_tblock_late"": 0.0, ""collision_tblock_mid"": 0.0, ""fall"": 0.0, ""timeout"": 0.0}"
start_behavior_context,start_region=x_pos__y_pos|start_theta_bin=sector_6|path_angle_bin=sector_0|near_count_bin=1|far_count_bin=0|medhigh_count_bin=2,False,28,0,28,1.0,3.0737054250812323,collision_tblock_early,28,-10.272284711554388,1.0,"{""collision"": 28}","{""collision_tblock_early"": 28}","{""collision_rod_early"": 0.0, ""collision_rod_late"": 0.0, ""collision_rod_mid"": 0.0, ""collision_tblock_early"": 5.9885407484574085, ""collision_tblock_late"": 0.0, ""collision_tblock_mid"": 0.0, ""fall"": 0.0, ""timeout"": 0.0}"
start_behavior_context,start_region=x_pos__y_pos|start_theta_bin=sector_6|path_angle_bin=sector_0|near_count_bin=0|far_count_bin=0|medhigh_count_bin=2,False,28,0,28,1.0,3.0737054250812323,collision_tblock_early,28,-10.274630917922433,1.0,"{""collision"": 28}","{""collision_tblock_early"": 28}","{""collision_rod_early"": 0.0, ""collision_rod_late"": 0.0, ""collision_rod_mid"": 0.0, ""collision_tblock_early"": 5.9885407484574085, ""collision_tblock_late"": 0.0, ""collision_tblock_mid"": 0.0, ""fall"": 0.0, ""timeout"": 0.0}"
start_behavior_context,start_region=x_pos__y_pos|start_theta_bin=sector_3|path_angle_bin=sector_1|near_count_bin=1|far_count_bin=1|medhigh_count_bin=1,False,27,0,27,1.0,3.0737054250812323,collision_tblock_early,27,-10.340808347724941,1.0,"{""collision"": 27}","{""collision_tblock_early"": 27}","{""collision_rod_early"": 0.0, ""collision_rod_late"": 0.0, ""collision_rod_mid"": 0.0, ""collision_tblock_early"": 5.9885407484574085, ""collision_tblock_late"": 0.0, ""collision_tblock_mid"": 0.0, ""fall"": 0.0, ""timeout"": 0.0}"
start_behavior_context,start_region=x_pos__y_pos|start_theta_bin=sector_6|path_angle_bin=sector_0|near_count_bin=0|far_count_bin=1|medhigh_count_bin=1,False,27,0,27,1.0,3.0737054250812323,collision_tblock_early,27,-10.271795265175918,1.0,"{""collision"": 27}","{""collision_tblock_early"": 27}","{""collision_rod_early"": 0.0, ""collision_rod_late"": 0.0, ""collision_rod_mid"": 0.0, ""collision_tblock_early"": 5.9885407484574085, ""collision_tblock_late"": 0.0, ""collision_tblock_mid"": 0.0, ""fall"": 0.0, ""timeout"": 0.0}"
start_behavior_context,start_region=x_neg__y_neg|start_theta_bin=sector_2|path_angle_bin=sector_5|near_count_bin=1|far_count_bin=1|medhigh_count_bin=1,False,27,0,27,1.0,3.0737054250812323,collision_tblock_early,27,-10.28576813290426,1.0,"{""collision"": 27}","{""collision_tblock_early"": 27}","{""collision_rod_early"": 0.0, ""collision_rod_late"": 0.0, ""collision_rod_mid"": 0.0, ""collision_tblock_early"": 5.9885407484574085, ""collision_tblock_late"": 0.0, ""collision_tblock_mid"": 0.0, ""fall"": 0.0, ""timeout"": 0.0}"
start_behavior_context,start_region=x_pos__y_pos|start_theta_bin=sector_2|path_angle_bin=sector_0|near_count_bin=1|far_count_bin=1|medhigh_count_bin=1,False,24,0,24,1.0,3.0737054250812323,collision_tblock_early,24,-10.311799315305604,1.0,"{""collision"": 24}","{""collision_tblock_early"": 24}","{""collision_rod_early"": 0.0, ""collision_rod_late"": 0.0, ""collision_rod_mid"": 0.0, ""collision_tblock_early"": 5.988540748457409, ""collision_tblock_late"": 0.0, ""collision_tblock_mid"": 0.0, ""fall"": 0.0, ""timeout"": 0.0}"
start_behavior_context,start_region=x_neg__y_pos|start_theta_bin=sector_0|path_angle_bin=sector_2|near_count_bin=0|far_count_bin=1|medhigh_count_bin=1,False,24,0,24,1.0,3.0737054250812323,collision_tblock_early,24,-10.329260831367966,1.0,"{""collision"": 24}","{""collision_tblock_early"": 24}","{""collision_rod_early"": 0.0, ""collision_rod_late"": 0.0, ""collision_rod_mid"": 0.0, ""collision_tblock_early"": 5.988540748457409, ""collision_tblock_late"": 0.0, ""collision_tblock_mid"": 0.0, ""fall"": 0.0, ""timeout"": 0.0}"
start_behavior_context,start_region=x_pos__y_neg|start_theta_bin=sector_1|path_angle_bin=sector_7|near_count_bin=1|far_count_bin=1|medhigh_count_bin=1,False,23,0,23,1.0,3.0737054250812323,collision_tblock_early,23,-10.265638501196355,1.0,"{""collision"": 23}","{""collision_tblock_early"": 23}","{""collision_rod_early"": 0.0, ""collision_rod_late"": 0.0, ""collision_rod_mid"": 0.0, ""collision_tblock_early"": 5.988540748457408, ""collision_tblock_late"": 0.0, ""collision_tblock_mid"": 0.0, ""fall"": 0.0, ""timeout"": 0.0}"
start_behavior_context,start_region=x_neg__y_pos|start_theta_bin=sector_3|path_angle_bin=sector_2|near_count_bin=1|far_count_bin=1|medhigh_count_bin=1,False,23,0,23,1.0,3.0737054250812323,collision_tblock_early,23,-10.293551472339384,1.0,"{""collision"": 23}","{""collision_tblock_early"": 23}","{""collision_rod_early"": 0.0, ""collision_rod_late"": 0.0, ""collision_rod_mid"": 0.0, ""collision_tblock_early"": 5.988540748457408, ""collision_tblock_late"": 0.0, ""collision_tblock_mid"": 0.0, ""fall"": 0.0, ""timeout"": 0.0}"
start_behavior_context,start_region=x_pos__y_pos|start_theta_bin=sector_4|path_angle_bin=sector_1|near_count_bin=1|far_count_bin=1|medhigh_count_bin=1,False,22,0,22,1.0,3.0737054250812323,collision_tblock_early,22,-10.309105795288612,1.0,"{""collision"": 22}","{""collision_tblock_early"": 22}","{""collision_rod_early"": 0.0, ""collision_rod_late"": 0.0, ""collision_rod_mid"": 0.0, ""collision_tblock_early"": 5.9885407484574085, ""collision_tblock_late"": 0.0, ""collision_tblock_mid"": 0.0, ""fall"": 0.0, ""timeout"": 0.0}"
start_behavior_context,start_region=x_neg__y_neg|start_theta_bin=sector_3|path_angle_bin=sector_4|near_count_bin=1|far_count_bin=1|medhigh_count_bin=1,False,22,0,22,1.0,3.0737054250812323,collision_tblock_early,22,-10.278420701444583,1.0,"{""collision"": 22}","{""collision_tblock_early"": 22}","{""collision_rod_early"": 0.0, ""collision_rod_late"": 0.0, ""collision_rod_mid"": 0.0, ""collision_tblock_early"": 5.9885407484574085, ""collision_tblock_late"": 0.0, ""collision_tblock_mid"": 0.0, ""fall"": 0.0, ""timeout"": 0.0}"
start_behavior_context,start_region=x_pos__y_neg|start_theta_bin=sector_4|path_angle_bin=sector_6|near_count_bin=0|far_count_bin=1|medhigh_count_bin=1,False,22,0,22,1.0,3.0737054250812323,collision_tblock_early,20,-10.258496817817486,1.0,"{""collision"": 22}","{""collision_rod_early"": 2, ""collision_tblock_early"": 20}","{""collision_rod_early"": 2.8665515918680478, ""collision_rod_late"": 0.0, ""collision_rod_mid"": 0.0, ""collision_tblock_early"": 5.444127953143099, ""collision_tblock_late"": 0.0, ""collision_tblock_mid"": 0.0, ""fall"": 0.0, ""timeout"": 0.0}"
start_behavior_context,start_region=x_neg__y_pos|start_theta_bin=sector_5|path_angle_bin=sector_3|near_count_bin=1|far_count_bin=1|medhigh_count_bin=1,False,21,0,21,1.0,3.0737054250812323,collision_tblock_early,21,-11.092236004571252,1.2380952380952381,"{""collision"": 21}","{""collision_tblock_early"": 21}","{""collision_rod_early"": 0.0, ""collision_rod_late"": 0.0, ""collision_rod_mid"": 0.0, ""collision_tblock_early"": 5.9885407484574085, ""collision_tblock_late"": 0.0, ""collision_tblock_mid"": 0.0, ""fall"": 0.0, ""timeout"": 0.0}"
start_behavior_context,start_region=x_pos__y_pos|start_theta_bin=sector_5|path_angle_bin=sector_1|near_count_bin=0|far_count_bin=1|medhigh_count_bin=1,False,20,0,20,1.0,3.0737054250812323,collision_tblock_early,20,-10.274219464542783,1.0,"{""collision"": 20}","{""collision_tblock_early"": 20}","{""collision_rod_early"": 0.0, ""collision_rod_late"": 0.0, ""collision_rod_mid"": 0.0, ""collision_tblock_early"": 5.9885407484574085, ""collision_tblock_late"": 0.0, ""collision_tblock_mid"": 0.0, ""fall"": 0.0, ""timeout"": 0.0}"
start_behavior_context,start_region=x_pos__y_pos|start_theta_bin=sector_3|path_angle_bin=sector_0|near_count_bin=0|far_count_bin=1|medhigh_count_bin=1,False,20,0,20,1.0,3.0737054250812323,collision_tblock_early,20,-10.355671605720726,1.0,"{""collision"": 20}","{""collision_tblock_early"": 20}","{""collision_rod_early"": 0.0, ""collision_rod_late"": 0.0, ""collision_rod_mid"": 0.0, ""collision_tblock_early"": 5.9885407484574085, ""collision_tblock_late"": 0.0, ""collision_tblock_mid"": 0.0, ""fall"": 0.0, ""timeout"": 0.0}"
start_behavior_context,start_region=x_pos__y_pos|start_theta_bin=sector_4|path_angle_bin=sector_0|near_count_bin=0|far_count_bin=1|medhigh_count_bin=1,False,20,0,20,1.0,3.0737054250812323,collision_tblock_early,20,-10.285753832533539,1.0,"{""collision"": 20}","{""collision_tblock_early"": 20}","{""collision_rod_early"": 0.0, ""collision_rod_late"": 0.0, ""collision_rod_mid"": 0.0, ""collision_tblock_early"": 5.9885407484574085, ""collision_tblock_late"": 0.0, ""collision_tblock_mid"": 0.0, ""fall"": 0.0, ""timeout"": 0.0}"
start_behavior_context,start_region=x_neg__y_pos|start_theta_bin=sector_5|path_angle_bin=sector_2|near_count_bin=1|far_count_bin=1|medhigh_count_bin=1,False,17,0,17,1.0,3.0737054250812323,collision_tblock_early,17,-10.482891486798012,1.0588235294117647,"{""collision"": 17}","{""collision_tblock_early"": 17}","{""collision_rod_early"": 0.0, ""collision_rod_late"": 0.0, ""collision_rod_mid"": 0.0, ""collision_tblock_early"": 5.988540748457409, ""collision_tblock_late"": 0.0, ""collision_tblock_mid"": 0.0, ""fall"": 0.0, ""timeout"": 0.0}"
start_behavior_context,start_region=x_neg__y_pos|start_theta_bin=sector_4|path_angle_bin=sector_3|near_count_bin=1|far_count_bin=1|medhigh_count_bin=1,False,17,0,17,1.0,3.0737054250812323,collision_tblock_early,17,-10.313900364511698,1.0,"{""collision"": 17}","{""collision_tblock_early"": 17}","{""collision_rod_early"": 0.0, ""collision_rod_late"": 0.0, ""collision_rod_mid"": 0.0, ""collision_tblock_early"": 5.988540748457409, ""collision_tblock_late"": 0.0, ""collision_tblock_mid"": 0.0, ""fall"": 0.0, ""timeout"": 0.0}"
start_behavior_context,start_region=x_pos__y_neg|start_theta_bin=sector_5|path_angle_bin=sector_6|near_count_bin=0|far_count_bin=1|medhigh_count_bin=1,False,17,0,17,1.0,3.0737054250812323,collision_tblock_early,17,-10.27860622198003,1.0,"{""collision"": 17}","{""collision_tblock_early"": 17}","{""collision_rod_early"": 0.0, ""collision_rod_late"": 0.0, ""collision_rod_mid"": 0.0, ""collision_tblock_early"": 5.988540748457409, ""collision_tblock_late"": 0.0, ""collision_tblock_mid"": 0.0, ""fall"": 0.0, ""timeout"": 0.0}"
start_behavior_context,start_region=x_pos__y_neg|start_theta_bin=sector_4|path_angle_bin=sector_7|near_count_bin=0|far_count_bin=1|medhigh_count_bin=1,False,17,0,17,1.0,3.0737054250812323,collision_tblock_early,17,-10.261418228440354,1.0,"{""collision"": 17}","{""collision_tblock_early"": 17}","{""collision_rod_early"": 0.0, ""collision_rod_late"": 0.0, ""collision_rod_mid"": 0.0, ""collision_tblock_early"": 5.988540748457409, ""collision_tblock_late"": 0.0, ""collision_tblock_mid"": 0.0, ""fall"": 0.0, ""timeout"": 0.0}"
start_behavior_context,start_region=x_pos__y_pos|start_theta_bin=sector_2|path_angle_bin=sector_1|near_count_bin=0|far_count_bin=1|medhigh_count_bin=1,False,16,0,16,1.0,3.0737054250812323,collision_tblock_early,16,-10.309160745207041,1.0,"{""collision"": 16}","{""collision_tblock_early"": 16}","{""collision_rod_early"": 0.0, ""collision_rod_late"": 0.0, ""collision_rod_mid"": 0.0, ""collision_tblock_early"": 5.9885407484574085, ""collision_tblock_late"": 0.0, ""collision_tblock_mid"": 0.0, ""fall"": 0.0, ""timeout"": 0.0}"
start_behavior_context,start_region=x_pos__y_pos|start_theta_bin=sector_7|path_angle_bin=sector_0|near_count_bin=0|far_count_bin=0|medhigh_count_bin=2,False,16,0,16,1.0,3.0737054250812323,collision_tblock_early,16,-10.284872969164457,1.0,"{""collision"": 16}","{""collision_tblock_early"": 16}","{""collision_rod_early"": 0.0, ""collision_rod_late"": 0.0, ""collision_rod_mid"": 0.0, ""collision_tblock_early"": 5.9885407484574085, ""collision_tblock_late"": 0.0, ""collision_tblock_mid"": 0.0, ""fall"": 0.0, ""timeout"": 0.0}"
start_behavior_context,start_region=x_pos__y_pos|start_theta_bin=sector_1|path_angle_bin=sector_1|near_count_bin=0|far_count_bin=1|medhigh_count_bin=1,False,13,0,13,1.0,3.0737054250812323,collision_tblock_early,13,-10.271487248664677,1.0,"{""collision"": 13}","{""collision_tblock_early"": 13}","{""collision_rod_early"": 0.0, ""collision_rod_late"": 0.0, ""collision_rod_mid"": 0.0, ""collision_tblock_early"": 5.9885407484574085, ""collision_tblock_late"": 0.0, ""collision_tblock_mid"": 0.0, ""fall"": 0.0, ""timeout"": 0.0}"
start_behavior_context,start_region=x_neg__y_pos|start_theta_bin=sector_0|path_angle_bin=sector_3|near_count_bin=0|far_count_bin=1|medhigh_count_bin=1,False,13,0,13,1.0,3.0737054250812323,collision_tblock_early,13,-10.348251258314972,1.0,"{""collision"": 13}","{""collision_tblock_early"": 13}","{""collision_rod_early"": 0.0, ""collision_rod_late"": 0.0, ""collision_rod_mid"": 0.0, ""collision_tblock_early"": 5.9885407484574085, ""collision_tblock_late"": 0.0, ""collision_tblock_mid"": 0.0, ""fall"": 0.0, ""timeout"": 0.0}"
start_behavior_context,start_region=x_pos__y_pos|start_theta_bin=sector_5|path_angle_bin=sector_0|near_count_bin=1|far_count_bin=0|medhigh_count_bin=2,False,13,0,13,1.0,3.0737054250812323,collision_tblock_early,13,-10.248551274457574,1.0,"{""collision"": 13}","{""collision_tblock_early"": 13}","{""collision_rod_early"": 0.0, ""collision_rod_late"": 0.0, ""collision_rod_mid"": 0.0, ""collision_tblock_early"": 5.9885407484574085, ""collision_tblock_late"": 0.0, ""collision_tblock_mid"": 0.0, ""fall"": 0.0, ""timeout"": 0.0}"
start_behavior_context,start_region=x_pos__y_neg|start_theta_bin=sector_3|path_angle_bin=sector_6|near_count_bin=0|far_count_bin=1|medhigh_count_bin=1,False,12,0,12,1.0,3.0737054250812323,collision_tblock_early,12,-10.255138504187546,1.0,"{""collision"": 12}","{""collision_tblock_early"": 12}","{""collision_rod_early"": 0.0, ""collision_rod_late"": 0.0, ""collision_rod_mid"": 0.0, ""collision_tblock_early"": 5.988540748457409, ""collision_tblock_late"": 0.0, ""collision_tblock_mid"": 0.0, ""fall"": 0.0, ""timeout"": 0.0}"
start_behavior_context,start_region=x_pos__y_pos|start_theta_bin=sector_4|path_angle_bin=sector_0|near_count_bin=1|far_count_bin=0|medhigh_count_bin=2,False,12,0,12,1.0,3.0737054250812323,collision_tblock_early,12,-10.286263749595987,1.0,"{""collision"": 12}","{""collision_tblock_early"": 12}","{""collision_rod_early"": 0.0, ""collision_rod_late"": 0.0, ""collision_rod_mid"": 0.0, ""collision_tblock_early"": 5.988540748457409, ""collision_tblock_late"": 0.0, ""collision_tblock_mid"": 0.0, ""fall"": 0.0, ""timeout"": 0.0}"
start_behavior_context,start_region=x_neg__y_neg|start_theta_bin=sector_1|path_angle_bin=sector_5|near_count_bin=1|far_count_bin=1|medhigh_count_bin=1,False,12,0,12,1.0,3.0737054250812323,collision_tblock_early,12,-10.278079698752043,1.0,"{""collision"": 12}","{""collision_tblock_early"": 12}","{""collision_rod_early"": 0.0, ""collision_rod_late"": 0.0, ""collision_rod_mid"": 0.0, ""collision_tblock_early"": 5.988540748457409, ""collision_tblock_late"": 0.0, ""collision_tblock_mid"": 0.0, ""fall"": 0.0, ""timeout"": 0.0}"
start_behavior_context,start_region=x_pos__y_pos|start_theta_bin=sector_1|path_angle_bin=sector_0|near_count_bin=0|far_count_bin=0|medhigh_count_bin=2,False,12,0,12,1.0,3.0737054250812323,collision_tblock_early,12,-10.281030015632739,1.0,"{""collision"": 12}","{""collision_tblock_early"": 12}","{""collision_rod_early"": 0.0, ""collision_rod_late"": 0.0, ""collision_rod_mid"": 0.0, ""collision_tblock_early"": 5.988540748457409, ""collision_tblock_late"": 0.0, ""collision_tblock_mid"": 0.0, ""fall"": 0.0, ""timeout"": 0.0}"
start_behavior_context,start_region=x_pos__y_pos|start_theta_bin=sector_6|path_angle_bin=sector_1|near_count_bin=1|far_count_bin=0|medhigh_count_bin=2,False,11,0,11,1.0,3.0737054250812323,collision_tblock_early,11,-10.280150141351237,1.0,"{""collision"": 11}","{""collision_tblock_early"": 11}","{""collision_rod_early"": 0.0, ""collision_rod_late"": 0.0, ""collision_rod_mid"": 0.0, ""collision_tblock_early"": 5.9885407484574085, ""collision_tblock_late"": 0.0, ""collision_tblock_mid"": 0.0, ""fall"": 0.0, ""timeout"": 0.0}"
start_behavior_context,start_region=x_pos__y_neg|start_theta_bin=sector_6|path_angle_bin=sector_7|near_count_bin=0|far_count_bin=1|medhigh_count_bin=1,False,11,0,11,1.0,3.0737054250812323,collision_tblock_early,11,-10.276658079042853,1.0,"{""collision"": 11}","{""collision_tblock_early"": 11}","{""collision_rod_early"": 0.0, ""collision_rod_late"": 0.0, ""collision_rod_mid"": 0.0, ""collision_tblock_early"": 5.9885407484574085, ""collision_tblock_late"": 0.0, ""collision_tblock_mid"": 0.0, ""fall"": 0.0, ""timeout"": 0.0}"
start_behavior_context,start_region=x_pos__y_pos|start_theta_bin=sector_6|path_angle_bin=sector_1|near_count_bin=0|far_count_bin=0|medhigh_count_bin=2,False,11,0,11,1.0,3.0737054250812323,collision_tblock_early,11,-10.2814944167583,1.0,"{""collision"": 11}","{""collision_tblock_early"": 11}","{""collision_rod_early"": 0.0, ""collision_rod_late"": 0.0, ""collision_rod_mid"": 0.0, ""collision_tblock_early"": 5.9885407484574085, ""collision_tblock_late"": 0.0, ""collision_tblock_mid"": 0.0, ""fall"": 0.0, ""timeout"": 0.0}"
start_behavior_context,start_region=x_pos__y_mid|start_theta_bin=sector_6|path_angle_bin=sector_0|near_count_bin=0|far_count_bin=2|medhigh_count_bin=1,False,10,0,10,1.0,3.0737054250812323,collision_tblock_early,10,-10.97327999895435,1.1,"{""collision"": 10}","{""collision_tblock_early"": 10}","{""collision_rod_early"": 0.0, ""collision_rod_late"": 0.0, ""collision_rod_mid"": 0.0, ""collision_tblock_early"": 5.9885407484574085, ""collision_tblock_late"": 0.0, ""collision_tblock_mid"": 0.0, ""fall"": 0.0, ""timeout"": 0.0}"
start_behavior_context,start_region=x_pos__y_pos|start_theta_bin=sector_6|path_angle_bin=sector_0|near_count_bin=2|far_count_bin=0|medhigh_count_bin=2,False,10,0,10,1.0,3.0737054250812323,collision_tblock_early,8,-10.276713491928032,1.0,"{""collision"": 10}","{""collision_rod_early"": 2, ""collision_tblock_early"": 8}","{""collision_rod_early"": 6.306413502109704, ""collision_rod_late"": 0.0, ""collision_rod_mid"": 0.0, ""collision_tblock_early"": 4.790832598765927, ""collision_tblock_late"": 0.0, ""collision_tblock_mid"": 0.0, ""fall"": 0.0, ""timeout"": 0.0}"
start_behavior_context,start_region=x_pos__y_pos|start_theta_bin=sector_5|path_angle_bin=sector_1|near_count_bin=2|far_count_bin=0|medhigh_count_bin=2,False,10,0,10,1.0,3.0737054250812323,collision_tblock_early,10,-10.270212052356797,1.0,"{""collision"": 10}","{""collision_tblock_early"": 10}","{""collision_rod_early"": 0.0, ""collision_rod_late"": 0.0, ""collision_rod_mid"": 0.0, ""collision_tblock_early"": 5.9885407484574085, ""collision_tblock_late"": 0.0, ""collision_tblock_mid"": 0.0, ""fall"": 0.0, ""timeout"": 0.0}"
start_behavior_context,start_region=x_neg__y_pos|start_theta_bin=sector_1|path_angle_bin=sector_3|near_count_bin=1|far_count_bin=0|medhigh_count_bin=2,False,10,0,10,1.0,3.0737054250812323,collision_tblock_early,10,-10.310372427900273,1.0,"{""collision"": 10}","{""collision_tblock_early"": 10}","{""collision_rod_early"": 0.0, ""collision_rod_late"": 0.0, ""collision_rod_mid"": 0.0, ""collision_tblock_early"": 5.9885407484574085, ""collision_tblock_late"": 0.0, ""collision_tblock_mid"": 0.0, ""fall"": 0.0, ""timeout"": 0.0}"
start_behavior_context,start_region=x_neg__y_pos|start_theta_bin=sector_2|path_angle_bin=sector_3|near_count_bin=0|far_count_bin=1|medhigh_count_bin=1,False,10,0,10,1.0,3.0737054250812323,collision_tblock_early,10,-10.283016780509744,1.0,"{""collision"": 10}","{""collision_tblock_early"": 10}","{""collision_rod_early"": 0.0, ""collision_rod_late"": 0.0, ""collision_rod_mid"": 0.0, ""collision_tblock_early"": 5.9885407484574085, ""collision_tblock_late"": 0.0, ""collision_tblock_mid"": 0.0, ""fall"": 0.0, ""timeout"": 0.0}"
start_behavior_context,start_region=x_pos__y_pos|start_theta_bin=sector_6|path_angle_bin=sector_1|near_count_bin=2|far_count_bin=0|medhigh_count_bin=2,False,8,0,8,1.0,3.0737054250812323,collision_tblock_early,8,-10.284696062221846,1.0,"{""collision"": 8}","{""collision_tblock_early"": 8}","{""collision_rod_early"": 0.0, ""collision_rod_late"": 0.0, ""collision_rod_mid"": 0.0, ""collision_tblock_early"": 5.9885407484574085, ""collision_tblock_late"": 0.0, ""collision_tblock_mid"": 0.0, ""fall"": 0.0, ""timeout"": 0.0}"
start_behavior_context,start_region=x_pos__y_pos|start_theta_bin=sector_5|path_angle_bin=sector_0|near_count_bin=2|far_count_bin=0|medhigh_count_bin=2,False,8,0,8,1.0,3.0737054250812323,collision_tblock_early,8,-10.254250088346787,1.0,"{""collision"": 8}","{""collision_tblock_early"": 8}","{""collision_rod_early"": 0.0, ""collision_rod_late"": 0.0, ""collision_rod_mid"": 0.0, ""collision_tblock_early"": 5.9885407484574085, ""collision_tblock_late"": 0.0, ""collision_tblock_mid"": 0.0, ""fall"": 0.0, ""timeout"": 0.0}"
start_behavior_context,start_region=x_pos__y_pos|start_theta_bin=sector_3|path_angle_bin=sector_1|near_count_bin=0|far_count_bin=1|medhigh_count_bin=1,False,8,0,8,1.0,3.0737054250812323,collision_tblock_early,8,-10.34491665758592,1.0,"{""collision"": 8}","{""collision_tblock_early"": 8}","{""collision_rod_early"": 0.0, ""collision_rod_late"": 0.0, ""collision_rod_mid"": 0.0, ""collision_tblock_early"": 5.9885407484574085, ""collision_tblock_late"": 0.0, ""collision_tblock_mid"": 0.0, ""fall"": 0.0, ""timeout"": 0.0}"
start_behavior_context,start_region=x_pos__y_pos|start_theta_bin=sector_5|path_angle_bin=sector_1|near_count_bin=1|far_count_bin=0|medhigh_count_bin=2,False,8,0,8,1.0,3.0737054250812323,collision_tblock_early,8,-10.274399144710006,1.0,"{""collision"": 8}","{""collision_tblock_early"": 8}","{""collision_rod_early"": 0.0, ""collision_rod_late"": 0.0, ""collision_rod_mid"": 0.0, ""collision_tblock_early"": 5.9885407484574085, ""collision_tblock_late"": 0.0, ""collision_tblock_mid"": 0.0, ""fall"": 0.0, ""timeout"": 0.0}"
start_behavior_context,start_region=x_pos__y_pos|start_theta_bin=sector_1|path_angle_bin=sector_0|near_count_bin=1|far_count_bin=0|medhigh_count_bin=2,False,8,0,8,1.0,3.0737054250812323,collision_tblock_early,8,-10.276444853499955,1.0,"{""collision"": 8}","{""collision_tblock_early"": 8}","{""collision_rod_early"": 0.0, ""collision_rod_late"": 0.0, ""collision_rod_mid"": 0.0, ""collision_tblock_early"": 5.9885407484574085, ""collision_tblock_late"": 0.0, ""collision_tblock_mid"": 0.0, ""fall"": 0.0, ""timeout"": 0.0}"
start_behavior_context,start_region=x_pos__y_neg|start_theta_bin=sector_2|path_angle_bin=sector_7|near_count_bin=0|far_count_bin=1|medhigh_count_bin=1,False,8,0,8,1.0,3.0737054250812323,collision_tblock_early,8,-10.246055490773548,1.0,"{""collision"": 8}","{""collision_tblock_early"": 8}","{""collision_rod_early"": 0.0, ""collision_rod_late"": 0.0, ""collision_rod_mid"": 0.0, ""collision_tblock_early"": 5.9885407484574085, ""collision_tblock_late"": 0.0, ""collision_tblock_mid"": 0.0, ""fall"": 0.0, ""timeout"": 0.0}"
start_behavior_context,start_region=x_pos__y_neg|start_theta_bin=sector_5|path_angle_bin=sector_7|near_count_bin=0|far_count_bin=0|medhigh_count_bin=2,False,8,0,8,1.0,3.0737054250812323,collision_tblock_early,8,-10.239725654917272,1.0,"{""collision"": 8}","{""collision_tblock_early"": 8}","{""collision_rod_early"": 0.0, ""collision_rod_late"": 0.0, ""collision_rod_mid"": 0.0, ""collision_tblock_early"": 5.9885407484574085, ""collision_tblock_late"": 0.0, ""collision_tblock_mid"": 0.0, ""fall"": 0.0, ""timeout"": 0.0}"
start_behavior_context,start_region=x_pos__y_pos|start_theta_bin=sector_6|path_angle_bin=sector_1|near_count_bin=0|far_count_bin=2|medhigh_count_bin=1,False,7,0,7,1.0,3.0737054250812323,collision_tblock_early,7,-10.296503726048867,1.0,"{""collision"": 7}","{""collision_tblock_early"": 7}","{""collision_rod_early"": 0.0, ""collision_rod_late"": 0.0, ""collision_rod_mid"": 0.0, ""collision_tblock_early"": 5.9885407484574085, ""collision_tblock_late"": 0.0, ""collision_tblock_mid"": 0.0, ""fall"": 0.0, ""timeout"": 0.0}"
start_behavior_context,start_region=x_pos__y_pos|start_theta_bin=sector_0|path_angle_bin=sector_1|near_count_bin=2|far_count_bin=0|medhigh_count_bin=2,False,7,0,7,1.0,3.0737054250812323,collision_tblock_early,7,-10.257821762382715,1.0,"{""collision"": 7}","{""collision_tblock_early"": 7}","{""collision_rod_early"": 0.0, ""collision_rod_late"": 0.0, ""collision_rod_mid"": 0.0, ""collision_tblock_early"": 5.9885407484574085, ""collision_tblock_late"": 0.0, ""collision_tblock_mid"": 0.0, ""fall"": 0.0, ""timeout"": 0.0}"
start_behavior_context,start_region=x_pos__y_pos|start_theta_bin=sector_0|path_angle_bin=sector_0|near_count_bin=1|far_count_bin=0|medhigh_count_bin=2,False,7,0,7,1.0,3.0737054250812323,collision_tblock_early,7,-10.275162375747298,1.0,"{""collision"": 7}","{""collision_tblock_early"": 7}","{""collision_rod_early"": 0.0, ""collision_rod_late"": 0.0, ""collision_rod_mid"": 0.0, ""collision_tblock_early"": 5.9885407484574085, ""collision_tblock_late"": 0.0, ""collision_tblock_mid"": 0.0, ""fall"": 0.0, ""timeout"": 0.0}"
start_behavior_context,start_region=x_neg__y_neg|start_theta_bin=sector_4|path_angle_bin=sector_5|near_count_bin=1|far_count_bin=1|medhigh_count_bin=1,False,7,0,7,1.0,3.0737054250812323,collision_tblock_early,7,-10.277008388085187,1.0,"{""collision"": 7}","{""collision_tblock_early"": 7}","{""collision_rod_early"": 0.0, ""collision_rod_late"": 0.0, ""collision_rod_mid"": 0.0, ""collision_tblock_early"": 5.9885407484574085, ""collision_tblock_late"": 0.0, ""collision_tblock_mid"": 0.0, ""fall"": 0.0, ""timeout"": 0.0}"
start_behavior_context,start_region=x_neg__y_pos|start_theta_bin=sector_0|path_angle_bin=sector_2|near_count_bin=1|far_count_bin=0|medhigh_count_bin=2,False,7,0,7,1.0,3.0737054250812323,collision_tblock_early,7,-10.317248381444013,1.0,"{""collision"": 7}","{""collision_tblock_early"": 7}","{""collision_rod_early"": 0.0, ""collision_rod_late"": 0.0, ""collision_rod_mid"": 0.0, ""collision_tblock_early"": 5.9885407484574085, ""collision_tblock_late"": 0.0, ""collision_tblock_mid"": 0.0, ""fall"": 0.0, ""timeout"": 0.0}"
start_behavior_context,start_region=x_pos__y_mid|start_theta_bin=sector_6|path_angle_bin=sector_7|near_count_bin=0|far_count_bin=1|medhigh_count_bin=1,False,7,0,7,1.0,3.0737054250812323,collision_tblock_early,7,-10.234128691950565,1.0,"{""collision"": 7}","{""collision_tblock_early"": 7}","{""collision_rod_early"": 0.0, ""collision_rod_late"": 0.0, ""collision_rod_mid"": 0.0, ""collision_tblock_early"": 5.9885407484574085, ""collision_tblock_late"": 0.0, ""collision_tblock_mid"": 0.0, ""fall"": 0.0, ""timeout"": 0.0}"
start_behavior_context,start_region=x_pos__y_pos|start_theta_bin=sector_1|path_angle_bin=sector_1|near_count_bin=0|far_count_bin=0|medhigh_count_bin=2,False,7,0,7,1.0,3.0737054250812323,collision_tblock_early,7,-10.282112225309573,1.0,"{""collision"": 7}","{""collision_tblock_early"": 7}","{""collision_rod_early"": 0.0, ""collision_rod_late"": 0.0, ""collision_rod_mid"": 0.0, ""collision_tblock_early"": 5.9885407484574085, ""collision_tblock_late"": 0.0, ""collision_tblock_mid"": 0.0, ""fall"": 0.0, ""timeout"": 0.0}"
start_behavior_context,start_region=x_pos__y_pos|start_theta_bin=sector_5|path_angle_bin=sector_0|near_count_bin=0|far_count_bin=0|medhigh_count_bin=2,False,7,0,7,1.0,3.0737054250812323,collision_tblock_early,7,-10.236041510083464,1.0,"{""collision"": 7}","{""collision_tblock_early"": 7}","{""collision_rod_early"": 0.0, ""collision_rod_late"": 0.0, ""collision_rod_mid"": 0.0, ""collision_tblock_early"": 5.9885407484574085, ""collision_tblock_late"": 0.0, ""collision_tblock_mid"": 0.0, ""fall"": 0.0, ""timeout"": 0.0}"
start_behavior_context,start_region=x_pos__y_mid|start_theta_bin=sector_0|path_angle_bin=sector_0|near_count_bin=1|far_count_bin=1|medhigh_count_bin=1,False,6,0,6,1.0,3.0737054250812323,collision_tblock_early,6,-10.250991016039675,1.0,"{""collision"": 6}","{""collision_tblock_early"": 6}","{""collision_rod_early"": 0.0, ""collision_rod_late"": 0.0, ""collision_rod_mid"": 0.0, ""collision_tblock_early"": 5.988540748457409, ""collision_tblock_late"": 0.0, ""collision_tblock_mid"": 0.0, ""fall"": 0.0, ""timeout"": 0.0}"
start_behavior_context,start_region=x_pos__y_pos|start_theta_bin=sector_1|path_angle_bin=sector_1|near_count_bin=2|far_count_bin=0|medhigh_count_bin=2,False,6,0,6,1.0,3.0737054250812323,collision_tblock_early,6,-10.24369998129916,1.0,"{""collision"": 6}","{""collision_tblock_early"": 6}","{""collision_rod_early"": 0.0, ""collision_rod_late"": 0.0, ""collision_rod_mid"": 0.0, ""collision_tblock_early"": 5.988540748457409, ""collision_tblock_late"": 0.0, ""collision_tblock_mid"": 0.0, ""fall"": 0.0, ""timeout"": 0.0}"
start_behavior_context,start_region=x_pos__y_pos|start_theta_bin=sector_4|path_angle_bin=sector_0|near_count_bin=2|far_count_bin=0|medhigh_count_bin=1,False,6,0,6,1.0,3.0737054250812323,collision_tblock_early,6,-10.3254644915207,1.0,"{""collision"": 6}","{""collision_tblock_early"": 6}","{""collision_rod_early"": 0.0, ""collision_rod_late"": 0.0, ""collision_rod_mid"": 0.0, ""collision_tblock_early"": 5.988540748457409, ""collision_tblock_late"": 0.0, ""collision_tblock_mid"": 0.0, ""fall"": 0.0, ""timeout"": 0.0}"
start_behavior_context,start_region=x_neg__y_pos|start_theta_bin=sector_0|path_angle_bin=sector_3|near_count_bin=2|far_count_bin=0|medhigh_count_bin=1,False,6,0,6,1.0,3.0737054250812323,collision_tblock_early,6,-10.379401546615613,1.0,"{""collision"": 6}","{""collision_tblock_early"": 6}","{""collision_rod_early"": 0.0, ""collision_rod_late"": 0.0, ""collision_rod_mid"": 0.0, ""collision_tblock_early"": 5.988540748457409, ""collision_tblock_late"": 0.0, ""collision_tblock_mid"": 0.0, ""fall"": 0.0, ""timeout"": 0.0}"
start_behavior_context,start_region=x_neg__y_pos|start_theta_bin=sector_6|path_angle_bin=sector_2|near_count_bin=2|far_count_bin=0|medhigh_count_bin=1,False,6,0,6,1.0,3.0737054250812323,collision_tblock_early,6,-10.452812475073097,1.0,"{""collision"": 6}","{""collision_tblock_early"": 6}","{""collision_rod_early"": 0.0, ""collision_rod_late"": 0.0, ""collision_rod_mid"": 0.0, ""collision_tblock_early"": 5.988540748457409, ""collision_tblock_late"": 0.0, ""collision_tblock_mid"": 0.0, ""fall"": 0.0, ""timeout"": 0.0}"
start_behavior_context,start_region=x_pos__y_pos|start_theta_bin=sector_7|path_angle_bin=sector_1|near_count_bin=2|far_count_bin=0|medhigh_count_bin=2,False,6,0,6,1.0,3.0737054250812323,collision_tblock_early,6,-10.265291038971268,1.0,"{""collision"": 6}","{""collision_tblock_early"": 6}","{""collision_rod_early"": 0.0, ""collision_rod_late"": 0.0, ""collision_rod_mid"": 0.0, ""collision_tblock_early"": 5.988540748457409, ""collision_tblock_late"": 0.0, ""collision_tblock_mid"": 0.0, ""fall"": 0.0, ""timeout"": 0.0}"
start_behavior_context,start_region=x_neg__y_pos|start_theta_bin=sector_6|path_angle_bin=sector_3|near_count_bin=1|far_count_bin=0|medhigh_count_bin=2,False,6,0,6,1.0,3.0737054250812323,collision_tblock_early,6,-10.409983997756138,1.0,"{""collision"": 6}","{""collision_tblock_early"": 6}","{""collision_rod_early"": 0.0, ""collision_rod_late"": 0.0, ""collision_rod_mid"": 0.0, ""collision_tblock_early"": 5.988540748457409, ""collision_tblock_late"": 0.0, ""collision_tblock_mid"": 0.0, ""fall"": 0.0, ""timeout"": 0.0}"
start_behavior_context,start_region=x_neg__y_pos|start_theta_bin=sector_0|path_angle_bin=sector_3|near_count_bin=2|far_count_bin=0|medhigh_count_bin=2,False,6,0,6,1.0,3.0737054250812323,collision_tblock_early,6,-10.396777445447901,1.0,"{""collision"": 6}","{""collision_tblock_early"": 6}","{""collision_rod_early"": 0.0, ""collision_rod_late"": 0.0, ""collision_rod_mid"": 0.0, ""collision_tblock_early"": 5.988540748457409, ""collision_tblock_late"": 0.0, ""collision_tblock_mid"": 0.0, ""fall"": 0.0, ""timeout"": 0.0}"
start_behavior_context,start_region=x_pos__y_pos|start_theta_bin=sector_2|path_angle_bin=sector_0|near_count_bin=0|far_count_bin=1|medhigh_count_bin=1,False,6,0,6,1.0,3.0737054250812323,collision_tblock_early,6,-10.322769178982211,1.0,"{""collision"": 6}","{""collision_tblock_early"": 6}","{""collision_rod_early"": 0.0, ""collision_rod_late"": 0.0, ""collision_rod_mid"": 0.0, ""collision_tblock_early"": 5.988540748457409, ""collision_tblock_late"": 0.0, ""collision_tblock_mid"": 0.0, ""fall"": 0.0, ""timeout"": 0.0}"
start_behavior_context,start_region=x_pos__y_pos|start_theta_bin=sector_2|path_angle_bin=sector_1|near_count_bin=1|far_count_bin=0|medhigh_count_bin=2,False,6,0,6,1.0,3.0737054250812323,collision_tblock_early,6,-10.307729931564685,1.0,"{""collision"": 6}","{""collision_tblock_early"": 6}","{""collision_rod_early"": 0.0, ""collision_rod_late"": 0.0, ""collision_rod_mid"": 0.0, ""collision_tblock_early"": 5.988540748457409, ""collision_tblock_late"": 0.0, ""collision_tblock_mid"": 0.0, ""fall"": 0.0, ""timeout"": 0.0}"
start_behavior_context,start_region=x_pos__y_pos|start_theta_bin=sector_1|path_angle_bin=sector_1|near_count_bin=1|far_count_bin=0|medhigh_count_bin=2,False,6,0,6,1.0,3.0737054250812323,collision_tblock_early,6,-10.260712005072124,1.0,"{""collision"": 6}","{""collision_tblock_early"": 6}","{""collision_rod_early"": 0.0, ""collision_rod_late"": 0.0, ""collision_rod_mid"": 0.0, ""collision_tblock_early"": 5.988540748457409, ""collision_tblock_late"": 0.0, ""collision_tblock_mid"": 0.0, ""fall"": 0.0, ""timeout"": 0.0}"
start_behavior_context,start_region=x_pos__y_pos|start_theta_bin=sector_4|path_angle_bin=sector_1|near_count_bin=1|far_count_bin=0|medhigh_count_bin=2,False,6,0,6,1.0,3.0737054250812323,collision_tblock_early,6,-10.280315256260947,1.0,"{""collision"": 6}","{""collision_tblock_early"": 6}","{""collision_rod_early"": 0.0, ""collision_rod_late"": 0.0, ""collision_rod_mid"": 0.0, ""collision_tblock_early"": 5.988540748457409, ""collision_tblock_late"": 0.0, ""collision_tblock_mid"": 0.0, ""fall"": 0.0, ""timeout"": 0.0}"
start_behavior_context,start_region=x_neg__y_pos|start_theta_bin=sector_2|path_angle_bin=sector_3|near_count_bin=1|far_count_bin=0|medhigh_count_bin=2,False,6,0,6,1.0,3.0737054250812323,collision_tblock_early,6,-10.28601931331315,1.0,"{""collision"": 6}","{""collision_tblock_early"": 6}","{""collision_rod_early"": 0.0, ""collision_rod_late"": 0.0, ""collision_rod_mid"": 0.0, ""collision_tblock_early"": 5.988540748457409, ""collision_tblock_late"": 0.0, ""collision_tblock_mid"": 0.0, ""fall"": 0.0, ""timeout"": 0.0}"
start_behavior_context,start_region=x_pos__y_neg|start_theta_bin=sector_4|path_angle_bin=sector_6|near_count_bin=0|far_count_bin=0|medhigh_count_bin=2,False,6,0,6,1.0,3.0737054250812323,collision_tblock_early,6,-10.25526973721545,1.0,"{""collision"": 6}","{""collision_tblock_early"": 6}","{""collision_rod_early"": 0.0, ""collision_rod_late"": 0.0, ""collision_rod_mid"": 0.0, ""collision_tblock_early"": 5.988540748457409, ""collision_tblock_late"": 0.0, ""collision_tblock_mid"": 0.0, ""fall"": 0.0, ""timeout"": 0.0}"
start_behavior_context,start_region=x_mid__y_pos|start_theta_bin=sector_7|path_angle_bin=sector_2|near_count_bin=0|far_count_bin=1|medhigh_count_bin=1,False,6,0,6,1.0,3.0737054250812323,collision_tblock_early,6,-10.244104447470587,1.0,"{""collision"": 6}","{""collision_tblock_early"": 6}","{""collision_rod_early"": 0.0, ""collision_rod_late"": 0.0, ""collision_rod_mid"": 0.0, ""collision_tblock_early"": 5.988540748457409, ""collision_tblock_late"": 0.0, ""collision_tblock_mid"": 0.0, ""fall"": 0.0, ""timeout"": 0.0}"
start_behavior_context,start_region=x_pos__y_pos|start_theta_bin=sector_2|path_angle_bin=sector_1|near_count_bin=0|far_count_bin=0|medhigh_count_bin=2,False,6,0,6,1.0,3.0737054250812323,collision_tblock_early,6,-10.313279631203292,1.0,"{""collision"": 6}","{""collision_tblock_early"": 6}","{""collision_rod_early"": 0.0, ""collision_rod_late"": 0.0, ""collision_rod_mid"": 0.0, ""collision_tblock_early"": 5.988540748457409, ""collision_tblock_late"": 0.0, ""collision_tblock_mid"": 0.0, ""fall"": 0.0, ""timeout"": 0.0}"
start_behavior_context,start_region=x_pos__y_neg|start_theta_bin=sector_6|path_angle_bin=sector_6|near_count_bin=2|far_count_bin=0|medhigh_count_bin=2,False,5,0,5,1.0,3.0737054250812323,collision_tblock_early,5,-10.289217091376695,1.0,"{""collision"": 5}","{""collision_tblock_early"": 5}","{""collision_rod_early"": 0.0, ""collision_rod_late"": 0.0, ""collision_rod_mid"": 0.0, ""collision_tblock_early"": 5.9885407484574085, ""collision_tblock_late"": 0.0, ""collision_tblock_mid"": 0.0, ""fall"": 0.0, ""timeout"": 0.0}"
start_behavior_context,start_region=x_pos__y_neg|start_theta_bin=sector_7|path_angle_bin=sector_7|near_count_bin=2|far_count_bin=0|medhigh_count_bin=1,False,5,0,5,1.0,3.0737054250812323,collision_tblock_early,5,-11.578582737311619,1.2,"{""collision"": 5}","{""collision_tblock_early"": 5}","{""collision_rod_early"": 0.0, ""collision_rod_late"": 0.0, ""collision_rod_mid"": 0.0, ""collision_tblock_early"": 5.9885407484574085, ""collision_tblock_late"": 0.0, ""collision_tblock_mid"": 0.0, ""fall"": 0.0, ""timeout"": 0.0}"
start_behavior_context,start_region=x_pos__y_pos|start_theta_bin=sector_1|path_angle_bin=sector_0|near_count_bin=2|far_count_bin=0|medhigh_count_bin=2,False,5,0,5,1.0,3.0737054250812323,collision_tblock_early,5,-10.263215153393514,1.0,"{""collision"": 5}","{""collision_tblock_early"": 5}","{""collision_rod_early"": 0.0, ""collision_rod_late"": 0.0, ""collision_rod_mid"": 0.0, ""collision_tblock_early"": 5.9885407484574085, ""collision_tblock_late"": 0.0, ""collision_tblock_mid"": 0.0, ""fall"": 0.0, ""timeout"": 0.0}"
start_behavior_context,start_region=x_neg__y_pos|start_theta_bin=sector_0|path_angle_bin=sector_2|near_count_bin=2|far_count_bin=0|medhigh_count_bin=2,False,5,0,5,1.0,3.0737054250812323,collision_tblock_early,5,-10.32119035474501,1.0,"{""collision"": 5}","{""collision_tblock_early"": 5}","{""collision_rod_early"": 0.0, ""collision_rod_late"": 0.0, ""collision_rod_mid"": 0.0, ""collision_tblock_early"": 5.9885407484574085, ""collision_tblock_late"": 0.0, ""collision_tblock_mid"": 0.0, ""fall"": 0.0, ""timeout"": 0.0}"
start_behavior_context,start_region=x_neg__y_pos|start_theta_bin=sector_6|path_angle_bin=sector_2|near_count_bin=0|far_count_bin=1|medhigh_count_bin=1,False,5,0,5,1.0,3.0737054250812323,collision_tblock_early,5,-10.379448843112618,1.0,"{""collision"": 5}","{""collision_tblock_early"": 5}","{""collision_rod_early"": 0.0, ""collision_rod_late"": 0.0, ""collision_rod_mid"": 0.0, ""collision_tblock_early"": 5.9885407484574085, ""collision_tblock_late"": 0.0, ""collision_tblock_mid"": 0.0, ""fall"": 0.0, ""timeout"": 0.0}"
start_behavior_context,start_region=x_pos__y_pos|start_theta_bin=sector_4|path_angle_bin=sector_0|near_count_bin=2|far_count_bin=0|medhigh_count_bin=2,False,5,0,5,1.0,3.0737054250812323,collision_tblock_early,5,-10.299602126282988,1.0,"{""collision"": 5}","{""collision_tblock_early"": 5}","{""collision_rod_early"": 0.0, ""collision_rod_late"": 0.0, ""collision_rod_mid"": 0.0, ""collision_tblock_early"": 5.9885407484574085, ""collision_tblock_late"": 0.0, ""collision_tblock_mid"": 0.0, ""fall"": 0.0, ""timeout"": 0.0}"
start_behavior_context,start_region=x_pos__y_neg|start_theta_bin=sector_6|path_angle_bin=sector_7|near_count_bin=2|far_count_bin=0|medhigh_count_bin=2,False,5,0,5,1.0,3.0737054250812323,collision_tblock_early,5,-10.280826156196026,1.0,"{""collision"": 5}","{""collision_tblock_early"": 5}","{""collision_rod_early"": 0.0, ""collision_rod_late"": 0.0, ""collision_rod_mid"": 0.0, ""collision_tblock_early"": 5.9885407484574085, ""collision_tblock_late"": 0.0, ""collision_tblock_mid"": 0.0, ""fall"": 0.0, ""timeout"": 0.0}"
start_behavior_context,start_region=x_pos__y_pos|start_theta_bin=sector_4|path_angle_bin=sector_0|near_count_bin=1|far_count_bin=0|medhigh_count_bin=1,False,5,0,5,1.0,3.0737054250812323,collision_tblock_early,5,-10.278319102499598,1.0,"{""collision"": 5}","{""collision_tblock_early"": 5}","{""collision_rod_early"": 0.0, ""collision_rod_late"": 0.0, ""collision_rod_mid"": 0.0, ""collision_tblock_early"": 5.9885407484574085, ""collision_tblock_late"": 0.0, ""collision_tblock_mid"": 0.0, ""fall"": 0.0, ""timeout"": 0.0}"
start_behavior_context,start_region=x_pos__y_pos|start_theta_bin=sector_3|path_angle_bin=sector_0|near_count_bin=1|far_count_bin=0|medhigh_count_bin=2,False,5,0,5,1.0,3.0737054250812323,collision_tblock_early,5,-10.342008771228356,1.0,"{""collision"": 5}","{""collision_tblock_early"": 5}","{""collision_rod_early"": 0.0, ""collision_rod_late"": 0.0, ""collision_rod_mid"": 0.0, ""collision_tblock_early"": 5.9885407484574085, ""collision_tblock_late"": 0.0, ""collision_tblock_mid"": 0.0, ""fall"": 0.0, ""timeout"": 0.0}"
start_behavior_context,start_region=x_pos__y_neg|start_theta_bin=sector_5|path_angle_bin=sector_6|near_count_bin=2|far_count_bin=0|medhigh_count_bin=2,False,5,0,5,1.0,3.0737054250812323,collision_tblock_early,5,-10.298275387559206,1.0,"{""collision"": 5}","{""collision_tblock_early"": 5}","{""collision_rod_early"": 0.0, ""collision_rod_late"": 0.0, ""collision_rod_mid"": 0.0, ""collision_tblock_early"": 5.9885407484574085, ""collision_tblock_late"": 0.0, ""collision_tblock_mid"": 0.0, ""fall"": 0.0, ""timeout"": 0.0}"
start_behavior_context,start_region=x_neg__y_pos|start_theta_bin=sector_1|path_angle_bin=sector_2|near_count_bin=2|far_count_bin=0|medhigh_count_bin=1,False,5,0,5,1.0,3.0737054250812323,collision_tblock_early,5,-10.286220576278188,1.0,"{""collision"": 5}","{""collision_tblock_early"": 5}","{""collision_rod_early"": 0.0, ""collision_rod_late"": 0.0, ""collision_rod_mid"": 0.0, ""collision_tblock_early"": 5.9885407484574085, ""collision_tblock_late"": 0.0, ""collision_tblock_mid"": 0.0, ""fall"": 0.0, ""timeout"": 0.0}"
start_behavior_context,start_region=x_pos__y_neg|start_theta_bin=sector_4|path_angle_bin=sector_6|near_count_bin=2|far_count_bin=0|medhigh_count_bin=2,False,5,0,5,1.0,3.0737054250812323,collision_tblock_early,5,-10.26672099824188,1.0,"{""collision"": 5}","{""collision_tblock_early"": 5}","{""collision_rod_early"": 0.0, ""collision_rod_late"": 0.0, ""collision_rod_mid"": 0.0, ""collision_tblock_early"": 5.9885407484574085, ""collision_tblock_late"": 0.0, ""collision_tblock_mid"": 0.0, ""fall"": 0.0, ""timeout"": 0.0}"
start_behavior_context,start_region=x_pos__y_pos|start_theta_bin=sector_5|path_angle_bin=sector_1|near_count_bin=2|far_count_bin=0|medhigh_count_bin=1,False,5,0,5,1.0,3.0737054250812323,collision_tblock_early,5,-10.268927649561931,1.0,"{""collision"": 5}","{""collision_tblock_early"": 5}","{""collision_rod_early"": 0.0, ""collision_rod_late"": 0.0, ""collision_rod_mid"": 0.0, ""collision_tblock_early"": 5.9885407484574085, ""collision_tblock_late"": 0.0, ""collision_tblock_mid"": 0.0, ""fall"": 0.0, ""timeout"": 0.0}"
start_behavior_context,start_region=x_pos__y_pos|start_theta_bin=sector_0|path_angle_bin=sector_1|near_count_bin=0|far_count_bin=0|medhigh_count_bin=2,False,5,0,5,1.0,3.0737054250812323,collision_tblock_early,5,-10.230570441675436,1.0,"{""collision"": 5}","{""collision_tblock_early"": 5}","{""collision_rod_early"": 0.0, ""collision_rod_late"": 0.0, ""collision_rod_mid"": 0.0, ""collision_tblock_early"": 5.9885407484574085, ""collision_tblock_late"": 0.0, ""collision_tblock_mid"": 0.0, ""fall"": 0.0, ""timeout"": 0.0}"
start_behavior_context,start_region=x_neg__y_mid|start_theta_bin=sector_1|path_angle_bin=sector_3|near_count_bin=0|far_count_bin=1|medhigh_count_bin=1,False,5,0,5,1.0,3.0737054250812323,collision_tblock_early,5,-10.264115965153605,1.0,"{""collision"": 5}","{""collision_tblock_early"": 5}","{""collision_rod_early"": 0.0, ""collision_rod_late"": 0.0, ""collision_rod_mid"": 0.0, ""collision_tblock_early"": 5.9885407484574085, ""collision_tblock_late"": 0.0, ""collision_tblock_mid"": 0.0, ""fall"": 0.0, ""timeout"": 0.0}"
start_behavior_context,start_region=x_neg__y_pos|start_theta_bin=sector_6|path_angle_bin=sector_3|near_count_bin=0|far_count_bin=1|medhigh_count_bin=1,False,5,0,5,1.0,3.0737054250812323,collision_tblock_early,5,-10.405808144970967,1.0,"{""collision"": 5}","{""collision_tblock_early"": 5}","{""collision_rod_early"": 0.0, ""collision_rod_late"": 0.0, ""collision_rod_mid"": 0.0, ""collision_tblock_early"": 5.9885407484574085, ""collision_tblock_late"": 0.0, ""collision_tblock_mid"": 0.0, ""fall"": 0.0, ""timeout"": 0.0}"
start_behavior_context,start_region=x_neg__y_pos|start_theta_bin=sector_0|path_angle_bin=sector_3|near_count_bin=1|far_count_bin=0|medhigh_count_bin=2,False,5,0,5,1.0,3.0737054250812323,collision_tblock_early,5,-10.360090791316043,1.0,"{""collision"": 5}","{""collision_tblock_early"": 5}","{""collision_rod_early"": 0.0, ""collision_rod_late"": 0.0, ""collision_rod_mid"": 0.0, ""collision_tblock_early"": 5.9885407484574085, ""collision_tblock_late"": 0.0, ""collision_tblock_mid"": 0.0, ""fall"": 0.0, ""timeout"": 0.0}"
start_behavior_context,start_region=x_pos__y_pos|start_theta_bin=sector_4|path_angle_bin=sector_1|near_count_bin=0|far_count_bin=0|medhigh_count_bin=2,False,5,0,5,1.0,3.0737054250812323,collision_tblock_early,5,-10.282937930253961,1.0,"{""collision"": 5}","{""collision_tblock_early"": 5}","{""collision_rod_early"": 0.0, ""collision_rod_late"": 0.0, ""collision_rod_mid"": 0.0, ""collision_tblock_early"": 5.9885407484574085, ""collision_tblock_late"": 0.0, ""collision_tblock_mid"": 0.0, ""fall"": 0.0, ""timeout"": 0.0}"
start_behavior_context,start_region=x_pos__y_pos|start_theta_bin=sector_5|path_angle_bin=sector_1|near_count_bin=0|far_count_bin=0|medhigh_count_bin=2,False,5,0,5,1.0,3.0737054250812323,collision_tblock_early,5,-10.261836622279125,1.0,"{""collision"": 5}","{""collision_tblock_early"": 5}","{""collision_rod_early"": 0.0, ""collision_rod_late"": 0.0, ""collision_rod_mid"": 0.0, ""collision_tblock_early"": 5.9885407484574085, ""collision_tblock_late"": 0.0, ""collision_tblock_mid"": 0.0, ""fall"": 0.0, ""timeout"": 0.0}"
start_behavior_context,start_region=x_pos__y_pos|start_theta_bin=sector_4|path_angle_bin=sector_0|near_count_bin=0|far_count_bin=0|medhigh_count_bin=2,False,5,0,5,1.0,3.0737054250812323,collision_tblock_early,5,-10.265608351888808,1.0,"{""collision"": 5}","{""collision_tblock_early"": 5}","{""collision_rod_early"": 0.0, ""collision_rod_late"": 0.0, ""collision_rod_mid"": 0.0, ""collision_tblock_early"": 5.9885407484574085, ""collision_tblock_late"": 0.0, ""collision_tblock_mid"": 0.0, ""fall"": 0.0, ""timeout"": 0.0}"
start_behavior_context,start_region=x_neg__y_pos|start_theta_bin=sector_5|path_angle_bin=sector_2|near_count_bin=0|far_count_bin=1|medhigh_count_bin=1,False,5,0,5,1.0,3.0737054250812323,collision_tblock_early,5,-10.360764106275434,1.0,"{""collision"": 5}","{""collision_tblock_early"": 5}","{""collision_rod_early"": 0.0, ""collision_rod_late"": 0.0, ""collision_rod_mid"": 0.0, ""collision_tblock_early"": 5.9885407484574085, ""collision_tblock_late"": 0.0, ""collision_tblock_mid"": 0.0, ""fall"": 0.0, ""timeout"": 0.0}"
start_behavior_context,start_region=x_neg__y_pos|start_theta_bin=sector_1|path_angle_bin=sector_3|near_count_bin=0|far_count_bin=0|medhigh_count_bin=2,False,5,0,5,1.0,3.0737054250812323,collision_tblock_early,5,-10.284918399590328,1.0,"{""collision"": 5}","{""collision_tblock_early"": 5}","{""collision_rod_early"": 0.0, ""collision_rod_late"": 0.0, ""collision_rod_mid"": 0.0, ""collision_tblock_early"": 5.9885407484574085, ""collision_tblock_late"": 0.0, ""collision_tblock_mid"": 0.0, ""fall"": 0.0, ""timeout"": 0.0}"
start_behavior_context,start_region=x_pos__y_neg|start_theta_bin=sector_6|path_angle_bin=sector_7|near_count_bin=1|far_count_bin=0|medhigh_count_bin=2,False,5,0,5,1.0,3.0737054250812323,collision_tblock_early,5,-10.262277341760555,1.0,"{""collision"": 5}","{""collision_tblock_early"": 5}","{""collision_rod_early"": 0.0, ""collision_rod_late"": 0.0, ""collision_rod_mid"": 0.0, ""collision_tblock_early"": 5.9885407484574085, ""collision_tblock_late"": 0.0, ""collision_tblock_mid"": 0.0, ""fall"": 0.0, ""timeout"": 0.0}"
start_behavior_context,start_region=x_mid__y_pos|start_theta_bin=sector_6|path_angle_bin=sector_1|near_count_bin=0|far_count_bin=2|medhigh_count_bin=1,False,4,0,4,1.0,3.0737054250812323,collision_tblock_early,4,-10.230516261310225,1.0,"{""collision"": 4}","{""collision_tblock_early"": 4}","{""collision_rod_early"": 0.0, ""collision_rod_late"": 0.0, ""collision_rod_mid"": 0.0, ""collision_tblock_early"": 5.9885407484574085, ""collision_tblock_late"": 0.0, ""collision_tblock_mid"": 0.0, ""fall"": 0.0, ""timeout"": 0.0}"
start_behavior_context,start_region=x_mid__y_pos|start_theta_bin=sector_5|path_angle_bin=sector_1|near_count_bin=1|far_count_bin=1|medhigh_count_bin=1,False,4,0,4,1.0,3.0737054250812323,collision_tblock_early,4,-11.279823729433772,1.25,"{""collision"": 4}","{""collision_tblock_early"": 4}","{""collision_rod_early"": 0.0, ""collision_rod_late"": 0.0, ""collision_rod_mid"": 0.0, ""collision_tblock_early"": 5.9885407484574085, ""collision_tblock_late"": 0.0, ""collision_tblock_mid"": 0.0, ""fall"": 0.0, ""timeout"": 0.0}"
start_behavior_context,start_region=x_pos__y_pos|start_theta_bin=sector_1|path_angle_bin=sector_1|near_count_bin=2|far_count_bin=0|medhigh_count_bin=1,False,4,0,4,1.0,3.0737054250812323,collision_tblock_early,4,-10.27262325200426,1.0,"{""collision"": 4}","{""collision_tblock_early"": 4}","{""collision_rod_early"": 0.0, ""collision_rod_late"": 0.0, ""collision_rod_mid"": 0.0, ""collision_tblock_early"": 5.9885407484574085, ""collision_tblock_late"": 0.0, ""collision_tblock_mid"": 0.0, ""fall"": 0.0, ""timeout"": 0.0}"
start_behavior_context,start_region=x_pos__y_pos|start_theta_bin=sector_7|path_angle_bin=sector_0|near_count_bin=2|far_count_bin=0|medhigh_count_bin=1,False,4,0,4,1.0,3.0737054250812323,collision_tblock_early,4,-10.311022121490415,1.0,"{""collision"": 4}","{""collision_tblock_early"": 4}","{""collision_rod_early"": 0.0, ""collision_rod_late"": 0.0, ""collision_rod_mid"": 0.0, ""collision_tblock_early"": 5.9885407484574085, ""collision_tblock_late"": 0.0, ""collision_tblock_mid"": 0.0, ""fall"": 0.0, ""timeout"": 0.0}"
start_behavior_context,start_region=x_pos__y_neg|start_theta_bin=sector_2|path_angle_bin=sector_6|near_count_bin=2|far_count_bin=0|medhigh_count_bin=2,False,4,0,4,1.0,3.0737054250812323,collision_tblock_early,4,-10.241206996471664,1.0,"{""collision"": 4}","{""collision_tblock_early"": 4}","{""collision_rod_early"": 0.0, ""collision_rod_late"": 0.0, ""collision_rod_mid"": 0.0, ""collision_tblock_early"": 5.9885407484574085, ""collision_tblock_late"": 0.0, ""collision_tblock_mid"": 0.0, ""fall"": 0.0, ""timeout"": 0.0}"
start_behavior_context,start_region=x_neg__y_pos|start_theta_bin=sector_0|path_angle_bin=sector_2|near_count_bin=2|far_count_bin=0|medhigh_count_bin=1,False,4,0,4,1.0,3.0737054250812323,collision_tblock_early,4,-11.210899521431529,1.25,"{""collision"": 4}","{""collision_tblock_early"": 4}","{""collision_rod_early"": 0.0, ""collision_rod_late"": 0.0, ""collision_rod_mid"": 0.0, ""collision_tblock_early"": 5.9885407484574085, ""collision_tblock_late"": 0.0, ""collision_tblock_mid"": 0.0, ""fall"": 0.0, ""timeout"": 0.0}"
start_behavior_context,start_region=x_pos__y_neg|start_theta_bin=sector_7|path_angle_bin=sector_7|near_count_bin=2|far_count_bin=0|medhigh_count_bin=2,False,4,0,4,1.0,3.0737054250812323,collision_tblock_early,4,-10.271106365735966,1.0,"{""collision"": 4}","{""collision_tblock_early"": 4}","{""collision_rod_early"": 0.0, ""collision_rod_late"": 0.0, ""collision_rod_mid"": 0.0, ""collision_tblock_early"": 5.9885407484574085, ""collision_tblock_late"": 0.0, ""collision_tblock_mid"": 0.0, ""fall"": 0.0, ""timeout"": 0.0}"
start_behavior_context,start_region=x_pos__y_neg|start_theta_bin=sector_5|path_angle_bin=sector_7|near_count_bin=2|far_count_bin=0|medhigh_count_bin=2,False,4,0,4,1.0,3.0737054250812323,collision_tblock_early,4,-10.25338613016369,1.0,"{""collision"": 4}","{""collision_tblock_early"": 4}","{""collision_rod_early"": 0.0, ""collision_rod_late"": 0.0, ""collision_rod_mid"": 0.0, ""collision_tblock_early"": 5.9885407484574085, ""collision_tblock_late"": 0.0, ""collision_tblock_mid"": 0.0, ""fall"": 0.0, ""timeout"": 0.0}"
start_behavior_context,start_region=x_neg__y_pos|start_theta_bin=sector_2|path_angle_bin=sector_3|near_count_bin=1|far_count_bin=0|medhigh_count_bin=1,False,4,0,4,1.0,3.0737054250812323,collision_tblock_early,3,-10.80532740112563,1.25,"{""collision"": 4}","{""collision_rod_early"": 1, ""collision_tblock_early"": 3}","{""collision_rod_early"": 7.8830168776371305, ""collision_rod_late"": 0.0, ""collision_rod_mid"": 0.0, ""collision_tblock_early"": 4.491405561343057, ""collision_tblock_late"": 0.0, ""collision_tblock_mid"": 0.0, ""fall"": 0.0, ""timeout"": 0.0}"
start_behavior_context,start_region=x_pos__y_pos|start_theta_bin=sector_2|path_angle_bin=sector_1|near_count_bin=2|far_count_bin=0|medhigh_count_bin=1,False,4,0,4,1.0,3.0737054250812323,collision_tblock_early,4,-10.305895403206813,1.0,"{""collision"": 4}","{""collision_tblock_early"": 4}","{""collision_rod_early"": 0.0, ""collision_rod_late"": 0.0, ""collision_rod_mid"": 0.0, ""collision_tblock_early"": 5.9885407484574085, ""collision_tblock_late"": 0.0, ""collision_tblock_mid"": 0.0, ""fall"": 0.0, ""timeout"": 0.0}"
start_behavior_context,start_region=x_pos__y_pos|start_theta_bin=sector_5|path_angle_bin=sector_0|near_count_bin=1|far_count_bin=0|medhigh_count_bin=1,False,4,0,4,1.0,3.0737054250812323,collision_tblock_early,3,-10.248402945718105,1.0,"{""collision"": 4}","{""collision_rod_early"": 1, ""collision_tblock_early"": 3}","{""collision_rod_early"": 7.8830168776371305, ""collision_rod_late"": 0.0, ""collision_rod_mid"": 0.0, ""collision_tblock_early"": 4.491405561343057, ""collision_tblock_late"": 0.0, ""collision_tblock_mid"": 0.0, ""fall"": 0.0, ""timeout"": 0.0}"
start_behavior_context,start_region=x_pos__y_neg|start_theta_bin=sector_5|path_angle_bin=sector_6|near_count_bin=2|far_count_bin=0|medhigh_count_bin=1,False,4,0,4,1.0,3.0737054250812323,collision_tblock_early,4,-10.293999767307437,1.0,"{""collision"": 4}","{""collision_tblock_early"": 4}","{""collision_rod_early"": 0.0, ""collision_rod_late"": 0.0, ""collision_rod_mid"": 0.0, ""collision_tblock_early"": 5.9885407484574085, ""collision_tblock_late"": 0.0, ""collision_tblock_mid"": 0.0, ""fall"": 0.0, ""timeout"": 0.0}"
start_behavior_context,start_region=x_pos__y_pos|start_theta_bin=sector_4|path_angle_bin=sector_1|near_count_bin=2|far_count_bin=0|medhigh_count_bin=2,False,4,0,4,1.0,3.0737054250812323,collision_tblock_early,4,-10.313925601805227,1.0,"{""collision"": 4}","{""collision_tblock_early"": 4}","{""collision_rod_early"": 0.0, ""collision_rod_late"": 0.0, ""collision_rod_mid"": 0.0, ""collision_tblock_early"": 5.9885407484574085, ""collision_tblock_late"": 0.0, ""collision_tblock_mid"": 0.0, ""fall"": 0.0, ""timeout"": 0.0}"
start_behavior_context,start_region=x_pos__y_neg|start_theta_bin=sector_3|path_angle_bin=sector_6|near_count_bin=2|far_count_bin=0|medhigh_count_bin=2,False,4,0,4,1.0,3.0737054250812323,collision_tblock_early,4,-10.227689343618207,1.0,"{""collision"": 4}","{""collision_tblock_early"": 4}","{""collision_rod_early"": 0.0, ""collision_rod_late"": 0.0, ""collision_rod_mid"": 0.0, ""collision_tblock_early"": 5.9885407484574085, ""collision_tblock_late"": 0.0, ""collision_tblock_mid"": 0.0, ""fall"": 0.0, ""timeout"": 0.0}"
start_behavior_context,start_region=x_mid__y_pos|start_theta_bin=sector_0|path_angle_bin=sector_1|near_count_bin=0|far_count_bin=1|medhigh_count_bin=1,False,4,0,4,1.0,3.0737054250812323,collision_tblock_early,4,-10.220759227562276,1.0,"{""collision"": 4}","{""collision_tblock_early"": 4}","{""collision_rod_early"": 0.0, ""collision_rod_late"": 0.0, ""collision_rod_mid"": 0.0, ""collision_tblock_early"": 5.9885407484574085, ""collision_tblock_late"": 0.0, ""collision_tblock_mid"": 0.0, ""fall"": 0.0, ""timeout"": 0.0}"
start_behavior_context,start_region=x_neg__y_pos|start_theta_bin=sector_2|path_angle_bin=sector_3|near_count_bin=2|far_count_bin=0|medhigh_count_bin=0,False,4,0,4,1.0,3.0737054250812323,collision_tblock_early,4,-10.299426034573134,1.0,"{""collision"": 4}","{""collision_tblock_early"": 4}","{""collision_rod_early"": 0.0, ""collision_rod_late"": 0.0, ""collision_rod_mid"": 0.0, ""collision_tblock_early"": 5.9885407484574085, ""collision_tblock_late"": 0.0, ""collision_tblock_mid"": 0.0, ""fall"": 0.0, ""timeout"": 0.0}"
start_behavior_context,start_region=x_pos__y_neg|start_theta_bin=sector_5|path_angle_bin=sector_7|near_count_bin=2|far_count_bin=0|medhigh_count_bin=1,False,4,0,4,1.0,3.0737054250812323,collision_tblock_early,4,-10.250416034928664,1.0,"{""collision"": 4}","{""collision_tblock_early"": 4}","{""collision_rod_early"": 0.0, ""collision_rod_late"": 0.0, ""collision_rod_mid"": 0.0, ""collision_tblock_early"": 5.9885407484574085, ""collision_tblock_late"": 0.0, ""collision_tblock_mid"": 0.0, ""fall"": 0.0, ""timeout"": 0.0}"
start_behavior_context,start_region=x_pos__y_neg|start_theta_bin=sector_6|path_angle_bin=sector_6|near_count_bin=0|far_count_bin=2|medhigh_count_bin=1,False,4,0,4,1.0,3.0737054250812323,collision_tblock_early,4,-10.299432381054292,1.0,"{""collision"": 4}","{""collision_tblock_early"": 4}","{""collision_rod_early"": 0.0, ""collision_rod_late"": 0.0, ""collision_rod_mid"": 0.0, ""collision_tblock_early"": 5.9885407484574085, ""collision_tblock_late"": 0.0, ""collision_tblock_mid"": 0.0, ""fall"": 0.0, ""timeout"": 0.0}"
start_behavior_context,start_region=x_pos__y_mid|start_theta_bin=sector_4|path_angle_bin=sector_0|near_count_bin=1|far_count_bin=1|medhigh_count_bin=1,False,4,0,4,1.0,3.0737054250812323,collision_tblock_early,4,-10.249175640079955,1.0,"{""collision"": 4}","{""collision_tblock_early"": 4}","{""collision_rod_early"": 0.0, ""collision_rod_late"": 0.0, ""collision_rod_mid"": 0.0, ""collision_tblock_early"": 5.9885407484574085, ""collision_tblock_late"": 0.0, ""collision_tblock_mid"": 0.0, ""fall"": 0.0, ""timeout"": 0.0}"
start_behavior_context,start_region=x_mid__y_neg|start_theta_bin=sector_4|path_angle_bin=sector_5|near_count_bin=1|far_count_bin=1|medhigh_count_bin=1,False,4,0,4,1.0,3.0737054250812323,collision_tblock_early,4,-10.262829849149185,1.0,"{""collision"": 4}","{""collision_tblock_early"": 4}","{""collision_rod_early"": 0.0, ""collision_rod_late"": 0.0, ""collision_rod_mid"": 0.0, ""collision_tblock_early"": 5.9885407484574085, ""collision_tblock_late"": 0.0, ""collision_tblock_mid"": 0.0, ""fall"": 0.0, ""timeout"": 0.0}"
start_behavior_context,start_region=x_mid__y_pos|start_theta_bin=sector_7|path_angle_bin=sector_1|near_count_bin=1|far_count_bin=0|medhigh_count_bin=2,False,4,0,4,1.0,3.0737054250812323,collision_tblock_early,4,-10.200118790476948,1.0,"{""collision"": 4}","{""collision_tblock_early"": 4}","{""collision_rod_early"": 0.0, ""collision_rod_late"": 0.0, ""collision_rod_mid"": 0.0, ""collision_tblock_early"": 5.9885407484574085, ""collision_tblock_late"": 0.0, ""collision_tblock_mid"": 0.0, ""fall"": 0.0, ""timeout"": 0.0}"
start_behavior_context,start_region=x_neg__y_pos|start_theta_bin=sector_2|path_angle_bin=sector_2|near_count_bin=1|far_count_bin=0|medhigh_count_bin=2,False,4,0,4,1.0,3.0737054250812323,collision_tblock_early,4,-10.278850941427848,1.0,"{""collision"": 4}","{""collision_tblock_early"": 4}","{""collision_rod_early"": 0.0, ""collision_rod_late"": 0.0, ""collision_rod_mid"": 0.0, ""collision_tblock_early"": 5.9885407484574085, ""collision_tblock_late"": 0.0, ""collision_tblock_mid"": 0.0, ""fall"": 0.0, ""timeout"": 0.0}"
start_behavior_context,start_region=x_pos__y_neg|start_theta_bin=sector_5|path_angle_bin=sector_6|near_count_bin=0|far_count_bin=0|medhigh_count_bin=2,False,4,0,4,1.0,3.0737054250812323,collision_tblock_early,4,-10.24840441426852,1.0,"{""collision"": 4}","{""collision_tblock_early"": 4}","{""collision_rod_early"": 0.0, ""collision_rod_late"": 0.0, ""collision_rod_mid"": 0.0, ""collision_tblock_early"": 5.9885407484574085, ""collision_tblock_late"": 0.0, ""collision_tblock_mid"": 0.0, ""fall"": 0.0, ""timeout"": 0.0}"
start_behavior_context,start_region=x_pos__y_neg|start_theta_bin=sector_3|path_angle_bin=sector_6|near_count_bin=1|far_count_bin=0|medhigh_count_bin=2,False,4,0,4,1.0,3.0737054250812323,collision_tblock_early,4,-10.231622224466033,1.0,"{""collision"": 4}","{""collision_tblock_early"": 4}","{""collision_rod_early"": 0.0, ""collision_rod_late"": 0.0, ""collision_rod_mid"": 0.0, ""collision_tblock_early"": 5.9885407484574085, ""collision_tblock_late"": 0.0, ""collision_tblock_mid"": 0.0, ""fall"": 0.0, ""timeout"": 0.0}"
start_behavior_context,start_region=x_pos__y_mid|start_theta_bin=sector_5|path_angle_bin=sector_0|near_count_bin=0|far_count_bin=1|medhigh_count_bin=1,False,4,0,4,1.0,3.0737054250812323,collision_tblock_early,4,-10.231119864351752,1.0,"{""collision"": 4}","{""collision_tblock_early"": 4}","{""collision_rod_early"": 0.0, ""collision_rod_late"": 0.0, ""collision_rod_mid"": 0.0, ""collision_tblock_early"": 5.9885407484574085, ""collision_tblock_late"": 0.0, ""collision_tblock_mid"": 0.0, ""fall"": 0.0, ""timeout"": 0.0}"
start_behavior_context,start_region=x_neg__y_pos|start_theta_bin=sector_3|path_angle_bin=sector_3|near_count_bin=0|far_count_bin=1|medhigh_count_bin=1,False,4,0,4,1.0,3.0737054250812323,collision_tblock_early,4,-10.244987396622895,1.0,"{""collision"": 4}","{""collision_tblock_early"": 4}","{""collision_rod_early"": 0.0, ""collision_rod_late"": 0.0, ""collision_rod_mid"": 0.0, ""collision_tblock_early"": 5.9885407484574085, ""collision_tblock_late"": 0.0, ""collision_tblock_mid"": 0.0, ""fall"": 0.0, ""timeout"": 0.0}"
start_behavior_context,start_region=x_pos__y_mid|start_theta_bin=sector_7|path_angle_bin=sector_0|near_count_bin=0|far_count_bin=1|medhigh_count_bin=0,False,3,0,3,1.0,3.0737054250812323,collision_tblock_early,2,-10.14054158583145,3.6666666666666665,"{""collision"": 2, ""timeout"": 1}","{""collision_tblock_early"": 2, ""timeout"": 1}","{""collision_rod_early"": 0.0, ""collision_rod_late"": 0.0, ""collision_rod_mid"": 0.0, ""collision_tblock_early"": 3.992360498971606, ""collision_tblock_late"": 0.0, ""collision_tblock_mid"": 0.0, ""fall"": 0.0, ""timeout"": 2.986850519584333}"
start_behavior_context,start_region=x_pos__y_mid|start_theta_bin=sector_7|path_angle_bin=sector_0|near_count_bin=0|far_count_bin=2|medhigh_count_bin=1,False,3,0,3,1.0,3.0737054250812323,collision_tblock_early,3,-10.279846827816248,1.0,"{""collision"": 3}","{""collision_tblock_early"": 3}","{""collision_rod_early"": 0.0, ""collision_rod_late"": 0.0, ""collision_rod_mid"": 0.0, ""collision_tblock_early"": 5.988540748457409, ""collision_tblock_late"": 0.0, ""collision_tblock_mid"": 0.0, ""fall"": 0.0, ""timeout"": 0.0}"
start_behavior_context,start_region=x_pos__y_pos|start_theta_bin=sector_3|path_angle_bin=sector_1|near_count_bin=0|far_count_bin=2|medhigh_count_bin=1,False,3,0,3,1.0,3.0737054250812323,collision_tblock_early,3,-10.300121109961472,1.0,"{""collision"": 3}","{""collision_tblock_early"": 3}","{""collision_rod_early"": 0.0, ""collision_rod_late"": 0.0, ""collision_rod_mid"": 0.0, ""collision_tblock_early"": 5.988540748457409, ""collision_tblock_late"": 0.0, ""collision_tblock_mid"": 0.0, ""fall"": 0.0, ""timeout"": 0.0}"
start_behavior_context,start_region=x_pos__y_pos|start_theta_bin=sector_7|path_angle_bin=sector_1|near_count_bin=2|far_count_bin=0|medhigh_count_bin=1,False,3,0,3,1.0,3.0737054250812323,collision_tblock_early,3,-10.319741394719834,1.0,"{""collision"": 3}","{""collision_tblock_early"": 3}","{""collision_rod_early"": 0.0, ""collision_rod_late"": 0.0, ""collision_rod_mid"": 0.0, ""collision_tblock_early"": 5.988540748457409, ""collision_tblock_late"": 0.0, ""collision_tblock_mid"": 0.0, ""fall"": 0.0, ""timeout"": 0.0}"
start_behavior_context,start_region=x_pos__y_pos|start_theta_bin=sector_4|path_angle_bin=sector_1|near_count_bin=2|far_count_bin=0|medhigh_count_bin=1,False,3,0,3,1.0,3.0737054250812323,collision_tblock_early,3,-10.307195873036152,1.0,"{""collision"": 3}","{""collision_tblock_early"": 3}","{""collision_rod_early"": 0.0, ""collision_rod_late"": 0.0, ""collision_rod_mid"": 0.0, ""collision_tblock_early"": 5.988540748457409, ""collision_tblock_late"": 0.0, ""collision_tblock_mid"": 0.0, ""fall"": 0.0, ""timeout"": 0.0}"
start_behavior_context,start_region=x_pos__y_pos|start_theta_bin=sector_0|path_angle_bin=sector_0|near_count_bin=2|far_count_bin=0|medhigh_count_bin=1,False,3,0,3,1.0,3.0737054250812323,collision_tblock_early,3,-10.292634799914326,1.0,"{""collision"": 3}","{""collision_tblock_early"": 3}","{""collision_rod_early"": 0.0, ""collision_rod_late"": 0.0, ""collision_rod_mid"": 0.0, ""collision_tblock_early"": 5.988540748457409, ""collision_tblock_late"": 0.0, ""collision_tblock_mid"": 0.0, ""fall"": 0.0, ""timeout"": 0.0}"
start_behavior_context,start_region=x_pos__y_pos|start_theta_bin=sector_3|path_angle_bin=sector_1|near_count_bin=2|far_count_bin=0|medhigh_count_bin=1,False,3,0,3,1.0,3.0737054250812323,collision_tblock_early,3,-10.345205551511787,1.0,"{""collision"": 3}","{""collision_tblock_early"": 3}","{""collision_rod_early"": 0.0, ""collision_rod_late"": 0.0, ""collision_rod_mid"": 0.0, ""collision_tblock_early"": 5.988540748457409, ""collision_tblock_late"": 0.0, ""collision_tblock_mid"": 0.0, ""fall"": 0.0, ""timeout"": 0.0}"
start_behavior_context,start_region=x_neg__y_pos|start_theta_bin=sector_7|path_angle_bin=sector_2|near_count_bin=2|far_count_bin=0|medhigh_count_bin=2,False,3,0,3,1.0,3.0737054250812323,collision_tblock_early,3,-10.403093468054804,1.0,"{""collision"": 3}","{""collision_tblock_early"": 3}","{""collision_rod_early"": 0.0, ""collision_rod_late"": 0.0, ""collision_rod_mid"": 0.0, ""collision_tblock_early"": 5.988540748457409, ""collision_tblock_late"": 0.0, ""collision_tblock_mid"": 0.0, ""fall"": 0.0, ""timeout"": 0.0}"
start_behavior_context,start_region=x_neg__y_pos|start_theta_bin=sector_1|path_angle_bin=sector_2|near_count_bin=1|far_count_bin=0|medhigh_count_bin=1,False,3,0,3,1.0,3.0737054250812323,collision_tblock_early,3,-10.257980371099034,1.0,"{""collision"": 3}","{""collision_tblock_early"": 3}","{""collision_rod_early"": 0.0, ""collision_rod_late"": 0.0, ""collision_rod_mid"": 0.0, ""collision_tblock_early"": 5.988540748457409, ""collision_tblock_late"": 0.0, ""collision_tblock_mid"": 0.0, ""fall"": 0.0, ""timeout"": 0.0}"
start_behavior_context,start_region=x_neg__y_pos|start_theta_bin=sector_7|path_angle_bin=sector_3|near_count_bin=0|far_count_bin=1|medhigh_count_bin=1,False,3,0,3,1.0,3.0737054250812323,collision_tblock_early,3,-10.401849928926671,1.0,"{""collision"": 3}","{""collision_tblock_early"": 3}","{""collision_rod_early"": 0.0, ""collision_rod_late"": 0.0, ""collision_rod_mid"": 0.0, ""collision_tblock_early"": 5.988540748457409, ""collision_tblock_late"": 0.0, ""collision_tblock_mid"": 0.0, ""fall"": 0.0, ""timeout"": 0.0}"
start_behavior_context,start_region=x_neg__y_pos|start_theta_bin=sector_1|path_angle_bin=sector_3|near_count_bin=2|far_count_bin=0|medhigh_count_bin=1,False,3,0,3,1.0,3.0737054250812323,collision_tblock_early,3,-10.379158982490138,1.0,"{""collision"": 3}","{""collision_tblock_early"": 3}","{""collision_rod_early"": 0.0, ""collision_rod_late"": 0.0, ""collision_rod_mid"": 0.0, ""collision_tblock_early"": 5.988540748457409, ""collision_tblock_late"": 0.0, ""collision_tblock_mid"": 0.0, ""fall"": 0.0, ""timeout"": 0.0}"
start_behavior_context,start_region=x_neg__y_pos|start_theta_bin=sector_2|path_angle_bin=sector_3|near_count_bin=2|far_count_bin=0|medhigh_count_bin=1,False,3,0,3,1.0,3.0737054250812323,collision_tblock_early,3,-10.302591814066206,1.0,"{""collision"": 3}","{""collision_tblock_early"": 3}","{""collision_rod_early"": 0.0, ""collision_rod_late"": 0.0, ""collision_rod_mid"": 0.0, ""collision_tblock_early"": 5.988540748457409, ""collision_tblock_late"": 0.0, ""collision_tblock_mid"": 0.0, ""fall"": 0.0, ""timeout"": 0.0}"
start_behavior_context,start_region=x_neg__y_pos|start_theta_bin=sector_7|path_angle_bin=sector_3|near_count_bin=2|far_count_bin=0|medhigh_count_bin=2,False,3,0,3,1.0,3.0737054250812323,collision_tblock_early,3,-10.3906263263585,1.0,"{""collision"": 3}","{""collision_tblock_early"": 3}","{""collision_rod_early"": 0.0, ""collision_rod_late"": 0.0, ""collision_rod_mid"": 0.0, ""collision_tblock_early"": 5.988540748457409, ""collision_tblock_late"": 0.0, ""collision_tblock_mid"": 0.0, ""fall"": 0.0, ""timeout"": 0.0}"
start_behavior_context,start_region=x_pos__y_mid|start_theta_bin=sector_6|path_angle_bin=sector_0|near_count_bin=2|far_count_bin=0|medhigh_count_bin=2,False,3,0,3,1.0,3.0737054250812323,collision_tblock_early,3,-10.231849060047596,1.0,"{""collision"": 3}","{""collision_tblock_early"": 3}","{""collision_rod_early"": 0.0, ""collision_rod_late"": 0.0, ""collision_rod_mid"": 0.0, ""collision_tblock_early"": 5.988540748457409, ""collision_tblock_late"": 0.0, ""collision_tblock_mid"": 0.0, ""fall"": 0.0, ""timeout"": 0.0}"
start_behavior_context,start_region=x_pos__y_pos|start_theta_bin=sector_0|path_angle_bin=sector_0|near_count_bin=0|far_count_bin=2|medhigh_count_bin=1,False,3,0,3,1.0,3.0737054250812323,collision_tblock_early,3,-10.308752028736793,1.0,"{""collision"": 3}","{""collision_tblock_early"": 3}","{""collision_rod_early"": 0.0, ""collision_rod_late"": 0.0, ""collision_rod_mid"": 0.0, ""collision_tblock_early"": 5.988540748457409, ""collision_tblock_late"": 0.0, ""collision_tblock_mid"": 0.0, ""fall"": 0.0, ""timeout"": 0.0}"
start_behavior_context,start_region=x_neg__y_pos|start_theta_bin=sector_6|path_angle_bin=sector_2|near_count_bin=2|far_count_bin=0|medhigh_count_bin=2,False,3,0,3,1.0,3.0737054250812323,collision_tblock_early,3,-10.438957324178995,1.0,"{""collision"": 3}","{""collision_tblock_early"": 3}","{""collision_rod_early"": 0.0, ""collision_rod_late"": 0.0, ""collision_rod_mid"": 0.0, ""collision_tblock_early"": 5.988540748457409, ""collision_tblock_late"": 0.0, ""collision_tblock_mid"": 0.0, ""fall"": 0.0, ""timeout"": 0.0}"
start_behavior_context,start_region=x_pos__y_neg|start_theta_bin=sector_3|path_angle_bin=sector_7|near_count_bin=2|far_count_bin=0|medhigh_count_bin=2,False,3,0,3,1.0,3.0737054250812323,collision_tblock_early,3,-10.255515970361628,1.0,"{""collision"": 3}","{""collision_tblock_early"": 3}","{""collision_rod_early"": 0.0, ""collision_rod_late"": 0.0, ""collision_rod_mid"": 0.0, ""collision_tblock_early"": 5.988540748457409, ""collision_tblock_late"": 0.0, ""collision_tblock_mid"": 0.0, ""fall"": 0.0, ""timeout"": 0.0}"
start_behavior_context,start_region=x_neg__y_pos|start_theta_bin=sector_3|path_angle_bin=sector_3|near_count_bin=2|far_count_bin=0|medhigh_count_bin=1,False,3,0,3,1.0,3.0737054250812323,collision_tblock_early,3,-10.280693543465944,1.0,"{""collision"": 3}","{""collision_tblock_early"": 3}","{""collision_rod_early"": 0.0, ""collision_rod_late"": 0.0, ""collision_rod_mid"": 0.0, ""collision_tblock_early"": 5.988540748457409, ""collision_tblock_late"": 0.0, ""collision_tblock_mid"": 0.0, ""fall"": 0.0, ""timeout"": 0.0}"
start_behavior_context,start_region=x_pos__y_pos|start_theta_bin=sector_3|path_angle_bin=sector_1|near_count_bin=1|far_count_bin=0|medhigh_count_bin=2,False,3,0,3,1.0,3.0737054250812323,collision_tblock_early,3,-10.324505819872307,1.0,"{""collision"": 3}","{""collision_tblock_early"": 3}","{""collision_rod_early"": 0.0, ""collision_rod_late"": 0.0, ""collision_rod_mid"": 0.0, ""collision_tblock_early"": 5.988540748457409, ""collision_tblock_late"": 0.0, ""collision_tblock_mid"": 0.0, ""fall"": 0.0, ""timeout"": 0.0}"
start_behavior_context,start_region=x_pos__y_neg|start_theta_bin=sector_5|path_angle_bin=sector_6|near_count_bin=0|far_count_bin=2|medhigh_count_bin=1,False,3,0,3,1.0,3.0737054250812323,collision_tblock_early,3,-10.315506198611788,1.0,"{""collision"": 3}","{""collision_tblock_early"": 3}","{""collision_rod_early"": 0.0, ""collision_rod_late"": 0.0, ""collision_rod_mid"": 0.0, ""collision_tblock_early"": 5.988540748457409, ""collision_tblock_late"": 0.0, ""collision_tblock_mid"": 0.0, ""fall"": 0.0, ""timeout"": 0.0}"
start_behavior_context,start_region=x_neg__y_neg|start_theta_bin=sector_5|path_angle_bin=sector_4|near_count_bin=1|far_count_bin=1|medhigh_count_bin=1,False,3,0,3,1.0,3.0737054250812323,collision_tblock_early,3,-10.268833028313567,1.0,"{""collision"": 3}","{""collision_tblock_early"": 3}","{""collision_rod_early"": 0.0, ""collision_rod_late"": 0.0, ""collision_rod_mid"": 0.0, ""collision_tblock_early"": 5.988540748457409, ""collision_tblock_late"": 0.0, ""collision_tblock_mid"": 0.0, ""fall"": 0.0, ""timeout"": 0.0}"
start_behavior_context,start_region=x_pos__y_pos|start_theta_bin=sector_5|path_angle_bin=sector_1|near_count_bin=0|far_count_bin=2|medhigh_count_bin=1,False,3,0,3,1.0,3.0737054250812323,collision_tblock_early,3,-10.260730482430782,1.0,"{""collision"": 3}","{""collision_tblock_early"": 3}","{""collision_rod_early"": 0.0, ""collision_rod_late"": 0.0, ""collision_rod_mid"": 0.0, ""collision_tblock_early"": 5.988540748457409, ""collision_tblock_late"": 0.0, ""collision_tblock_mid"": 0.0, ""fall"": 0.0, ""timeout"": 0.0}"
start_behavior_context,start_region=x_pos__y_neg|start_theta_bin=sector_3|path_angle_bin=sector_6|near_count_bin=2|far_count_bin=0|medhigh_count_bin=1,False,3,0,3,1.0,3.0737054250812323,collision_tblock_early,3,-10.25130539002548,1.0,"{""collision"": 3}","{""collision_tblock_early"": 3}","{""collision_rod_early"": 0.0, ""collision_rod_late"": 0.0, ""collision_rod_mid"": 0.0, ""collision_tblock_early"": 5.988540748457409, ""collision_tblock_late"": 0.0, ""collision_tblock_mid"": 0.0, ""fall"": 0.0, ""timeout"": 0.0}"
start_behavior_context,start_region=x_neg__y_neg|start_theta_bin=sector_1|path_angle_bin=sector_4|near_count_bin=1|far_count_bin=1|medhigh_count_bin=1,False,3,0,3,1.0,3.0737054250812323,collision_tblock_early,3,-10.278729031728792,1.0,"{""collision"": 3}","{""collision_tblock_early"": 3}","{""collision_rod_early"": 0.0, ""collision_rod_late"": 0.0, ""collision_rod_mid"": 0.0, ""collision_tblock_early"": 5.988540748457409, ""collision_tblock_late"": 0.0, ""collision_tblock_mid"": 0.0, ""fall"": 0.0, ""timeout"": 0.0}"
start_behavior_context,start_region=x_neg__y_neg|start_theta_bin=sector_0|path_angle_bin=sector_4|near_count_bin=1|far_count_bin=1|medhigh_count_bin=1,False,3,0,3,1.0,3.0737054250812323,collision_tblock_early,3,-10.220962215834431,1.0,"{""collision"": 3}","{""collision_tblock_early"": 3}","{""collision_rod_early"": 0.0, ""collision_rod_late"": 0.0, ""collision_rod_mid"": 0.0, ""collision_tblock_early"": 5.988540748457409, ""collision_tblock_late"": 0.0, ""collision_tblock_mid"": 0.0, ""fall"": 0.0, ""timeout"": 0.0}"
start_behavior_context,start_region=x_pos__y_neg|start_theta_bin=sector_3|path_angle_bin=sector_7|near_count_bin=2|far_count_bin=0|medhigh_count_bin=1,False,3,0,3,1.0,3.0737054250812323,collision_tblock_early,3,-10.232243139182371,1.0,"{""collision"": 3}","{""collision_tblock_early"": 3}","{""collision_rod_early"": 0.0, ""collision_rod_late"": 0.0, ""collision_rod_mid"": 0.0, ""collision_tblock_early"": 5.988540748457409, ""collision_tblock_late"": 0.0, ""collision_tblock_mid"": 0.0, ""fall"": 0.0, ""timeout"": 0.0}"
start_behavior_context,start_region=x_pos__y_mid|start_theta_bin=sector_6|path_angle_bin=sector_7|near_count_bin=1|far_count_bin=1|medhigh_count_bin=1,False,3,0,3,1.0,3.0737054250812323,collision_tblock_early,3,-10.228229844209743,1.0,"{""collision"": 3}","{""collision_tblock_early"": 3}","{""collision_rod_early"": 0.0, ""collision_rod_late"": 0.0, ""collision_rod_mid"": 0.0, ""collision_tblock_early"": 5.988540748457409, ""collision_tblock_late"": 0.0, ""collision_tblock_mid"": 0.0, ""fall"": 0.0, ""timeout"": 0.0}"
start_behavior_context,start_region=x_pos__y_neg|start_theta_bin=sector_1|path_angle_bin=sector_6|near_count_bin=0|far_count_bin=1|medhigh_count_bin=1,False,3,0,3,1.0,3.0737054250812323,collision_tblock_early,3,-10.250491182776045,1.0,"{""collision"": 3}","{""collision_tblock_early"": 3}","{""collision_rod_early"": 0.0, ""collision_rod_late"": 0.0, ""collision_rod_mid"": 0.0, ""collision_tblock_early"": 5.988540748457409, ""collision_tblock_late"": 0.0, ""collision_tblock_mid"": 0.0, ""fall"": 0.0, ""timeout"": 0.0}"
start_behavior_context,start_region=x_neg__y_pos|start_theta_bin=sector_2|path_angle_bin=sector_2|near_count_bin=0|far_count_bin=1|medhigh_count_bin=1,False,3,0,3,1.0,3.0737054250812323,collision_tblock_early,3,-10.270989405047839,1.0,"{""collision"": 3}","{""collision_tblock_early"": 3}","{""collision_rod_early"": 0.0, ""collision_rod_late"": 0.0, ""collision_rod_mid"": 0.0, ""collision_tblock_early"": 5.988540748457409, ""collision_tblock_late"": 0.0, ""collision_tblock_mid"": 0.0, ""fall"": 0.0, ""timeout"": 0.0}"
start_behavior_context,start_region=x_pos__y_pos|start_theta_bin=sector_1|path_angle_bin=sector_0|near_count_bin=1|far_count_bin=0|medhigh_count_bin=1,False,3,0,3,1.0,3.0737054250812323,collision_tblock_early,3,-10.246924997483093,1.0,"{""collision"": 3}","{""collision_tblock_early"": 3}","{""collision_rod_early"": 0.0, ""collision_rod_late"": 0.0, ""collision_rod_mid"": 0.0, ""collision_tblock_early"": 5.988540748457409, ""collision_tblock_late"": 0.0, ""collision_tblock_mid"": 0.0, ""fall"": 0.0, ""timeout"": 0.0}"
start_behavior_context,start_region=x_neg__y_pos|start_theta_bin=sector_1|path_angle_bin=sector_3|near_count_bin=2|far_count_bin=0|medhigh_count_bin=2,False,3,0,3,1.0,3.0737054250812323,collision_tblock_early,3,-10.298862390269754,1.0,"{""collision"": 3}","{""collision_tblock_early"": 3}","{""collision_rod_early"": 0.0, ""collision_rod_late"": 0.0, ""collision_rod_mid"": 0.0, ""collision_tblock_early"": 5.988540748457409, ""collision_tblock_late"": 0.0, ""collision_tblock_mid"": 0.0, ""fall"": 0.0, ""timeout"": 0.0}"
start_behavior_context,start_region=x_pos__y_neg|start_theta_bin=sector_0|path_angle_bin=sector_7|near_count_bin=0|far_count_bin=1|medhigh_count_bin=1,False,3,0,3,1.0,3.0737054250812323,collision_tblock_early,3,-10.277165086870244,1.0,"{""collision"": 3}","{""collision_tblock_early"": 3}","{""collision_rod_early"": 0.0, ""collision_rod_late"": 0.0, ""collision_rod_mid"": 0.0, ""collision_tblock_early"": 5.988540748457409, ""collision_tblock_late"": 0.0, ""collision_tblock_mid"": 0.0, ""fall"": 0.0, ""timeout"": 0.0}"
start_behavior_context,start_region=x_pos__y_neg|start_theta_bin=sector_3|path_angle_bin=sector_7|near_count_bin=0|far_count_bin=1|medhigh_count_bin=1,False,3,0,3,1.0,3.0737054250812323,collision_tblock_early,3,-10.24868984728513,1.0,"{""collision"": 3}","{""collision_tblock_early"": 3}","{""collision_rod_early"": 0.0, ""collision_rod_late"": 0.0, ""collision_rod_mid"": 0.0, ""collision_tblock_early"": 5.988540748457409, ""collision_tblock_late"": 0.0, ""collision_tblock_mid"": 0.0, ""fall"": 0.0, ""timeout"": 0.0}"
start_behavior_context,start_region=x_neg__y_neg|start_theta_bin=sector_1|path_angle_bin=sector_5|near_count_bin=0|far_count_bin=1|medhigh_count_bin=1,False,3,0,3,1.0,3.0737054250812323,collision_tblock_early,3,-10.272994504316982,1.0,"{""collision"": 3}","{""collision_tblock_early"": 3}","{""collision_rod_early"": 0.0, ""collision_rod_late"": 0.0, ""collision_rod_mid"": 0.0, ""collision_tblock_early"": 5.988540748457409, ""collision_tblock_late"": 0.0, ""collision_tblock_mid"": 0.0, ""fall"": 0.0, ""timeout"": 0.0}"
start_behavior_context,start_region=x_pos__y_neg|start_theta_bin=sector_2|path_angle_bin=sector_6|near_count_bin=0|far_count_bin=1|medhigh_count_bin=1,False,3,0,3,1.0,3.0737054250812323,collision_tblock_early,3,-10.238952703672224,1.0,"{""collision"": 3}","{""collision_tblock_early"": 3}","{""collision_rod_early"": 0.0, ""collision_rod_late"": 0.0, ""collision_rod_mid"": 0.0, ""collision_tblock_early"": 5.988540748457409, ""collision_tblock_late"": 0.0, ""collision_tblock_mid"": 0.0, ""fall"": 0.0, ""timeout"": 0.0}"
start_behavior_context,start_region=x_pos__y_neg|start_theta_bin=sector_4|path_angle_bin=sector_7|near_count_bin=1|far_count_bin=0|medhigh_count_bin=1,False,3,0,3,1.0,3.0737054250812323,collision_tblock_early,3,-10.27884256361139,1.0,"{""collision"": 3}","{""collision_tblock_early"": 3}","{""collision_rod_early"": 0.0, ""collision_rod_late"": 0.0, ""collision_rod_mid"": 0.0, ""collision_tblock_early"": 5.988540748457409, ""collision_tblock_late"": 0.0, ""collision_tblock_mid"": 0.0, ""fall"": 0.0, ""timeout"": 0.0}"
start_behavior_context,start_region=x_neg__y_neg|start_theta_bin=sector_3|path_angle_bin=sector_4|near_count_bin=0|far_count_bin=1|medhigh_count_bin=1,False,3,0,3,1.0,3.0737054250812323,collision_tblock_early,3,-10.25289681199046,1.0,"{""collision"": 3}","{""collision_tblock_early"": 3}","{""collision_rod_early"": 0.0, ""collision_rod_late"": 0.0, ""collision_rod_mid"": 0.0, ""collision_tblock_early"": 5.988540748457409, ""collision_tblock_late"": 0.0, ""collision_tblock_mid"": 0.0, ""fall"": 0.0, ""timeout"": 0.0}"
start_behavior_context,start_region=x_pos__y_pos|start_theta_bin=sector_0|path_angle_bin=sector_0|near_count_bin=0|far_count_bin=0|medhigh_count_bin=2,False,3,0,3,1.0,3.0737054250812323,collision_tblock_early,3,-10.29278454610442,1.0,"{""collision"": 3}","{""collision_tblock_early"": 3}","{""collision_rod_early"": 0.0, ""collision_rod_late"": 0.0, ""collision_rod_mid"": 0.0, ""collision_tblock_early"": 5.988540748457409, ""collision_tblock_late"": 0.0, ""collision_tblock_mid"": 0.0, ""fall"": 0.0, ""timeout"": 0.0}"
start_behavior_context,start_region=x_neg__y_pos|start_theta_bin=sector_0|path_angle_bin=sector_2|near_count_bin=0|far_count_bin=0|medhigh_count_bin=2,False,3,0,3,1.0,3.0737054250812323,collision_tblock_early,3,-10.355328761554219,1.0,"{""collision"": 3}","{""collision_tblock_early"": 3}","{""collision_rod_early"": 0.0, ""collision_rod_late"": 0.0, ""collision_rod_mid"": 0.0, ""collision_tblock_early"": 5.988540748457409, ""collision_tblock_late"": 0.0, ""collision_tblock_mid"": 0.0, ""fall"": 0.0, ""timeout"": 0.0}"
start_behavior_context,start_region=x_neg__y_pos|start_theta_bin=sector_3|path_angle_bin=sector_3|near_count_bin=1|far_count_bin=0|medhigh_count_bin=2,False,3,0,3,1.0,3.0737054250812323,collision_tblock_early,3,-10.274794990119146,1.0,"{""collision"": 3}","{""collision_tblock_early"": 3}","{""collision_rod_early"": 0.0, ""collision_rod_late"": 0.0, ""collision_rod_mid"": 0.0, ""collision_tblock_early"": 5.988540748457409, ""collision_tblock_late"": 0.0, ""collision_tblock_mid"": 0.0, ""fall"": 0.0, ""timeout"": 0.0}"
start_behavior_context,start_region=x_pos__y_neg|start_theta_bin=sector_7|path_angle_bin=sector_6|near_count_bin=1|far_count_bin=0|medhigh_count_bin=2,False,3,0,3,1.0,3.0737054250812323,collision_tblock_early,3,-10.260141599493606,1.0,"{""collision"": 3}","{""collision_tblock_early"": 3}","{""collision_rod_early"": 0.0, ""collision_rod_late"": 0.0, ""collision_rod_mid"": 0.0, ""collision_tblock_early"": 5.988540748457409, ""collision_tblock_late"": 0.0, ""collision_tblock_mid"": 0.0, ""fall"": 0.0, ""timeout"": 0.0}"
start_behavior_context,start_region=x_neg__y_pos|start_theta_bin=sector_4|path_angle_bin=sector_3|near_count_bin=0|far_count_bin=1|medhigh_count_bin=1,False,3,0,3,1.0,3.0737054250812323,collision_tblock_early,3,-10.28587723005056,1.0,"{""collision"": 3}","{""collision_tblock_early"": 3}","{""collision_rod_early"": 0.0, ""collision_rod_late"": 0.0, ""collision_rod_mid"": 0.0, ""collision_tblock_early"": 5.988540748457409, ""collision_tblock_late"": 0.0, ""collision_tblock_mid"": 0.0, ""fall"": 0.0, ""timeout"": 0.0}"
start_behavior_context,start_region=x_pos__y_pos|start_theta_bin=sector_2|path_angle_bin=sector_0|near_count_bin=0|far_count_bin=0|medhigh_count_bin=2,False,3,0,3,1.0,3.0737054250812323,collision_tblock_early,3,-10.30528342319672,1.0,"{""collision"": 3}","{""collision_tblock_early"": 3}","{""collision_rod_early"": 0.0, ""collision_rod_late"": 0.0, ""collision_rod_mid"": 0.0, ""collision_tblock_early"": 5.988540748457409, ""collision_tblock_late"": 0.0, ""collision_tblock_mid"": 0.0, ""fall"": 0.0, ""timeout"": 0.0}"
start_behavior_context,start_region=x_neg__y_pos|start_theta_bin=sector_1|path_angle_bin=sector_2|near_count_bin=1|far_count_bin=0|medhigh_count_bin=2,False,3,0,3,1.0,3.0737054250812323,collision_tblock_early,3,-10.29242557717066,1.0,"{""collision"": 3}","{""collision_tblock_early"": 3}","{""collision_rod_early"": 0.0, ""collision_rod_late"": 0.0, ""collision_rod_mid"": 0.0, ""collision_tblock_early"": 5.988540748457409, ""collision_tblock_late"": 0.0, ""collision_tblock_mid"": 0.0, ""fall"": 0.0, ""timeout"": 0.0}"
start_behavior_context,start_region=x_neg__y_pos|start_theta_bin=sector_1|path_angle_bin=sector_2|near_count_bin=0|far_count_bin=0|medhigh_count_bin=2,False,3,0,3,1.0,3.0737054250812323,collision_tblock_early,2,-10.306917795340434,1.0,"{""collision"": 3}","{""collision_rod_early"": 1, ""collision_tblock_early"": 2}","{""collision_rod_early"": 10.510689170182841, ""collision_rod_late"": 0.0, ""collision_rod_mid"": 0.0, ""collision_tblock_early"": 3.992360498971606, ""collision_tblock_late"": 0.0, ""collision_tblock_mid"": 0.0, ""fall"": 0.0, ""timeout"": 0.0}"
start_behavior_context,start_region=x_mid__y_pos|start_theta_bin=sector_7|path_angle_bin=sector_2|near_count_bin=0|far_count_bin=0|medhigh_count_bin=2,False,3,0,3,1.0,3.0737054250812323,collision_tblock_early,3,-10.208963247375122,1.0,"{""collision"": 3}","{""collision_tblock_early"": 3}","{""collision_rod_early"": 0.0, ""collision_rod_late"": 0.0, ""collision_rod_mid"": 0.0, ""collision_tblock_early"": 5.988540748457409, ""collision_tblock_late"": 0.0, ""collision_tblock_mid"": 0.0, ""fall"": 0.0, ""timeout"": 0.0}"
start_behavior_context,start_region=x_pos__y_pos|start_theta_bin=sector_7|path_angle_bin=sector_0|near_count_bin=1|far_count_bin=0|medhigh_count_bin=1,False,3,0,3,1.0,3.0737054250812323,collision_tblock_early,3,-10.290049610717682,1.0,"{""collision"": 3}","{""collision_tblock_early"": 3}","{""collision_rod_early"": 0.0, ""collision_rod_late"": 0.0, ""collision_rod_mid"": 0.0, ""collision_tblock_early"": 5.988540748457409, ""collision_tblock_late"": 0.0, ""collision_tblock_mid"": 0.0, ""fall"": 0.0, ""timeout"": 0.0}"
start_behavior_context,start_region=x_pos__y_mid|start_theta_bin=sector_6|path_angle_bin=sector_0|near_count_bin=1|far_count_bin=0|medhigh_count_bin=2,False,3,0,3,1.0,3.0737054250812323,collision_tblock_early,3,-10.230553131113256,1.0,"{""collision"": 3}","{""collision_tblock_early"": 3}","{""collision_rod_early"": 0.0, ""collision_rod_late"": 0.0, ""collision_rod_mid"": 0.0, ""collision_tblock_early"": 5.988540748457409, ""collision_tblock_late"": 0.0, ""collision_tblock_mid"": 0.0, ""fall"": 0.0, ""timeout"": 0.0}"
start_behavior_context,start_region=x_pos__y_pos|start_theta_bin=sector_2|path_angle_bin=sector_0|near_count_bin=1|far_count_bin=0|medhigh_count_bin=2,False,3,0,3,1.0,3.0737054250812323,collision_tblock_early,3,-10.296709394191796,1.0,"{""collision"": 3}","{""collision_tblock_early"": 3}","{""collision_rod_early"": 0.0, ""collision_rod_late"": 0.0, ""collision_rod_mid"": 0.0, ""collision_tblock_early"": 5.988540748457409, ""collision_tblock_late"": 0.0, ""collision_tblock_mid"": 0.0, ""fall"": 0.0, ""timeout"": 0.0}"
start_behavior_context,start_region=x_pos__y_pos|start_theta_bin=sector_3|path_angle_bin=sector_1|near_count_bin=0|far_count_bin=0|medhigh_count_bin=2,False,3,0,3,1.0,3.0737054250812323,collision_tblock_early,3,-10.326751618802794,1.0,"{""collision"": 3}","{""collision_tblock_early"": 3}","{""collision_rod_early"": 0.0, ""collision_rod_late"": 0.0, ""collision_rod_mid"": 0.0, ""collision_tblock_early"": 5.988540748457409, ""collision_tblock_late"": 0.0, ""collision_tblock_mid"": 0.0, ""fall"": 0.0, ""timeout"": 0.0}"
start_behavior_context,start_region=x_pos__y_neg|start_theta_bin=sector_3|path_angle_bin=sector_7|near_count_bin=1|far_count_bin=0|medhigh_count_bin=2,False,3,0,3,1.0,3.0737054250812323,collision_tblock_early,3,-10.23411279201543,1.0,"{""collision"": 3}","{""collision_tblock_early"": 3}","{""collision_rod_early"": 0.0, ""collision_rod_late"": 0.0, ""collision_rod_mid"": 0.0, ""collision_tblock_early"": 5.988540748457409, ""collision_tblock_late"": 0.0, ""collision_tblock_mid"": 0.0, ""fall"": 0.0, ""timeout"": 0.0}"
start_behavior_context,start_region=x_mid__y_neg|start_theta_bin=sector_3|path_angle_bin=sector_6|near_count_bin=0|far_count_bin=1|medhigh_count_bin=1,False,3,0,3,1.0,3.0737054250812323,collision_tblock_early,3,-10.19287624434923,1.0,"{""collision"": 3}","{""collision_tblock_early"": 3}","{""collision_rod_early"": 0.0, ""collision_rod_late"": 0.0, ""collision_rod_mid"": 0.0, ""collision_tblock_early"": 5.988540748457409, ""collision_tblock_late"": 0.0, ""collision_tblock_mid"": 0.0, ""fall"": 0.0, ""timeout"": 0.0}"
start_behavior_context,start_region=x_neg__y_pos|start_theta_bin=sector_3|path_angle_bin=sector_2|near_count_bin=2|far_count_bin=0|medhigh_count_bin=1,False,2,0,2,1.0,3.0737054250812323,timeout,1,-15.336914728028706,5.0,"{""collision"": 1, ""timeout"": 1}","{""collision_tblock_early"": 1, ""timeout"": 1}","{""collision_rod_early"": 0.0, ""collision_rod_late"": 0.0, ""collision_rod_mid"": 0.0, ""collision_tblock_early"": 2.9942703742287042, ""collision_tblock_late"": 0.0, ""collision_tblock_mid"": 0.0, ""fall"": 0.0, ""timeout"": 4.480275779376499}"
start_behavior_context,start_region=x_pos__y_pos|start_theta_bin=sector_6|path_angle_bin=sector_0|near_count_bin=0|far_count_bin=1|medhigh_count_bin=0,False,2,0,2,1.0,3.0737054250812323,timeout,1,-27.11001202623016,6.0,"{""collision"": 1, ""timeout"": 1}","{""collision_rod_early"": 1, ""timeout"": 1}","{""collision_rod_early"": 15.766033755274261, ""collision_rod_late"": 0.0, ""collision_rod_mid"": 0.0, ""collision_tblock_early"": 0.0, ""collision_tblock_late"": 0.0, ""collision_tblock_mid"": 0.0, ""fall"": 0.0, ""timeout"": 4.480275779376499}"
start_behavior_context,start_region=x_pos__y_neg|start_theta_bin=sector_1|path_angle_bin=sector_6|near_count_bin=2|far_count_bin=0|medhigh_count_bin=0,False,2,0,2,1.0,3.0737054250812323,timeout,1,-11.862007107374623,5.0,"{""collision"": 1, ""timeout"": 1}","{""collision_tblock_early"": 1, ""timeout"": 1}","{""collision_rod_early"": 0.0, ""collision_rod_late"": 0.0, ""collision_rod_mid"": 0.0, ""collision_tblock_early"": 2.9942703742287042, ""collision_tblock_late"": 0.0, ""collision_tblock_mid"": 0.0, ""fall"": 0.0, ""timeout"": 4.480275779376499}"
start_behavior_context,start_region=x_pos__y_neg|start_theta_bin=sector_2|path_angle_bin=sector_6|near_count_bin=2|far_count_bin=0|medhigh_count_bin=1,False,2,0,2,1.0,3.0737054250812323,collision_tblock_early,2,-10.238273478180844,1.0,"{""collision"": 2}","{""collision_tblock_early"": 2}","{""collision_rod_early"": 0.0, ""collision_rod_late"": 0.0, ""collision_rod_mid"": 0.0, ""collision_tblock_early"": 5.9885407484574085, ""collision_tblock_late"": 0.0, ""collision_tblock_mid"": 0.0, ""fall"": 0.0, ""timeout"": 0.0}"
start_behavior_context,start_region=x_pos__y_pos|start_theta_bin=sector_4|path_angle_bin=sector_0|near_count_bin=0|far_count_bin=2|medhigh_count_bin=1,False,2,0,2,1.0,3.0737054250812323,collision_tblock_early,2,-10.316465371419476,1.0,"{""collision"": 2}","{""collision_tblock_early"": 2}","{""collision_rod_early"": 0.0, ""collision_rod_late"": 0.0, ""collision_rod_mid"": 0.0, ""collision_tblock_early"": 5.9885407484574085, ""collision_tblock_late"": 0.0, ""collision_tblock_mid"": 0.0, ""fall"": 0.0, ""timeout"": 0.0}"
start_behavior_context,start_region=x_pos__y_pos|start_theta_bin=sector_0|path_angle_bin=sector_1|near_count_bin=2|far_count_bin=0|medhigh_count_bin=0,False,2,0,2,1.0,3.0737054250812323,collision_tblock_early,2,-10.239164629796011,1.0,"{""collision"": 2}","{""collision_tblock_early"": 2}","{""collision_rod_early"": 0.0, ""collision_rod_late"": 0.0, ""collision_rod_mid"": 0.0, ""collision_tblock_early"": 5.9885407484574085, ""collision_tblock_late"": 0.0, ""collision_tblock_mid"": 0.0, ""fall"": 0.0, ""timeout"": 0.0}"
start_behavior_context,start_region=x_pos__y_pos|start_theta_bin=sector_6|path_angle_bin=sector_1|near_count_bin=2|far_count_bin=0|medhigh_count_bin=1,False,2,0,2,1.0,3.0737054250812323,collision_tblock_early,2,-10.301042401540828,1.0,"{""collision"": 2}","{""collision_tblock_early"": 2}","{""collision_rod_early"": 0.0, ""collision_rod_late"": 0.0, ""collision_rod_mid"": 0.0, ""collision_tblock_early"": 5.9885407484574085, ""collision_tblock_late"": 0.0, ""collision_tblock_mid"": 0.0, ""fall"": 0.0, ""timeout"": 0.0}"
start_behavior_context,start_region=x_neg__y_neg|start_theta_bin=sector_4|path_angle_bin=sector_5|near_count_bin=2|far_count_bin=0|medhigh_count_bin=1,False,2,0,2,1.0,3.0737054250812323,collision_tblock_early,2,-10.267759638224142,1.0,"{""collision"": 2}","{""collision_tblock_early"": 2}","{""collision_rod_early"": 0.0, ""collision_rod_late"": 0.0, ""collision_rod_mid"": 0.0, ""collision_tblock_early"": 5.9885407484574085, ""collision_tblock_late"": 0.0, ""collision_tblock_mid"": 0.0, ""fall"": 0.0, ""timeout"": 0.0}"
start_behavior_context,start_region=x_neg__y_pos|start_theta_bin=sector_7|path_angle_bin=sector_3|near_count_bin=2|far_count_bin=0|medhigh_count_bin=1,False,2,0,2,1.0,3.0737054250812323,collision_tblock_early,2,-10.38114271844601,1.0,"{""collision"": 2}","{""collision_tblock_early"": 2}","{""collision_rod_early"": 0.0, ""collision_rod_late"": 0.0, ""collision_rod_mid"": 0.0, ""collision_tblock_early"": 5.9885407484574085, ""collision_tblock_late"": 0.0, ""collision_tblock_mid"": 0.0, ""fall"": 0.0, ""timeout"": 0.0}"
start_behavior_context,start_region=x_pos__y_neg|start_theta_bin=sector_5|path_angle_bin=sector_7|near_count_bin=2|far_count_bin=0|medhigh_count_bin=0,False,2,0,2,1.0,3.0737054250812323,collision_tblock_early,2,-10.300536820044258,1.0,"{""collision"": 2}","{""collision_tblock_early"": 2}","{""collision_rod_early"": 0.0, ""collision_rod_late"": 0.0, ""collision_rod_mid"": 0.0, ""collision_tblock_early"": 5.9885407484574085, ""collision_tblock_late"": 0.0, ""collision_tblock_mid"": 0.0, ""fall"": 0.0, ""timeout"": 0.0}"
start_behavior_context,start_region=x_pos__y_pos|start_theta_bin=sector_0|path_angle_bin=sector_0|near_count_bin=2|far_count_bin=0|medhigh_count_bin=0,False,2,0,2,1.0,3.0737054250812323,collision_tblock_early,2,-10.293081583072398,1.0,"{""collision"": 2}","{""collision_tblock_early"": 2}","{""collision_rod_early"": 0.0, ""collision_rod_late"": 0.0, ""collision_rod_mid"": 0.0, ""collision_tblock_early"": 5.9885407484574085, ""collision_tblock_late"": 0.0, ""collision_tblock_mid"": 0.0, ""fall"": 0.0, ""timeout"": 0.0}"
start_behavior_context,start_region=x_pos__y_pos|start_theta_bin=sector_2|path_angle_bin=sector_1|near_count_bin=2|far_count_bin=0|medhigh_count_bin=2,False,2,0,2,1.0,3.0737054250812323,collision_tblock_early,2,-10.30231008441072,1.0,"{""collision"": 2}","{""collision_tblock_early"": 2}","{""collision_rod_early"": 0.0, ""collision_rod_late"": 0.0, ""collision_rod_mid"": 0.0, ""collision_tblock_early"": 5.9885407484574085, ""collision_tblock_late"": 0.0, ""collision_tblock_mid"": 0.0, ""fall"": 0.0, ""timeout"": 0.0}"
start_behavior_context,start_region=x_pos__y_neg|start_theta_bin=sector_2|path_angle_bin=sector_7|near_count_bin=2|far_count_bin=0|medhigh_count_bin=2,False,2,0,2,1.0,3.0737054250812323,collision_tblock_early,2,-10.231189920080782,1.0,"{""collision"": 2}","{""collision_tblock_early"": 2}","{""collision_rod_early"": 0.0, ""collision_rod_late"": 0.0, ""collision_rod_mid"": 0.0, ""collision_tblock_early"": 5.9885407484574085, ""collision_tblock_late"": 0.0, ""collision_tblock_mid"": 0.0, ""fall"": 0.0, ""timeout"": 0.0}"
start_behavior_context,start_region=x_pos__y_pos|start_theta_bin=sector_1|path_angle_bin=sector_0|near_count_bin=2|far_count_bin=0|medhigh_count_bin=1,False,2,0,2,1.0,3.0737054250812323,collision_tblock_early,2,-10.264492699579186,1.0,"{""collision"": 2}","{""collision_tblock_early"": 2}","{""collision_rod_early"": 0.0, ""collision_rod_late"": 0.0, ""collision_rod_mid"": 0.0, ""collision_tblock_early"": 5.9885407484574085, ""collision_tblock_late"": 0.0, ""collision_tblock_mid"": 0.0, ""fall"": 0.0, ""timeout"": 0.0}"
start_behavior_context,start_region=x_neg__y_pos|start_theta_bin=sector_6|path_angle_bin=sector_2|near_count_bin=1|far_count_bin=0|medhigh_count_bin=2,False,2,0,2,1.0,3.0737054250812323,collision_tblock_early,2,-10.364596295790822,1.0,"{""collision"": 2}","{""collision_tblock_early"": 2}","{""collision_rod_early"": 0.0, ""collision_rod_late"": 0.0, ""collision_rod_mid"": 0.0, ""collision_tblock_early"": 5.9885407484574085, ""collision_tblock_late"": 0.0, ""collision_tblock_mid"": 0.0, ""fall"": 0.0, ""timeout"": 0.0}"
start_behavior_context,start_region=x_pos__y_pos|start_theta_bin=sector_3|path_angle_bin=sector_1|near_count_bin=1|far_count_bin=0|medhigh_count_bin=1,False,2,0,2,1.0,3.0737054250812323,collision_tblock_early,2,-10.331266043147451,1.0,"{""collision"": 2}","{""collision_tblock_early"": 2}","{""collision_rod_early"": 0.0, ""collision_rod_late"": 0.0, ""collision_rod_mid"": 0.0, ""collision_tblock_early"": 5.9885407484574085, ""collision_tblock_late"": 0.0, ""collision_tblock_mid"": 0.0, ""fall"": 0.0, ""timeout"": 0.0}"
start_behavior_context,start_region=x_pos__y_neg|start_theta_bin=sector_4|path_angle_bin=sector_7|near_count_bin=2|far_count_bin=0|medhigh_count_bin=2,False,2,0,2,1.0,3.0737054250812323,collision_tblock_early,2,-10.241948183165128,1.0,"{""collision"": 2}","{""collision_tblock_early"": 2}","{""collision_rod_early"": 0.0, ""collision_rod_late"": 0.0, ""collision_rod_mid"": 0.0, ""collision_tblock_early"": 5.9885407484574085, ""collision_tblock_late"": 0.0, ""collision_tblock_mid"": 0.0, ""fall"": 0.0, ""timeout"": 0.0}"
start_behavior_context,start_region=x_pos__y_pos|start_theta_bin=sector_3|path_angle_bin=sector_0|near_count_bin=2|far_count_bin=0|medhigh_count_bin=1,False,2,0,2,1.0,3.0737054250812323,collision_tblock_early,2,-10.380997142717824,1.0,"{""collision"": 2}","{""collision_tblock_early"": 2}","{""collision_rod_early"": 0.0, ""collision_rod_late"": 0.0, ""collision_rod_mid"": 0.0, ""collision_tblock_early"": 5.9885407484574085, ""collision_tblock_late"": 0.0, ""collision_tblock_mid"": 0.0, ""fall"": 0.0, ""timeout"": 0.0}"
start_behavior_context,start_region=x_pos__y_neg|start_theta_bin=sector_7|path_angle_bin=sector_7|near_count_bin=0|far_count_bin=1|medhigh_count_bin=1,False,2,0,2,1.0,3.0737054250812323,collision_tblock_early,2,-10.287856502603045,1.0,"{""collision"": 2}","{""collision_tblock_early"": 2}","{""collision_rod_early"": 0.0, ""collision_rod_late"": 0.0, ""collision_rod_mid"": 0.0, ""collision_tblock_early"": 5.9885407484574085, ""collision_tblock_late"": 0.0, ""collision_tblock_mid"": 0.0, ""fall"": 0.0, ""timeout"": 0.0}"
start_behavior_context,start_region=x_pos__y_neg|start_theta_bin=sector_6|path_angle_bin=sector_7|near_count_bin=2|far_count_bin=0|medhigh_count_bin=1,False,2,0,2,1.0,3.0737054250812323,collision_tblock_early,2,-10.278419741193208,1.0,"{""collision"": 2}","{""collision_tblock_early"": 2}","{""collision_rod_early"": 0.0, ""collision_rod_late"": 0.0, ""collision_rod_mid"": 0.0, ""collision_tblock_early"": 5.9885407484574085, ""collision_tblock_late"": 0.0, ""collision_tblock_mid"": 0.0, ""fall"": 0.0, ""timeout"": 0.0}"
start_behavior_context,start_region=x_pos__y_pos|start_theta_bin=sector_6|path_angle_bin=sector_0|near_count_bin=1|far_count_bin=0|medhigh_count_bin=1,False,2,0,2,1.0,3.0737054250812323,collision_tblock_early,2,-10.28165673362724,1.0,"{""collision"": 2}","{""collision_tblock_early"": 2}","{""collision_rod_early"": 0.0, ""collision_rod_late"": 0.0, ""collision_rod_mid"": 0.0, ""collision_tblock_early"": 5.9885407484574085, ""collision_tblock_late"": 0.0, ""collision_tblock_mid"": 0.0, ""fall"": 0.0, ""timeout"": 0.0}"
start_behavior_context,start_region=x_pos__y_neg|start_theta_bin=sector_7|path_angle_bin=sector_6|near_count_bin=2|far_count_bin=0|medhigh_count_bin=1,False,2,0,2,1.0,3.0737054250812323,collision_tblock_early,2,-10.286706977015262,1.0,"{""collision"": 2}","{""collision_tblock_early"": 2}","{""collision_rod_early"": 0.0, ""collision_rod_late"": 0.0, ""collision_rod_mid"": 0.0, ""collision_tblock_early"": 5.9885407484574085, ""collision_tblock_late"": 0.0, ""collision_tblock_mid"": 0.0, ""fall"": 0.0, ""timeout"": 0.0}"
start_behavior_context,start_region=x_neg__y_pos|start_theta_bin=sector_3|path_angle_bin=sector_2|near_count_bin=2|far_count_bin=0|medhigh_count_bin=2,False,2,0,2,1.0,3.0737054250812323,collision_tblock_early,2,-10.307635280953042,1.0,"{""collision"": 2}","{""collision_tblock_early"": 2}","{""collision_rod_early"": 0.0, ""collision_rod_late"": 0.0, ""collision_rod_mid"": 0.0, ""collision_tblock_early"": 5.9885407484574085, ""collision_tblock_late"": 0.0, ""collision_tblock_mid"": 0.0, ""fall"": 0.0, ""timeout"": 0.0}"
start_behavior_context,start_region=x_neg__y_neg|start_theta_bin=sector_2|path_angle_bin=sector_4|near_count_bin=2|far_count_bin=0|medhigh_count_bin=1,False,2,0,2,1.0,3.0737054250812323,collision_tblock_early,2,-10.307050484659687,1.0,"{""collision"": 2}","{""collision_tblock_early"": 2}","{""collision_rod_early"": 0.0, ""collision_rod_late"": 0.0, ""collision_rod_mid"": 0.0, ""collision_tblock_early"": 5.9885407484574085, ""collision_tblock_late"": 0.0, ""collision_tblock_mid"": 0.0, ""fall"": 0.0, ""timeout"": 0.0}"
start_behavior_context,start_region=x_neg__y_pos|start_theta_bin=sector_5|path_angle_bin=sector_3|near_count_bin=2|far_count_bin=0|medhigh_count_bin=2,False,2,0,2,1.0,3.0737054250812323,collision_tblock_early,2,-10.334702889789641,1.0,"{""collision"": 2}","{""collision_tblock_early"": 2}","{""collision_rod_early"": 0.0, ""collision_rod_late"": 0.0, ""collision_rod_mid"": 0.0, ""collision_tblock_early"": 5.9885407484574085, ""collision_tblock_late"": 0.0, ""collision_tblock_mid"": 0.0, ""fall"": 0.0, ""timeout"": 0.0}"
start_behavior_context,start_region=x_neg__y_pos|start_theta_bin=sector_7|path_angle_bin=sector_2|near_count_bin=0|far_count_bin=2|medhigh_count_bin=1,False,2,0,2,1.0,3.0737054250812323,collision_tblock_early,2,-10.382854769572468,1.0,"{""collision"": 2}","{""collision_tblock_early"": 2}","{""collision_rod_early"": 0.0, ""collision_rod_late"": 0.0, ""collision_rod_mid"": 0.0, ""collision_tblock_early"": 5.9885407484574085, ""collision_tblock_late"": 0.0, ""collision_tblock_mid"": 0.0, ""fall"": 0.0, ""timeout"": 0.0}"
start_behavior_context,start_region=x_pos__y_pos|start_theta_bin=sector_0|path_angle_bin=sector_1|near_count_bin=2|far_count_bin=0|medhigh_count_bin=1,False,2,0,2,1.0,3.0737054250812323,collision_tblock_early,2,-10.275694908354954,1.0,"{""collision"": 2}","{""collision_tblock_early"": 2}","{""collision_rod_early"": 0.0, ""collision_rod_late"": 0.0, ""collision_rod_mid"": 0.0, ""collision_tblock_early"": 5.9885407484574085, ""collision_tblock_late"": 0.0, ""collision_tblock_mid"": 0.0, ""fall"": 0.0, ""timeout"": 0.0}"
start_behavior_context,start_region=x_neg__y_pos|start_theta_bin=sector_3|path_angle_bin=sector_3|near_count_bin=2|far_count_bin=0|medhigh_count_bin=2,False,2,0,2,1.0,3.0737054250812323,collision_tblock_early,2,-10.300198501133885,1.0,"{""collision"": 2}","{""collision_tblock_early"": 2}","{""collision_rod_early"": 0.0, ""collision_rod_late"": 0.0, ""collision_rod_mid"": 0.0, ""collision_tblock_early"": 5.9885407484574085, ""collision_tblock_late"": 0.0, ""collision_tblock_mid"": 0.0, ""fall"": 0.0, ""timeout"": 0.0}"
start_behavior_context,start_region=x_pos__y_neg|start_theta_bin=sector_6|path_angle_bin=sector_7|near_count_bin=0|far_count_bin=2|medhigh_count_bin=1,False,2,0,2,1.0,3.0737054250812323,collision_tblock_early,2,-10.305069465920601,1.0,"{""collision"": 2}","{""collision_tblock_early"": 2}","{""collision_rod_early"": 0.0, ""collision_rod_late"": 0.0, ""collision_rod_mid"": 0.0, ""collision_tblock_early"": 5.9885407484574085, ""collision_tblock_late"": 0.0, ""collision_tblock_mid"": 0.0, ""fall"": 0.0, ""timeout"": 0.0}"
start_behavior_context,start_region=x_pos__y_neg|start_theta_bin=sector_4|path_angle_bin=sector_6|near_count_bin=1|far_count_bin=0|medhigh_count_bin=1,False,2,0,2,1.0,3.0737054250812323,collision_tblock_early,2,-10.237995174358378,1.0,"{""collision"": 2}","{""collision_tblock_early"": 2}","{""collision_rod_early"": 0.0, ""collision_rod_late"": 0.0, ""collision_rod_mid"": 0.0, ""collision_tblock_early"": 5.9885407484574085, ""collision_tblock_late"": 0.0, ""collision_tblock_mid"": 0.0, ""fall"": 0.0, ""timeout"": 0.0}"
start_behavior_context,start_region=x_pos__y_mid|start_theta_bin=sector_6|path_angle_bin=sector_7|near_count_bin=0|far_count_bin=2|medhigh_count_bin=1,False,2,0,2,1.0,3.0737054250812323,collision_tblock_early,2,-10.27673935124815,1.0,"{""collision"": 2}","{""collision_tblock_early"": 2}","{""collision_rod_early"": 0.0, ""collision_rod_late"": 0.0, ""collision_rod_mid"": 0.0, ""collision_tblock_early"": 5.9885407484574085, ""collision_tblock_late"": 0.0, ""collision_tblock_mid"": 0.0, ""fall"": 0.0, ""timeout"": 0.0}"
start_behavior_context,start_region=x_neg__y_pos|start_theta_bin=sector_1|path_angle_bin=sector_2|near_count_bin=2|far_count_bin=0|medhigh_count_bin=2,False,2,0,2,1.0,3.0737054250812323,collision_tblock_early,2,-10.296500493811514,1.0,"{""collision"": 2}","{""collision_tblock_early"": 2}","{""collision_rod_early"": 0.0, ""collision_rod_late"": 0.0, ""collision_rod_mid"": 0.0, ""collision_tblock_early"": 5.9885407484574085, ""collision_tblock_late"": 0.0, ""collision_tblock_mid"": 0.0, ""fall"": 0.0, ""timeout"": 0.0}"
start_behavior_context,start_region=x_mid__y_pos|start_theta_bin=sector_7|path_angle_bin=sector_1|near_count_bin=2|far_count_bin=0|medhigh_count_bin=2,False,2,0,2,1.0,3.0737054250812323,collision_tblock_early,2,-10.227137291148253,1.0,"{""collision"": 2}","{""collision_tblock_early"": 2}","{""collision_rod_early"": 0.0, ""collision_rod_late"": 0.0, ""collision_rod_mid"": 0.0, ""collision_tblock_early"": 5.9885407484574085, ""collision_tblock_late"": 0.0, ""collision_tblock_mid"": 0.0, ""fall"": 0.0, ""timeout"": 0.0}"
start_behavior_context,start_region=x_pos__y_neg|start_theta_bin=sector_6|path_angle_bin=sector_6|near_count_bin=0|far_count_bin=1|medhigh_count_bin=1,False,2,0,2,1.0,3.0737054250812323,collision_tblock_early,2,-10.249174081080685,1.0,"{""collision"": 2}","{""collision_tblock_early"": 2}","{""collision_rod_early"": 0.0, ""collision_rod_late"": 0.0, ""collision_rod_mid"": 0.0, ""collision_tblock_early"": 5.9885407484574085, ""collision_tblock_late"": 0.0, ""collision_tblock_mid"": 0.0, ""fall"": 0.0, ""timeout"": 0.0}"
start_behavior_context,start_region=x_pos__y_neg|start_theta_bin=sector_4|path_angle_bin=sector_7|near_count_bin=1|far_count_bin=0|medhigh_count_bin=2,False,2,0,2,1.0,3.0737054250812323,collision_tblock_early,2,-10.240059118105302,1.0,"{""collision"": 2}","{""collision_tblock_early"": 2}","{""collision_rod_early"": 0.0, ""collision_rod_late"": 0.0, ""collision_rod_mid"": 0.0, ""collision_tblock_early"": 5.9885407484574085, ""collision_tblock_late"": 0.0, ""collision_tblock_mid"": 0.0, ""fall"": 0.0, ""timeout"": 0.0}"
start_behavior_context,start_region=x_neg__y_pos|start_theta_bin=sector_4|path_angle_bin=sector_2|near_count_bin=0|far_count_bin=1|medhigh_count_bin=1,False,2,0,2,1.0,3.0737054250812323,collision_tblock_early,2,-10.319662542067142,1.0,"{""collision"": 2}","{""collision_tblock_early"": 2}","{""collision_rod_early"": 0.0, ""collision_rod_late"": 0.0, ""collision_rod_mid"": 0.0, ""collision_tblock_early"": 5.9885407484574085, ""collision_tblock_late"": 0.0, ""collision_tblock_mid"": 0.0, ""fall"": 0.0, ""timeout"": 0.0}"
start_behavior_context,start_region=x_pos__y_neg|start_theta_bin=sector_0|path_angle_bin=sector_7|near_count_bin=1|far_count_bin=0|medhigh_count_bin=2,False,2,0,2,1.0,3.0737054250812323,collision_tblock_early,2,-10.289558215819206,1.0,"{""collision"": 2}","{""collision_tblock_early"": 2}","{""collision_rod_early"": 0.0, ""collision_rod_late"": 0.0, ""collision_rod_mid"": 0.0, ""collision_tblock_early"": 5.9885407484574085, ""collision_tblock_late"": 0.0, ""collision_tblock_mid"": 0.0, ""fall"": 0.0, ""timeout"": 0.0}"
start_behavior_context,start_region=x_pos__y_neg|start_theta_bin=sector_5|path_angle_bin=sector_6|near_count_bin=1|far_count_bin=0|medhigh_count_bin=1,False,2,0,2,1.0,3.0737054250812323,collision_tblock_early,2,-10.239711365081739,1.0,"{""collision"": 2}","{""collision_tblock_early"": 2}","{""collision_rod_early"": 0.0, ""collision_rod_late"": 0.0, ""collision_rod_mid"": 0.0, ""collision_tblock_early"": 5.9885407484574085, ""collision_tblock_late"": 0.0, ""collision_tblock_mid"": 0.0, ""fall"": 0.0, ""timeout"": 0.0}"
start_behavior_context,start_region=x_mid__y_pos|start_theta_bin=sector_0|path_angle_bin=sector_2|near_count_bin=1|far_count_bin=0|medhigh_count_bin=2,False,2,0,2,1.0,3.0737054250812323,collision_tblock_early,2,-10.217335754448001,1.0,"{""collision"": 2}","{""collision_tblock_early"": 2}","{""collision_rod_early"": 0.0, ""collision_rod_late"": 0.0, ""collision_rod_mid"": 0.0, ""collision_tblock_early"": 5.9885407484574085, ""collision_tblock_late"": 0.0, ""collision_tblock_mid"": 0.0, ""fall"": 0.0, ""timeout"": 0.0}"
start_behavior_context,start_region=x_pos__y_neg|start_theta_bin=sector_5|path_angle_bin=sector_6|near_count_bin=1|far_count_bin=0|medhigh_count_bin=2,False,2,0,2,1.0,3.0737054250812323,collision_tblock_early,2,-10.278473318634127,1.0,"{""collision"": 2}","{""collision_tblock_early"": 2}","{""collision_rod_early"": 0.0, ""collision_rod_late"": 0.0, ""collision_rod_mid"": 0.0, ""collision_tblock_early"": 5.9885407484574085, ""collision_tblock_late"": 0.0, ""collision_tblock_mid"": 0.0, ""fall"": 0.0, ""timeout"": 0.0}"
start_behavior_context,start_region=x_neg__y_pos|start_theta_bin=sector_7|path_angle_bin=sector_3|near_count_bin=1|far_count_bin=0|medhigh_count_bin=2,False,2,0,2,1.0,3.0737054250812323,collision_tblock_early,2,-10.396336059936239,1.0,"{""collision"": 2}","{""collision_tblock_early"": 2}","{""collision_rod_early"": 0.0, ""collision_rod_late"": 0.0, ""collision_rod_mid"": 0.0, ""collision_tblock_early"": 5.9885407484574085, ""collision_tblock_late"": 0.0, ""collision_tblock_mid"": 0.0, ""fall"": 0.0, ""timeout"": 0.0}"
start_behavior_context,start_region=x_pos__y_pos|start_theta_bin=sector_1|path_angle_bin=sector_1|near_count_bin=1|far_count_bin=0|medhigh_count_bin=1,False,2,0,2,1.0,3.0737054250812323,collision_tblock_early,2,-10.242490400411327,1.0,"{""collision"": 2}","{""collision_tblock_early"": 2}","{""collision_rod_early"": 0.0, ""collision_rod_late"": 0.0, ""collision_rod_mid"": 0.0, ""collision_tblock_early"": 5.9885407484574085, ""collision_tblock_late"": 0.0, ""collision_tblock_mid"": 0.0, ""fall"": 0.0, ""timeout"": 0.0}"
start_behavior_context,start_region=x_pos__y_neg|start_theta_bin=sector_7|path_angle_bin=sector_6|near_count_bin=0|far_count_bin=1|medhigh_count_bin=1,False,2,0,2,1.0,3.0737054250812323,collision_tblock_early,2,-10.247660691667356,1.0,"{""collision"": 2}","{""collision_tblock_early"": 2}","{""collision_rod_early"": 0.0, ""collision_rod_late"": 0.0, ""collision_rod_mid"": 0.0, ""collision_tblock_early"": 5.9885407484574085, ""collision_tblock_late"": 0.0, ""collision_tblock_mid"": 0.0, ""fall"": 0.0, ""timeout"": 0.0}"
start_behavior_context,start_region=x_pos__y_pos|start_theta_bin=sector_6|path_angle_bin=sector_1|near_count_bin=1|far_count_bin=0|medhigh_count_bin=1,False,2,0,2,1.0,3.0737054250812323,collision_tblock_early,2,-10.266638196305852,1.0,"{""collision"": 2}","{""collision_tblock_early"": 2}","{""collision_rod_early"": 0.0, ""collision_rod_late"": 0.0, ""collision_rod_mid"": 0.0, ""collision_tblock_early"": 5.9885407484574085, ""collision_tblock_late"": 0.0, ""collision_tblock_mid"": 0.0, ""fall"": 0.0, ""timeout"": 0.0}"
start_behavior_context,start_region=x_mid__y_pos|start_theta_bin=sector_5|path_angle_bin=sector_1|near_count_bin=0|far_count_bin=1|medhigh_count_bin=1,False,2,0,2,1.0,3.0737054250812323,collision_tblock_early,2,-10.269735557643305,1.0,"{""collision"": 2}","{""collision_tblock_early"": 2}","{""collision_rod_early"": 0.0, ""collision_rod_late"": 0.0, ""collision_rod_mid"": 0.0, ""collision_tblock_early"": 5.9885407484574085, ""collision_tblock_late"": 0.0, ""collision_tblock_mid"": 0.0, ""fall"": 0.0, ""timeout"": 0.0}"
start_behavior_context,start_region=x_neg__y_pos|start_theta_bin=sector_5|path_angle_bin=sector_3|near_count_bin=0|far_count_bin=1|medhigh_count_bin=1,False,2,0,2,1.0,3.0737054250812323,collision_tblock_early,2,-10.334505642965492,1.0,"{""collision"": 2}","{""collision_tblock_early"": 2}","{""collision_rod_early"": 0.0, ""collision_rod_late"": 0.0, ""collision_rod_mid"": 0.0, ""collision_tblock_early"": 5.9885407484574085, ""collision_tblock_late"": 0.0, ""collision_tblock_mid"": 0.0, ""fall"": 0.0, ""timeout"": 0.0}"
start_behavior_context,start_region=x_pos__y_mid|start_theta_bin=sector_0|path_angle_bin=sector_0|near_count_bin=0|far_count_bin=2|medhigh_count_bin=1,False,2,0,2,1.0,3.0737054250812323,collision_tblock_early,2,-10.255363382678045,1.0,"{""collision"": 2}","{""collision_tblock_early"": 2}","{""collision_rod_early"": 0.0, ""collision_rod_late"": 0.0, ""collision_rod_mid"": 0.0, ""collision_tblock_early"": 5.9885407484574085, ""collision_tblock_late"": 0.0, ""collision_tblock_mid"": 0.0, ""fall"": 0.0, ""timeout"": 0.0}"
start_behavior_context,start_region=x_neg__y_neg|start_theta_bin=sector_7|path_angle_bin=sector_5|near_count_bin=1|far_count_bin=1|medhigh_count_bin=1,False,2,0,2,1.0,3.0737054250812323,collision_tblock_early,2,-10.26184323658687,1.0,"{""collision"": 2}","{""collision_tblock_early"": 2}","{""collision_rod_early"": 0.0, ""collision_rod_late"": 0.0, ""collision_rod_mid"": 0.0, ""collision_tblock_early"": 5.9885407484574085, ""collision_tblock_late"": 0.0, ""collision_tblock_mid"": 0.0, ""fall"": 0.0, ""timeout"": 0.0}"
start_behavior_context,start_region=x_pos__y_pos|start_theta_bin=sector_4|path_angle_bin=sector_1|near_count_bin=1|far_count_bin=0|medhigh_count_bin=1,False,2,0,2,1.0,3.0737054250812323,collision_tblock_early,2,-10.307676749507534,1.0,"{""collision"": 2}","{""collision_tblock_early"": 2}","{""collision_rod_early"": 0.0, ""collision_rod_late"": 0.0, ""collision_rod_mid"": 0.0, ""collision_tblock_early"": 5.9885407484574085, ""collision_tblock_late"": 0.0, ""collision_tblock_mid"": 0.0, ""fall"": 0.0, ""timeout"": 0.0}"
start_behavior_context,start_region=x_neg__y_pos|start_theta_bin=sector_2|path_angle_bin=sector_2|near_count_bin=1|far_count_bin=0|medhigh_count_bin=1,False,2,0,2,1.0,3.0737054250812323,collision_tblock_early,2,-10.257331441229663,1.0,"{""collision"": 2}","{""collision_tblock_early"": 2}","{""collision_rod_early"": 0.0, ""collision_rod_late"": 0.0, ""collision_rod_mid"": 0.0, ""collision_tblock_early"": 5.9885407484574085, ""collision_tblock_late"": 0.0, ""collision_tblock_mid"": 0.0, ""fall"": 0.0, ""timeout"": 0.0}"
start_behavior_context,start_region=x_pos__y_neg|start_theta_bin=sector_1|path_angle_bin=sector_7|near_count_bin=0|far_count_bin=1|medhigh_count_bin=1,False,2,0,2,1.0,3.0737054250812323,collision_tblock_early,2,-10.25661252317062,1.0,"{""collision"": 2}","{""collision_tblock_early"": 2}","{""collision_rod_early"": 0.0, ""collision_rod_late"": 0.0, ""collision_rod_mid"": 0.0, ""collision_tblock_early"": 5.9885407484574085, ""collision_tblock_late"": 0.0, ""collision_tblock_mid"": 0.0, ""fall"": 0.0, ""timeout"": 0.0}"
start_behavior_context,start_region=x_pos__y_neg|start_theta_bin=sector_3|path_angle_bin=sector_7|near_count_bin=1|far_count_bin=0|medhigh_count_bin=1,False,2,0,2,1.0,3.0737054250812323,collision_tblock_early,2,-10.241199637224566,1.0,"{""collision"": 2}","{""collision_tblock_early"": 2}","{""collision_rod_early"": 0.0, ""collision_rod_late"": 0.0, ""collision_rod_mid"": 0.0, ""collision_tblock_early"": 5.9885407484574085, ""collision_tblock_late"": 0.0, ""collision_tblock_mid"": 0.0, ""fall"": 0.0, ""timeout"": 0.0}"
start_behavior_context,start_region=x_pos__y_pos|start_theta_bin=sector_0|path_angle_bin=sector_1|near_count_bin=1|far_count_bin=0|medhigh_count_bin=1,False,2,0,2,1.0,3.0737054250812323,collision_tblock_early,2,-10.250107129029526,1.0,"{""collision"": 2}","{""collision_tblock_early"": 2}","{""collision_rod_early"": 0.0, ""collision_rod_late"": 0.0, ""collision_rod_mid"": 0.0, ""collision_tblock_early"": 5.9885407484574085, ""collision_tblock_late"": 0.0, ""collision_tblock_mid"": 0.0, ""fall"": 0.0, ""timeout"": 0.0}"
start_behavior_context,start_region=x_pos__y_mid|start_theta_bin=sector_6|path_angle_bin=sector_7|near_count_bin=0|far_count_bin=0|medhigh_count_bin=2,False,2,0,2,1.0,3.0737054250812323,collision_tblock_early,2,-10.233275467158585,1.0,"{""collision"": 2}","{""collision_tblock_early"": 2}","{""collision_rod_early"": 0.0, ""collision_rod_late"": 0.0, ""collision_rod_mid"": 0.0, ""collision_tblock_early"": 5.9885407484574085, ""collision_tblock_late"": 0.0, ""collision_tblock_mid"": 0.0, ""fall"": 0.0, ""timeout"": 0.0}"
start_behavior_context,start_region=x_pos__y_mid|start_theta_bin=sector_1|path_angle_bin=sector_0|near_count_bin=1|far_count_bin=1|medhigh_count_bin=1,False,2,0,2,1.0,3.0737054250812323,collision_tblock_early,2,-10.220055816786015,1.0,"{""collision"": 2}","{""collision_tblock_early"": 2}","{""collision_rod_early"": 0.0, ""collision_rod_late"": 0.0, ""collision_rod_mid"": 0.0, ""collision_tblock_early"": 5.9885407484574085, ""collision_tblock_late"": 0.0, ""collision_tblock_mid"": 0.0, ""fall"": 0.0, ""timeout"": 0.0}"
start_behavior_context,start_region=x_neg__y_pos|start_theta_bin=sector_4|path_angle_bin=sector_3|near_count_bin=1|far_count_bin=0|medhigh_count_bin=2,False,2,0,2,1.0,3.0737054250812323,collision_tblock_early,2,-10.278060530702463,1.0,"{""collision"": 2}","{""collision_tblock_early"": 2}","{""collision_rod_early"": 0.0, ""collision_rod_late"": 0.0, ""collision_rod_mid"": 0.0, ""collision_tblock_early"": 5.9885407484574085, ""collision_tblock_late"": 0.0, ""collision_tblock_mid"": 0.0, ""fall"": 0.0, ""timeout"": 0.0}"
start_behavior_context,start_region=x_neg__y_pos|start_theta_bin=sector_3|path_angle_bin=sector_3|near_count_bin=1|far_count_bin=0|medhigh_count_bin=1,False,2,0,2,1.0,3.0737054250812323,collision_tblock_early,2,-10.261672921900427,1.0,"{""collision"": 2}","{""collision_tblock_early"": 2}","{""collision_rod_early"": 0.0, ""collision_rod_late"": 0.0, ""collision_rod_mid"": 0.0, ""collision_tblock_early"": 5.9885407484574085, ""collision_tblock_late"": 0.0, ""collision_tblock_mid"": 0.0, ""fall"": 0.0, ""timeout"": 0.0}"
start_behavior_context,start_region=x_pos__y_mid|start_theta_bin=sector_5|path_angle_bin=sector_0|near_count_bin=1|far_count_bin=0|medhigh_count_bin=2,False,2,0,2,1.0,3.0737054250812323,collision_tblock_early,2,-10.231884424859123,1.0,"{""collision"": 2}","{""collision_tblock_early"": 2}","{""collision_rod_early"": 0.0, ""collision_rod_late"": 0.0, ""collision_rod_mid"": 0.0, ""collision_tblock_early"": 5.9885407484574085, ""collision_tblock_late"": 0.0, ""collision_tblock_mid"": 0.0, ""fall"": 0.0, ""timeout"": 0.0}"
start_behavior_context,start_region=x_pos__y_neg|start_theta_bin=sector_2|path_angle_bin=sector_7|near_count_bin=1|far_count_bin=0|medhigh_count_bin=2,False,2,0,2,1.0,3.0737054250812323,collision_tblock_early,2,-10.228099784683991,1.0,"{""collision"": 2}","{""collision_tblock_early"": 2}","{""collision_rod_early"": 0.0, ""collision_rod_late"": 0.0, ""collision_rod_mid"": 0.0, ""collision_tblock_early"": 5.9885407484574085, ""collision_tblock_late"": 0.0, ""collision_tblock_mid"": 0.0, ""fall"": 0.0, ""timeout"": 0.0}"
start_behavior_context,start_region=x_pos__y_neg|start_theta_bin=sector_3|path_angle_bin=sector_6|near_count_bin=1|far_count_bin=0|medhigh_count_bin=1,False,2,0,2,1.0,3.0737054250812323,collision_tblock_early,2,-10.239477867586057,1.0,"{""collision"": 2}","{""collision_tblock_early"": 2}","{""collision_rod_early"": 0.0, ""collision_rod_late"": 0.0, ""collision_rod_mid"": 0.0, ""collision_tblock_early"": 5.9885407484574085, ""collision_tblock_late"": 0.0, ""collision_tblock_mid"": 0.0, ""fall"": 0.0, ""timeout"": 0.0}"
start_behavior_context,start_region=x_neg__y_pos|start_theta_bin=sector_7|path_angle_bin=sector_2|near_count_bin=1|far_count_bin=0|medhigh_count_bin=1,False,2,0,2,1.0,3.0737054250812323,collision_tblock_early,2,-10.355364049553625,1.0,"{""collision"": 2}","{""collision_tblock_early"": 2}","{""collision_rod_early"": 0.0, ""collision_rod_late"": 0.0, ""collision_rod_mid"": 0.0, ""collision_tblock_early"": 5.9885407484574085, ""collision_tblock_late"": 0.0, ""collision_tblock_mid"": 0.0, ""fall"": 0.0, ""timeout"": 0.0}"
start_behavior_context,start_region=x_pos__y_neg|start_theta_bin=sector_5|path_angle_bin=sector_7|near_count_bin=1|far_count_bin=0|medhigh_count_bin=1,False,2,0,2,1.0,3.0737054250812323,collision_tblock_early,2,-10.225222182924064,1.0,"{""collision"": 2}","{""collision_tblock_early"": 2}","{""collision_rod_early"": 0.0, ""collision_rod_late"": 0.0, ""collision_rod_mid"": 0.0, ""collision_tblock_early"": 5.9885407484574085, ""collision_tblock_late"": 0.0, ""collision_tblock_mid"": 0.0, ""fall"": 0.0, ""timeout"": 0.0}"
start_behavior_context,start_region=x_pos__y_neg|start_theta_bin=sector_6|path_angle_bin=sector_7|near_count_bin=1|far_count_bin=0|medhigh_count_bin=1,False,2,0,2,1.0,3.0737054250812323,collision_tblock_early,2,-10.257101440280058,1.0,"{""collision"": 2}","{""collision_tblock_early"": 2}","{""collision_rod_early"": 0.0, ""collision_rod_late"": 0.0, ""collision_rod_mid"": 0.0, ""collision_tblock_early"": 5.9885407484574085, ""collision_tblock_late"": 0.0, ""collision_tblock_mid"": 0.0, ""fall"": 0.0, ""timeout"": 0.0}"
start_behavior_context,start_region=x_mid__y_pos|start_theta_bin=sector_0|path_angle_bin=sector_2|near_count_bin=0|far_count_bin=0|medhigh_count_bin=2,False,2,0,2,1.0,3.0737054250812323,collision_tblock_early,2,-10.203064156048011,1.0,"{""collision"": 2}","{""collision_tblock_early"": 2}","{""collision_rod_early"": 0.0, ""collision_rod_late"": 0.0, ""collision_rod_mid"": 0.0, ""collision_tblock_early"": 5.9885407484574085, ""collision_tblock_late"": 0.0, ""collision_tblock_mid"": 0.0, ""fall"": 0.0, ""timeout"": 0.0}"
start_behavior_context,start_region=x_pos__y_neg|start_theta_bin=sector_4|path_angle_bin=sector_7|near_count_bin=0|far_count_bin=0|medhigh_count_bin=2,False,2,0,2,1.0,3.0737054250812323,collision_tblock_early,2,-10.23073488126441,1.0,"{""collision"": 2}","{""collision_tblock_early"": 2}","{""collision_rod_early"": 0.0, ""collision_rod_late"": 0.0, ""collision_rod_mid"": 0.0, ""collision_tblock_early"": 5.9885407484574085, ""collision_tblock_late"": 0.0, ""collision_tblock_mid"": 0.0, ""fall"": 0.0, ""timeout"": 0.0}"
start_behavior_context,start_region=x_neg__y_pos|start_theta_bin=sector_3|path_angle_bin=sector_3|near_count_bin=2|far_count_bin=0|medhigh_count_bin=0,False,1,0,1,1.0,3.0737054250812323,collision_rod_early,1,-10.209542363886754,1.0,"{""collision"": 1}","{""collision_rod_early"": 1}","{""collision_rod_early"": 31.532067510548522, ""collision_rod_late"": 0.0, ""collision_rod_mid"": 0.0, ""collision_tblock_early"": 0.0, ""collision_tblock_late"": 0.0, ""collision_tblock_mid"": 0.0, ""fall"": 0.0, ""timeout"": 0.0}"
start_behavior_context,start_region=x_neg__y_pos|start_theta_bin=sector_1|path_angle_bin=sector_3|near_count_bin=1|far_count_bin=0|medhigh_count_bin=0,False,1,0,1,1.0,3.0737054250812323,timeout,1,-11.271041581947308,9.0,"{""timeout"": 1}","{""timeout"": 1}","{""collision_rod_early"": 0.0, ""collision_rod_late"": 0.0, ""collision_rod_mid"": 0.0, ""collision_tblock_early"": 0.0, ""collision_tblock_late"": 0.0, ""collision_tblock_mid"": 0.0, ""fall"": 0.0, ""timeout"": 8.960551558752998}"
start_behavior_context,start_region=x_neg__y_neg|start_theta_bin=sector_6|path_angle_bin=sector_5|near_count_bin=1|far_count_bin=0|medhigh_count_bin=0,False,1,0,1,1.0,3.0737054250812323,timeout,1,-13.01059430102973,9.0,"{""timeout"": 1}","{""timeout"": 1}","{""collision_rod_early"": 0.0, ""collision_rod_late"": 0.0, ""collision_rod_mid"": 0.0, ""collision_tblock_early"": 0.0, ""collision_tblock_late"": 0.0, ""collision_tblock_mid"": 0.0, ""fall"": 0.0, ""timeout"": 8.960551558752998}"
start_behavior_context,start_region=x_neg__y_neg|start_theta_bin=sector_2|path_angle_bin=sector_4|near_count_bin=2|far_count_bin=0|medhigh_count_bin=0,False,1,0,1,1.0,3.0737054250812323,timeout,1,-9.947863965159636,9.0,"{""timeout"": 1}","{""timeout"": 1}","{""collision_rod_early"": 0.0, ""collision_rod_late"": 0.0, ""collision_rod_mid"": 0.0, ""collision_tblock_early"": 0.0, ""collision_tblock_late"": 0.0, ""collision_tblock_mid"": 0.0, ""fall"": 0.0, ""timeout"": 8.960551558752998}"
start_behavior_context,start_region=x_mid__y_neg|start_theta_bin=sector_3|path_angle_bin=sector_5|near_count_bin=2|far_count_bin=0|medhigh_count_bin=0,False,1,0,1,1.0,3.0737054250812323,timeout,1,-6.777617932795689,9.0,"{""timeout"": 1}","{""timeout"": 1}","{""collision_rod_early"": 0.0, ""collision_rod_late"": 0.0, ""collision_rod_mid"": 0.0, ""collision_tblock_early"": 0.0, ""collision_tblock_late"": 0.0, ""collision_tblock_mid"": 0.0, ""fall"": 0.0, ""timeout"": 8.960551558752998}"
start_behavior_context,start_region=x_neg__y_pos|start_theta_bin=sector_1|path_angle_bin=sector_2|near_count_bin=1|far_count_bin=0|medhigh_count_bin=0,False,1,0,1,1.0,3.0737054250812323,timeout,1,-13.759790496136628,9.0,"{""timeout"": 1}","{""timeout"": 1}","{""collision_rod_early"": 0.0, ""collision_rod_late"": 0.0, ""collision_rod_mid"": 0.0, ""collision_tblock_early"": 0.0, ""collision_tblock_late"": 0.0, ""collision_tblock_mid"": 0.0, ""fall"": 0.0, ""timeout"": 8.960551558752998}"
start_behavior_context,start_region=x_pos__y_mid|start_theta_bin=sector_5|path_angle_bin=sector_0|near_count_bin=2|far_count_bin=0|medhigh_count_bin=0,False,1,0,1,1.0,3.0737054250812323,collision_tblock_early,1,-17.929348525281796,3.0,"{""collision"": 1}","{""collision_tblock_early"": 1}","{""collision_rod_early"": 0.0, ""collision_rod_late"": 0.0, ""collision_rod_mid"": 0.0, ""collision_tblock_early"": 5.9885407484574085, ""collision_tblock_late"": 0.0, ""collision_tblock_mid"": 0.0, ""fall"": 0.0, ""timeout"": 0.0}"
start_behavior_context,start_region=x_pos__y_pos|start_theta_bin=sector_1|path_angle_bin=sector_1|near_count_bin=2|far_count_bin=0|medhigh_count_bin=0,False,1,0,1,1.0,3.0737054250812323,timeout,1,-6.33876205241698,9.0,"{""timeout"": 1}","{""timeout"": 1}","{""collision_rod_early"": 0.0, ""collision_rod_late"": 0.0, ""collision_rod_mid"": 0.0, ""collision_tblock_early"": 0.0, ""collision_tblock_late"": 0.0, ""collision_tblock_mid"": 0.0, ""fall"": 0.0, ""timeout"": 8.960551558752998}"
start_behavior_context,start_region=x_neg__y_pos|start_theta_bin=sector_4|path_angle_bin=sector_2|near_count_bin=0|far_count_bin=0|medhigh_count_bin=0,False,1,0,1,1.0,3.0737054250812323,timeout,1,-10.261970895109815,9.0,"{""timeout"": 1}","{""timeout"": 1}","{""collision_rod_early"": 0.0, ""collision_rod_late"": 0.0, ""collision_rod_mid"": 0.0, ""collision_tblock_early"": 0.0, ""collision_tblock_late"": 0.0, ""collision_tblock_mid"": 0.0, ""fall"": 0.0, ""timeout"": 8.960551558752998}"
start_behavior_context,start_region=x_neg__y_neg|start_theta_bin=sector_6|path_angle_bin=sector_4|near_count_bin=1|far_count_bin=0|medhigh_count_bin=0,False,1,0,1,1.0,3.0737054250812323,timeout,1,-11.340824006602222,9.0,"{""timeout"": 1}","{""timeout"": 1}","{""collision_rod_early"": 0.0, ""collision_rod_late"": 0.0, ""collision_rod_mid"": 0.0, ""collision_tblock_early"": 0.0, ""collision_tblock_late"": 0.0, ""collision_tblock_mid"": 0.0, ""fall"": 0.0, ""timeout"": 8.960551558752998}"
start_behavior_context,start_region=x_neg__y_pos|start_theta_bin=sector_0|path_angle_bin=sector_2|near_count_bin=0|far_count_bin=2|medhigh_count_bin=1,False,1,0,1,1.0,3.0737054250812323,collision_tblock_early,1,-10.412757476825366,1.0,"{""collision"": 1}","{""collision_tblock_early"": 1}","{""collision_rod_early"": 0.0, ""collision_rod_late"": 0.0, ""collision_rod_mid"": 0.0, ""collision_tblock_early"": 5.9885407484574085, ""collision_tblock_late"": 0.0, ""collision_tblock_mid"": 0.0, ""fall"": 0.0, ""timeout"": 0.0}"
start_behavior_context,start_region=x_pos__y_neg|start_theta_bin=sector_4|path_angle_bin=sector_6|near_count_bin=2|far_count_bin=0|medhigh_count_bin=1,False,1,0,1,1.0,3.0737054250812323,collision_tblock_early,1,-10.226037722912077,1.0,"{""collision"": 1}","{""collision_tblock_early"": 1}","{""collision_rod_early"": 0.0, ""collision_rod_late"": 0.0, ""collision_rod_mid"": 0.0, ""collision_tblock_early"": 5.9885407484574085, ""collision_tblock_late"": 0.0, ""collision_tblock_mid"": 0.0, ""fall"": 0.0, ""timeout"": 0.0}"
start_behavior_context,start_region=x_pos__y_neg|start_theta_bin=sector_6|path_angle_bin=sector_7|near_count_bin=2|far_count_bin=0|medhigh_count_bin=0,False,1,0,1,1.0,3.0737054250812323,collision_tblock_early,1,-10.278078328600063,1.0,"{""collision"": 1}","{""collision_tblock_early"": 1}","{""collision_rod_early"": 0.0, ""collision_rod_late"": 0.0, ""collision_rod_mid"": 0.0, ""collision_tblock_early"": 5.9885407484574085, ""collision_tblock_late"": 0.0, ""collision_tblock_mid"": 0.0, ""fall"": 0.0, ""timeout"": 0.0}"
start_behavior_context,start_region=x_mid__y_pos|start_theta_bin=sector_4|path_angle_bin=sector_2|near_count_bin=0|far_count_bin=2|medhigh_count_bin=1,False,1,0,1,1.0,3.0737054250812323,collision_tblock_early,1,-10.239091497202933,1.0,"{""collision"": 1}","{""collision_tblock_early"": 1}","{""collision_rod_early"": 0.0, ""collision_rod_late"": 0.0, ""collision_rod_mid"": 0.0, ""collision_tblock_early"": 5.9885407484574085, ""collision_tblock_late"": 0.0, ""collision_tblock_mid"": 0.0, ""fall"": 0.0, ""timeout"": 0.0}"
start_behavior_context,start_region=x_neg__y_pos|start_theta_bin=sector_4|path_angle_bin=sector_3|near_count_bin=2|far_count_bin=0|medhigh_count_bin=1,False,1,0,1,1.0,3.0737054250812323,collision_tblock_early,1,-10.306985578297455,1.0,"{""collision"": 1}","{""collision_tblock_early"": 1}","{""collision_rod_early"": 0.0, ""collision_rod_late"": 0.0, ""collision_rod_mid"": 0.0, ""collision_tblock_early"": 5.9885407484574085, ""collision_tblock_late"": 0.0, ""collision_tblock_mid"": 0.0, ""fall"": 0.0, ""timeout"": 0.0}"
start_behavior_context,start_region=x_neg__y_pos|start_theta_bin=sector_2|path_angle_bin=sector_2|near_count_bin=2|far_count_bin=0|medhigh_count_bin=0,False,1,0,1,1.0,3.0737054250812323,collision_tblock_early,1,-10.277935179524976,1.0,"{""collision"": 1}","{""collision_tblock_early"": 1}","{""collision_rod_early"": 0.0, ""collision_rod_late"": 0.0, ""collision_rod_mid"": 0.0, ""collision_tblock_early"": 5.9885407484574085, ""collision_tblock_late"": 0.0, ""collision_tblock_mid"": 0.0, ""fall"": 0.0, ""timeout"": 0.0}"
start_behavior_context,start_region=x_mid__y_pos|start_theta_bin=sector_3|path_angle_bin=sector_2|near_count_bin=0|far_count_bin=2|medhigh_count_bin=1,False,1,0,1,1.0,3.0737054250812323,collision_tblock_early,1,-10.199748204355972,1.0,"{""collision"": 1}","{""collision_tblock_early"": 1}","{""collision_rod_early"": 0.0, ""collision_rod_late"": 0.0, ""collision_rod_mid"": 0.0, ""collision_tblock_early"": 5.9885407484574085, ""collision_tblock_late"": 0.0, ""collision_tblock_mid"": 0.0, ""fall"": 0.0, ""timeout"": 0.0}"
start_behavior_context,start_region=x_neg__y_pos|start_theta_bin=sector_4|path_angle_bin=sector_2|near_count_bin=1|far_count_bin=0|medhigh_count_bin=2,False,1,0,1,1.0,3.0737054250812323,collision_tblock_early,1,-10.28028097737045,1.0,"{""collision"": 1}","{""collision_tblock_early"": 1}","{""collision_rod_early"": 0.0, ""collision_rod_late"": 0.0, ""collision_rod_mid"": 0.0, ""collision_tblock_early"": 5.9885407484574085, ""collision_tblock_late"": 0.0, ""collision_tblock_mid"": 0.0, ""fall"": 0.0, ""timeout"": 0.0}"
start_behavior_context,start_region=x_neg__y_pos|start_theta_bin=sector_6|path_angle_bin=sector_3|near_count_bin=2|far_count_bin=0|medhigh_count_bin=2,False,1,0,1,1.0,3.0737054250812323,collision_tblock_early,1,-10.448191713528207,1.0,"{""collision"": 1}","{""collision_tblock_early"": 1}","{""collision_rod_early"": 0.0, ""collision_rod_late"": 0.0, ""collision_rod_mid"": 0.0, ""collision_tblock_early"": 5.9885407484574085, ""collision_tblock_late"": 0.0, ""collision_tblock_mid"": 0.0, ""fall"": 0.0, ""timeout"": 0.0}"
start_behavior_context,start_region=x_neg__y_neg|start_theta_bin=sector_4|path_angle_bin=sector_5|near_count_bin=2|far_count_bin=0|medhigh_count_bin=2,False,1,0,1,1.0,3.0737054250812323,collision_tblock_early,1,-10.276614815617158,1.0,"{""collision"": 1}","{""collision_tblock_early"": 1}","{""collision_rod_early"": 0.0, ""collision_rod_late"": 0.0, ""collision_rod_mid"": 0.0, ""collision_tblock_early"": 5.9885407484574085, ""collision_tblock_late"": 0.0, ""collision_tblock_mid"": 0.0, ""fall"": 0.0, ""timeout"": 0.0}"
start_behavior_context,start_region=x_mid__y_pos|start_theta_bin=sector_0|path_angle_bin=sector_1|near_count_bin=2|far_count_bin=0|medhigh_count_bin=2,False,1,0,1,1.0,3.0737054250812323,collision_tblock_early,1,-10.22557344287266,1.0,"{""collision"": 1}","{""collision_tblock_early"": 1}","{""collision_rod_early"": 0.0, ""collision_rod_late"": 0.0, ""collision_rod_mid"": 0.0, ""collision_tblock_early"": 5.9885407484574085, ""collision_tblock_late"": 0.0, ""collision_tblock_mid"": 0.0, ""fall"": 0.0, ""timeout"": 0.0}"
start_behavior_context,start_region=x_neg__y_pos|start_theta_bin=sector_0|path_angle_bin=sector_3|near_count_bin=1|far_count_bin=0|medhigh_count_bin=1,False,1,0,1,1.0,3.0737054250812323,collision_tblock_early,1,-10.407076956361372,1.0,"{""collision"": 1}","{""collision_tblock_early"": 1}","{""collision_rod_early"": 0.0, ""collision_rod_late"": 0.0, ""collision_rod_mid"": 0.0, ""collision_tblock_early"": 5.9885407484574085, ""collision_tblock_late"": 0.0, ""collision_tblock_mid"": 0.0, ""fall"": 0.0, ""timeout"": 0.0}"
start_behavior_context,start_region=x_neg__y_pos|start_theta_bin=sector_5|path_angle_bin=sector_2|near_count_bin=2|far_count_bin=0|medhigh_count_bin=2,False,1,0,1,1.0,3.0737054250812323,collision_tblock_early,1,-10.28036814061905,1.0,"{""collision"": 1}","{""collision_tblock_early"": 1}","{""collision_rod_early"": 0.0, ""collision_rod_late"": 0.0, ""collision_rod_mid"": 0.0, ""collision_tblock_early"": 5.9885407484574085, ""collision_tblock_late"": 0.0, ""collision_tblock_mid"": 0.0, ""fall"": 0.0, ""timeout"": 0.0}"
start_behavior_context,start_region=x_pos__y_pos|start_theta_bin=sector_0|path_angle_bin=sector_0|near_count_bin=1|far_count_bin=0|medhigh_count_bin=1,False,1,0,1,1.0,3.0737054250812323,collision_tblock_early,1,-10.32997665072673,1.0,"{""collision"": 1}","{""collision_tblock_early"": 1}","{""collision_rod_early"": 0.0, ""collision_rod_late"": 0.0, ""collision_rod_mid"": 0.0, ""collision_tblock_early"": 5.9885407484574085, ""collision_tblock_late"": 0.0, ""collision_tblock_mid"": 0.0, ""fall"": 0.0, ""timeout"": 0.0}"
start_behavior_context,start_region=x_pos__y_pos|start_theta_bin=sector_6|path_angle_bin=sector_0|near_count_bin=0|far_count_bin=2|medhigh_count_bin=2,False,1,0,1,1.0,3.0737054250812323,collision_tblock_early,1,-10.281344746004518,1.0,"{""collision"": 1}","{""collision_tblock_early"": 1}","{""collision_rod_early"": 0.0, ""collision_rod_late"": 0.0, ""collision_rod_mid"": 0.0, ""collision_tblock_early"": 5.9885407484574085, ""collision_tblock_late"": 0.0, ""collision_tblock_mid"": 0.0, ""fall"": 0.0, ""timeout"": 0.0}"
start_behavior_context,start_region=x_neg__y_pos|start_theta_bin=sector_2|path_angle_bin=sector_2|near_count_bin=2|far_count_bin=0|medhigh_count_bin=2,False,1,0,1,1.0,3.0737054250812323,collision_tblock_early,1,-10.281868517833772,1.0,"{""collision"": 1}","{""collision_tblock_early"": 1}","{""collision_rod_early"": 0.0, ""collision_rod_late"": 0.0, ""collision_rod_mid"": 0.0, ""collision_tblock_early"": 5.9885407484574085, ""collision_tblock_late"": 0.0, ""collision_tblock_mid"": 0.0, ""fall"": 0.0, ""timeout"": 0.0}"
start_behavior_context,start_region=x_pos__y_pos|start_theta_bin=sector_3|path_angle_bin=sector_0|near_count_bin=1|far_count_bin=0|medhigh_count_bin=1,False,1,0,1,1.0,3.0737054250812323,collision_tblock_early,1,-10.358833308459937,1.0,"{""collision"": 1}","{""collision_tblock_early"": 1}","{""collision_rod_early"": 0.0, ""collision_rod_late"": 0.0, ""collision_rod_mid"": 0.0, ""collision_tblock_early"": 5.9885407484574085, ""collision_tblock_late"": 0.0, ""collision_tblock_mid"": 0.0, ""fall"": 0.0, ""timeout"": 0.0}"
start_behavior_context,start_region=x_neg__y_neg|start_theta_bin=sector_1|path_angle_bin=sector_4|near_count_bin=2|far_count_bin=0|medhigh_count_bin=1,False,1,0,1,1.0,3.0737054250812323,collision_tblock_early,1,-10.263069007000016,1.0,"{""collision"": 1}","{""collision_tblock_early"": 1}","{""collision_rod_early"": 0.0, ""collision_rod_late"": 0.0, ""collision_rod_mid"": 0.0, ""collision_tblock_early"": 5.9885407484574085, ""collision_tblock_late"": 0.0, ""collision_tblock_mid"": 0.0, ""fall"": 0.0, ""timeout"": 0.0}"
start_behavior_context,start_region=x_pos__y_neg|start_theta_bin=sector_7|path_angle_bin=sector_7|near_count_bin=0|far_count_bin=2|medhigh_count_bin=1,False,1,0,1,1.0,3.0737054250812323,collision_tblock_early,1,-10.30897215976383,1.0,"{""collision"": 1}","{""collision_tblock_early"": 1}","{""collision_rod_early"": 0.0, ""collision_rod_late"": 0.0, ""collision_rod_mid"": 0.0, ""collision_tblock_early"": 5.9885407484574085, ""collision_tblock_late"": 0.0, ""collision_tblock_mid"": 0.0, ""fall"": 0.0, ""timeout"": 0.0}"
start_behavior_context,start_region=x_pos__y_pos|start_theta_bin=sector_3|path_angle_bin=sector_0|near_count_bin=2|far_count_bin=0|medhigh_count_bin=2,False,1,0,1,1.0,3.0737054250812323,collision_tblock_early,1,-10.328264731752618,1.0,"{""collision"": 1}","{""collision_tblock_early"": 1}","{""collision_rod_early"": 0.0, ""collision_rod_late"": 0.0, ""collision_rod_mid"": 0.0, ""collision_tblock_early"": 5.9885407484574085, ""collision_tblock_late"": 0.0, ""collision_tblock_mid"": 0.0, ""fall"": 0.0, ""timeout"": 0.0}"
start_behavior_context,start_region=x_pos__y_neg|start_theta_bin=sector_3|path_angle_bin=sector_7|near_count_bin=0|far_count_bin=2|medhigh_count_bin=1,False,1,0,1,1.0,3.0737054250812323,collision_tblock_early,1,-10.265987575163496,1.0,"{""collision"": 1}","{""collision_tblock_early"": 1}","{""collision_rod_early"": 0.0, ""collision_rod_late"": 0.0, ""collision_rod_mid"": 0.0, ""collision_tblock_early"": 5.9885407484574085, ""collision_tblock_late"": 0.0, ""collision_tblock_mid"": 0.0, ""fall"": 0.0, ""timeout"": 0.0}"
start_behavior_context,start_region=x_neg__y_pos|start_theta_bin=sector_2|path_angle_bin=sector_3|near_count_bin=0|far_count_bin=2|medhigh_count_bin=1,False,1,0,1,1.0,3.0737054250812323,collision_tblock_early,1,-10.298862781810213,1.0,"{""collision"": 1}","{""collision_tblock_early"": 1}","{""collision_rod_early"": 0.0, ""collision_rod_late"": 0.0, ""collision_rod_mid"": 0.0, ""collision_tblock_early"": 5.9885407484574085, ""collision_tblock_late"": 0.0, ""collision_tblock_mid"": 0.0, ""fall"": 0.0, ""timeout"": 0.0}"
start_behavior_context,start_region=x_neg__y_mid|start_theta_bin=sector_5|path_angle_bin=sector_4|near_count_bin=1|far_count_bin=1|medhigh_count_bin=1,False,1,0,1,1.0,3.0737054250812323,collision_tblock_early,1,-10.297964051593114,1.0,"{""collision"": 1}","{""collision_tblock_early"": 1}","{""collision_rod_early"": 0.0, ""collision_rod_late"": 0.0, ""collision_rod_mid"": 0.0, ""collision_tblock_early"": 5.9885407484574085, ""collision_tblock_late"": 0.0, ""collision_tblock_mid"": 0.0, ""fall"": 0.0, ""timeout"": 0.0}"
start_behavior_context,start_region=x_pos__y_mid|start_theta_bin=sector_4|path_angle_bin=sector_0|near_count_bin=0|far_count_bin=2|medhigh_count_bin=1,False,1,0,1,1.0,3.0737054250812323,collision_tblock_early,1,-10.247698877323723,1.0,"{""collision"": 1}","{""collision_tblock_early"": 1}","{""collision_rod_early"": 0.0, ""collision_rod_late"": 0.0, ""collision_rod_mid"": 0.0, ""collision_tblock_early"": 5.9885407484574085, ""collision_tblock_late"": 0.0, ""collision_tblock_mid"": 0.0, ""fall"": 0.0, ""timeout"": 0.0}"
start_behavior_context,start_region=x_pos__y_pos|start_theta_bin=sector_1|path_angle_bin=sector_0|near_count_bin=2|far_count_bin=0|medhigh_count_bin=0,False,1,0,1,1.0,3.0737054250812323,collision_tblock_early,1,-10.210090976647637,1.0,"{""collision"": 1}","{""collision_tblock_early"": 1}","{""collision_rod_early"": 0.0, ""collision_rod_late"": 0.0, ""collision_rod_mid"": 0.0, ""collision_tblock_early"": 5.9885407484574085, ""collision_tblock_late"": 0.0, ""collision_tblock_mid"": 0.0, ""fall"": 0.0, ""timeout"": 0.0}"
start_behavior_context,start_region=x_pos__y_neg|start_theta_bin=sector_5|path_angle_bin=sector_7|near_count_bin=0|far_count_bin=2|medhigh_count_bin=1,False,1,0,1,1.0,3.0737054250812323,collision_tblock_early,1,-10.255641950560882,1.0,"{""collision"": 1}","{""collision_tblock_early"": 1}","{""collision_rod_early"": 0.0, ""collision_rod_late"": 0.0, ""collision_rod_mid"": 0.0, ""collision_tblock_early"": 5.9885407484574085, ""collision_tblock_late"": 0.0, ""collision_tblock_mid"": 0.0, ""fall"": 0.0, ""timeout"": 0.0}"
start_behavior_context,start_region=x_neg__y_neg|start_theta_bin=sector_4|path_angle_bin=sector_4|near_count_bin=0|far_count_bin=2|medhigh_count_bin=1,False,1,0,1,1.0,3.0737054250812323,collision_tblock_early,1,-10.306455090566745,1.0,"{""collision"": 1}","{""collision_tblock_early"": 1}","{""collision_rod_early"": 0.0, ""collision_rod_late"": 0.0, ""collision_rod_mid"": 0.0, ""collision_tblock_early"": 5.9885407484574085, ""collision_tblock_late"": 0.0, ""collision_tblock_mid"": 0.0, ""fall"": 0.0, ""timeout"": 0.0}"
start_behavior_context,start_region=x_pos__y_neg|start_theta_bin=sector_2|path_angle_bin=sector_7|near_count_bin=2|far_count_bin=0|medhigh_count_bin=1,False,1,0,1,1.0,3.0737054250812323,collision_tblock_early,1,-10.247128348731096,1.0,"{""collision"": 1}","{""collision_tblock_early"": 1}","{""collision_rod_early"": 0.0, ""collision_rod_late"": 0.0, ""collision_rod_mid"": 0.0, ""collision_tblock_early"": 5.9885407484574085, ""collision_tblock_late"": 0.0, ""collision_tblock_mid"": 0.0, ""fall"": 0.0, ""timeout"": 0.0}"
start_behavior_context,start_region=x_pos__y_pos|start_theta_bin=sector_2|path_angle_bin=sector_0|near_count_bin=2|far_count_bin=0|medhigh_count_bin=1,False,1,0,1,1.0,3.0737054250812323,collision_tblock_early,1,-10.349600118748121,1.0,"{""collision"": 1}","{""collision_tblock_early"": 1}","{""collision_rod_early"": 0.0, ""collision_rod_late"": 0.0, ""collision_rod_mid"": 0.0, ""collision_tblock_early"": 5.9885407484574085, ""collision_tblock_late"": 0.0, ""collision_tblock_mid"": 0.0, ""fall"": 0.0, ""timeout"": 0.0}"
start_behavior_context,start_region=x_pos__y_neg|start_theta_bin=sector_1|path_angle_bin=sector_6|near_count_bin=2|far_count_bin=0|medhigh_count_bin=2,False,1,0,1,1.0,3.0737054250812323,collision_tblock_early,1,-10.23342161506057,1.0,"{""collision"": 1}","{""collision_tblock_early"": 1}","{""collision_rod_early"": 0.0, ""collision_rod_late"": 0.0, ""collision_rod_mid"": 0.0, ""collision_tblock_early"": 5.9885407484574085, ""collision_tblock_late"": 0.0, ""collision_tblock_mid"": 0.0, ""fall"": 0.0, ""timeout"": 0.0}"
start_behavior_context,start_region=x_pos__y_mid|start_theta_bin=sector_5|path_angle_bin=sector_0|near_count_bin=2|far_count_bin=0|medhigh_count_bin=2,False,1,0,1,1.0,3.0737054250812323,collision_tblock_early,1,-10.254002601516818,1.0,"{""collision"": 1}","{""collision_tblock_early"": 1}","{""collision_rod_early"": 0.0, ""collision_rod_late"": 0.0, ""collision_rod_mid"": 0.0, ""collision_tblock_early"": 5.9885407484574085, ""collision_tblock_late"": 0.0, ""collision_tblock_mid"": 0.0, ""fall"": 0.0, ""timeout"": 0.0}"
start_behavior_context,start_region=x_pos__y_mid|start_theta_bin=sector_7|path_angle_bin=sector_7|near_count_bin=1|far_count_bin=1|medhigh_count_bin=1,False,1,0,1,1.0,3.0737054250812323,collision_tblock_early,1,-10.305469982349521,1.0,"{""collision"": 1}","{""collision_tblock_early"": 1}","{""collision_rod_early"": 0.0, ""collision_rod_late"": 0.0, ""collision_rod_mid"": 0.0, ""collision_tblock_early"": 5.9885407484574085, ""collision_tblock_late"": 0.0, ""collision_tblock_mid"": 0.0, ""fall"": 0.0, ""timeout"": 0.0}"
start_behavior_context,start_region=x_pos__y_neg|start_theta_bin=sector_2|path_angle_bin=sector_6|near_count_bin=1|far_count_bin=0|medhigh_count_bin=1,False,1,0,1,1.0,3.0737054250812323,collision_tblock_early,1,-10.235750745547014,1.0,"{""collision"": 1}","{""collision_tblock_early"": 1}","{""collision_rod_early"": 0.0, ""collision_rod_late"": 0.0, ""collision_rod_mid"": 0.0, ""collision_tblock_early"": 5.9885407484574085, ""collision_tblock_late"": 0.0, ""collision_tblock_mid"": 0.0, ""fall"": 0.0, ""timeout"": 0.0}"
start_behavior_context,start_region=x_pos__y_neg|start_theta_bin=sector_2|path_angle_bin=sector_6|near_count_bin=2|far_count_bin=0|medhigh_count_bin=0,False,1,0,1,1.0,3.0737054250812323,collision_tblock_early,1,-10.216131115738165,1.0,"{""collision"": 1}","{""collision_tblock_early"": 1}","{""collision_rod_early"": 0.0, ""collision_rod_late"": 0.0, ""collision_rod_mid"": 0.0, ""collision_tblock_early"": 5.9885407484574085, ""collision_tblock_late"": 0.0, ""collision_tblock_mid"": 0.0, ""fall"": 0.0, ""timeout"": 0.0}"
start_behavior_context,start_region=x_neg__y_pos|start_theta_bin=sector_1|path_angle_bin=sector_3|near_count_bin=2|far_count_bin=0|medhigh_count_bin=0,False,1,0,1,1.0,3.0737054250812323,collision_tblock_early,1,-10.324413618653896,1.0,"{""collision"": 1}","{""collision_tblock_early"": 1}","{""collision_rod_early"": 0.0, ""collision_rod_late"": 0.0, ""collision_rod_mid"": 0.0, ""collision_tblock_early"": 5.9885407484574085, ""collision_tblock_late"": 0.0, ""collision_tblock_mid"": 0.0, ""fall"": 0.0, ""timeout"": 0.0}"
start_behavior_context,start_region=x_pos__y_mid|start_theta_bin=sector_2|path_angle_bin=sector_7|near_count_bin=1|far_count_bin=1|medhigh_count_bin=1,False,1,0,1,1.0,3.0737054250812323,collision_tblock_early,1,-10.25352093973177,1.0,"{""collision"": 1}","{""collision_tblock_early"": 1}","{""collision_rod_early"": 0.0, ""collision_rod_late"": 0.0, ""collision_rod_mid"": 0.0, ""collision_tblock_early"": 5.9885407484574085, ""collision_tblock_late"": 0.0, ""collision_tblock_mid"": 0.0, ""fall"": 0.0, ""timeout"": 0.0}"
start_behavior_context,start_region=x_neg__y_pos|start_theta_bin=sector_5|path_angle_bin=sector_2|near_count_bin=1|far_count_bin=0|medhigh_count_bin=2,False,1,0,1,1.0,3.0737054250812323,collision_tblock_early,1,-10.368461246348112,1.0,"{""collision"": 1}","{""collision_tblock_early"": 1}","{""collision_rod_early"": 0.0, ""collision_rod_late"": 0.0, ""collision_rod_mid"": 0.0, ""collision_tblock_early"": 5.9885407484574085, ""collision_tblock_late"": 0.0, ""collision_tblock_mid"": 0.0, ""fall"": 0.0, ""timeout"": 0.0}"
start_behavior_context,start_region=x_neg__y_pos|start_theta_bin=sector_0|path_angle_bin=sector_3|near_count_bin=0|far_count_bin=2|medhigh_count_bin=1,False,1,0,1,1.0,3.0737054250812323,collision_tblock_early,1,-10.41878056389553,1.0,"{""collision"": 1}","{""collision_tblock_early"": 1}","{""collision_rod_early"": 0.0, ""collision_rod_late"": 0.0, ""collision_rod_mid"": 0.0, ""collision_tblock_early"": 5.9885407484574085, ""collision_tblock_late"": 0.0, ""collision_tblock_mid"": 0.0, ""fall"": 0.0, ""timeout"": 0.0}"
start_behavior_context,start_region=x_mid__y_pos|start_theta_bin=sector_5|path_angle_bin=sector_1|near_count_bin=0|far_count_bin=2|medhigh_count_bin=1,False,1,0,1,1.0,3.0737054250812323,collision_tblock_early,1,-10.2354097689454,1.0,"{""collision"": 1}","{""collision_tblock_early"": 1}","{""collision_rod_early"": 0.0, ""collision_rod_late"": 0.0, ""collision_rod_mid"": 0.0, ""collision_tblock_early"": 5.9885407484574085, ""collision_tblock_late"": 0.0, ""collision_tblock_mid"": 0.0, ""fall"": 0.0, ""timeout"": 0.0}"
start_behavior_context,start_region=x_neg__y_pos|start_theta_bin=sector_5|path_angle_bin=sector_3|near_count_bin=2|far_count_bin=0|medhigh_count_bin=1,False,1,0,1,1.0,3.0737054250812323,collision_tblock_early,1,-10.304734963303222,1.0,"{""collision"": 1}","{""collision_tblock_early"": 1}","{""collision_rod_early"": 0.0, ""collision_rod_late"": 0.0, ""collision_rod_mid"": 0.0, ""collision_tblock_early"": 5.9885407484574085, ""collision_tblock_late"": 0.0, ""collision_tblock_mid"": 0.0, ""fall"": 0.0, ""timeout"": 0.0}"
start_behavior_context,start_region=x_neg__y_pos|start_theta_bin=sector_0|path_angle_bin=sector_2|near_count_bin=1|far_count_bin=0|medhigh_count_bin=1,False,1,0,1,1.0,3.0737054250812323,collision_tblock_early,1,-10.28831885481675,1.0,"{""collision"": 1}","{""collision_tblock_early"": 1}","{""collision_rod_early"": 0.0, ""collision_rod_late"": 0.0, ""collision_rod_mid"": 0.0, ""collision_tblock_early"": 5.9885407484574085, ""collision_tblock_late"": 0.0, ""collision_tblock_mid"": 0.0, ""fall"": 0.0, ""timeout"": 0.0}"
start_behavior_context,start_region=x_neg__y_neg|start_theta_bin=sector_1|path_angle_bin=sector_4|near_count_bin=0|far_count_bin=1|medhigh_count_bin=1,False,1,0,1,1.0,3.0737054250812323,collision_tblock_early,1,-10.284331376232913,1.0,"{""collision"": 1}","{""collision_tblock_early"": 1}","{""collision_rod_early"": 0.0, ""collision_rod_late"": 0.0, ""collision_rod_mid"": 0.0, ""collision_tblock_early"": 5.9885407484574085, ""collision_tblock_late"": 0.0, ""collision_tblock_mid"": 0.0, ""fall"": 0.0, ""timeout"": 0.0}"
start_behavior_context,start_region=x_pos__y_neg|start_theta_bin=sector_0|path_angle_bin=sector_6|near_count_bin=2|far_count_bin=0|medhigh_count_bin=1,False,1,0,1,1.0,3.0737054250812323,collision_tblock_early,1,-10.26709901503662,1.0,"{""collision"": 1}","{""collision_tblock_early"": 1}","{""collision_rod_early"": 0.0, ""collision_rod_late"": 0.0, ""collision_rod_mid"": 0.0, ""collision_tblock_early"": 5.9885407484574085, ""collision_tblock_late"": 0.0, ""collision_tblock_mid"": 0.0, ""fall"": 0.0, ""timeout"": 0.0}"
start_behavior_context,start_region=x_neg__y_neg|start_theta_bin=sector_4|path_angle_bin=sector_4|near_count_bin=0|far_count_bin=1|medhigh_count_bin=1,False,1,0,1,1.0,3.0737054250812323,collision_tblock_early,1,-10.24667620590194,1.0,"{""collision"": 1}","{""collision_tblock_early"": 1}","{""collision_rod_early"": 0.0, ""collision_rod_late"": 0.0, ""collision_rod_mid"": 0.0, ""collision_tblock_early"": 5.9885407484574085, ""collision_tblock_late"": 0.0, ""collision_tblock_mid"": 0.0, ""fall"": 0.0, ""timeout"": 0.0}"
start_behavior_context,start_region=x_pos__y_mid|start_theta_bin=sector_5|path_angle_bin=sector_7|near_count_bin=2|far_count_bin=0|medhigh_count_bin=2,False,1,0,1,1.0,3.0737054250812323,collision_tblock_early,1,-10.256295681856015,1.0,"{""collision"": 1}","{""collision_tblock_early"": 1}","{""collision_rod_early"": 0.0, ""collision_rod_late"": 0.0, ""collision_rod_mid"": 0.0, ""collision_tblock_early"": 5.9885407484574085, ""collision_tblock_late"": 0.0, ""collision_tblock_mid"": 0.0, ""fall"": 0.0, ""timeout"": 0.0}"
start_behavior_context,start_region=x_pos__y_mid|start_theta_bin=sector_4|path_angle_bin=sector_7|near_count_bin=0|far_count_bin=1|medhigh_count_bin=1,False,1,0,1,1.0,3.0737054250812323,collision_tblock_early,1,-10.217273203767153,1.0,"{""collision"": 1}","{""collision_tblock_early"": 1}","{""collision_rod_early"": 0.0, ""collision_rod_late"": 0.0, ""collision_rod_mid"": 0.0, ""collision_tblock_early"": 5.9885407484574085, ""collision_tblock_late"": 0.0, ""collision_tblock_mid"": 0.0, ""fall"": 0.0, ""timeout"": 0.0}"
start_behavior_context,start_region=x_neg__y_pos|start_theta_bin=sector_3|path_angle_bin=sector_2|near_count_bin=1|far_count_bin=0|medhigh_count_bin=2,False,1,0,1,1.0,3.0737054250812323,collision_tblock_early,1,-10.273472313809457,1.0,"{""collision"": 1}","{""collision_tblock_early"": 1}","{""collision_rod_early"": 0.0, ""collision_rod_late"": 0.0, ""collision_rod_mid"": 0.0, ""collision_tblock_early"": 5.9885407484574085, ""collision_tblock_late"": 0.0, ""collision_tblock_mid"": 0.0, ""fall"": 0.0, ""timeout"": 0.0}"
start_behavior_context,start_region=x_pos__y_neg|start_theta_bin=sector_7|path_angle_bin=sector_6|near_count_bin=2|far_count_bin=0|medhigh_count_bin=2,False,1,0,1,1.0,3.0737054250812323,collision_tblock_early,1,-10.303631632943656,1.0,"{""collision"": 1}","{""collision_tblock_early"": 1}","{""collision_rod_early"": 0.0, ""collision_rod_late"": 0.0, ""collision_rod_mid"": 0.0, ""collision_tblock_early"": 5.9885407484574085, ""collision_tblock_late"": 0.0, ""collision_tblock_mid"": 0.0, ""fall"": 0.0, ""timeout"": 0.0}"
start_behavior_context,start_region=x_pos__y_neg|start_theta_bin=sector_1|path_angle_bin=sector_6|near_count_bin=1|far_count_bin=0|medhigh_count_bin=2,False,1,0,1,1.0,3.0737054250812323,collision_tblock_early,1,-10.205010121858802,1.0,"{""collision"": 1}","{""collision_tblock_early"": 1}","{""collision_rod_early"": 0.0, ""collision_rod_late"": 0.0, ""collision_rod_mid"": 0.0, ""collision_tblock_early"": 5.9885407484574085, ""collision_tblock_late"": 0.0, ""collision_tblock_mid"": 0.0, ""fall"": 0.0, ""timeout"": 0.0}"
start_behavior_context,start_region=x_mid__y_neg|start_theta_bin=sector_4|path_angle_bin=sector_6|near_count_bin=0|far_count_bin=0|medhigh_count_bin=2,False,1,0,1,1.0,3.0737054250812323,collision_tblock_early,1,-10.208314636401399,1.0,"{""collision"": 1}","{""collision_tblock_early"": 1}","{""collision_rod_early"": 0.0, ""collision_rod_late"": 0.0, ""collision_rod_mid"": 0.0, ""collision_tblock_early"": 5.9885407484574085, ""collision_tblock_late"": 0.0, ""collision_tblock_mid"": 0.0, ""fall"": 0.0, ""timeout"": 0.0}"
start_behavior_context,start_region=x_pos__y_pos|start_theta_bin=sector_3|path_angle_bin=sector_0|near_count_bin=0|far_count_bin=0|medhigh_count_bin=2,False,1,0,1,1.0,3.0737054250812323,collision_tblock_early,1,-10.383754636055253,1.0,"{""collision"": 1}","{""collision_tblock_early"": 1}","{""collision_rod_early"": 0.0, ""collision_rod_late"": 0.0, ""collision_rod_mid"": 0.0, ""collision_tblock_early"": 5.9885407484574085, ""collision_tblock_late"": 0.0, ""collision_tblock_mid"": 0.0, ""fall"": 0.0, ""timeout"": 0.0}"
start_behavior_context,start_region=x_pos__y_mid|start_theta_bin=sector_6|path_angle_bin=sector_0|near_count_bin=0|far_count_bin=0|medhigh_count_bin=2,False,1,0,1,1.0,3.0737054250812323,collision_tblock_early,1,-10.236109043466595,1.0,"{""collision"": 1}","{""collision_tblock_early"": 1}","{""collision_rod_early"": 0.0, ""collision_rod_late"": 0.0, ""collision_rod_mid"": 0.0, ""collision_tblock_early"": 5.9885407484574085, ""collision_tblock_late"": 0.0, ""collision_tblock_mid"": 0.0, ""fall"": 0.0, ""timeout"": 0.0}"
start_behavior_context,start_region=x_pos__y_neg|start_theta_bin=sector_3|path_angle_bin=sector_7|near_count_bin=0|far_count_bin=0|medhigh_count_bin=2,False,1,0,1,1.0,3.0737054250812323,collision_tblock_early,1,-10.234093163834316,1.0,"{""collision"": 1}","{""collision_tblock_early"": 1}","{""collision_rod_early"": 0.0, ""collision_rod_late"": 0.0, ""collision_rod_mid"": 0.0, ""collision_tblock_early"": 5.9885407484574085, ""collision_tblock_late"": 0.0, ""collision_tblock_mid"": 0.0, ""fall"": 0.0, ""timeout"": 0.0}"
start_behavior_context,start_region=x_neg__y_mid|start_theta_bin=sector_1|path_angle_bin=sector_3|near_count_bin=0|far_count_bin=0|medhigh_count_bin=2,False,1,0,1,1.0,3.0737054250812323,collision_tblock_early,1,-10.257638475825775,1.0,"{""collision"": 1}","{""collision_tblock_early"": 1}","{""collision_rod_early"": 0.0, ""collision_rod_late"": 0.0, ""collision_rod_mid"": 0.0, ""collision_tblock_early"": 5.9885407484574085, ""collision_tblock_late"": 0.0, ""collision_tblock_mid"": 0.0, ""fall"": 0.0, ""timeout"": 0.0}"
start_behavior_context,start_region=x_pos__y_pos|start_theta_bin=sector_2|path_angle_bin=sector_1|near_count_bin=1|far_count_bin=0|medhigh_count_bin=1,False,1,0,1,1.0,3.0737054250812323,collision_tblock_early,1,-10.327323974916439,1.0,"{""collision"": 1}","{""collision_tblock_early"": 1}","{""collision_rod_early"": 0.0, ""collision_rod_late"": 0.0, ""collision_rod_mid"": 0.0, ""collision_tblock_early"": 5.9885407484574085, ""collision_tblock_late"": 0.0, ""collision_tblock_mid"": 0.0, ""fall"": 0.0, ""timeout"": 0.0}"
start_behavior_context,start_region=x_pos__y_neg|start_theta_bin=sector_7|path_angle_bin=sector_7|near_count_bin=1|far_count_bin=0|medhigh_count_bin=1,False,1,0,1,1.0,3.0737054250812323,collision_tblock_early,1,-10.268627879506042,1.0,"{""collision"": 1}","{""collision_tblock_early"": 1}","{""collision_rod_early"": 0.0, ""collision_rod_late"": 0.0, ""collision_rod_mid"": 0.0, ""collision_tblock_early"": 5.9885407484574085, ""collision_tblock_late"": 0.0, ""collision_tblock_mid"": 0.0, ""fall"": 0.0, ""timeout"": 0.0}"
start_behavior_context,start_region=x_pos__y_pos|start_theta_bin=sector_7|path_angle_bin=sector_1|near_count_bin=0|far_count_bin=1|medhigh_count_bin=2,False,1,0,1,1.0,3.0737054250812323,collision_tblock_early,1,-10.241434141650954,1.0,"{""collision"": 1}","{""collision_tblock_early"": 1}","{""collision_rod_early"": 0.0, ""collision_rod_late"": 0.0, ""collision_rod_mid"": 0.0, ""collision_tblock_early"": 5.9885407484574085, ""collision_tblock_late"": 0.0, ""collision_tblock_mid"": 0.0, ""fall"": 0.0, ""timeout"": 0.0}"
start_behavior_context,start_region=x_mid__y_pos|start_theta_bin=sector_0|path_angle_bin=sector_1|near_count_bin=0|far_count_bin=0|medhigh_count_bin=2,False,1,0,1,1.0,3.0737054250812323,collision_tblock_early,1,-10.20881933828593,1.0,"{""collision"": 1}","{""collision_tblock_early"": 1}","{""collision_rod_early"": 0.0, ""collision_rod_late"": 0.0, ""collision_rod_mid"": 0.0, ""collision_tblock_early"": 5.9885407484574085, ""collision_tblock_late"": 0.0, ""collision_tblock_mid"": 0.0, ""fall"": 0.0, ""timeout"": 0.0}"
start_behavior_context,start_region=x_pos__y_mid|start_theta_bin=sector_5|path_angle_bin=sector_0|near_count_bin=0|far_count_bin=0|medhigh_count_bin=2,False,1,0,1,1.0,3.0737054250812323,collision_tblock_early,1,-10.217731227123473,1.0,"{""collision"": 1}","{""collision_tblock_early"": 1}","{""collision_rod_early"": 0.0, ""collision_rod_late"": 0.0, ""collision_rod_mid"": 0.0, ""collision_tblock_early"": 5.9885407484574085, ""collision_tblock_late"": 0.0, ""collision_tblock_mid"": 0.0, ""fall"": 0.0, ""timeout"": 0.0}"
start_behavior_context,start_region=x_pos__y_pos|start_theta_bin=sector_5|path_angle_bin=sector_1|near_count_bin=1|far_count_bin=0|medhigh_count_bin=1,False,1,0,1,1.0,3.0737054250812323,collision_tblock_early,1,-10.268282375044032,1.0,"{""collision"": 1}","{""collision_tblock_early"": 1}","{""collision_rod_early"": 0.0, ""collision_rod_late"": 0.0, ""collision_rod_mid"": 0.0, ""collision_tblock_early"": 5.9885407484574085, ""collision_tblock_late"": 0.0, ""collision_tblock_mid"": 0.0, ""fall"": 0.0, ""timeout"": 0.0}"
start_behavior_context,start_region=x_pos__y_mid|start_theta_bin=sector_5|path_angle_bin=sector_0|near_count_bin=0|far_count_bin=1|medhigh_count_bin=2,False,1,0,1,1.0,3.0737054250812323,collision_tblock_early,1,-10.242565726459434,1.0,"{""collision"": 1}","{""collision_tblock_early"": 1}","{""collision_rod_early"": 0.0, ""collision_rod_late"": 0.0, ""collision_rod_mid"": 0.0, ""collision_tblock_early"": 5.9885407484574085, ""collision_tblock_late"": 0.0, ""collision_tblock_mid"": 0.0, ""fall"": 0.0, ""timeout"": 0.0}"
start_behavior_context,start_region=x_pos__y_neg|start_theta_bin=sector_0|path_angle_bin=sector_7|near_count_bin=1|far_count_bin=0|medhigh_count_bin=1,False,1,0,1,1.0,3.0737054250812323,collision_tblock_early,1,-10.275385473505368,1.0,"{""collision"": 1}","{""collision_tblock_early"": 1}","{""collision_rod_early"": 0.0, ""collision_rod_late"": 0.0, ""collision_rod_mid"": 0.0, ""collision_tblock_early"": 5.9885407484574085, ""collision_tblock_late"": 0.0, ""collision_tblock_mid"": 0.0, ""fall"": 0.0, ""timeout"": 0.0}"
start_behavior_context,start_region=x_neg__y_neg|start_theta_bin=sector_7|path_angle_bin=sector_4|near_count_bin=2|far_count_bin=0|medhigh_count_bin=1,False,1,0,1,1.0,3.0737054250812323,collision_tblock_early,1,-10.223075629367129,1.0,"{""collision"": 1}","{""collision_tblock_early"": 1}","{""collision_rod_early"": 0.0, ""collision_rod_late"": 0.0, ""collision_rod_mid"": 0.0, ""collision_tblock_early"": 5.9885407484574085, ""collision_tblock_late"": 0.0, ""collision_tblock_mid"": 0.0, ""fall"": 0.0, ""timeout"": 0.0}"
start_behavior_context,start_region=x_neg__y_pos|start_theta_bin=sector_7|path_angle_bin=sector_2|near_count_bin=1|far_count_bin=0|medhigh_count_bin=2,False,1,0,1,1.0,3.0737054250812323,collision_tblock_early,1,-10.36917233031842,1.0,"{""collision"": 1}","{""collision_tblock_early"": 1}","{""collision_rod_early"": 0.0, ""collision_rod_late"": 0.0, ""collision_rod_mid"": 0.0, ""collision_tblock_early"": 5.9885407484574085, ""collision_tblock_late"": 0.0, ""collision_tblock_mid"": 0.0, ""fall"": 0.0, ""timeout"": 0.0}"
start_behavior_context,start_region=x_pos__y_mid|start_theta_bin=sector_6|path_angle_bin=sector_7|near_count_bin=1|far_count_bin=0|medhigh_count_bin=2,False,1,0,1,1.0,3.0737054250812323,collision_tblock_early,1,-10.229844449982082,1.0,"{""collision"": 1}","{""collision_tblock_early"": 1}","{""collision_rod_early"": 0.0, ""collision_rod_late"": 0.0, ""collision_rod_mid"": 0.0, ""collision_tblock_early"": 5.9885407484574085, ""collision_tblock_late"": 0.0, ""collision_tblock_mid"": 0.0, ""fall"": 0.0, ""timeout"": 0.0}"
start_behavior_context,start_region=x_neg__y_pos|start_theta_bin=sector_5|path_angle_bin=sector_2|near_count_bin=1|far_count_bin=0|medhigh_count_bin=1,False,1,0,1,1.0,3.0737054250812323,collision_tblock_early,1,-10.25549072034317,1.0,"{""collision"": 1}","{""collision_tblock_early"": 1}","{""collision_rod_early"": 0.0, ""collision_rod_late"": 0.0, ""collision_rod_mid"": 0.0, ""collision_tblock_early"": 5.9885407484574085, ""collision_tblock_late"": 0.0, ""collision_tblock_mid"": 0.0, ""fall"": 0.0, ""timeout"": 0.0}"
start_behavior_context,start_region=x_mid__y_pos|start_theta_bin=sector_4|path_angle_bin=sector_2|near_count_bin=1|far_count_bin=1|medhigh_count_bin=1,False,1,0,1,1.0,3.0737054250812323,collision_tblock_early,1,-10.234670987025083,1.0,"{""collision"": 1}","{""collision_tblock_early"": 1}","{""collision_rod_early"": 0.0, ""collision_rod_late"": 0.0, ""collision_rod_mid"": 0.0, ""collision_tblock_early"": 5.9885407484574085, ""collision_tblock_late"": 0.0, ""collision_tblock_mid"": 0.0, ""fall"": 0.0, ""timeout"": 0.0}"
start_behavior_context,start_region=x_pos__y_mid|start_theta_bin=sector_5|path_angle_bin=sector_7|near_count_bin=1|far_count_bin=0|medhigh_count_bin=2,False,1,0,1,1.0,3.0737054250812323,collision_tblock_early,1,-10.263414038854235,1.0,"{""collision"": 1}","{""collision_tblock_early"": 1}","{""collision_rod_early"": 0.0, ""collision_rod_late"": 0.0, ""collision_rod_mid"": 0.0, ""collision_tblock_early"": 5.9885407484574085, ""collision_tblock_late"": 0.0, ""collision_tblock_mid"": 0.0, ""fall"": 0.0, ""timeout"": 0.0}"
start_behavior_context,start_region=x_pos__y_mid|start_theta_bin=sector_1|path_angle_bin=sector_7|near_count_bin=1|far_count_bin=1|medhigh_count_bin=1,False,1,0,1,1.0,3.0737054250812323,collision_tblock_early,1,-10.269464244233196,1.0,"{""collision"": 1}","{""collision_tblock_early"": 1}","{""collision_rod_early"": 0.0, ""collision_rod_late"": 0.0, ""collision_rod_mid"": 0.0, ""collision_tblock_early"": 5.9885407484574085, ""collision_tblock_late"": 0.0, ""collision_tblock_mid"": 0.0, ""fall"": 0.0, ""timeout"": 0.0}"
start_behavior_context,start_region=x_pos__y_pos|start_theta_bin=sector_6|path_angle_bin=sector_0|near_count_bin=0|far_count_bin=1|medhigh_count_bin=2,False,1,0,1,1.0,3.0737054250812323,collision_tblock_early,1,-10.266615144062762,1.0,"{""collision"": 1}","{""collision_tblock_early"": 1}","{""collision_rod_early"": 0.0, ""collision_rod_late"": 0.0, ""collision_rod_mid"": 0.0, ""collision_tblock_early"": 5.9885407484574085, ""collision_tblock_late"": 0.0, ""collision_tblock_mid"": 0.0, ""fall"": 0.0, ""timeout"": 0.0}"
start_behavior_context,start_region=x_pos__y_neg|start_theta_bin=sector_7|path_angle_bin=sector_6|near_count_bin=1|far_count_bin=0|medhigh_count_bin=1,False,1,0,1,1.0,3.0737054250812323,collision_tblock_early,1,-10.2507764265733,1.0,"{""collision"": 1}","{""collision_tblock_early"": 1}","{""collision_rod_early"": 0.0, ""collision_rod_late"": 0.0, ""collision_rod_mid"": 0.0, ""collision_tblock_early"": 5.9885407484574085, ""collision_tblock_late"": 0.0, ""collision_tblock_mid"": 0.0, ""fall"": 0.0, ""timeout"": 0.0}"
start_behavior_context,start_region=x_mid__y_pos|start_theta_bin=sector_4|path_angle_bin=sector_1|near_count_bin=1|far_count_bin=1|medhigh_count_bin=1,False,1,0,1,1.0,3.0737054250812323,collision_tblock_early,1,-10.216354836186929,1.0,"{""collision"": 1}","{""collision_tblock_early"": 1}","{""collision_rod_early"": 0.0, ""collision_rod_late"": 0.0, ""collision_rod_mid"": 0.0, ""collision_tblock_early"": 5.9885407484574085, ""collision_tblock_late"": 0.0, ""collision_tblock_mid"": 0.0, ""fall"": 0.0, ""timeout"": 0.0}"
start_behavior_context,start_region=x_neg__y_neg|start_theta_bin=sector_2|path_angle_bin=sector_5|near_count_bin=1|far_count_bin=0|medhigh_count_bin=2,False,1,0,1,1.0,3.0737054250812323,collision_tblock_early,1,-10.25595460922258,1.0,"{""collision"": 1}","{""collision_tblock_early"": 1}","{""collision_rod_early"": 0.0, ""collision_rod_late"": 0.0, ""collision_rod_mid"": 0.0, ""collision_tblock_early"": 5.9885407484574085, ""collision_tblock_late"": 0.0, ""collision_tblock_mid"": 0.0, ""fall"": 0.0, ""timeout"": 0.0}"
start_behavior_context,start_region=x_pos__y_mid|start_theta_bin=sector_2|path_angle_bin=sector_0|near_count_bin=0|far_count_bin=2|medhigh_count_bin=1,False,1,0,1,1.0,3.0737054250812323,collision_tblock_early,1,-10.27828805617112,1.0,"{""collision"": 1}","{""collision_tblock_early"": 1}","{""collision_rod_early"": 0.0, ""collision_rod_late"": 0.0, ""collision_rod_mid"": 0.0, ""collision_tblock_early"": 5.9885407484574085, ""collision_tblock_late"": 0.0, ""collision_tblock_mid"": 0.0, ""fall"": 0.0, ""timeout"": 0.0}"
start_behavior_context,start_region=x_mid__y_pos|start_theta_bin=sector_3|path_angle_bin=sector_2|near_count_bin=1|far_count_bin=1|medhigh_count_bin=1,False,1,0,1,1.0,3.0737054250812323,collision_tblock_early,1,-10.225255475913318,1.0,"{""collision"": 1}","{""collision_tblock_early"": 1}","{""collision_rod_early"": 0.0, ""collision_rod_late"": 0.0, ""collision_rod_mid"": 0.0, ""collision_tblock_early"": 5.9885407484574085, ""collision_tblock_late"": 0.0, ""collision_tblock_mid"": 0.0, ""fall"": 0.0, ""timeout"": 0.0}"
start_behavior_context,start_region=x_neg__y_neg|start_theta_bin=sector_3|path_angle_bin=sector_4|near_count_bin=1|far_count_bin=0|medhigh_count_bin=1,False,1,0,1,1.0,3.0737054250812323,collision_tblock_early,1,-10.250838540562166,1.0,"{""collision"": 1}","{""collision_tblock_early"": 1}","{""collision_rod_early"": 0.0, ""collision_rod_late"": 0.0, ""collision_rod_mid"": 0.0, ""collision_tblock_early"": 5.9885407484574085, ""collision_tblock_late"": 0.0, ""collision_tblock_mid"": 0.0, ""fall"": 0.0, ""timeout"": 0.0}"
start_behavior_context,start_region=x_pos__y_neg|start_theta_bin=sector_0|path_angle_bin=sector_7|near_count_bin=0|far_count_bin=0|medhigh_count_bin=2,False,1,0,1,1.0,3.0737054250812323,collision_tblock_early,1,-10.256120254549323,1.0,"{""collision"": 1}","{""collision_tblock_early"": 1}","{""collision_rod_early"": 0.0, ""collision_rod_late"": 0.0, ""collision_rod_mid"": 0.0, ""collision_tblock_early"": 5.9885407484574085, ""collision_tblock_late"": 0.0, ""collision_tblock_mid"": 0.0, ""fall"": 0.0, ""timeout"": 0.0}"
start_behavior_context,start_region=x_pos__y_pos|start_theta_bin=sector_7|path_angle_bin=sector_0|near_count_bin=0|far_count_bin=1|medhigh_count_bin=2,False,1,0,1,1.0,3.0737054250812323,collision_tblock_early,1,-10.28648187735456,1.0,"{""collision"": 1}","{""collision_tblock_early"": 1}","{""collision_rod_early"": 0.0, ""collision_rod_late"": 0.0, ""collision_rod_mid"": 0.0, ""collision_tblock_early"": 5.9885407484574085, ""collision_tblock_late"": 0.0, ""collision_tblock_mid"": 0.0, ""fall"": 0.0, ""timeout"": 0.0}"
start_behavior_context,start_region=x_pos__y_neg|start_theta_bin=sector_2|path_angle_bin=sector_7|near_count_bin=0|far_count_bin=0|medhigh_count_bin=2,False,1,0,1,1.0,3.0737054250812323,collision_tblock_early,1,-10.237788054113858,1.0,"{""collision"": 1}","{""collision_tblock_early"": 1}","{""collision_rod_early"": 0.0, ""collision_rod_late"": 0.0, ""collision_rod_mid"": 0.0, ""collision_tblock_early"": 5.9885407484574085, ""collision_tblock_late"": 0.0, ""collision_tblock_mid"": 0.0, ""fall"": 0.0, ""timeout"": 0.0}"
start_behavior_context,start_region=x_pos__y_neg|start_theta_bin=sector_3|path_angle_bin=sector_6|near_count_bin=0|far_count_bin=0|medhigh_count_bin=2,False,1,0,1,1.0,3.0737054250812323,collision_tblock_early,1,-10.251420128823284,1.0,"{""collision"": 1}","{""collision_tblock_early"": 1}","{""collision_rod_early"": 0.0, ""collision_rod_late"": 0.0, ""collision_rod_mid"": 0.0, ""collision_tblock_early"": 5.9885407484574085, ""collision_tblock_late"": 0.0, ""collision_tblock_mid"": 0.0, ""fall"": 0.0, ""timeout"": 0.0}"
start_behavior_context,start_region=x_pos__y_neg|start_theta_bin=sector_1|path_angle_bin=sector_7|near_count_bin=2|far_count_bin=0|medhigh_count_bin=1,False,1,0,1,1.0,3.0737054250812323,collision_tblock_early,1,-10.258440636359753,1.0,"{""collision"": 1}","{""collision_tblock_early"": 1}","{""collision_rod_early"": 0.0, ""collision_rod_late"": 0.0, ""collision_rod_mid"": 0.0, ""collision_tblock_early"": 5.9885407484574085, ""collision_tblock_late"": 0.0, ""collision_tblock_mid"": 0.0, ""fall"": 0.0, ""timeout"": 0.0}"
start_behavior_context,start_region=x_neg__y_mid|start_theta_bin=sector_2|path_angle_bin=sector_3|near_count_bin=0|far_count_bin=1|medhigh_count_bin=1,False,1,0,1,1.0,3.0737054250812323,collision_tblock_early,1,-10.24428180545235,1.0,"{""collision"": 1}","{""collision_tblock_early"": 1}","{""collision_rod_early"": 0.0, ""collision_rod_late"": 0.0, ""collision_rod_mid"": 0.0, ""collision_tblock_early"": 5.9885407484574085, ""collision_tblock_late"": 0.0, ""collision_tblock_mid"": 0.0, ""fall"": 0.0, ""timeout"": 0.0}"
start_behavior_context,start_region=x_neg__y_neg|start_theta_bin=sector_1|path_angle_bin=sector_5|near_count_bin=2|far_count_bin=0|medhigh_count_bin=1,False,1,0,1,1.0,3.0737054250812323,collision_tblock_early,1,-10.278947540301006,1.0,"{""collision"": 1}","{""collision_tblock_early"": 1}","{""collision_rod_early"": 0.0, ""collision_rod_late"": 0.0, ""collision_rod_mid"": 0.0, ""collision_tblock_early"": 5.9885407484574085, ""collision_tblock_late"": 0.0, ""collision_tblock_mid"": 0.0, ""fall"": 0.0, ""timeout"": 0.0}"
start_behavior_context,start_region=x_mid__y_neg|start_theta_bin=sector_2|path_angle_bin=sector_5|near_count_bin=0|far_count_bin=2|medhigh_count_bin=1,False,1,0,1,1.0,3.0737054250812323,collision_tblock_early,1,-10.225871777339322,1.0,"{""collision"": 1}","{""collision_tblock_early"": 1}","{""collision_rod_early"": 0.0, ""collision_rod_late"": 0.0, ""collision_rod_mid"": 0.0, ""collision_tblock_early"": 5.9885407484574085, ""collision_tblock_late"": 0.0, ""collision_tblock_mid"": 0.0, ""fall"": 0.0, ""timeout"": 0.0}"
start_behavior_context,start_region=x_neg__y_neg|start_theta_bin=sector_3|path_angle_bin=sector_5|near_count_bin=0|far_count_bin=1|medhigh_count_bin=1,False,1,0,1,1.0,3.0737054250812323,collision_tblock_early,1,-10.2754042282795,1.0,"{""collision"": 1}","{""collision_tblock_early"": 1}","{""collision_rod_early"": 0.0, ""collision_rod_late"": 0.0, ""collision_rod_mid"": 0.0, ""collision_tblock_early"": 5.9885407484574085, ""collision_tblock_late"": 0.0, ""collision_tblock_mid"": 0.0, ""fall"": 0.0, ""timeout"": 0.0}"
start_behavior_context,start_region=x_pos__y_neg|start_theta_bin=sector_6|path_angle_bin=sector_6|near_count_bin=1|far_count_bin=0|medhigh_count_bin=1,False,1,0,1,1.0,3.0737054250812323,collision_tblock_early,1,-10.249203624374447,1.0,"{""collision"": 1}","{""collision_tblock_early"": 1}","{""collision_rod_early"": 0.0, ""collision_rod_late"": 0.0, ""collision_rod_mid"": 0.0, ""collision_tblock_early"": 5.9885407484574085, ""collision_tblock_late"": 0.0, ""collision_tblock_mid"": 0.0, ""fall"": 0.0, ""timeout"": 0.0}"
start_behavior_context,start_region=x_mid__y_pos|start_theta_bin=sector_7|path_angle_bin=sector_2|near_count_bin=1|far_count_bin=0|medhigh_count_bin=2,False,1,0,1,1.0,3.0737054250812323,collision_tblock_early,1,-10.211338319461326,1.0,"{""collision"": 1}","{""collision_tblock_early"": 1}","{""collision_rod_early"": 0.0, ""collision_rod_late"": 0.0, ""collision_rod_mid"": 0.0, ""collision_tblock_early"": 5.9885407484574085, ""collision_tblock_late"": 0.0, ""collision_tblock_mid"": 0.0, ""fall"": 0.0, ""timeout"": 0.0}"
start_behavior_context,start_region=x_pos__y_neg|start_theta_bin=sector_2|path_angle_bin=sector_7|near_count_bin=1|far_count_bin=0|medhigh_count_bin=1,False,1,0,1,1.0,3.0737054250812323,collision_tblock_early,1,-10.226465493569082,1.0,"{""collision"": 1}","{""collision_tblock_early"": 1}","{""collision_rod_early"": 0.0, ""collision_rod_late"": 0.0, ""collision_rod_mid"": 0.0, ""collision_tblock_early"": 5.9885407484574085, ""collision_tblock_late"": 0.0, ""collision_tblock_mid"": 0.0, ""fall"": 0.0, ""timeout"": 0.0}"
start_behavior_context,start_region=x_pos__y_neg|start_theta_bin=sector_1|path_angle_bin=sector_7|near_count_bin=1|far_count_bin=0|medhigh_count_bin=1,False,1,0,1,1.0,3.0737054250812323,collision_tblock_early,1,-10.244482934010595,1.0,"{""collision"": 1}","{""collision_tblock_early"": 1}","{""collision_rod_early"": 0.0, ""collision_rod_late"": 0.0, ""collision_rod_mid"": 0.0, ""collision_tblock_early"": 5.9885407484574085, ""collision_tblock_late"": 0.0, ""collision_tblock_mid"": 0.0, ""fall"": 0.0, ""timeout"": 0.0}"
start_behavior_context,start_region=x_mid__y_neg|start_theta_bin=sector_2|path_angle_bin=sector_5|near_count_bin=1|far_count_bin=1|medhigh_count_bin=1,False,1,0,1,1.0,3.0737054250812323,collision_tblock_early,1,-10.23328135402505,1.0,"{""collision"": 1}","{""collision_tblock_early"": 1}","{""collision_rod_early"": 0.0, ""collision_rod_late"": 0.0, ""collision_rod_mid"": 0.0, ""collision_tblock_early"": 5.9885407484574085, ""collision_tblock_late"": 0.0, ""collision_tblock_mid"": 0.0, ""fall"": 0.0, ""timeout"": 0.0}"
start_behavior_context,start_region=x_pos__y_neg|start_theta_bin=sector_5|path_angle_bin=sector_6|near_count_bin=1|far_count_bin=1|medhigh_count_bin=1,False,69,0,69,1.0,3.073705425081232,collision_tblock_early,68,-10.448314372891936,1.0434782608695652,"{""collision"": 69}","{""collision_rod_early"": 1, ""collision_tblock_early"": 68}","{""collision_rod_early"": 0.4569864856601235, ""collision_rod_late"": 0.0, ""collision_rod_mid"": 0.0, ""collision_tblock_early"": 5.901750302827591, ""collision_tblock_late"": 0.0, ""collision_tblock_mid"": 0.0, ""fall"": 0.0, ""timeout"": 0.0}"
start_behavior_context,start_region=x_pos__y_pos|start_theta_bin=sector_1|path_angle_bin=sector_0|near_count_bin=0|far_count_bin=1|medhigh_count_bin=1,False,37,0,37,1.0,3.073705425081232,collision_tblock_early,37,-10.23671378144694,1.0,"{""collision"": 37}","{""collision_tblock_early"": 37}","{""collision_rod_early"": 0.0, ""collision_rod_late"": 0.0, ""collision_rod_mid"": 0.0, ""collision_tblock_early"": 5.988540748457408, ""collision_tblock_late"": 0.0, ""collision_tblock_mid"": 0.0, ""fall"": 0.0, ""timeout"": 0.0}"
start_behavior_context,start_region=x_pos__y_pos|start_theta_bin=sector_5|path_angle_bin=sector_0|near_count_bin=0|far_count_bin=1|medhigh_count_bin=1,False,33,0,33,1.0,3.073705425081232,collision_tblock_early,33,-10.244999066894696,1.0,"{""collision"": 33}","{""collision_tblock_early"": 33}","{""collision_rod_early"": 0.0, ""collision_rod_late"": 0.0, ""collision_rod_mid"": 0.0, ""collision_tblock_early"": 5.988540748457408, ""collision_tblock_late"": 0.0, ""collision_tblock_mid"": 0.0, ""fall"": 0.0, ""timeout"": 0.0}"
start_behavior_context,start_region=x_neg__y_pos|start_theta_bin=sector_4|path_angle_bin=sector_2|near_count_bin=1|far_count_bin=1|medhigh_count_bin=1,False,19,0,19,1.0,3.073705425081232,collision_tblock_early,19,-10.312545116819956,1.0,"{""collision"": 19}","{""collision_tblock_early"": 19}","{""collision_rod_early"": 0.0, ""collision_rod_late"": 0.0, ""collision_rod_mid"": 0.0, ""collision_tblock_early"": 5.9885407484574085, ""collision_tblock_late"": 0.0, ""collision_tblock_mid"": 0.0, ""fall"": 0.0, ""timeout"": 0.0}"
start_behavior_context,start_region=x_pos__y_pos|start_theta_bin=sector_7|path_angle_bin=sector_0|near_count_bin=1|far_count_bin=0|medhigh_count_bin=2,False,19,0,19,1.0,3.073705425081232,collision_tblock_early,19,-10.298249692338466,1.0,"{""collision"": 19}","{""collision_tblock_early"": 19}","{""collision_rod_early"": 0.0, ""collision_rod_late"": 0.0, ""collision_rod_mid"": 0.0, ""collision_tblock_early"": 5.9885407484574085, ""collision_tblock_late"": 0.0, ""collision_tblock_mid"": 0.0, ""fall"": 0.0, ""timeout"": 0.0}"
start_behavior_context,start_region=x_pos__y_pos|start_theta_bin=sector_7|path_angle_bin=sector_0|near_count_bin=2|far_count_bin=0|medhigh_count_bin=2,False,15,0,15,1.0,3.073705425081232,collision_tblock_early,15,-10.301713035720313,1.0,"{""collision"": 15}","{""collision_tblock_early"": 15}","{""collision_rod_early"": 0.0, ""collision_rod_late"": 0.0, ""collision_rod_mid"": 0.0, ""collision_tblock_early"": 5.9885407484574085, ""collision_tblock_late"": 0.0, ""collision_tblock_mid"": 0.0, ""fall"": 0.0, ""timeout"": 0.0}"
start_behavior_context,start_region=x_neg__y_pos|start_theta_bin=sector_1|path_angle_bin=sector_2|near_count_bin=0|far_count_bin=1|medhigh_count_bin=1,False,15,0,15,1.0,3.073705425081232,collision_tblock_early,15,-10.855277492768383,1.0666666666666667,"{""collision"": 15}","{""collision_tblock_early"": 15}","{""collision_rod_early"": 0.0, ""collision_rod_late"": 0.0, ""collision_rod_mid"": 0.0, ""collision_tblock_early"": 5.9885407484574085, ""collision_tblock_late"": 0.0, ""collision_tblock_mid"": 0.0, ""fall"": 0.0, ""timeout"": 0.0}"
start_behavior_context,start_region=x_pos__y_neg|start_theta_bin=sector_6|path_angle_bin=sector_6|near_count_bin=2|far_count_bin=0|medhigh_count_bin=1,False,9,0,9,1.0,3.073705425081232,collision_tblock_early,9,-10.27857440127179,1.0,"{""collision"": 9}","{""collision_tblock_early"": 9}","{""collision_rod_early"": 0.0, ""collision_rod_late"": 0.0, ""collision_rod_mid"": 0.0, ""collision_tblock_early"": 5.9885407484574085, ""collision_tblock_late"": 0.0, ""collision_tblock_mid"": 0.0, ""fall"": 0.0, ""timeout"": 0.0}"
start_behavior_context,start_region=x_neg__y_neg|start_theta_bin=sector_4|path_angle_bin=sector_4|near_count_bin=1|far_count_bin=1|medhigh_count_bin=1,False,9,0,9,1.0,3.073705425081232,collision_tblock_early,9,-10.278245333431776,1.0,"{""collision"": 9}","{""collision_tblock_early"": 9}","{""collision_rod_early"": 0.0, ""collision_rod_late"": 0.0, ""collision_rod_mid"": 0.0, ""collision_tblock_early"": 5.9885407484574085, ""collision_tblock_late"": 0.0, ""collision_tblock_mid"": 0.0, ""fall"": 0.0, ""timeout"": 0.0}"
start_behavior_context,start_region=x_neg__y_pos|start_theta_bin=sector_3|path_angle_bin=sector_2|near_count_bin=0|far_count_bin=1|medhigh_count_bin=1,False,9,0,9,1.0,3.073705425081232,collision_tblock_early,9,-10.263414344080473,1.0,"{""collision"": 9}","{""collision_tblock_early"": 9}","{""collision_rod_early"": 0.0, ""collision_rod_late"": 0.0, ""collision_rod_mid"": 0.0, ""collision_tblock_early"": 5.9885407484574085, ""collision_tblock_late"": 0.0, ""collision_tblock_mid"": 0.0, ""fall"": 0.0, ""timeout"": 0.0}"
start_behavior_context,start_region=x_neg__y_pos|start_theta_bin=sector_7|path_angle_bin=sector_2|near_count_bin=0|far_count_bin=1|medhigh_count_bin=1,False,9,0,9,1.0,3.073705425081232,collision_tblock_early,9,-10.366230227353135,1.0,"{""collision"": 9}","{""collision_tblock_early"": 9}","{""collision_rod_early"": 0.0, ""collision_rod_late"": 0.0, ""collision_rod_mid"": 0.0, ""collision_tblock_early"": 5.9885407484574085, ""collision_tblock_late"": 0.0, ""collision_tblock_mid"": 0.0, ""fall"": 0.0, ""timeout"": 0.0}"
start_behavior_context,start_region=x_mid__y_pos|start_theta_bin=sector_0|path_angle_bin=sector_2|near_count_bin=0|far_count_bin=1|medhigh_count_bin=1,False,9,0,9,1.0,3.073705425081232,collision_tblock_early,9,-10.222785538704173,1.0,"{""collision"": 9}","{""collision_tblock_early"": 9}","{""collision_rod_early"": 0.0, ""collision_rod_late"": 0.0, ""collision_rod_mid"": 0.0, ""collision_tblock_early"": 5.9885407484574085, ""collision_tblock_late"": 0.0, ""collision_tblock_mid"": 0.0, ""fall"": 0.0, ""timeout"": 0.0}"
start_behavior_context,start_region=x_pos__y_neg|start_theta_bin=sector_4|path_angle_bin=sector_6|near_count_bin=1|far_count_bin=0|medhigh_count_bin=2,False,9,0,9,1.0,3.073705425081232,collision_tblock_early,9,-10.25543605502594,1.0,"{""collision"": 9}","{""collision_tblock_early"": 9}","{""collision_rod_early"": 0.0, ""collision_rod_late"": 0.0, ""collision_rod_mid"": 0.0, ""collision_tblock_early"": 5.9885407484574085, ""collision_tblock_late"": 0.0, ""collision_tblock_mid"": 0.0, ""fall"": 0.0, ""timeout"": 0.0}"
start_behavior_context,start_region=x_mid__y_neg|start_theta_bin=sector_4|path_angle_bin=sector_6|near_count_bin=0|far_count_bin=1|medhigh_count_bin=1,False,9,0,9,1.0,3.073705425081232,collision_tblock_early,9,-10.220751418837882,1.0,"{""collision"": 9}","{""collision_tblock_early"": 9}","{""collision_rod_early"": 0.0, ""collision_rod_late"": 0.0, ""collision_rod_mid"": 0.0, ""collision_tblock_early"": 5.9885407484574085, ""collision_tblock_late"": 0.0, ""collision_tblock_mid"": 0.0, ""fall"": 0.0, ""timeout"": 0.0}"
start_behavior_context,start_region=x_pos__y_pos|start_theta_bin=sector_2|path_angle_bin=sector_1|near_count_bin=1|far_count_bin=1|medhigh_count_bin=1,False,51,1,50,0.9803921568627451,3.01343669125611,collision_tblock_early,50,-10.178328964335433,1.0392156862745099,"{""collision"": 50, ""success"": 1}","{""collision_tblock_early"": 50}","{""collision_rod_early"": 0.0, ""collision_rod_late"": 0.0, ""collision_rod_mid"": 0.0, ""collision_tblock_early"": 5.871118380840597, ""collision_tblock_late"": 0.0, ""collision_tblock_mid"": 0.0, ""fall"": 0.0, ""timeout"": 0.0}"
start_behavior_context,start_region=x_pos__y_neg|start_theta_bin=sector_7|path_angle_bin=sector_7|near_count_bin=1|far_count_bin=1|medhigh_count_bin=1,False,48,1,47,0.9791666666666666,3.00966989539204,collision_tblock_early,46,-10.61154643010608,1.1875,"{""collision"": 47, ""success"": 1}","{""collision_rod_mid"": 1, ""collision_tblock_early"": 46}","{""collision_rod_early"": 0.0, ""collision_rod_late"": 0.0, ""collision_rod_mid"": 3.498642322097379, ""collision_tblock_early"": 5.739018217271683, ""collision_tblock_late"": 0.0, ""collision_tblock_mid"": 0.0, ""fall"": 0.0, ""timeout"": 0.0}"
start_behavior_context,start_region=x_neg__y_pos|start_theta_bin=sector_7|path_angle_bin=sector_3|near_count_bin=1|far_count_bin=1|medhigh_count_bin=1,False,46,1,45,0.9782608695652174,3.006885741927292,collision_tblock_early,45,-10.543233976031866,1.0869565217391304,"{""collision"": 45, ""success"": 1}","{""collision_tblock_early"": 45}","{""collision_rod_early"": 0.0, ""collision_rod_late"": 0.0, ""collision_rod_mid"": 0.0, ""collision_tblock_early"": 5.858355080012682, ""collision_tblock_late"": 0.0, ""collision_tblock_mid"": 0.0, ""fall"": 0.0, ""timeout"": 0.0}"
start_behavior_context,start_region=x_pos__y_pos|start_theta_bin=sector_1|path_angle_bin=sector_0|near_count_bin=1|far_count_bin=1|medhigh_count_bin=1,False,44,1,43,0.9772727272727273,3.0038484836021135,collision_tblock_early,43,-10.097489501352722,1.0454545454545454,"{""collision"": 43, ""success"": 1}","{""collision_tblock_early"": 43}","{""collision_rod_early"": 0.0, ""collision_rod_late"": 0.0, ""collision_rod_mid"": 0.0, ""collision_tblock_early"": 5.8524375496288314, ""collision_tblock_late"": 0.0, ""collision_tblock_mid"": 0.0, ""fall"": 0.0, ""timeout"": 0.0}"
start_behavior_context,start_region=x_pos__y_neg|start_theta_bin=sector_3|path_angle_bin=sector_6|near_count_bin=1|far_count_bin=1|medhigh_count_bin=1,False,41,1,40,0.975609756097561,2.998737000079251,collision_tblock_early,40,-10.1954878306431,1.0975609756097562,"{""collision"": 40, ""success"": 1}","{""collision_tblock_early"": 40}","{""collision_rod_early"": 0.0, ""collision_rod_late"": 0.0, ""collision_rod_mid"": 0.0, ""collision_tblock_early"": 5.842478778982837, ""collision_tblock_late"": 0.0, ""collision_tblock_mid"": 0.0, ""fall"": 0.0, ""timeout"": 0.0}"
start_behavior_context,start_region=x_pos__y_pos|start_theta_bin=sector_5|path_angle_bin=sector_0|near_count_bin=1|far_count_bin=1|medhigh_count_bin=1,False,74,2,72,0.972972972972973,2.990632305484442,collision_tblock_early,72,-10.136136308110366,1.1216216216216217,"{""collision"": 72, ""success"": 2}","{""collision_tblock_early"": 72}","{""collision_rod_early"": 0.0, ""collision_rod_late"": 0.0, ""collision_rod_mid"": 0.0, ""collision_tblock_early"": 5.826688295796397, ""collision_tblock_late"": 0.0, ""collision_tblock_mid"": 0.0, ""fall"": 0.0, ""timeout"": 0.0}"
start_behavior_context,start_region=x_neg__y_pos|start_theta_bin=sector_3|path_angle_bin=sector_3|near_count_bin=1|far_count_bin=1|medhigh_count_bin=1,False,35,1,34,0.9714285714285714,2.9858852700789114,collision_tblock_early,34,-10.041277608151045,1.0285714285714285,"{""collision"": 34, ""success"": 1}","{""collision_tblock_early"": 34}","{""collision_rod_early"": 0.0, ""collision_rod_late"": 0.0, ""collision_rod_mid"": 0.0, ""collision_tblock_early"": 5.8174395842157685, ""collision_tblock_late"": 0.0, ""collision_tblock_mid"": 0.0, ""fall"": 0.0, ""timeout"": 0.0}"
start_behavior_context,start_region=x_pos__y_pos|start_theta_bin=sector_4|path_angle_bin=sector_0|near_count_bin=1|far_count_bin=1|medhigh_count_bin=1,False,64,2,62,0.96875,2.977652130547444,collision_tblock_early,62,-10.197753218642323,1.109375,"{""collision"": 62, ""success"": 2}","{""collision_tblock_early"": 62}","{""collision_rod_early"": 0.0, ""collision_rod_late"": 0.0, ""collision_rod_mid"": 0.0, ""collision_tblock_early"": 5.801398850068114, ""collision_tblock_late"": 0.0, ""collision_tblock_mid"": 0.0, ""fall"": 0.0, ""timeout"": 0.0}"
start_behavior_context,start_region=x_pos__y_pos|start_theta_bin=sector_3|path_angle_bin=sector_0|near_count_bin=1|far_count_bin=1|medhigh_count_bin=1,False,62,2,60,0.967741935483871,2.974553637175386,collision_tblock_early,60,-10.102153965859669,1.0806451612903225,"{""collision"": 60, ""success"": 2}","{""collision_tblock_early"": 60}","{""collision_rod_early"": 0.0, ""collision_rod_late"": 0.0, ""collision_rod_mid"": 0.0, ""collision_tblock_early"": 5.795362014636202, ""collision_tblock_late"": 0.0, ""collision_tblock_mid"": 0.0, ""fall"": 0.0, ""timeout"": 0.0}"
start_behavior_context,start_region=x_pos__y_neg|start_theta_bin=sector_6|path_angle_bin=sector_6|near_count_bin=1|far_count_bin=1|medhigh_count_bin=1,False,52,2,50,0.9615384615384616,2.955485985655031,collision_tblock_early,49,-10.328721907208337,1.1730769230769231,"{""collision"": 50, ""success"": 2}","{""collision_rod_early"": 1, ""collision_tblock_early"": 49}","{""collision_rod_early"": 0.6063859136643946, ""collision_rod_late"": 0.0, ""collision_rod_mid"": 0.0, ""collision_tblock_early"": 5.643048012969481, ""collision_tblock_late"": 0.0, ""collision_tblock_mid"": 0.0, ""fall"": 0.0, ""timeout"": 0.0}"
start_behavior_context,start_region=x_pos__y_neg|start_theta_bin=sector_0|path_angle_bin=sector_6|near_count_bin=1|far_count_bin=1|medhigh_count_bin=1,False,26,1,25,0.9615384615384616,2.955485985655031,collision_tblock_early,25,-10.134884895010627,1.1153846153846154,"{""collision"": 25, ""success"": 1}","{""collision_tblock_early"": 25}","{""collision_rod_early"": 0.0, ""collision_rod_late"": 0.0, ""collision_rod_mid"": 0.0, ""collision_tblock_early"": 5.758212258132124, ""collision_tblock_late"": 0.0, ""collision_tblock_mid"": 0.0, ""fall"": 0.0, ""timeout"": 0.0}"
start_behavior_context,start_region=x_pos__y_neg|start_theta_bin=sector_5|path_angle_bin=sector_7|near_count_bin=0|far_count_bin=1|medhigh_count_bin=1,False,25,1,24,0.96,2.9507572080779827,collision_tblock_early,24,-9.982338786308802,1.08,"{""collision"": 24, ""success"": 1}","{""collision_tblock_early"": 24}","{""collision_rod_early"": 0.0, ""collision_rod_late"": 0.0, ""collision_rod_mid"": 0.0, ""collision_tblock_early"": 5.748999118519112, ""collision_tblock_late"": 0.0, ""collision_tblock_mid"": 0.0, ""fall"": 0.0, ""timeout"": 0.0}"
start_behavior_context,start_region=x_neg__y_pos|start_theta_bin=sector_1|path_angle_bin=sector_3|near_count_bin=0|far_count_bin=1|medhigh_count_bin=1,False,24,1,23,0.9583333333333334,2.945634365702848,collision_tblock_early,22,-10.10301127735025,1.125,"{""collision"": 23, ""success"": 1}","{""collision_rod_early"": 1, ""collision_tblock_early"": 22}","{""collision_rod_early"": 1.3138361462728552, ""collision_rod_late"": 0.0, ""collision_rod_mid"": 0.0, ""collision_tblock_early"": 5.4894956860859585, ""collision_tblock_late"": 0.0, ""collision_tblock_mid"": 0.0, ""fall"": 0.0, ""timeout"": 0.0}"
start_behavior_context,start_region=x_neg__y_pos|start_theta_bin=sector_6|path_angle_bin=sector_3|near_count_bin=1|far_count_bin=1|medhigh_count_bin=1,False,23,1,22,0.9565217391304348,2.9400660587733523,collision_tblock_early,20,-11.38139451738954,1.5217391304347827,"{""collision"": 22, ""success"": 1}","{""collision_rod_early"": 1, ""collision_rod_mid"": 1, ""collision_tblock_early"": 20}","{""collision_rod_early"": 1.3709594569803705, ""collision_rod_late"": 0.0, ""collision_rod_mid"": 7.30151441133366, ""collision_tblock_early"": 5.207426737789051, ""collision_tblock_late"": 0.0, ""collision_tblock_mid"": 0.0, ""fall"": 0.0, ""timeout"": 0.0}"
start_behavior_context,start_region=x_pos__y_pos|start_theta_bin=sector_6|path_angle_bin=sector_1|near_count_bin=1|far_count_bin=1|medhigh_count_bin=1,False,67,3,64,0.9552238805970149,2.9360768239581923,collision_tblock_early,63,-10.641430641635674,1.2835820895522387,"{""collision"": 63, ""success"": 3, ""timeout"": 1}","{""collision_tblock_early"": 63, ""timeout"": 1}","{""collision_rod_early"": 0.0, ""collision_rod_late"": 0.0, ""collision_rod_mid"": 0.0, ""collision_tblock_early"": 5.631015927653982, ""collision_tblock_late"": 0.0, ""collision_tblock_mid"": 0.0, ""fall"": 0.0, ""timeout"": 0.13373957550377608}"
start_behavior_context,start_region=x_pos__y_neg|start_theta_bin=sector_6|path_angle_bin=sector_7|near_count_bin=1|far_count_bin=1|medhigh_count_bin=1,False,42,2,40,0.9523809523809523,2.927338500077364,collision_tblock_early,40,-10.12611316707179,1.1904761904761905,"{""collision"": 40, ""success"": 2}","{""collision_tblock_early"": 40}","{""collision_rod_early"": 0.0, ""collision_rod_late"": 0.0, ""collision_rod_mid"": 0.0, ""collision_tblock_early"": 5.703372141388009, ""collision_tblock_late"": 0.0, ""collision_tblock_mid"": 0.0, ""fall"": 0.0, ""timeout"": 0.0}"
start_behavior_context,start_region=x_pos__y_neg|start_theta_bin=sector_3|path_angle_bin=sector_7|near_count_bin=1|far_count_bin=1|medhigh_count_bin=1,False,56,3,53,0.9464285714285714,2.9090426344518807,collision_tblock_early,53,-10.00031063339362,1.1785714285714286,"{""collision"": 53, ""success"": 3}","{""collision_tblock_early"": 53}","{""collision_rod_early"": 0.0, ""collision_rod_late"": 0.0, ""collision_rod_mid"": 0.0, ""collision_tblock_early"": 5.667726065504333, ""collision_tblock_late"": 0.0, ""collision_tblock_mid"": 0.0, ""fall"": 0.0, ""timeout"": 0.0}"
start_behavior_context,start_region=x_pos__y_pos|start_theta_bin=sector_7|path_angle_bin=sector_0|near_count_bin=0|far_count_bin=1|medhigh_count_bin=1,False,18,1,17,0.9444444444444444,2.9029440125767194,collision_tblock_early,17,-9.916080301938814,1.0555555555555556,"{""collision"": 17, ""success"": 1}","{""collision_tblock_early"": 17}","{""collision_rod_early"": 0.0, ""collision_rod_late"": 0.0, ""collision_rod_mid"": 0.0, ""collision_tblock_early"": 5.655844040209775, ""collision_tblock_late"": 0.0, ""collision_tblock_mid"": 0.0, ""fall"": 0.0, ""timeout"": 0.0}"
start_behavior_context,start_region=x_pos__y_neg|start_theta_bin=sector_5|path_angle_bin=sector_7|near_count_bin=1|far_count_bin=1|medhigh_count_bin=1,False,53,3,50,0.9433962264150944,2.899722099133238,collision_tblock_early,50,-10.272469010126512,1.1886792452830188,"{""collision"": 50, ""success"": 3}","{""collision_tblock_early"": 50}","{""collision_rod_early"": 0.0, ""collision_rod_late"": 0.0, ""collision_rod_mid"": 0.0, ""collision_tblock_early"": 5.649566743827744, ""collision_tblock_late"": 0.0, ""collision_tblock_mid"": 0.0, ""fall"": 0.0, ""timeout"": 0.0}"
start_behavior_context,start_region=x_pos__y_pos|start_theta_bin=sector_7|path_angle_bin=sector_1|near_count_bin=1|far_count_bin=0|medhigh_count_bin=2,False,35,2,33,0.9428571428571428,2.8980651150765904,collision_tblock_early,33,-9.946938045187238,1.2,"{""collision"": 33, ""success"": 2}","{""collision_tblock_early"": 33}","{""collision_rod_early"": 0.0, ""collision_rod_late"": 0.0, ""collision_rod_mid"": 0.0, ""collision_tblock_early"": 5.6463384199741276, ""collision_tblock_late"": 0.0, ""collision_tblock_mid"": 0.0, ""fall"": 0.0, ""timeout"": 0.0}"
start_behavior_context,start_region=x_pos__y_pos|start_theta_bin=sector_0|path_angle_bin=sector_1|near_count_bin=1|far_count_bin=0|medhigh_count_bin=2,False,17,1,16,0.9411764705882353,2.892899223605866,collision_tblock_early,16,-9.838821101752174,1.1764705882352942,"{""collision"": 16, ""success"": 1}","{""collision_tblock_early"": 16}","{""collision_rod_early"": 0.0, ""collision_rod_late"": 0.0, ""collision_rod_mid"": 0.0, ""collision_tblock_early"": 5.636273645606972, ""collision_tblock_late"": 0.0, ""collision_tblock_mid"": 0.0, ""fall"": 0.0, ""timeout"": 0.0}"
start_behavior_context,start_region=x_neg__y_neg|start_theta_bin=sector_2|path_angle_bin=sector_4|near_count_bin=1|far_count_bin=1|medhigh_count_bin=1,False,15,1,14,0.9333333333333333,2.8687917300758166,collision_tblock_early,14,-9.84719155925315,1.2,"{""collision"": 14, ""success"": 1}","{""collision_tblock_early"": 14}","{""collision_rod_early"": 0.0, ""collision_rod_late"": 0.0, ""collision_rod_mid"": 0.0, ""collision_tblock_early"": 5.589304698560247, ""collision_tblock_late"": 0.0, ""collision_tblock_mid"": 0.0, ""fall"": 0.0, ""timeout"": 0.0}"
start_behavior_context,start_region=x_pos__y_pos|start_theta_bin=sector_5|path_angle_bin=sector_1|near_count_bin=1|far_count_bin=1|medhigh_count_bin=1,False,74,5,69,0.9324324324324325,2.866022626089257,collision_tblock_early,69,-10.08217570644798,1.1891891891891893,"{""collision"": 69, ""success"": 5}","{""collision_tblock_early"": 69}","{""collision_rod_early"": 0.0, ""collision_rod_late"": 0.0, ""collision_rod_mid"": 0.0, ""collision_tblock_early"": 5.58390961680488, ""collision_tblock_late"": 0.0, ""collision_tblock_mid"": 0.0, ""fall"": 0.0, ""timeout"": 0.0}"
start_behavior_context,start_region=x_pos__y_pos|start_theta_bin=sector_1|path_angle_bin=sector_1|near_count_bin=1|far_count_bin=1|medhigh_count_bin=1,False,74,5,69,0.9324324324324325,2.866022626089257,collision_tblock_early,69,-9.888541779514679,1.1756756756756757,"{""collision"": 69, ""success"": 5}","{""collision_tblock_early"": 69}","{""collision_rod_early"": 0.0, ""collision_rod_late"": 0.0, ""collision_rod_mid"": 0.0, ""collision_tblock_early"": 5.58390961680488, ""collision_tblock_late"": 0.0, ""collision_tblock_mid"": 0.0, ""fall"": 0.0, ""timeout"": 0.0}"
start_behavior_context,start_region=x_neg__y_pos|start_theta_bin=sector_6|path_angle_bin=sector_2|near_count_bin=1|far_count_bin=1|medhigh_count_bin=1,False,43,3,40,0.9302325581395349,2.8592608605406813,collision_tblock_early,40,-10.032991938389086,1.186046511627907,"{""collision"": 40, ""success"": 3}","{""collision_tblock_early"": 40}","{""collision_rod_early"": 0.0, ""collision_rod_late"": 0.0, ""collision_rod_mid"": 0.0, ""collision_tblock_early"": 5.57073557996038, ""collision_tblock_late"": 0.0, ""collision_tblock_mid"": 0.0, ""fall"": 0.0, ""timeout"": 0.0}"
start_behavior_context,start_region=x_pos__y_neg|start_theta_bin=sector_2|path_angle_bin=sector_7|near_count_bin=1|far_count_bin=1|medhigh_count_bin=1,False,28,2,26,0.9285714285714286,2.8541550375754303,collision_tblock_early,26,-9.875223093452764,1.25,"{""collision"": 26, ""success"": 2}","{""collision_tblock_early"": 26}","{""collision_rod_early"": 0.0, ""collision_rod_late"": 0.0, ""collision_rod_mid"": 0.0, ""collision_tblock_early"": 5.560787837853308, ""collision_tblock_late"": 0.0, ""collision_tblock_mid"": 0.0, ""fall"": 0.0, ""timeout"": 0.0}"
start_behavior_context,start_region=x_pos__y_pos|start_theta_bin=sector_6|path_angle_bin=sector_1|near_count_bin=0|far_count_bin=1|medhigh_count_bin=1,False,28,2,26,0.9285714285714286,2.8541550375754303,collision_tblock_early,26,-10.120572576574222,1.2142857142857142,"{""collision"": 26, ""success"": 2}","{""collision_tblock_early"": 26}","{""collision_rod_early"": 0.0, ""collision_rod_late"": 0.0, ""collision_rod_mid"": 0.0, ""collision_tblock_early"": 5.560787837853308, ""collision_tblock_late"": 0.0, ""collision_tblock_mid"": 0.0, ""fall"": 0.0, ""timeout"": 0.0}"
start_behavior_context,start_region=x_pos__y_pos|start_theta_bin=sector_6|path_angle_bin=sector_0|near_count_bin=1|far_count_bin=1|medhigh_count_bin=1,False,82,6,76,0.926829268292683,2.8488001500752884,collision_tblock_early,75,-10.50029534281828,1.329268292682927,"{""collision"": 76, ""success"": 6}","{""collision_rod_early"": 1, ""collision_tblock_early"": 75}","{""collision_rod_early"": 0.3845374086652259, ""collision_rod_late"": 0.0, ""collision_rod_mid"": 0.0, ""collision_tblock_early"": 5.477323855296411, ""collision_tblock_late"": 0.0, ""collision_tblock_mid"": 0.0, ""fall"": 0.0, ""timeout"": 0.0}"
start_behavior_context,start_region=x_pos__y_neg|start_theta_bin=sector_1|path_angle_bin=sector_6|near_count_bin=1|far_count_bin=1|medhigh_count_bin=1,False,13,1,12,0.9230769230769231,2.8372665462288293,collision_tblock_early,12,-9.66443420565844,1.0769230769230769,"{""collision"": 12, ""success"": 1}","{""collision_tblock_early"": 12}","{""collision_rod_early"": 0.0, ""collision_rod_late"": 0.0, ""collision_rod_mid"": 0.0, ""collision_tblock_early"": 5.527883767806839, ""collision_tblock_late"": 0.0, ""collision_tblock_mid"": 0.0, ""fall"": 0.0, ""timeout"": 0.0}"
start_behavior_context,start_region=x_pos__y_pos|start_theta_bin=sector_0|path_angle_bin=sector_0|near_count_bin=0|far_count_bin=1|medhigh_count_bin=1,False,13,1,12,0.9230769230769231,2.8372665462288293,collision_tblock_early,12,-10.128994635582483,1.3076923076923077,"{""collision"": 12, ""success"": 1}","{""collision_tblock_early"": 12}","{""collision_rod_early"": 0.0, ""collision_rod_late"": 0.0, ""collision_rod_mid"": 0.0, ""collision_tblock_early"": 5.527883767806839, ""collision_tblock_late"": 0.0, ""collision_tblock_mid"": 0.0, ""fall"": 0.0, ""timeout"": 0.0}"
start_behavior_context,start_region=x_pos__y_pos|start_theta_bin=sector_7|path_angle_bin=sector_1|near_count_bin=0|far_count_bin=0|medhigh_count_bin=2,False,13,1,12,0.9230769230769231,2.8372665462288293,collision_tblock_early,12,-10.365463205330334,1.3076923076923077,"{""collision"": 12, ""success"": 1}","{""collision_tblock_early"": 12}","{""collision_rod_early"": 0.0, ""collision_rod_late"": 0.0, ""collision_rod_mid"": 0.0, ""collision_tblock_early"": 5.527883767806839, ""collision_tblock_late"": 0.0, ""collision_tblock_mid"": 0.0, ""fall"": 0.0, ""timeout"": 0.0}"
start_behavior_context,start_region=x_pos__y_pos|start_theta_bin=sector_0|path_angle_bin=sector_1|near_count_bin=0|far_count_bin=1|medhigh_count_bin=1,False,36,3,33,0.9166666666666666,2.8175633063244625,collision_tblock_early,33,-9.700713533800402,1.1388888888888888,"{""collision"": 33, ""success"": 3}","{""collision_tblock_early"": 33}","{""collision_rod_early"": 0.0, ""collision_rod_late"": 0.0, ""collision_rod_mid"": 0.0, ""collision_tblock_early"": 5.489495686085958, ""collision_tblock_late"": 0.0, ""collision_tblock_mid"": 0.0, ""fall"": 0.0, ""timeout"": 0.0}"
start_behavior_context,start_region=x_neg__y_pos|start_theta_bin=sector_0|path_angle_bin=sector_2|near_count_bin=1|far_count_bin=1|medhigh_count_bin=1,False,45,4,41,0.9111111111111111,2.8004871650740117,collision_tblock_early,41,-10.040102168502477,1.3111111111111111,"{""collision"": 41, ""success"": 4}","{""collision_tblock_early"": 41}","{""collision_rod_early"": 0.0, ""collision_rod_late"": 0.0, ""collision_rod_mid"": 0.0, ""collision_tblock_early"": 5.456226015261195, ""collision_tblock_late"": 0.0, ""collision_tblock_mid"": 0.0, ""fall"": 0.0, ""timeout"": 0.0}"
start_behavior_context,start_region=x_pos__y_mid|start_theta_bin=sector_7|path_angle_bin=sector_0|near_count_bin=1|far_count_bin=1|medhigh_count_bin=1,False,11,1,10,0.9090909090909091,2.7942776591647567,collision_tblock_early,10,-9.770396086305974,1.1818181818181819,"{""collision"": 10, ""success"": 1}","{""collision_tblock_early"": 10}","{""collision_rod_early"": 0.0, ""collision_rod_late"": 0.0, ""collision_rod_mid"": 0.0, ""collision_tblock_early"": 5.444127953143099, ""collision_tblock_late"": 0.0, ""collision_tblock_mid"": 0.0, ""fall"": 0.0, ""timeout"": 0.0}"
start_behavior_context,start_region=x_neg__y_pos|start_theta_bin=sector_1|path_angle_bin=sector_2|near_count_bin=1|far_count_bin=1|medhigh_count_bin=1,False,66,7,59,0.8939393939393939,2.7477063648453437,collision_tblock_early,59,-9.428677361271742,1.1818181818181819,"{""collision"": 59, ""success"": 7}","{""collision_tblock_early"": 59}","{""collision_rod_early"": 0.0, ""collision_rod_late"": 0.0, ""collision_rod_mid"": 0.0, ""collision_tblock_early"": 5.35339248725738, ""collision_tblock_late"": 0.0, ""collision_tblock_mid"": 0.0, ""fall"": 0.0, ""timeout"": 0.0}"
start_behavior_context,start_region=x_pos__y_pos|start_theta_bin=sector_0|path_angle_bin=sector_0|near_count_bin=1|far_count_bin=1|medhigh_count_bin=1,False,65,7,58,0.8923076923076924,2.742690994687869,collision_tblock_early,58,-9.738870817062653,1.353846153846154,"{""collision"": 58, ""success"": 7}","{""collision_tblock_early"": 58}","{""collision_rod_early"": 0.0, ""collision_rod_late"": 0.0, ""collision_rod_mid"": 0.0, ""collision_tblock_early"": 5.34362097554661, ""collision_tblock_late"": 0.0, ""collision_tblock_mid"": 0.0, ""fall"": 0.0, ""timeout"": 0.0}"
start_behavior_context,start_region=x_neg__y_pos|start_theta_bin=sector_7|path_angle_bin=sector_2|near_count_bin=1|far_count_bin=1|medhigh_count_bin=1,False,44,5,39,0.8863636363636364,2.724420717685638,collision_tblock_early,39,-9.876616069679205,1.3863636363636365,"{""collision"": 39, ""success"": 5}","{""collision_tblock_early"": 39}","{""collision_rod_early"": 0.0, ""collision_rod_late"": 0.0, ""collision_rod_mid"": 0.0, ""collision_tblock_early"": 5.308024754314522, ""collision_tblock_late"": 0.0, ""collision_tblock_mid"": 0.0, ""fall"": 0.0, ""timeout"": 0.0}"
start_behavior_context,start_region=x_pos__y_mid|start_theta_bin=sector_5|path_angle_bin=sector_0|near_count_bin=1|far_count_bin=1|medhigh_count_bin=1,False,26,3,23,0.8846153846153846,2.7190471068026287,collision_tblock_early,23,-9.471593098930725,1.2307692307692308,"{""collision"": 23, ""success"": 3}","{""collision_tblock_early"": 23}","{""collision_rod_early"": 0.0, ""collision_rod_late"": 0.0, ""collision_rod_mid"": 0.0, ""collision_tblock_early"": 5.297555277481553, ""collision_tblock_late"": 0.0, ""collision_tblock_mid"": 0.0, ""fall"": 0.0, ""timeout"": 0.0}"
start_behavior_context,start_region=x_neg__y_pos|start_theta_bin=sector_7|path_angle_bin=sector_2|near_count_bin=0|far_count_bin=1|medhigh_count_bin=0,False,8,1,7,0.875,2.6894922469460782,timeout,5,-11.239539546954122,6.5,"{""collision"": 1, ""fall"": 1, ""success"": 1, ""timeout"": 5}","{""collision_tblock_early"": 1, ""fall"": 1, ""timeout"": 5}","{""collision_rod_early"": 0.0, ""collision_rod_late"": 0.0, ""collision_rod_mid"": 0.0, ""collision_tblock_early"": 0.7485675935571761, ""collision_tblock_late"": 0.0, ""collision_tblock_mid"": 0.0, ""fall"": 27.719213649851632, ""timeout"": 5.600344724220623}"
start_behavior_context,start_region=x_neg__y_neg|start_theta_bin=sector_3|path_angle_bin=sector_5|near_count_bin=1|far_count_bin=1|medhigh_count_bin=1,False,7,1,6,0.8571428571428571,2.6346046500696274,collision_tblock_early,6,-9.72653290553741,1.5714285714285714,"{""collision"": 6, ""success"": 1}","{""collision_tblock_early"": 6}","{""collision_rod_early"": 0.0, ""collision_rod_late"": 0.0, ""collision_rod_mid"": 0.0, ""collision_tblock_early"": 5.1330349272492075, ""collision_tblock_late"": 0.0, ""collision_tblock_mid"": 0.0, ""fall"": 0.0, ""timeout"": 0.0}"
start_behavior_context,start_region=x_neg__y_pos|start_theta_bin=sector_2|path_angle_bin=sector_3|near_count_bin=2|far_count_bin=0|medhigh_count_bin=2,False,7,1,6,0.8571428571428571,2.6346046500696274,collision_tblock_early,6,-9.481572291372503,1.4285714285714286,"{""collision"": 6, ""success"": 1}","{""collision_tblock_early"": 6}","{""collision_rod_early"": 0.0, ""collision_rod_late"": 0.0, ""collision_rod_mid"": 0.0, ""collision_tblock_early"": 5.1330349272492075, ""collision_tblock_late"": 0.0, ""collision_tblock_mid"": 0.0, ""fall"": 0.0, ""timeout"": 0.0}"
start_behavior_context,start_region=x_mid__y_pos|start_theta_bin=sector_6|path_angle_bin=sector_1|near_count_bin=1|far_count_bin=1|medhigh_count_bin=1,False,7,1,6,0.8571428571428571,2.6346046500696274,collision_tblock_early,6,-9.414685214327672,1.2857142857142858,"{""collision"": 6, ""success"": 1}","{""collision_tblock_early"": 6}","{""collision_rod_early"": 0.0, ""collision_rod_late"": 0.0, ""collision_rod_mid"": 0.0, ""collision_tblock_early"": 5.1330349272492075, ""collision_tblock_late"": 0.0, ""collision_tblock_mid"": 0.0, ""fall"": 0.0, ""timeout"": 0.0}"
start_behavior_context,start_region=x_mid__y_neg|start_theta_bin=sector_3|path_angle_bin=sector_5|near_count_bin=1|far_count_bin=1|medhigh_count_bin=1,False,7,1,6,0.8571428571428571,2.6346046500696274,collision_tblock_early,5,-9.443534064768944,1.4285714285714286,"{""collision"": 5, ""fall"": 1, ""success"": 1}","{""collision_tblock_early"": 5, ""fall"": 1}","{""collision_rod_early"": 0.0, ""collision_rod_late"": 0.0, ""collision_rod_mid"": 0.0, ""collision_tblock_early"": 4.277529106041007, ""collision_tblock_late"": 0.0, ""collision_tblock_mid"": 0.0, ""fall"": 31.679101314116153, ""timeout"": 0.0}"
start_behavior_context,start_region=x_pos__y_mid|start_theta_bin=sector_5|path_angle_bin=sector_7|near_count_bin=0|far_count_bin=1|medhigh_count_bin=1,False,7,1,6,0.8571428571428571,2.6346046500696274,collision_tblock_early,6,-10.555920028602518,1.4285714285714286,"{""collision"": 6, ""success"": 1}","{""collision_tblock_early"": 6}","{""collision_rod_early"": 0.0, ""collision_rod_late"": 0.0, ""collision_rod_mid"": 0.0, ""collision_tblock_early"": 5.1330349272492075, ""collision_tblock_late"": 0.0, ""collision_tblock_mid"": 0.0, ""fall"": 0.0, ""timeout"": 0.0}"
start_behavior_context,start_region=x_neg__y_pos|start_theta_bin=sector_6|path_angle_bin=sector_2|near_count_bin=1|far_count_bin=1|medhigh_count_bin=0,False,20,3,17,0.85,2.612649611319047,collision_tblock_early,11,-13.759980614663155,3.95,"{""collision"": 11, ""success"": 3, ""timeout"": 6}","{""collision_tblock_early"": 11, ""timeout"": 6}","{""collision_rod_early"": 0.0, ""collision_rod_late"": 0.0, ""collision_rod_mid"": 0.0, ""collision_tblock_early"": 3.2936974116515745, ""collision_tblock_late"": 0.0, ""collision_tblock_mid"": 0.0, ""fall"": 0.0, ""timeout"": 2.688165467625899}"
start_behavior_context,start_region=x_neg__y_pos|start_theta_bin=sector_7|path_angle_bin=sector_2|near_count_bin=2|far_count_bin=0|medhigh_count_bin=1,False,6,1,5,0.8333333333333334,2.561421187567694,collision_tblock_early,5,-9.243659832773156,1.3333333333333333,"{""collision"": 5, ""success"": 1}","{""collision_tblock_early"": 5}","{""collision_rod_early"": 0.0, ""collision_rod_late"": 0.0, ""collision_rod_mid"": 0.0, ""collision_tblock_early"": 4.990450623714508, ""collision_tblock_late"": 0.0, ""collision_tblock_mid"": 0.0, ""fall"": 0.0, ""timeout"": 0.0}"
start_behavior_context,start_region=x_pos__y_neg|start_theta_bin=sector_6|path_angle_bin=sector_7|near_count_bin=1|far_count_bin=1|medhigh_count_bin=0,False,22,4,18,0.8181818181818182,2.514849893248281,collision_tblock_early,13,-14.363774002324202,3.3636363636363638,"{""collision"": 15, ""success"": 4, ""timeout"": 3}","{""collision_rod_early"": 1, ""collision_tblock_early"": 13, ""collision_tblock_mid"": 1, ""timeout"": 3}","{""collision_rod_early"": 1.4332757959340239, ""collision_rod_late"": 0.0, ""collision_rod_mid"": 0.0, ""collision_tblock_early"": 3.538683169543014, ""collision_tblock_late"": 0.0, ""collision_tblock_mid"": 16.252936059156156, ""fall"": 0.0, ""timeout"": 1.221893394375409}"
start_behavior_context,start_region=x_neg__y_pos|start_theta_bin=sector_0|path_angle_bin=sector_2|near_count_bin=1|far_count_bin=1|medhigh_count_bin=0,False,27,5,22,0.8148148148148148,2.504500716732856,collision_tblock_early,14,-14.197645563304254,3.5925925925925926,"{""collision"": 14, ""fall"": 3, ""success"": 5, ""timeout"": 5}","{""collision_tblock_early"": 14, ""fall"": 3, ""timeout"": 5}","{""collision_rod_early"": 0.0, ""collision_rod_late"": 0.0, ""collision_rod_mid"": 0.0, ""collision_tblock_early"": 3.105169276977916, ""collision_tblock_late"": 0.0, ""collision_tblock_mid"": 0.0, ""fall"": 24.639301022090343, ""timeout"": 1.6593613997690737}"
start_behavior_context,start_region=x_neg__y_pos|start_theta_bin=sector_2|path_angle_bin=sector_2|near_count_bin=1|far_count_bin=1|medhigh_count_bin=1,False,43,8,35,0.813953488372093,2.501853252973096,collision_tblock_early,35,-8.856171630380203,1.4651162790697674,"{""collision"": 35, ""success"": 8}","{""collision_tblock_early"": 35}","{""collision_rod_early"": 0.0, ""collision_rod_late"": 0.0, ""collision_rod_mid"": 0.0, ""collision_tblock_early"": 4.874393632465332, ""collision_tblock_late"": 0.0, ""collision_tblock_mid"": 0.0, ""fall"": 0.0, ""timeout"": 0.0}"
start_behavior_context,start_region=x_pos__y_neg|start_theta_bin=sector_4|path_angle_bin=sector_6|near_count_bin=1|far_count_bin=1|medhigh_count_bin=1,False,59,11,48,0.8135593220338984,2.5006417017610025,collision_tblock_early,48,-9.184242393137007,1.4915254237288136,"{""collision"": 48, ""success"": 11}","{""collision_tblock_early"": 48}","{""collision_rod_early"": 0.0, ""collision_rod_late"": 0.0, ""collision_rod_mid"": 0.0, ""collision_tblock_early"": 4.872033151287384, ""collision_tblock_late"": 0.0, ""collision_tblock_mid"": 0.0, ""fall"": 0.0, ""timeout"": 0.0}"
start_behavior_context,start_region=x_pos__y_mid|start_theta_bin=sector_6|path_angle_bin=sector_0|near_count_bin=1|far_count_bin=1|medhigh_count_bin=1,False,57,11,46,0.8070175438596491,2.4805342026971346,collision_tblock_early,45,-9.449063268426706,1.5614035087719298,"{""collision"": 46, ""success"": 11}","{""collision_rod_early"": 1, ""collision_tblock_early"": 45}","{""collision_rod_early"": 0.5531941668517284, ""collision_rod_late"": 0.0, ""collision_rod_mid"": 0.0, ""collision_tblock_early"": 4.727795327729533, ""collision_tblock_late"": 0.0, ""collision_tblock_mid"": 0.0, ""fall"": 0.0, ""timeout"": 0.0}"
start_behavior_context,start_region=x_neg__y_pos|start_theta_bin=sector_1|path_angle_bin=sector_3|near_count_bin=1|far_count_bin=1|medhigh_count_bin=1,False,36,7,29,0.8055555555555556,2.476040481315437,collision_tblock_early,28,-8.831976746125001,1.7222222222222223,"{""collision"": 28, ""success"": 7, ""timeout"": 1}","{""collision_tblock_early"": 28, ""timeout"": 1}","{""collision_rod_early"": 0.0, ""collision_rod_late"": 0.0, ""collision_rod_mid"": 0.0, ""collision_tblock_early"": 4.657753915466873, ""collision_tblock_late"": 0.0, ""collision_tblock_mid"": 0.0, ""fall"": 0.0, ""timeout"": 0.24890420996536103}"
start_behavior_context,start_region=x_mid__y_pos|start_theta_bin=sector_2|path_angle_bin=sector_1|near_count_bin=1|far_count_bin=1|medhigh_count_bin=1,False,10,2,8,0.8,2.458964340064986,collision_tblock_early,8,-8.983623951630715,1.6,"{""collision"": 8, ""success"": 2}","{""collision_tblock_early"": 8}","{""collision_rod_early"": 0.0, ""collision_rod_late"": 0.0, ""collision_rod_mid"": 0.0, ""collision_tblock_early"": 4.790832598765927, ""collision_tblock_late"": 0.0, ""collision_tblock_mid"": 0.0, ""fall"": 0.0, ""timeout"": 0.0}"
start_behavior_context,start_region=x_mid__y_pos|start_theta_bin=sector_7|path_angle_bin=sector_2|near_count_bin=1|far_count_bin=1|medhigh_count_bin=0,False,5,1,4,0.8,2.458964340064986,fall,2,-21.207932099708536,4.0,"{""collision"": 1, ""fall"": 2, ""success"": 1, ""timeout"": 1}","{""collision_tblock_early"": 1, ""fall"": 2, ""timeout"": 1}","{""collision_rod_early"": 0.0, ""collision_rod_late"": 0.0, ""collision_rod_mid"": 0.0, ""collision_tblock_early"": 1.1977081496914816, ""collision_tblock_late"": 0.0, ""collision_tblock_mid"": 0.0, ""fall"": 88.70148367952523, ""timeout"": 1.7921103117505994}"
start_behavior_context,start_region=x_pos__y_neg|start_theta_bin=sector_2|path_angle_bin=sector_7|near_count_bin=2|far_count_bin=0|medhigh_count_bin=0,False,5,1,4,0.8,2.458964340064986,collision_tblock_early,3,-10.853558858354535,2.2,"{""collision"": 4, ""success"": 1}","{""collision_rod_mid"": 1, ""collision_tblock_early"": 3}","{""collision_rod_early"": 0.0, ""collision_rod_late"": 0.0, ""collision_rod_mid"": 33.58696629213483, ""collision_tblock_early"": 3.593124449074445, ""collision_tblock_late"": 0.0, ""collision_tblock_mid"": 0.0, ""fall"": 0.0, ""timeout"": 0.0}"
start_behavior_context,start_region=x_pos__y_pos|start_theta_bin=sector_5|path_angle_bin=sector_1|near_count_bin=0|far_count_bin=1|medhigh_count_bin=0,False,5,1,4,0.8,2.458964340064986,timeout,2,-15.318306664069599,5.2,"{""collision"": 2, ""success"": 1, ""timeout"": 2}","{""collision_tblock_early"": 2, ""timeout"": 2}","{""collision_rod_early"": 0.0, ""collision_rod_late"": 0.0, ""collision_rod_mid"": 0.0, ""collision_tblock_early"": 2.3954162993829633, ""collision_tblock_late"": 0.0, ""collision_tblock_mid"": 0.0, ""fall"": 0.0, ""timeout"": 3.584220623501199}"
start_behavior_context,start_region=x_mid__y_pos|start_theta_bin=sector_1|path_angle_bin=sector_1|near_count_bin=0|far_count_bin=2|medhigh_count_bin=1,False,5,1,4,0.8,2.458964340064986,collision_tblock_early,4,-10.106641443129257,1.8,"{""collision"": 4, ""success"": 1}","{""collision_tblock_early"": 4}","{""collision_rod_early"": 0.0, ""collision_rod_late"": 0.0, ""collision_rod_mid"": 0.0, ""collision_tblock_early"": 4.790832598765927, ""collision_tblock_late"": 0.0, ""collision_tblock_mid"": 0.0, ""fall"": 0.0, ""timeout"": 0.0}"
start_behavior_context,start_region=x_pos__y_mid|start_theta_bin=sector_6|path_angle_bin=sector_0|near_count_bin=0|far_count_bin=1|medhigh_count_bin=1,False,5,1,4,0.8,2.458964340064986,collision_tblock_early,4,-8.666366613574244,1.2,"{""collision"": 4, ""success"": 1}","{""collision_tblock_early"": 4}","{""collision_rod_early"": 0.0, ""collision_rod_late"": 0.0, ""collision_rod_mid"": 0.0, ""collision_tblock_early"": 4.790832598765927, ""collision_tblock_late"": 0.0, ""collision_tblock_mid"": 0.0, ""fall"": 0.0, ""timeout"": 0.0}"
start_behavior_context,start_region=x_pos__y_pos|start_theta_bin=sector_7|path_angle_bin=sector_0|near_count_bin=1|far_count_bin=1|medhigh_count_bin=1,False,78,16,62,0.7948717948717948,2.4432017481414925,collision_tblock_early,60,-9.149610112352361,1.6538461538461537,"{""collision"": 62, ""success"": 16}","{""collision_rod_early"": 2, ""collision_tblock_early"": 60}","{""collision_rod_early"": 0.8085145515525263, ""collision_rod_late"": 0.0, ""collision_rod_mid"": 0.0, ""collision_tblock_early"": 4.606569806505699, ""collision_tblock_late"": 0.0, ""collision_tblock_mid"": 0.0, ""fall"": 0.0, ""timeout"": 0.0}"
start_behavior_context,start_region=x_pos__y_neg|start_theta_bin=sector_7|path_angle_bin=sector_6|near_count_bin=1|far_count_bin=1|medhigh_count_bin=1,False,24,5,19,0.7916666666666666,2.433350128189309,collision_tblock_early,18,-9.624475002665877,1.6666666666666667,"{""collision"": 19, ""success"": 5}","{""collision_rod_early"": 1, ""collision_tblock_early"": 18}","{""collision_rod_early"": 1.3138361462728552, ""collision_rod_late"": 0.0, ""collision_rod_mid"": 0.0, ""collision_tblock_early"": 4.491405561343057, ""collision_tblock_late"": 0.0, ""collision_tblock_mid"": 0.0, ""fall"": 0.0, ""timeout"": 0.0}"
start_behavior_context,start_region=x_pos__y_pos|start_theta_bin=sector_6|path_angle_bin=sector_1|near_count_bin=1|far_count_bin=1|medhigh_count_bin=0,False,14,3,11,0.7857142857142857,2.4150542625638254,collision_tblock_early,8,-10.475537135555543,2.4285714285714284,"{""collision"": 9, ""fall"": 1, ""success"": 3, ""timeout"": 1}","{""collision_rod_early"": 1, ""collision_tblock_early"": 8, ""fall"": 1, ""timeout"": 1}","{""collision_rod_early"": 2.252290536467752, ""collision_rod_late"": 0.0, ""collision_rod_mid"": 0.0, ""collision_tblock_early"": 3.4220232848328047, ""collision_tblock_late"": 0.0, ""collision_tblock_mid"": 0.0, ""fall"": 15.839550657058076, ""timeout"": 0.6400393970537855}"
start_behavior_context,start_region=x_pos__y_pos|start_theta_bin=sector_5|path_angle_bin=sector_0|near_count_bin=1|far_count_bin=1|medhigh_count_bin=0,False,14,3,11,0.7857142857142857,2.4150542625638254,collision_tblock_early,9,-11.211502238374857,3.142857142857143,"{""collision"": 9, ""success"": 3, ""timeout"": 2}","{""collision_tblock_early"": 9, ""timeout"": 2}","{""collision_rod_early"": 0.0, ""collision_rod_late"": 0.0, ""collision_rod_mid"": 0.0, ""collision_tblock_early"": 3.8497761954369056, ""collision_tblock_late"": 0.0, ""collision_tblock_mid"": 0.0, ""fall"": 0.0, ""timeout"": 1.280078794107571}"
start_behavior_context,start_region=x_pos__y_neg|start_theta_bin=sector_0|path_angle_bin=sector_7|near_count_bin=1|far_count_bin=1|medhigh_count_bin=1,False,14,3,11,0.7857142857142857,2.4150542625638254,collision_tblock_early,11,-8.942599867596297,1.5,"{""collision"": 11, ""success"": 3}","{""collision_tblock_early"": 11}","{""collision_rod_early"": 0.0, ""collision_rod_late"": 0.0, ""collision_rod_mid"": 0.0, ""collision_tblock_early"": 4.705282016645107, ""collision_tblock_late"": 0.0, ""collision_tblock_mid"": 0.0, ""fall"": 0.0, ""timeout"": 0.0}"
start_behavior_context,start_region=x_pos__y_pos|start_theta_bin=sector_7|path_angle_bin=sector_1|near_count_bin=0|far_count_bin=1|medhigh_count_bin=1,False,37,8,29,0.7837837837837838,2.4091204683069116,collision_tblock_early,29,-9.133715863273125,1.4594594594594594,"{""collision"": 29, ""success"": 8}","{""collision_tblock_early"": 29}","{""collision_rod_early"": 0.0, ""collision_rod_late"": 0.0, ""collision_rod_mid"": 0.0, ""collision_tblock_early"": 4.6937211271693196, ""collision_tblock_late"": 0.0, ""collision_tblock_mid"": 0.0, ""fall"": 0.0, ""timeout"": 0.0}"
start_behavior_context,start_region=x_pos__y_neg|start_theta_bin=sector_5|path_angle_bin=sector_7|near_count_bin=1|far_count_bin=1|medhigh_count_bin=0,False,18,4,14,0.7777777777777778,2.3906597750631806,collision_tblock_early,11,-11.508586185568412,3.1666666666666665,"{""collision"": 11, ""success"": 4, ""timeout"": 3}","{""collision_tblock_early"": 11, ""timeout"": 3}","{""collision_rod_early"": 0.0, ""collision_rod_late"": 0.0, ""collision_rod_mid"": 0.0, ""collision_tblock_early"": 3.6596637907239717, ""collision_tblock_late"": 0.0, ""collision_tblock_mid"": 0.0, ""fall"": 0.0, ""timeout"": 1.4934252597921662}"
start_behavior_context,start_region=x_mid__y_pos|start_theta_bin=sector_0|path_angle_bin=sector_1|near_count_bin=0|far_count_bin=2|medhigh_count_bin=1,False,9,2,7,0.7777777777777778,2.3906597750631806,collision_tblock_early,7,-9.261261800478161,1.7777777777777777,"{""collision"": 7, ""success"": 2}","{""collision_tblock_early"": 7}","{""collision_rod_early"": 0.0, ""collision_rod_late"": 0.0, ""collision_rod_mid"": 0.0, ""collision_tblock_early"": 4.657753915466873, ""collision_tblock_late"": 0.0, ""collision_tblock_mid"": 0.0, ""fall"": 0.0, ""timeout"": 0.0}"
start_behavior_context,start_region=x_pos__y_pos|start_theta_bin=sector_0|path_angle_bin=sector_0|near_count_bin=1|far_count_bin=1|medhigh_count_bin=0,False,22,5,17,0.7727272727272727,2.375136010290043,collision_tblock_early,11,-12.037877392229898,3.909090909090909,"{""collision"": 13, ""success"": 5, ""timeout"": 4}","{""collision_rod_early"": 1, ""collision_rod_mid"": 1, ""collision_tblock_early"": 11, ""timeout"": 4}","{""collision_rod_early"": 1.4332757959340239, ""collision_rod_late"": 0.0, ""collision_rod_mid"": 7.633401430030644, ""collision_tblock_early"": 2.9942703742287042, ""collision_tblock_late"": 0.0, ""collision_tblock_mid"": 0.0, ""fall"": 0.0, ""timeout"": 1.6291911925005451}"
start_behavior_context,start_region=x_pos__y_pos|start_theta_bin=sector_3|path_angle_bin=sector_0|near_count_bin=1|far_count_bin=1|medhigh_count_bin=0,False,13,3,10,0.7692307692307693,2.3643887885240247,collision_tblock_early,8,-9.409633278790748,2.8461538461538463,"{""collision"": 9, ""success"": 3, ""timeout"": 1}","{""collision_rod_late"": 1, ""collision_tblock_early"": 8, ""timeout"": 1}","{""collision_rod_early"": 0.0, ""collision_rod_late"": 71.85673076923077, ""collision_rod_mid"": 0.0, ""collision_tblock_early"": 3.685255845204559, ""collision_tblock_late"": 0.0, ""collision_tblock_mid"": 0.0, ""fall"": 0.0, ""timeout"": 0.6892731968271536}"
start_behavior_context,start_region=x_pos__y_neg|start_theta_bin=sector_6|path_angle_bin=sector_6|near_count_bin=1|far_count_bin=1|medhigh_count_bin=0,False,34,8,26,0.7647058823529411,2.3504806191797663,collision_tblock_early,20,-10.98940618792141,3.0588235294117645,"{""collision"": 21, ""fall"": 1, ""success"": 8, ""timeout"": 4}","{""collision_rod_early"": 1, ""collision_tblock_early"": 20, ""fall"": 1, ""timeout"": 4}","{""collision_rod_early"": 0.9274137503102508, ""collision_rod_late"": 0.0, ""collision_rod_mid"": 0.0, ""collision_tblock_early"": 3.522671028504358, ""collision_tblock_late"": 0.0, ""collision_tblock_mid"": 0.0, ""fall"": 6.522167917612149, ""timeout"": 1.0541825363238821}"
start_behavior_context,start_region=x_neg__y_pos|start_theta_bin=sector_4|path_angle_bin=sector_2|near_count_bin=1|far_count_bin=1|medhigh_count_bin=0,False,25,6,19,0.76,2.3360161230617362,collision_tblock_early,13,-8.284635605263025,3.36,"{""collision"": 13, ""success"": 6, ""timeout"": 6}","{""collision_tblock_early"": 13, ""timeout"": 6}","{""collision_rod_early"": 0.0, ""collision_rod_late"": 0.0, ""collision_rod_mid"": 0.0, ""collision_tblock_early"": 3.1140411891978528, ""collision_tblock_late"": 0.0, ""collision_tblock_mid"": 0.0, ""fall"": 0.0, ""timeout"": 2.1505323741007194}"
start_behavior_context,start_region=x_neg__y_pos|start_theta_bin=sector_2|path_angle_bin=sector_3|near_count_bin=1|far_count_bin=1|medhigh_count_bin=1,False,45,11,34,0.7555555555555555,2.322355210061376,collision_tblock_early,33,-8.4826026407393,1.6222222222222222,"{""collision"": 34, ""success"": 11}","{""collision_rod_early"": 1, ""collision_tblock_early"": 33}","{""collision_rod_early"": 0.7007126113455228, ""collision_rod_late"": 0.0, ""collision_rod_mid"": 0.0, ""collision_tblock_early"": 4.391596548868766, ""collision_tblock_late"": 0.0, ""collision_tblock_mid"": 0.0, ""fall"": 0.0, ""timeout"": 0.0}"
start_behavior_context,start_region=x_pos__y_pos|start_theta_bin=sector_0|path_angle_bin=sector_1|near_count_bin=0|far_count_bin=1|medhigh_count_bin=0,False,4,1,3,0.75,2.305279068810924,timeout,2,-5.8047955863831255,5.25,"{""collision"": 1, ""success"": 1, ""timeout"": 2}","{""collision_tblock_early"": 1, ""timeout"": 2}","{""collision_rod_early"": 0.0, ""collision_rod_late"": 0.0, ""collision_rod_mid"": 0.0, ""collision_tblock_early"": 1.4971351871143521, ""collision_tblock_late"": 0.0, ""collision_tblock_mid"": 0.0, ""fall"": 0.0, ""timeout"": 4.480275779376499}"
start_behavior_context,start_region=x_mid__y_pos|start_theta_bin=sector_6|path_angle_bin=sector_1|near_count_bin=0|far_count_bin=1|medhigh_count_bin=0,False,4,1,3,0.75,2.305279068810924,timeout,1,-9.936799768109832,4.25,"{""collision"": 2, ""success"": 1, ""timeout"": 1}","{""collision_rod_early"": 1, ""collision_tblock_early"": 1, ""timeout"": 1}","{""collision_rod_early"": 7.8830168776371305, ""collision_rod_late"": 0.0, ""collision_rod_mid"": 0.0, ""collision_tblock_early"": 1.4971351871143521, ""collision_tblock_late"": 0.0, ""collision_tblock_mid"": 0.0, ""fall"": 0.0, ""timeout"": 2.2401378896882496}"
start_behavior_context,start_region=x_pos__y_pos|start_theta_bin=sector_0|path_angle_bin=sector_0|near_count_bin=2|far_count_bin=0|medhigh_count_bin=2,False,4,1,3,0.75,2.305279068810924,collision_tblock_early,3,-8.735065918084311,1.5,"{""collision"": 3, ""success"": 1}","{""collision_tblock_early"": 3}","{""collision_rod_early"": 0.0, ""collision_rod_late"": 0.0, ""collision_rod_mid"": 0.0, ""collision_tblock_early"": 4.491405561343057, ""collision_tblock_late"": 0.0, ""collision_tblock_mid"": 0.0, ""fall"": 0.0, ""timeout"": 0.0}"
start_behavior_context,start_region=x_pos__y_neg|start_theta_bin=sector_5|path_angle_bin=sector_7|near_count_bin=1|far_count_bin=0|medhigh_count_bin=2,False,4,1,3,0.75,2.305279068810924,collision_tblock_early,3,-8.976894162071133,1.75,"{""collision"": 3, ""success"": 1}","{""collision_tblock_early"": 3}","{""collision_rod_early"": 0.0, ""collision_rod_late"": 0.0, ""collision_rod_mid"": 0.0, ""collision_tblock_early"": 4.491405561343057, ""collision_tblock_late"": 0.0, ""collision_tblock_mid"": 0.0, ""fall"": 0.0, ""timeout"": 0.0}"
start_behavior_context,start_region=x_mid__y_pos|start_theta_bin=sector_7|path_angle_bin=sector_1|near_count_bin=0|far_count_bin=1|medhigh_count_bin=1,False,4,1,3,0.75,2.305279068810924,collision_tblock_early,3,-9.065258191404867,1.75,"{""collision"": 3, ""success"": 1}","{""collision_tblock_early"": 3}","{""collision_rod_early"": 0.0, ""collision_rod_late"": 0.0, ""collision_rod_mid"": 0.0, ""collision_tblock_early"": 4.491405561343057, ""collision_tblock_late"": 0.0, ""collision_tblock_mid"": 0.0, ""fall"": 0.0, ""timeout"": 0.0}"
start_behavior_context,start_region=x_pos__y_pos|start_theta_bin=sector_0|path_angle_bin=sector_1|near_count_bin=1|far_count_bin=1|medhigh_count_bin=1,False,71,18,53,0.7464788732394366,2.294456162384582,collision_tblock_early,52,-8.863767182937172,1.8028169014084507,"{""collision"": 52, ""success"": 18, ""timeout"": 1}","{""collision_tblock_early"": 52, ""timeout"": 1}","{""collision_rod_early"": 0.0, ""collision_rod_late"": 0.0, ""collision_rod_mid"": 0.0, ""collision_tblock_early"": 4.385973505912468, ""collision_tblock_late"": 0.0, ""collision_tblock_mid"": 0.0, ""fall"": 0.0, ""timeout"": 0.12620495153173236}"
start_behavior_context,start_region=x_pos__y_pos|start_theta_bin=sector_7|path_angle_bin=sector_1|near_count_bin=1|far_count_bin=1|medhigh_count_bin=1,False,73,19,54,0.7397260273972602,2.273699903484747,collision_tblock_early,53,-9.068853138771843,1.9452054794520548,"{""collision"": 53, ""success"": 19, ""timeout"": 1}","{""collision_tblock_early"": 53, ""timeout"": 1}","{""collision_rod_early"": 0.0, ""collision_rod_late"": 0.0, ""collision_rod_mid"": 0.0, ""collision_tblock_early"": 4.347844652989625, ""collision_tblock_late"": 0.0, ""collision_tblock_mid"": 0.0, ""fall"": 0.0, ""timeout"": 0.1227472816267534}"
start_behavior_context,start_region=x_pos__y_mid|start_theta_bin=sector_5|path_angle_bin=sector_7|near_count_bin=1|far_count_bin=1|medhigh_count_bin=1,False,15,4,11,0.7333333333333333,2.25405064505957,collision_tblock_early,11,-9.262315399914758,1.7333333333333334,"{""collision"": 11, ""success"": 4}","{""collision_tblock_early"": 11}","{""collision_rod_early"": 0.0, ""collision_rod_late"": 0.0, ""collision_rod_mid"": 0.0, ""collision_tblock_early"": 4.391596548868766, ""collision_tblock_late"": 0.0, ""collision_tblock_mid"": 0.0, ""fall"": 0.0, ""timeout"": 0.0}"
start_behavior_context,start_region=x_pos__y_neg|start_theta_bin=sector_3|path_angle_bin=sector_6|near_count_bin=1|far_count_bin=1|medhigh_count_bin=0,False,26,7,19,0.7307692307692307,2.246169349097823,timeout,9,-9.70449421608442,4.730769230769231,"{""collision"": 9, ""fall"": 1, ""success"": 7, ""timeout"": 9}","{""collision_tblock_early"": 9, ""fall"": 1, ""timeout"": 9}","{""collision_rod_early"": 0.0, ""collision_rod_late"": 0.0, ""collision_rod_mid"": 0.0, ""collision_tblock_early"": 2.0729564129275646, ""collision_tblock_late"": 0.0, ""collision_tblock_mid"": 0.0, ""fall"": 8.528988815338964, ""timeout"": 3.1017293857221913}"
start_behavior_context,start_region=x_pos__y_pos|start_theta_bin=sector_7|path_angle_bin=sector_1|near_count_bin=1|far_count_bin=1|medhigh_count_bin=0,False,11,3,8,0.7272727272727273,2.2354221273318053,collision_tblock_early,6,-12.064111837315352,3.3636363636363638,"{""collision"": 6, ""success"": 3, ""timeout"": 2}","{""collision_tblock_early"": 6, ""timeout"": 2}","{""collision_rod_early"": 0.0, ""collision_rod_late"": 0.0, ""collision_rod_mid"": 0.0, ""collision_tblock_early"": 3.266476771885859, ""collision_tblock_late"": 0.0, ""collision_tblock_mid"": 0.0, ""fall"": 0.0, ""timeout"": 1.6291911925005451}"
start_behavior_context,start_region=x_pos__y_pos|start_theta_bin=sector_6|path_angle_bin=sector_0|near_count_bin=1|far_count_bin=1|medhigh_count_bin=0,False,18,5,13,0.7222222222222222,2.2198983625586677,collision_tblock_early,8,-12.543774391129244,2.6666666666666665,"{""collision"": 12, ""success"": 5, ""timeout"": 1}","{""collision_rod_early"": 3, ""collision_tblock_early"": 8, ""collision_tblock_mid"": 1, ""timeout"": 1}","{""collision_rod_early"": 5.255344585091421, ""collision_rod_late"": 0.0, ""collision_rod_mid"": 0.0, ""collision_tblock_early"": 2.6615736659810705, ""collision_tblock_late"": 0.0, ""collision_tblock_mid"": 19.864699627857522, ""fall"": 0.0, ""timeout"": 0.49780841993072206}"
start_behavior_context,start_region=x_mid__y_pos|start_theta_bin=sector_3|path_angle_bin=sector_1|near_count_bin=0|far_count_bin=1|medhigh_count_bin=0,False,7,2,5,0.7142857142857143,2.1955038750580234,timeout,5,-17.704817738892796,6.857142857142857,"{""success"": 2, ""timeout"": 5}","{""timeout"": 5}","{""collision_rod_early"": 0.0, ""collision_rod_late"": 0.0, ""collision_rod_mid"": 0.0, ""collision_tblock_early"": 0.0, ""collision_tblock_late"": 0.0, ""collision_tblock_mid"": 0.0, ""fall"": 0.0, ""timeout"": 6.400393970537855}"
start_behavior_context,start_region=x_neg__y_pos|start_theta_bin=sector_2|path_angle_bin=sector_2|near_count_bin=0|far_count_bin=1|medhigh_count_bin=0,False,7,2,5,0.7142857142857143,2.1955038750580234,timeout,4,-10.681096226872384,6.857142857142857,"{""collision"": 1, ""success"": 2, ""timeout"": 4}","{""collision_tblock_early"": 1, ""timeout"": 4}","{""collision_rod_early"": 0.0, ""collision_rod_late"": 0.0, ""collision_rod_mid"": 0.0, ""collision_tblock_early"": 0.8555058212082012, ""collision_tblock_late"": 0.0, ""collision_tblock_mid"": 0.0, ""fall"": 0.0, ""timeout"": 5.120315176430284}"
start_behavior_context,start_region=x_pos__y_neg|start_theta_bin=sector_5|path_angle_bin=sector_7|near_count_bin=0|far_count_bin=1|medhigh_count_bin=0,False,7,2,5,0.7142857142857143,2.1955038750580234,timeout,4,-11.217313941829621,6.714285714285714,"{""collision"": 1, ""success"": 2, ""timeout"": 4}","{""collision_rod_early"": 1, ""timeout"": 4}","{""collision_rod_early"": 4.504581072935504, ""collision_rod_late"": 0.0, ""collision_rod_mid"": 0.0, ""collision_tblock_early"": 0.0, ""collision_tblock_late"": 0.0, ""collision_tblock_mid"": 0.0, ""fall"": 0.0, ""timeout"": 5.120315176430284}"
start_behavior_context,start_region=x_pos__y_pos|start_theta_bin=sector_5|path_angle_bin=sector_0|near_count_bin=0|far_count_bin=2|medhigh_count_bin=1,False,7,2,5,0.7142857142857143,2.1955038750580234,collision_tblock_early,5,-7.730676353557066,1.2857142857142858,"{""collision"": 5, ""success"": 2}","{""collision_tblock_early"": 5}","{""collision_rod_early"": 0.0, ""collision_rod_late"": 0.0, ""collision_rod_mid"": 0.0, ""collision_tblock_early"": 4.277529106041007, ""collision_tblock_late"": 0.0, ""collision_tblock_mid"": 0.0, ""fall"": 0.0, ""timeout"": 0.0}"
start_behavior_context,start_region=x_pos__y_pos|start_theta_bin=sector_7|path_angle_bin=sector_0|near_count_bin=1|far_count_bin=1|medhigh_count_bin=0,False,17,5,12,0.7058823529411765,2.169674417704399,collision_tblock_early,9,-11.74318459836814,3.7058823529411766,"{""collision"": 9, ""success"": 5, ""timeout"": 3}","{""collision_tblock_early"": 9, ""timeout"": 3}","{""collision_rod_early"": 0.0, ""collision_rod_late"": 0.0, ""collision_rod_mid"": 0.0, ""collision_tblock_early"": 3.1704039256539223, ""collision_tblock_late"": 0.0, ""collision_tblock_mid"": 0.0, ""fall"": 0.0, ""timeout"": 1.5812738044858232}"
start_behavior_context,start_region=x_mid__y_pos|start_theta_bin=sector_4|path_angle_bin=sector_2|near_count_bin=0|far_count_bin=1|medhigh_count_bin=0,False,10,3,7,0.7,2.1515937975568624,timeout,4,-13.680013182640579,6.0,"{""collision"": 2, ""fall"": 1, ""success"": 3, ""timeout"": 4}","{""collision_rod_early"": 1, ""collision_tblock_mid"": 1, ""fall"": 1, ""timeout"": 4}","{""collision_rod_early"": 3.153206751054852, ""collision_rod_late"": 0.0, ""collision_rod_mid"": 0.0, ""collision_tblock_early"": 0.0, ""collision_tblock_late"": 0.0, ""collision_tblock_mid"": 35.756459330143535, ""fall"": 22.175370919881306, ""timeout"": 3.584220623501199}"
start_behavior_context,start_region=x_pos__y_pos|start_theta_bin=sector_5|path_angle_bin=sector_1|near_count_bin=1|far_count_bin=1|medhigh_count_bin=0,False,23,7,16,0.6956521739130435,2.138229860926075,collision_tblock_early,10,-13.578137330757773,3.8260869565217392,"{""collision"": 10, ""fall"": 1, ""success"": 7, ""timeout"": 5}","{""collision_tblock_early"": 10, ""fall"": 1, ""timeout"": 5}","{""collision_rod_early"": 0.0, ""collision_rod_late"": 0.0, ""collision_rod_mid"": 0.0, ""collision_tblock_early"": 2.6037133688945255, ""collision_tblock_late"": 0.0, ""collision_tblock_mid"": 0.0, ""fall"": 9.641465617339698, ""timeout"": 1.9479459910332602}"
start_behavior_context,start_region=x_pos__y_neg|start_theta_bin=sector_4|path_angle_bin=sector_7|near_count_bin=1|far_count_bin=1|medhigh_count_bin=1,False,73,24,49,0.6712328767123288,2.0631721346435667,collision_tblock_early,49,-8.166789569638384,1.8767123287671232,"{""collision"": 49, ""success"": 24}","{""collision_tblock_early"": 49}","{""collision_rod_early"": 0.0, ""collision_rod_late"": 0.0, ""collision_rod_mid"": 0.0, ""collision_tblock_early"": 4.0197054338960685, ""collision_tblock_late"": 0.0, ""collision_tblock_mid"": 0.0, ""fall"": 0.0, ""timeout"": 0.0}"
start_behavior_context,start_region=x_pos__y_mid|start_theta_bin=sector_5|path_angle_bin=sector_0|near_count_bin=0|far_count_bin=2|medhigh_count_bin=1,False,12,4,8,0.6666666666666666,2.049136950054155,collision_tblock_early,8,-8.053557891173368,2.0,"{""collision"": 8, ""success"": 4}","{""collision_tblock_early"": 8}","{""collision_rod_early"": 0.0, ""collision_rod_late"": 0.0, ""collision_rod_mid"": 0.0, ""collision_tblock_early"": 3.992360498971606, ""collision_tblock_late"": 0.0, ""collision_tblock_mid"": 0.0, ""fall"": 0.0, ""timeout"": 0.0}"
start_behavior_context,start_region=x_pos__y_mid|start_theta_bin=sector_3|path_angle_bin=sector_0|near_count_bin=0|far_count_bin=1|medhigh_count_bin=0,False,6,2,4,0.6666666666666666,2.049136950054155,timeout,3,-11.204348803623807,6.0,"{""collision"": 1, ""success"": 2, ""timeout"": 3}","{""collision_tblock_mid"": 1, ""timeout"": 3}","{""collision_rod_early"": 0.0, ""collision_rod_late"": 0.0, ""collision_rod_mid"": 0.0, ""collision_tblock_early"": 0.0, ""collision_tblock_late"": 0.0, ""collision_tblock_mid"": 59.59409888357257, ""fall"": 0.0, ""timeout"": 4.480275779376499}"
start_behavior_context,start_region=x_pos__y_mid|start_theta_bin=sector_4|path_angle_bin=sector_7|near_count_bin=0|far_count_bin=1|medhigh_count_bin=0,False,6,2,4,0.6666666666666666,2.049136950054155,timeout,4,-6.746070015005483,7.166666666666667,"{""success"": 2, ""timeout"": 4}","{""timeout"": 4}","{""collision_rod_early"": 0.0, ""collision_rod_late"": 0.0, ""collision_rod_mid"": 0.0, ""collision_tblock_early"": 0.0, ""collision_tblock_late"": 0.0, ""collision_tblock_mid"": 0.0, ""fall"": 0.0, ""timeout"": 5.973701039168666}"
start_behavior_context,start_region=x_mid__y_pos|start_theta_bin=sector_6|path_angle_bin=sector_2|near_count_bin=0|far_count_bin=1|medhigh_count_bin=0,False,6,2,4,0.6666666666666666,2.049136950054155,timeout,2,-8.860023006113355,4.666666666666667,"{""collision"": 2, ""success"": 2, ""timeout"": 2}","{""collision_tblock_early"": 2, ""timeout"": 2}","{""collision_rod_early"": 0.0, ""collision_rod_late"": 0.0, ""collision_rod_mid"": 0.0, ""collision_tblock_early"": 1.996180249485803, ""collision_tblock_late"": 0.0, ""collision_tblock_mid"": 0.0, ""fall"": 0.0, ""timeout"": 2.986850519584333}"
start_behavior_context,start_region=x_pos__y_pos|start_theta_bin=sector_6|path_angle_bin=sector_0|near_count_bin=0|far_count_bin=2|medhigh_count_bin=1,False,6,2,4,0.6666666666666666,2.049136950054155,collision_tblock_early,4,-10.127520968855409,2.3333333333333335,"{""collision"": 4, ""success"": 2}","{""collision_tblock_early"": 4}","{""collision_rod_early"": 0.0, ""collision_rod_late"": 0.0, ""collision_rod_mid"": 0.0, ""collision_tblock_early"": 3.992360498971606, ""collision_tblock_late"": 0.0, ""collision_tblock_mid"": 0.0, ""fall"": 0.0, ""timeout"": 0.0}"
start_behavior_context,start_region=x_mid__y_pos|start_theta_bin=sector_1|path_angle_bin=sector_2|near_count_bin=1|far_count_bin=1|medhigh_count_bin=1,False,6,2,4,0.6666666666666666,2.049136950054155,collision_tblock_early,4,-8.281801777487042,2.0,"{""collision"": 4, ""success"": 2}","{""collision_tblock_early"": 4}","{""collision_rod_early"": 0.0, ""collision_rod_late"": 0.0, ""collision_rod_mid"": 0.0, ""collision_tblock_early"": 3.992360498971606, ""collision_tblock_late"": 0.0, ""collision_tblock_mid"": 0.0, ""fall"": 0.0, ""timeout"": 0.0}"
start_behavior_context,start_region=x_pos__y_pos|start_theta_bin=sector_6|path_angle_bin=sector_1|near_count_bin=0|far_count_bin=1|medhigh_count_bin=0,False,3,1,2,0.6666666666666666,2.049136950054155,timeout,1,-7.591819099573286,4.333333333333333,"{""collision"": 1, ""success"": 1, ""timeout"": 1}","{""collision_tblock_early"": 1, ""timeout"": 1}","{""collision_rod_early"": 0.0, ""collision_rod_late"": 0.0, ""collision_rod_mid"": 0.0, ""collision_tblock_early"": 1.996180249485803, ""collision_tblock_late"": 0.0, ""collision_tblock_mid"": 0.0, ""fall"": 0.0, ""timeout"": 2.986850519584333}"
start_behavior_context,start_region=x_pos__y_neg|start_theta_bin=sector_4|path_angle_bin=sector_7|near_count_bin=2|far_count_bin=0|medhigh_count_bin=0,False,3,1,2,0.6666666666666666,2.049136950054155,collision_tblock_early,2,-8.168485675266144,2.3333333333333335,"{""collision"": 2, ""success"": 1}","{""collision_tblock_early"": 2}","{""collision_rod_early"": 0.0, ""collision_rod_late"": 0.0, ""collision_rod_mid"": 0.0, ""collision_tblock_early"": 3.992360498971606, ""collision_tblock_late"": 0.0, ""collision_tblock_mid"": 0.0, ""fall"": 0.0, ""timeout"": 0.0}"
start_behavior_context,start_region=x_pos__y_pos|start_theta_bin=sector_3|path_angle_bin=sector_0|near_count_bin=0|far_count_bin=2|medhigh_count_bin=1,False,3,1,2,0.6666666666666666,2.049136950054155,collision_tblock_early,2,-7.743120167025983,1.6666666666666667,"{""collision"": 2, ""success"": 1}","{""collision_tblock_early"": 2}","{""collision_rod_early"": 0.0, ""collision_rod_late"": 0.0, ""collision_rod_mid"": 0.0, ""collision_tblock_early"": 3.992360498971606, ""collision_tblock_late"": 0.0, ""collision_tblock_mid"": 0.0, ""fall"": 0.0, ""timeout"": 0.0}"
start_behavior_context,start_region=x_pos__y_mid|start_theta_bin=sector_5|path_angle_bin=sector_7|near_count_bin=0|far_count_bin=2|medhigh_count_bin=1,False,3,1,2,0.6666666666666666,2.049136950054155,collision_tblock_early,1,-8.752080623984995,2.0,"{""collision"": 2, ""success"": 1}","{""collision_rod_early"": 1, ""collision_tblock_early"": 1}","{""collision_rod_early"": 10.510689170182841, ""collision_rod_late"": 0.0, ""collision_rod_mid"": 0.0, ""collision_tblock_early"": 1.996180249485803, ""collision_tblock_late"": 0.0, ""collision_tblock_mid"": 0.0, ""fall"": 0.0, ""timeout"": 0.0}"
start_behavior_context,start_region=x_neg__y_mid|start_theta_bin=sector_1|path_angle_bin=sector_3|near_count_bin=1|far_count_bin=1|medhigh_count_bin=1,False,3,1,2,0.6666666666666666,2.049136950054155,collision_tblock_early,2,-8.08702814448513,1.6666666666666667,"{""collision"": 2, ""success"": 1}","{""collision_tblock_early"": 2}","{""collision_rod_early"": 0.0, ""collision_rod_late"": 0.0, ""collision_rod_mid"": 0.0, ""collision_tblock_early"": 3.992360498971606, ""collision_tblock_late"": 0.0, ""collision_tblock_mid"": 0.0, ""fall"": 0.0, ""timeout"": 0.0}"
start_behavior_context,start_region=x_neg__y_pos|start_theta_bin=sector_7|path_angle_bin=sector_2|near_count_bin=1|far_count_bin=1|medhigh_count_bin=0,False,33,11,22,0.6666666666666666,2.0491369500541547,collision_tblock_early,14,-9.76685603818735,3.8484848484848486,"{""collision"": 15, ""fall"": 1, ""success"": 11, ""timeout"": 6}","{""collision_tblock_early"": 14, ""collision_tblock_mid"": 1, ""fall"": 1, ""timeout"": 6}","{""collision_rod_early"": 0.0, ""collision_rod_late"": 0.0, ""collision_rod_mid"": 0.0, ""collision_tblock_early"": 2.5405930448001124, ""collision_tblock_late"": 0.0, ""collision_tblock_mid"": 10.835290706104102, ""fall"": 6.719809369661002, ""timeout"": 1.629191192500545}"
start_behavior_context,start_region=x_pos__y_pos|start_theta_bin=sector_4|path_angle_bin=sector_1|near_count_bin=1|far_count_bin=1|medhigh_count_bin=0,False,15,5,10,0.6666666666666666,2.0491369500541547,collision_tblock_early,7,-9.1994076151206,3.066666666666667,"{""collision"": 8, ""success"": 5, ""timeout"": 2}","{""collision_rod_early"": 1, ""collision_tblock_early"": 7, ""timeout"": 2}","{""collision_rod_early"": 2.102137834036568, ""collision_rod_late"": 0.0, ""collision_rod_mid"": 0.0, ""collision_tblock_early"": 2.7946523492801236, ""collision_tblock_late"": 0.0, ""collision_tblock_mid"": 0.0, ""fall"": 0.0, ""timeout"": 1.194740207833733}"
start_behavior_context,start_region=x_mid__y_pos|start_theta_bin=sector_5|path_angle_bin=sector_1|near_count_bin=1|far_count_bin=1|medhigh_count_bin=0,False,9,3,6,0.6666666666666666,2.0491369500541547,collision_tblock_early,3,-9.585438791350946,5.444444444444445,"{""collision"": 3, ""success"": 3, ""timeout"": 3}","{""collision_tblock_early"": 3, ""timeout"": 3}","{""collision_rod_early"": 0.0, ""collision_rod_late"": 0.0, ""collision_rod_mid"": 0.0, ""collision_tblock_early"": 1.9961802494858027, ""collision_tblock_late"": 0.0, ""collision_tblock_mid"": 0.0, ""fall"": 0.0, ""timeout"": 2.9868505195843325}"
start_behavior_context,start_region=x_mid__y_pos|start_theta_bin=sector_1|path_angle_bin=sector_1|near_count_bin=1|far_count_bin=1|medhigh_count_bin=1,False,9,3,6,0.6666666666666666,2.0491369500541547,collision_tblock_early,6,-8.282533514843367,1.8888888888888888,"{""collision"": 6, ""success"": 3}","{""collision_tblock_early"": 6}","{""collision_rod_early"": 0.0, ""collision_rod_late"": 0.0, ""collision_rod_mid"": 0.0, ""collision_tblock_early"": 3.9923604989716055, ""collision_tblock_late"": 0.0, ""collision_tblock_mid"": 0.0, ""fall"": 0.0, ""timeout"": 0.0}"
start_behavior_context,start_region=x_mid__y_pos|start_theta_bin=sector_7|path_angle_bin=sector_1|near_count_bin=1|far_count_bin=1|medhigh_count_bin=1,False,32,11,21,0.65625,2.0171191852095585,collision_tblock_early,21,-8.316221486472061,2.0625,"{""collision"": 21, ""success"": 11}","{""collision_tblock_early"": 21}","{""collision_rod_early"": 0.0, ""collision_rod_late"": 0.0, ""collision_rod_mid"": 0.0, ""collision_tblock_early"": 3.929979866175174, ""collision_tblock_late"": 0.0, ""collision_tblock_mid"": 0.0, ""fall"": 0.0, ""timeout"": 0.0}"
start_behavior_context,start_region=x_pos__y_neg|start_theta_bin=sector_2|path_angle_bin=sector_6|near_count_bin=1|far_count_bin=1|medhigh_count_bin=0,False,29,10,19,0.6551724137931034,2.0138070026394277,collision_tblock_early,12,-10.053796103698868,3.8620689655172415,"{""collision"": 12, ""success"": 10, ""timeout"": 7}","{""collision_tblock_early"": 12, ""timeout"": 7}","{""collision_rod_early"": 0.0, ""collision_rod_late"": 0.0, ""collision_rod_mid"": 0.0, ""collision_tblock_early"": 2.478016861430652, ""collision_tblock_late"": 0.0, ""collision_tblock_mid"": 0.0, ""fall"": 0.0, ""timeout"": 2.162891755561068}"
start_behavior_context,start_region=x_pos__y_pos|start_theta_bin=sector_2|path_angle_bin=sector_0|near_count_bin=1|far_count_bin=1|medhigh_count_bin=0,False,29,10,19,0.6551724137931034,2.0138070026394277,collision_tblock_early,12,-8.320708230402168,3.4482758620689653,"{""collision"": 14, ""success"": 10, ""timeout"": 5}","{""collision_rod_early"": 2, ""collision_tblock_early"": 12, ""timeout"": 5}","{""collision_rod_early"": 2.1746253455550706, ""collision_rod_late"": 0.0, ""collision_rod_mid"": 0.0, ""collision_tblock_early"": 2.478016861430652, ""collision_tblock_late"": 0.0, ""collision_tblock_mid"": 0.0, ""fall"": 0.0, ""timeout"": 1.5449226825436202}"
start_behavior_context,start_region=x_neg__y_pos|start_theta_bin=sector_0|path_angle_bin=sector_3|near_count_bin=1|far_count_bin=1|medhigh_count_bin=0,False,23,8,15,0.6521739130434783,2.0045904946181947,collision_tblock_early,10,-13.169925480667342,3.4347826086956523,"{""collision"": 11, ""fall"": 1, ""success"": 8, ""timeout"": 3}","{""collision_tblock_early"": 10, ""collision_tblock_mid"": 1, ""fall"": 1, ""timeout"": 3}","{""collision_rod_early"": 0.0, ""collision_rod_late"": 0.0, ""collision_rod_mid"": 0.0, ""collision_tblock_early"": 2.6037133688945255, ""collision_tblock_late"": 0.0, ""collision_tblock_mid"": 15.5462866652798, ""fall"": 9.641465617339698, ""timeout"": 1.1687675946199563}"
start_behavior_context,start_region=x_neg__y_pos|start_theta_bin=sector_3|path_angle_bin=sector_2|near_count_bin=1|far_count_bin=1|medhigh_count_bin=0,False,28,10,18,0.6428571428571429,1.9759534875522207,collision_tblock_early,14,-7.764426202973489,3.0,"{""collision"": 14, ""success"": 10, ""timeout"": 4}","{""collision_tblock_early"": 14, ""timeout"": 4}","{""collision_rod_early"": 0.0, ""collision_rod_late"": 0.0, ""collision_rod_mid"": 0.0, ""collision_tblock_early"": 2.9942703742287042, ""collision_tblock_late"": 0.0, ""collision_tblock_mid"": 0.0, ""fall"": 0.0, ""timeout"": 1.280078794107571}"
start_behavior_context,start_region=x_neg__y_pos|start_theta_bin=sector_6|path_angle_bin=sector_3|near_count_bin=1|far_count_bin=1|medhigh_count_bin=0,False,25,9,16,0.64,1.9671714720519888,collision_tblock_early,9,-9.659812308992151,3.72,"{""collision"": 10, ""fall"": 1, ""success"": 9, ""timeout"": 5}","{""collision_rod_early"": 1, ""collision_tblock_early"": 9, ""fall"": 1, ""timeout"": 5}","{""collision_rod_early"": 1.261282700421941, ""collision_rod_late"": 0.0, ""collision_rod_mid"": 0.0, ""collision_tblock_early"": 2.155874669444667, ""collision_tblock_late"": 0.0, ""collision_tblock_mid"": 0.0, ""fall"": 8.870148367952522, ""timeout"": 1.7921103117505994}"
start_behavior_context,start_region=x_mid__y_pos|start_theta_bin=sector_0|path_angle_bin=sector_1|near_count_bin=1|far_count_bin=1|medhigh_count_bin=1,False,36,13,23,0.6388888888888888,1.9637562438018985,collision_tblock_early,23,-8.679073717008114,2.25,"{""collision"": 23, ""success"": 13}","{""collision_tblock_early"": 23}","{""collision_rod_early"": 0.0, ""collision_rod_late"": 0.0, ""collision_rod_mid"": 0.0, ""collision_tblock_early"": 3.8260121448477884, ""collision_tblock_late"": 0.0, ""collision_tblock_mid"": 0.0, ""fall"": 0.0, ""timeout"": 0.0}"
start_behavior_context,start_region=x_pos__y_neg|start_theta_bin=sector_0|path_angle_bin=sector_6|near_count_bin=1|far_count_bin=1|medhigh_count_bin=0,False,22,8,14,0.6363636363636364,1.9559943614153297,collision_tblock_early,8,-8.66517624190184,4.2727272727272725,"{""collision"": 8, ""success"": 8, ""timeout"": 6}","{""collision_tblock_early"": 8, ""timeout"": 6}","{""collision_rod_early"": 0.0, ""collision_rod_late"": 0.0, ""collision_rod_mid"": 0.0, ""collision_tblock_early"": 2.1776511812572394, ""collision_tblock_late"": 0.0, ""collision_tblock_mid"": 0.0, ""fall"": 0.0, ""timeout"": 2.443786788750818}"
start_behavior_context,start_region=x_neg__y_mid|start_theta_bin=sector_2|path_angle_bin=sector_3|near_count_bin=1|far_count_bin=1|medhigh_count_bin=1,False,11,4,7,0.6363636363636364,1.9559943614153297,collision_tblock_early,7,-7.768291434484611,1.8181818181818181,"{""collision"": 7, ""success"": 4}","{""collision_tblock_early"": 7}","{""collision_rod_early"": 0.0, ""collision_rod_late"": 0.0, ""collision_rod_mid"": 0.0, ""collision_tblock_early"": 3.810889567200169, ""collision_tblock_late"": 0.0, ""collision_tblock_mid"": 0.0, ""fall"": 0.0, ""timeout"": 0.0}"
start_behavior_context,start_region=x_pos__y_neg|start_theta_bin=sector_1|path_angle_bin=sector_6|near_count_bin=1|far_count_bin=1|medhigh_count_bin=0,False,27,10,17,0.6296296296296297,1.9352960083844797,collision_tblock_early,14,-8.043030943966787,2.888888888888889,"{""collision"": 14, ""success"": 10, ""timeout"": 3}","{""collision_tblock_early"": 14, ""timeout"": 3}","{""collision_rod_early"": 0.0, ""collision_rod_late"": 0.0, ""collision_rod_mid"": 0.0, ""collision_tblock_early"": 3.105169276977916, ""collision_tblock_late"": 0.0, ""collision_tblock_mid"": 0.0, ""fall"": 0.0, ""timeout"": 0.9956168398614442}"
start_behavior_context,start_region=x_pos__y_neg|start_theta_bin=sector_7|path_angle_bin=sector_7|near_count_bin=1|far_count_bin=1|medhigh_count_bin=0,False,27,10,17,0.6296296296296297,1.9352960083844797,collision_tblock_early,12,-10.763238745866554,3.6666666666666665,"{""collision"": 13, ""success"": 10, ""timeout"": 4}","{""collision_rod_mid"": 1, ""collision_tblock_early"": 12, ""timeout"": 4}","{""collision_rod_early"": 0.0, ""collision_rod_late"": 0.0, ""collision_rod_mid"": 6.219808572617563, ""collision_tblock_early"": 2.661573665981071, ""collision_tblock_late"": 0.0, ""collision_tblock_mid"": 0.0, ""fall"": 0.0, ""timeout"": 1.327489119815259}"
start_behavior_context,start_region=x_pos__y_neg|start_theta_bin=sector_5|path_angle_bin=sector_6|near_count_bin=1|far_count_bin=1|medhigh_count_bin=0,False,24,9,15,0.625,1.9210658906757703,collision_tblock_early,9,-9.743740090546796,4.0,"{""collision"": 10, ""success"": 9, ""timeout"": 5}","{""collision_rod_early"": 1, ""collision_tblock_early"": 9, ""timeout"": 5}","{""collision_rod_early"": 1.3138361462728552, ""collision_rod_late"": 0.0, ""collision_rod_mid"": 0.0, ""collision_tblock_early"": 2.2457027806715284, ""collision_tblock_late"": 0.0, ""collision_tblock_mid"": 0.0, ""fall"": 0.0, ""timeout"": 1.866781574740208}"
start_behavior_context,start_region=x_neg__y_pos|start_theta_bin=sector_7|path_angle_bin=sector_3|near_count_bin=1|far_count_bin=1|medhigh_count_bin=0,False,24,9,15,0.625,1.9210658906757703,collision_tblock_early,13,-8.653612283343087,2.875,"{""collision"": 13, ""success"": 9, ""timeout"": 2}","{""collision_tblock_early"": 13, ""timeout"": 2}","{""collision_rod_early"": 0.0, ""collision_rod_late"": 0.0, ""collision_rod_mid"": 0.0, ""collision_tblock_early"": 3.24379290541443, ""collision_tblock_late"": 0.0, ""collision_tblock_mid"": 0.0, ""fall"": 0.0, ""timeout"": 0.7467126298960832}"
start_behavior_context,start_region=x_pos__y_neg|start_theta_bin=sector_2|path_angle_bin=sector_6|near_count_bin=0|far_count_bin=1|medhigh_count_bin=0,False,8,3,5,0.625,1.9210658906757703,timeout,5,-10.46559430168227,7.0,"{""success"": 3, ""timeout"": 5}","{""timeout"": 5}","{""collision_rod_early"": 0.0, ""collision_rod_late"": 0.0, ""collision_rod_mid"": 0.0, ""collision_tblock_early"": 0.0, ""collision_tblock_late"": 0.0, ""collision_tblock_mid"": 0.0, ""fall"": 0.0, ""timeout"": 5.600344724220623}"
start_behavior_context,start_region=x_pos__y_neg|start_theta_bin=sector_2|path_angle_bin=sector_7|near_count_bin=1|far_count_bin=1|medhigh_count_bin=0,False,29,11,18,0.6206896551724138,1.9078171603952476,collision_tblock_early,12,-8.13566031033927,3.413793103448276,"{""collision"": 12, ""success"": 11, ""timeout"": 6}","{""collision_tblock_early"": 12, ""timeout"": 6}","{""collision_rod_early"": 0.0, ""collision_rod_late"": 0.0, ""collision_rod_mid"": 0.0, ""collision_tblock_early"": 2.478016861430652, ""collision_tblock_late"": 0.0, ""collision_tblock_mid"": 0.0, ""fall"": 0.0, ""timeout"": 1.8539072190523442}"
start_behavior_context,start_region=x_neg__y_pos|start_theta_bin=sector_2|path_angle_bin=sector_2|near_count_bin=1|far_count_bin=1|medhigh_count_bin=0,False,18,7,11,0.6111111111111112,1.8783755375496418,collision_tblock_early,7,-9.798111837411563,3.1666666666666665,"{""collision"": 8, ""fall"": 1, ""success"": 7, ""timeout"": 2}","{""collision_rod_early"": 1, ""collision_tblock_early"": 7, ""fall"": 1, ""timeout"": 2}","{""collision_rod_early"": 1.7517815283638067, ""collision_rod_late"": 0.0, ""collision_rod_mid"": 0.0, ""collision_tblock_early"": 2.3288769577334363, ""collision_tblock_late"": 0.0, ""collision_tblock_mid"": 0.0, ""fall"": 12.31965051104517, ""timeout"": 0.9956168398614441}"
start_behavior_context,start_region=x_neg__y_neg|start_theta_bin=sector_7|path_angle_bin=sector_4|near_count_bin=1|far_count_bin=1|medhigh_count_bin=0,False,25,10,15,0.6,1.8442232550487392,collision_tblock_early,6,-8.862607501002014,3.96,"{""collision"": 8, ""fall"": 1, ""success"": 10, ""timeout"": 6}","{""collision_rod_early"": 2, ""collision_tblock_early"": 6, ""fall"": 1, ""timeout"": 6}","{""collision_rod_early"": 2.522565400843882, ""collision_rod_late"": 0.0, ""collision_rod_mid"": 0.0, ""collision_tblock_early"": 1.437249779629778, ""collision_tblock_late"": 0.0, ""collision_tblock_mid"": 0.0, ""fall"": 8.870148367952522, ""timeout"": 2.1505323741007194}"
start_behavior_context,start_region=x_mid__y_pos|start_theta_bin=sector_0|path_angle_bin=sector_2|near_count_bin=1|far_count_bin=1|medhigh_count_bin=1,False,15,6,9,0.6,1.8442232550487392,collision_tblock_early,9,-8.285707982377394,2.1333333333333333,"{""collision"": 9, ""success"": 6}","{""collision_tblock_early"": 9}","{""collision_rod_early"": 0.0, ""collision_rod_late"": 0.0, ""collision_rod_mid"": 0.0, ""collision_tblock_early"": 3.5931244490744447, ""collision_tblock_late"": 0.0, ""collision_tblock_mid"": 0.0, ""fall"": 0.0, ""timeout"": 0.0}"
start_behavior_context,start_region=x_pos__y_neg|start_theta_bin=sector_5|path_angle_bin=sector_6|near_count_bin=0|far_count_bin=1|medhigh_count_bin=0,False,10,4,6,0.6,1.844223255048739,timeout,3,-13.888800283491998,5.6,"{""collision"": 3, ""success"": 4, ""timeout"": 3}","{""collision_rod_mid"": 1, ""collision_tblock_early"": 2, ""timeout"": 3}","{""collision_rod_early"": 0.0, ""collision_rod_late"": 0.0, ""collision_rod_mid"": 16.793483146067416, ""collision_tblock_early"": 1.1977081496914816, ""collision_tblock_late"": 0.0, ""collision_tblock_mid"": 0.0, ""fall"": 0.0, ""timeout"": 2.688165467625899}"
start_behavior_context,start_region=x_pos__y_mid|start_theta_bin=sector_7|path_angle_bin=sector_7|near_count_bin=1|far_count_bin=1|medhigh_count_bin=0,False,10,4,6,0.6,1.844223255048739,timeout,3,-12.359799678974868,5.1,"{""collision"": 3, ""success"": 4, ""timeout"": 3}","{""collision_tblock_early"": 2, ""collision_tblock_mid"": 1, ""timeout"": 3}","{""collision_rod_early"": 0.0, ""collision_rod_late"": 0.0, ""collision_rod_mid"": 0.0, ""collision_tblock_early"": 1.1977081496914816, ""collision_tblock_late"": 0.0, ""collision_tblock_mid"": 35.756459330143535, ""fall"": 0.0, ""timeout"": 2.688165467625899}"
start_behavior_context,start_region=x_pos__y_neg|start_theta_bin=sector_7|path_angle_bin=sector_7|near_count_bin=0|far_count_bin=1|medhigh_count_bin=0,False,10,4,6,0.6,1.844223255048739,timeout,4,-11.761263624511773,6.0,"{""collision"": 2, ""success"": 4, ""timeout"": 4}","{""collision_rod_early"": 1, ""collision_tblock_early"": 1, ""timeout"": 4}","{""collision_rod_early"": 3.153206751054852, ""collision_rod_late"": 0.0, ""collision_rod_mid"": 0.0, ""collision_tblock_early"": 0.5988540748457408, ""collision_tblock_late"": 0.0, ""collision_tblock_mid"": 0.0, ""fall"": 0.0, ""timeout"": 3.584220623501199}"
start_behavior_context,start_region=x_neg__y_pos|start_theta_bin=sector_6|path_angle_bin=sector_2|near_count_bin=0|far_count_bin=1|medhigh_count_bin=0,False,10,4,6,0.6,1.844223255048739,collision_tblock_early,4,-9.653187764703564,4.1,"{""collision"": 4, ""success"": 4, ""timeout"": 2}","{""collision_tblock_early"": 4, ""timeout"": 2}","{""collision_rod_early"": 0.0, ""collision_rod_late"": 0.0, ""collision_rod_mid"": 0.0, ""collision_tblock_early"": 2.3954162993829633, ""collision_tblock_late"": 0.0, ""collision_tblock_mid"": 0.0, ""fall"": 0.0, ""timeout"": 1.7921103117505994}"
start_behavior_context,start_region=x_mid__y_neg|start_theta_bin=sector_1|path_angle_bin=sector_5|near_count_bin=0|far_count_bin=1|medhigh_count_bin=0,False,10,4,6,0.6,1.844223255048739,timeout,6,-6.555486120208606,6.6,"{""success"": 4, ""timeout"": 6}","{""timeout"": 6}","{""collision_rod_early"": 0.0, ""collision_rod_late"": 0.0, ""collision_rod_mid"": 0.0, ""collision_tblock_early"": 0.0, ""collision_tblock_late"": 0.0, ""collision_tblock_mid"": 0.0, ""fall"": 0.0, ""timeout"": 5.376330935251798}"
start_behavior_context,start_region=x_pos__y_pos|start_theta_bin=sector_4|path_angle_bin=sector_1|near_count_bin=0|far_count_bin=1|medhigh_count_bin=0,False,5,2,3,0.6,1.844223255048739,timeout,2,-21.87503204884029,6.0,"{""collision"": 1, ""success"": 2, ""timeout"": 2}","{""collision_rod_early"": 1, ""timeout"": 2}","{""collision_rod_early"": 6.306413502109704, ""collision_rod_late"": 0.0, ""collision_rod_mid"": 0.0, ""collision_tblock_early"": 0.0, ""collision_tblock_late"": 0.0, ""collision_tblock_mid"": 0.0, ""fall"": 0.0, ""timeout"": 3.584220623501199}"
start_behavior_context,start_region=x_pos__y_mid|start_theta_bin=sector_5|path_angle_bin=sector_7|near_count_bin=0|far_count_bin=1|medhigh_count_bin=0,False,5,2,3,0.6,1.844223255048739,timeout,2,-10.741540716081147,5.4,"{""collision"": 1, ""success"": 2, ""timeout"": 2}","{""collision_tblock_early"": 1, ""timeout"": 2}","{""collision_rod_early"": 0.0, ""collision_rod_late"": 0.0, ""collision_rod_mid"": 0.0, ""collision_tblock_early"": 1.1977081496914816, ""collision_tblock_late"": 0.0, ""collision_tblock_mid"": 0.0, ""fall"": 0.0, ""timeout"": 3.584220623501199}"
start_behavior_context,start_region=x_mid__y_pos|start_theta_bin=sector_7|path_angle_bin=sector_2|near_count_bin=1|far_count_bin=1|medhigh_count_bin=1,False,5,2,3,0.6,1.844223255048739,collision_tblock_early,3,-8.186359521345157,2.0,"{""collision"": 3, ""success"": 2}","{""collision_tblock_early"": 3}","{""collision_rod_early"": 0.0, ""collision_rod_late"": 0.0, ""collision_rod_mid"": 0.0, ""collision_tblock_early"": 3.593124449074445, ""collision_tblock_late"": 0.0, ""collision_tblock_mid"": 0.0, ""fall"": 0.0, ""timeout"": 0.0}"
start_behavior_context,start_region=x_pos__y_mid|start_theta_bin=sector_2|path_angle_bin=sector_0|near_count_bin=1|far_count_bin=1|medhigh_count_bin=0,False,12,5,7,0.5833333333333334,1.7929948312973856,timeout,5,-7.090184465874647,5.666666666666667,"{""collision"": 2, ""success"": 5, ""timeout"": 5}","{""collision_rod_early"": 1, ""collision_rod_late"": 1, ""timeout"": 5}","{""collision_rod_early"": 2.6276722925457103, ""collision_rod_late"": 77.84479166666668, ""collision_rod_mid"": 0.0, ""collision_tblock_early"": 0.0, ""collision_tblock_late"": 0.0, ""collision_tblock_mid"": 0.0, ""fall"": 0.0, ""timeout"": 3.733563149480416}"
start_behavior_context,start_region=x_pos__y_pos|start_theta_bin=sector_0|path_angle_bin=sector_1|near_count_bin=1|far_count_bin=1|medhigh_count_bin=0,False,12,5,7,0.5833333333333334,1.7929948312973856,collision_tblock_early,7,-8.740553864827607,2.5833333333333335,"{""collision"": 7, ""success"": 5}","{""collision_tblock_early"": 7}","{""collision_rod_early"": 0.0, ""collision_rod_late"": 0.0, ""collision_rod_mid"": 0.0, ""collision_tblock_early"": 3.493315436600155, ""collision_tblock_late"": 0.0, ""collision_tblock_mid"": 0.0, ""fall"": 0.0, ""timeout"": 0.0}"
start_behavior_context,start_region=x_pos__y_neg|start_theta_bin=sector_3|path_angle_bin=sector_7|near_count_bin=1|far_count_bin=1|medhigh_count_bin=0,False,31,13,18,0.5806451612903226,1.7847321823052316,collision_tblock_early,13,-8.66677897636367,3.2903225806451615,"{""collision"": 14, ""success"": 13, ""timeout"": 4}","{""collision_rod_mid"": 1, ""collision_tblock_early"": 13, ""timeout"": 4}","{""collision_rod_early"": 0.0, ""collision_rod_late"": 0.0, ""collision_rod_mid"": 5.417252627763683, ""collision_tblock_early"": 2.5113235396756877, ""collision_tblock_late"": 0.0, ""collision_tblock_mid"": 0.0, ""fall"": 0.0, ""timeout"": 1.156200201129419}"
start_behavior_context,start_region=x_pos__y_neg|start_theta_bin=sector_0|path_angle_bin=sector_7|near_count_bin=1|far_count_bin=1|medhigh_count_bin=0,False,31,13,18,0.5806451612903226,1.7847321823052316,collision_tblock_early,7,-9.784675606146282,4.032258064516129,"{""collision"": 13, ""success"": 13, ""timeout"": 5}","{""collision_rod_early"": 3, ""collision_rod_mid"": 2, ""collision_tblock_early"": 7, ""collision_tblock_mid"": 1, ""timeout"": 5}","{""collision_rod_early"": 3.0514904042466315, ""collision_rod_late"": 0.0, ""collision_rod_mid"": 10.834505255527366, ""collision_tblock_early"": 1.352251136748447, ""collision_tblock_late"": 0.0, ""collision_tblock_mid"": 11.534341719401143, ""fall"": 0.0, ""timeout"": 1.4452502514117738}"
start_behavior_context,start_region=x_neg__y_pos|start_theta_bin=sector_2|path_angle_bin=sector_3|near_count_bin=1|far_count_bin=1|medhigh_count_bin=0,False,28,12,16,0.5714285714285714,1.7564031000464186,collision_tblock_early,12,-7.269055847793006,2.892857142857143,"{""collision"": 13, ""success"": 12, ""timeout"": 3}","{""collision_rod_early"": 1, ""collision_tblock_early"": 12, ""timeout"": 3}","{""collision_rod_early"": 1.126145268233876, ""collision_rod_late"": 0.0, ""collision_rod_mid"": 0.0, ""collision_tblock_early"": 2.5665174636246038, ""collision_tblock_late"": 0.0, ""collision_tblock_mid"": 0.0, ""fall"": 0.0, ""timeout"": 0.9600590955806784}"
start_behavior_context,start_region=x_pos__y_mid|start_theta_bin=sector_7|path_angle_bin=sector_7|near_count_bin=0|far_count_bin=1|medhigh_count_bin=0,False,7,3,4,0.5714285714285714,1.7564031000464186,timeout,3,-15.665317949384066,5.571428571428571,"{""collision"": 1, ""success"": 3, ""timeout"": 3}","{""collision_tblock_early"": 1, ""timeout"": 3}","{""collision_rod_early"": 0.0, ""collision_rod_late"": 0.0, ""collision_rod_mid"": 0.0, ""collision_tblock_early"": 0.8555058212082012, ""collision_tblock_late"": 0.0, ""collision_tblock_mid"": 0.0, ""fall"": 0.0, ""timeout"": 3.8402363823227135}"
start_behavior_context,start_region=x_neg__y_mid|start_theta_bin=sector_2|path_angle_bin=sector_4|near_count_bin=1|far_count_bin=1|medhigh_count_bin=1,False,7,3,4,0.5714285714285714,1.7564031000464186,collision_tblock_early,3,-7.134904894887803,3.2857142857142856,"{""collision"": 3, ""success"": 3, ""timeout"": 1}","{""collision_tblock_early"": 3, ""timeout"": 1}","{""collision_rod_early"": 0.0, ""collision_rod_late"": 0.0, ""collision_rod_mid"": 0.0, ""collision_tblock_early"": 2.5665174636246038, ""collision_tblock_late"": 0.0, ""collision_tblock_mid"": 0.0, ""fall"": 0.0, ""timeout"": 1.280078794107571}"
start_behavior_context,start_region=x_neg__y_pos|start_theta_bin=sector_5|path_angle_bin=sector_2|near_count_bin=1|far_count_bin=1|medhigh_count_bin=0,False,35,15,20,0.5714285714285714,1.7564031000464184,collision_tblock_early,15,-7.957980478253352,3.1142857142857143,"{""collision"": 17, ""success"": 15, ""timeout"": 3}","{""collision_rod_early"": 2, ""collision_tblock_early"": 15, ""timeout"": 3}","{""collision_rod_early"": 1.8018324291742014, ""collision_rod_late"": 0.0, ""collision_rod_mid"": 0.0, ""collision_tblock_early"": 2.5665174636246038, ""collision_tblock_late"": 0.0, ""collision_tblock_mid"": 0.0, ""fall"": 0.0, ""timeout"": 0.7680472764645426}"
start_behavior_context,start_region=x_neg__y_pos|start_theta_bin=sector_1|path_angle_bin=sector_3|near_count_bin=1|far_count_bin=1|medhigh_count_bin=0,False,23,10,13,0.5652173913043478,1.7373117620024356,timeout,7,-10.940904816525276,4.565217391304348,"{""collision"": 4, ""fall"": 2, ""success"": 10, ""timeout"": 7}","{""collision_tblock_early"": 4, ""fall"": 2, ""timeout"": 7}","{""collision_rod_early"": 0.0, ""collision_rod_late"": 0.0, ""collision_rod_mid"": 0.0, ""collision_tblock_early"": 1.04148534755781, ""collision_tblock_late"": 0.0, ""collision_tblock_mid"": 0.0, ""fall"": 19.282931234679396, ""timeout"": 2.727124387446564}"
start_behavior_context,start_region=x_pos__y_mid|start_theta_bin=sector_6|path_angle_bin=sector_7|near_count_bin=0|far_count_bin=1|medhigh_count_bin=0,False,9,4,5,0.5555555555555556,1.707614125045129,timeout,3,-9.907278396298452,5.0,"{""collision"": 2, ""success"": 4, ""timeout"": 3}","{""collision_rod_early"": 1, ""collision_tblock_early"": 1, ""timeout"": 3}","{""collision_rod_early"": 3.5035630567276135, ""collision_rod_late"": 0.0, ""collision_rod_mid"": 0.0, ""collision_tblock_early"": 0.6653934164952676, ""collision_tblock_late"": 0.0, ""collision_tblock_mid"": 0.0, ""fall"": 0.0, ""timeout"": 2.9868505195843325}"
start_behavior_context,start_region=x_mid__y_pos|start_theta_bin=sector_3|path_angle_bin=sector_1|near_count_bin=1|far_count_bin=1|medhigh_count_bin=0,False,9,4,5,0.5555555555555556,1.707614125045129,timeout,3,-6.403680024103774,4.888888888888889,"{""collision"": 2, ""success"": 4, ""timeout"": 3}","{""collision_rod_early"": 2, ""timeout"": 3}","{""collision_rod_early"": 7.007126113455227, ""collision_rod_late"": 0.0, ""collision_rod_mid"": 0.0, ""collision_tblock_early"": 0.0, ""collision_tblock_late"": 0.0, ""collision_tblock_mid"": 0.0, ""fall"": 0.0, ""timeout"": 2.9868505195843325}"
start_behavior_context,start_region=x_pos__y_pos|start_theta_bin=sector_4|path_angle_bin=sector_0|near_count_bin=1|far_count_bin=1|medhigh_count_bin=0,False,20,9,11,0.55,1.6905379837946777,collision_tblock_early,8,-10.305571647209517,4.1,"{""collision"": 8, ""success"": 9, ""timeout"": 3}","{""collision_tblock_early"": 8, ""timeout"": 3}","{""collision_rod_early"": 0.0, ""collision_rod_late"": 0.0, ""collision_rod_mid"": 0.0, ""collision_tblock_early"": 2.3954162993829633, ""collision_tblock_late"": 0.0, ""collision_tblock_mid"": 0.0, ""fall"": 0.0, ""timeout"": 1.3440827338129495}"
start_behavior_context,start_region=x_pos__y_pos|start_theta_bin=sector_3|path_angle_bin=sector_1|near_count_bin=1|far_count_bin=1|medhigh_count_bin=0,False,20,9,11,0.55,1.6905379837946777,collision_tblock_early,10,-6.685696701711511,2.3,"{""collision"": 10, ""success"": 9, ""timeout"": 1}","{""collision_tblock_early"": 10, ""timeout"": 1}","{""collision_rod_early"": 0.0, ""collision_rod_late"": 0.0, ""collision_rod_mid"": 0.0, ""collision_tblock_early"": 2.9942703742287042, ""collision_tblock_late"": 0.0, ""collision_tblock_mid"": 0.0, ""fall"": 0.0, ""timeout"": 0.44802757793764986}"
start_behavior_context,start_region=x_mid__y_pos|start_theta_bin=sector_1|path_angle_bin=sector_2|near_count_bin=1|far_count_bin=1|medhigh_count_bin=0,False,11,5,6,0.5454545454545454,1.6765665954988538,timeout,5,-9.80469598079411,6.636363636363637,"{""collision"": 1, ""success"": 5, ""timeout"": 5}","{""collision_tblock_late"": 1, ""timeout"": 5}","{""collision_rod_early"": 0.0, ""collision_rod_late"": 0.0, ""collision_rod_mid"": 0.0, ""collision_tblock_early"": 0.0, ""collision_tblock_late"": 128.1835334476844, ""collision_tblock_mid"": 0.0, ""fall"": 0.0, ""timeout"": 4.072977981251363}"
start_behavior_context,start_region=x_mid__y_pos|start_theta_bin=sector_3|path_angle_bin=sector_2|near_count_bin=1|far_count_bin=1|medhigh_count_bin=0,False,11,5,6,0.5454545454545454,1.6765665954988538,timeout,4,-9.242810325318157,5.090909090909091,"{""collision"": 2, ""success"": 5, ""timeout"": 4}","{""collision_rod_early"": 1, ""collision_tblock_early"": 1, ""timeout"": 4}","{""collision_rod_early"": 2.8665515918680478, ""collision_rod_late"": 0.0, ""collision_rod_mid"": 0.0, ""collision_tblock_early"": 0.5444127953143099, ""collision_tblock_late"": 0.0, ""collision_tblock_mid"": 0.0, ""fall"": 0.0, ""timeout"": 3.2583823850010902}"
start_behavior_context,start_region=x_mid__y_pos|start_theta_bin=sector_6|path_angle_bin=sector_2|near_count_bin=1|far_count_bin=1|medhigh_count_bin=0,False,11,5,6,0.5454545454545454,1.6765665954988538,collision_tblock_early,3,-12.810964380660666,4.636363636363637,"{""collision"": 4, ""success"": 5, ""timeout"": 2}","{""collision_rod_early"": 1, ""collision_tblock_early"": 3, ""timeout"": 2}","{""collision_rod_early"": 2.8665515918680478, ""collision_rod_late"": 0.0, ""collision_rod_mid"": 0.0, ""collision_tblock_early"": 1.6332383859429296, ""collision_tblock_late"": 0.0, ""collision_tblock_mid"": 0.0, ""fall"": 0.0, ""timeout"": 1.6291911925005451}"
start_behavior_context,start_region=x_neg__y_neg|start_theta_bin=sector_6|path_angle_bin=sector_5|near_count_bin=0|far_count_bin=1|medhigh_count_bin=0,False,19,9,10,0.5263157894736842,1.6177396974111748,collision_tblock_early,4,-12.010446307180839,4.315789473684211,"{""collision"": 8, ""success"": 9, ""timeout"": 2}","{""collision_rod_early"": 3, ""collision_rod_mid"": 1, ""collision_tblock_early"": 4, ""timeout"": 2}","{""collision_rod_early"": 4.9787475016655565, ""collision_rod_late"": 0.0, ""collision_rod_mid"": 8.838675340035483, ""collision_tblock_early"": 1.2607454207278754, ""collision_tblock_late"": 0.0, ""collision_tblock_mid"": 0.0, ""fall"": 0.0, ""timeout"": 0.9432159535529472}"
start_behavior_context,start_region=x_neg__y_neg|start_theta_bin=sector_3|path_angle_bin=sector_5|near_count_bin=1|far_count_bin=1|medhigh_count_bin=0,False,27,13,14,0.5185185185185185,1.5937731833754538,collision_tblock_early,8,-7.295549864792118,4.0,"{""collision"": 10, ""success"": 13, ""timeout"": 4}","{""collision_rod_early"": 1, ""collision_tblock_early"": 8, ""collision_tblock_late"": 1, ""timeout"": 4}","{""collision_rod_early"": 1.167854352242538, ""collision_rod_late"": 0.0, ""collision_rod_mid"": 0.0, ""collision_tblock_early"": 1.7743824439873803, ""collision_tblock_late"": 52.22292103424179, ""collision_tblock_mid"": 0.0, ""fall"": 0.0, ""timeout"": 1.327489119815259}"
start_behavior_context,start_region=x_pos__y_pos|start_theta_bin=sector_2|path_angle_bin=sector_1|near_count_bin=1|far_count_bin=1|medhigh_count_bin=0,False,26,13,13,0.5,1.5368527125406162,collision_tblock_early,8,-7.07528827488359,3.769230769230769,"{""collision"": 10, ""success"": 13, ""timeout"": 3}","{""collision_rod_early"": 1, ""collision_rod_mid"": 1, ""collision_tblock_early"": 8, ""timeout"": 3}","{""collision_rod_early"": 1.2127718273287893, ""collision_rod_late"": 0.0, ""collision_rod_mid"": 6.459031979256698, ""collision_tblock_early"": 1.8426279226022795, ""collision_tblock_late"": 0.0, ""collision_tblock_mid"": 0.0, ""fall"": 0.0, ""timeout"": 1.0339097952407306}"
start_behavior_context,start_region=x_pos__y_neg|start_theta_bin=sector_7|path_angle_bin=sector_6|near_count_bin=1|far_count_bin=1|medhigh_count_bin=0,False,24,12,12,0.5,1.5368527125406162,timeout,8,-10.461564733014155,5.708333333333333,"{""collision"": 4, ""success"": 12, ""timeout"": 8}","{""collision_rod_early"": 1, ""collision_tblock_early"": 3, ""timeout"": 8}","{""collision_rod_early"": 1.3138361462728552, ""collision_rod_late"": 0.0, ""collision_rod_mid"": 0.0, ""collision_tblock_early"": 0.7485675935571762, ""collision_tblock_late"": 0.0, ""collision_tblock_mid"": 0.0, ""fall"": 0.0, ""timeout"": 2.986850519584333}"
start_behavior_context,start_region=x_pos__y_pos|start_theta_bin=sector_1|path_angle_bin=sector_1|near_count_bin=1|far_count_bin=1|medhigh_count_bin=0,False,20,10,10,0.5,1.5368527125406162,collision_tblock_early,8,-8.713272464999951,3.1,"{""collision"": 8, ""success"": 10, ""timeout"": 2}","{""collision_tblock_early"": 8, ""timeout"": 2}","{""collision_rod_early"": 0.0, ""collision_rod_late"": 0.0, ""collision_rod_mid"": 0.0, ""collision_tblock_early"": 2.3954162993829633, ""collision_tblock_late"": 0.0, ""collision_tblock_mid"": 0.0, ""fall"": 0.0, ""timeout"": 0.8960551558752997}"
start_behavior_context,start_region=x_mid__y_neg|start_theta_bin=sector_6|path_angle_bin=sector_5|near_count_bin=0|far_count_bin=1|medhigh_count_bin=0,False,14,7,7,0.5,1.5368527125406162,timeout,4,-8.570411558372607,5.0,"{""collision"": 3, ""success"": 7, ""timeout"": 4}","{""collision_tblock_early"": 3, ""timeout"": 4}","{""collision_rod_early"": 0.0, ""collision_rod_late"": 0.0, ""collision_rod_mid"": 0.0, ""collision_tblock_early"": 1.2832587318123019, ""collision_tblock_late"": 0.0, ""collision_tblock_mid"": 0.0, ""fall"": 0.0, ""timeout"": 2.560157588215142}"
start_behavior_context,start_region=x_neg__y_mid|start_theta_bin=sector_4|path_angle_bin=sector_4|near_count_bin=0|far_count_bin=1|medhigh_count_bin=0,False,8,4,4,0.5,1.5368527125406162,timeout,2,-12.041493232547822,4.625,"{""collision"": 2, ""success"": 4, ""timeout"": 2}","{""collision_rod_mid"": 1, ""collision_tblock_early"": 1, ""timeout"": 2}","{""collision_rod_early"": 0.0, ""collision_rod_late"": 0.0, ""collision_rod_mid"": 20.99185393258427, ""collision_tblock_early"": 0.7485675935571761, ""collision_tblock_late"": 0.0, ""collision_tblock_mid"": 0.0, ""fall"": 0.0, ""timeout"": 2.2401378896882496}"
start_behavior_context,start_region=x_neg__y_pos|start_theta_bin=sector_1|path_angle_bin=sector_2|near_count_bin=0|far_count_bin=1|medhigh_count_bin=0,False,8,4,4,0.5,1.5368527125406162,fall,2,-10.705850221581072,4.75,"{""fall"": 2, ""success"": 4, ""timeout"": 2}","{""fall"": 2, ""timeout"": 2}","{""collision_rod_early"": 0.0, ""collision_rod_late"": 0.0, ""collision_rod_mid"": 0.0, ""collision_tblock_early"": 0.0, ""collision_tblock_late"": 0.0, ""collision_tblock_mid"": 0.0, ""fall"": 55.438427299703264, ""timeout"": 2.2401378896882496}"
start_behavior_context,start_region=x_mid__y_pos|start_theta_bin=sector_4|path_angle_bin=sector_1|near_count_bin=1|far_count_bin=1|medhigh_count_bin=0,False,6,3,3,0.5,1.5368527125406162,timeout,2,-12.900264240440828,5.5,"{""collision"": 1, ""success"": 3, ""timeout"": 2}","{""collision_rod_early"": 1, ""timeout"": 2}","{""collision_rod_early"": 5.255344585091421, ""collision_rod_late"": 0.0, ""collision_rod_mid"": 0.0, ""collision_tblock_early"": 0.0, ""collision_tblock_late"": 0.0, ""collision_tblock_mid"": 0.0, ""fall"": 0.0, ""timeout"": 2.986850519584333}"
start_behavior_context,start_region=x_mid__y_neg|start_theta_bin=sector_5|path_angle_bin=sector_6|near_count_bin=0|far_count_bin=1|medhigh_count_bin=0,False,6,3,3,0.5,1.5368527125406162,timeout,1,-8.756686694510101,3.8333333333333335,"{""collision"": 2, ""success"": 3, ""timeout"": 1}","{""collision_tblock_early"": 1, ""collision_tblock_mid"": 1, ""timeout"": 1}","{""collision_rod_early"": 0.0, ""collision_rod_late"": 0.0, ""collision_rod_mid"": 0.0, ""collision_tblock_early"": 0.9980901247429015, ""collision_tblock_late"": 0.0, ""collision_tblock_mid"": 59.59409888357257, ""fall"": 0.0, ""timeout"": 1.4934252597921664}"
start_behavior_context,start_region=x_pos__y_pos|start_theta_bin=sector_3|path_angle_bin=sector_0|near_count_bin=0|far_count_bin=1|medhigh_count_bin=0,False,6,3,3,0.5,1.5368527125406162,collision_tblock_early,2,-8.582938417776298,4.333333333333333,"{""collision"": 3, ""success"": 3}","{""collision_rod_late"": 1, ""collision_tblock_early"": 2}","{""collision_rod_early"": 0.0, ""collision_rod_late"": 155.68958333333336, ""collision_rod_mid"": 0.0, ""collision_tblock_early"": 1.996180249485803, ""collision_tblock_late"": 0.0, ""collision_tblock_mid"": 0.0, ""fall"": 0.0, ""timeout"": 0.0}"
start_behavior_context,start_region=x_mid__y_pos|start_theta_bin=sector_2|path_angle_bin=sector_2|near_count_bin=0|far_count_bin=1|medhigh_count_bin=0,False,6,3,3,0.5,1.5368527125406162,timeout,2,-5.6735149266150025,4.833333333333333,"{""collision"": 1, ""success"": 3, ""timeout"": 2}","{""collision_tblock_early"": 1, ""timeout"": 2}","{""collision_rod_early"": 0.0, ""collision_rod_late"": 0.0, ""collision_rod_mid"": 0.0, ""collision_tblock_early"": 0.9980901247429015, ""collision_tblock_late"": 0.0, ""collision_tblock_mid"": 0.0, ""fall"": 0.0, ""timeout"": 2.986850519584333}"
start_behavior_context,start_region=x_mid__y_pos|start_theta_bin=sector_5|path_angle_bin=sector_1|near_count_bin=0|far_count_bin=1|medhigh_count_bin=0,False,6,3,3,0.5,1.5368527125406162,timeout,2,-11.641816337394564,4.5,"{""collision"": 1, ""success"": 3, ""timeout"": 2}","{""collision_tblock_early"": 1, ""timeout"": 2}","{""collision_rod_early"": 0.0, ""collision_rod_late"": 0.0, ""collision_rod_mid"": 0.0, ""collision_tblock_early"": 0.9980901247429015, ""collision_tblock_late"": 0.0, ""collision_tblock_mid"": 0.0, ""fall"": 0.0, ""timeout"": 2.986850519584333}"
start_behavior_context,start_region=x_neg__y_pos|start_theta_bin=sector_0|path_angle_bin=sector_2|near_count_bin=0|far_count_bin=1|medhigh_count_bin=0,False,6,3,3,0.5,1.5368527125406162,fall,1,-7.668193842299709,3.6666666666666665,"{""collision"": 1, ""fall"": 1, ""success"": 3, ""timeout"": 1}","{""collision_tblock_early"": 1, ""fall"": 1, ""timeout"": 1}","{""collision_rod_early"": 0.0, ""collision_rod_late"": 0.0, ""collision_rod_mid"": 0.0, ""collision_tblock_early"": 0.9980901247429015, ""collision_tblock_late"": 0.0, ""collision_tblock_mid"": 0.0, ""fall"": 36.95895153313551, ""timeout"": 1.4934252597921664}"
start_behavior_context,start_region=x_pos__y_mid|start_theta_bin=sector_4|path_angle_bin=sector_7|near_count_bin=1|far_count_bin=1|medhigh_count_bin=1,False,6,3,3,0.5,1.5368527125406162,collision_tblock_early,2,-7.518104187760293,3.0,"{""collision"": 3, ""success"": 3}","{""collision_rod_mid"": 1, ""collision_tblock_early"": 2}","{""collision_rod_early"": 0.0, ""collision_rod_late"": 0.0, ""collision_rod_mid"": 27.98913857677903, ""collision_tblock_early"": 1.996180249485803, ""collision_tblock_late"": 0.0, ""collision_tblock_mid"": 0.0, ""fall"": 0.0, ""timeout"": 0.0}"
start_behavior_context,start_region=x_pos__y_mid|start_theta_bin=sector_3|path_angle_bin=sector_7|near_count_bin=0|far_count_bin=1|medhigh_count_bin=0,False,4,2,2,0.5,1.5368527125406162,timeout,2,-15.31895027520526,6.5,"{""success"": 2, ""timeout"": 2}","{""timeout"": 2}","{""collision_rod_early"": 0.0, ""collision_rod_late"": 0.0, ""collision_rod_mid"": 0.0, ""collision_tblock_early"": 0.0, ""collision_tblock_late"": 0.0, ""collision_tblock_mid"": 0.0, ""fall"": 0.0, ""timeout"": 4.480275779376499}"
start_behavior_context,start_region=x_pos__y_neg|start_theta_bin=sector_2|path_angle_bin=sector_7|near_count_bin=0|far_count_bin=1|medhigh_count_bin=0,False,4,2,2,0.5,1.5368527125406162,timeout,2,-7.667024128578509,7.0,"{""success"": 2, ""timeout"": 2}","{""timeout"": 2}","{""collision_rod_early"": 0.0, ""collision_rod_late"": 0.0, ""collision_rod_mid"": 0.0, ""collision_tblock_early"": 0.0, ""collision_tblock_late"": 0.0, ""collision_tblock_mid"": 0.0, ""fall"": 0.0, ""timeout"": 4.480275779376499}"
start_behavior_context,start_region=x_pos__y_pos|start_theta_bin=sector_0|path_angle_bin=sector_0|near_count_bin=0|far_count_bin=1|medhigh_count_bin=0,False,4,2,2,0.5,1.5368527125406162,timeout,2,-8.210680940568807,6.5,"{""success"": 2, ""timeout"": 2}","{""timeout"": 2}","{""collision_rod_early"": 0.0, ""collision_rod_late"": 0.0, ""collision_rod_mid"": 0.0, ""collision_tblock_early"": 0.0, ""collision_tblock_late"": 0.0, ""collision_tblock_mid"": 0.0, ""fall"": 0.0, ""timeout"": 4.480275779376499}"
start_behavior_context,start_region=x_pos__y_mid|start_theta_bin=sector_3|path_angle_bin=sector_0|near_count_bin=1|far_count_bin=1|medhigh_count_bin=1,False,4,2,2,0.5,1.5368527125406162,collision_tblock_early,2,-6.626359540210533,2.75,"{""collision"": 2, ""success"": 2}","{""collision_tblock_early"": 2}","{""collision_rod_early"": 0.0, ""collision_rod_late"": 0.0, ""collision_rod_mid"": 0.0, ""collision_tblock_early"": 2.9942703742287042, ""collision_tblock_late"": 0.0, ""collision_tblock_mid"": 0.0, ""fall"": 0.0, ""timeout"": 0.0}"
start_behavior_context,start_region=x_neg__y_mid|start_theta_bin=sector_3|path_angle_bin=sector_4|near_count_bin=0|far_count_bin=2|medhigh_count_bin=1,False,4,2,2,0.5,1.5368527125406162,collision_tblock_early,2,-6.1121961922629735,1.75,"{""collision"": 2, ""success"": 2}","{""collision_tblock_early"": 2}","{""collision_rod_early"": 0.0, ""collision_rod_late"": 0.0, ""collision_rod_mid"": 0.0, ""collision_tblock_early"": 2.9942703742287042, ""collision_tblock_late"": 0.0, ""collision_tblock_mid"": 0.0, ""fall"": 0.0, ""timeout"": 0.0}"
start_behavior_context,start_region=x_mid__y_neg|start_theta_bin=sector_3|path_angle_bin=sector_5|near_count_bin=0|far_count_bin=2|medhigh_count_bin=1,False,4,2,2,0.5,1.5368527125406162,collision_tblock_early,2,-7.022614689941645,2.5,"{""collision"": 2, ""success"": 2}","{""collision_tblock_early"": 2}","{""collision_rod_early"": 0.0, ""collision_rod_late"": 0.0, ""collision_rod_mid"": 0.0, ""collision_tblock_early"": 2.9942703742287042, ""collision_tblock_late"": 0.0, ""collision_tblock_mid"": 0.0, ""fall"": 0.0, ""timeout"": 0.0}"
start_behavior_context,start_region=x_mid__y_neg|start_theta_bin=sector_4|path_angle_bin=sector_6|near_count_bin=1|far_count_bin=1|medhigh_count_bin=1,False,4,2,2,0.5,1.5368527125406162,collision_tblock_early,2,-9.887982164110753,3.0,"{""collision"": 2, ""success"": 2}","{""collision_tblock_early"": 2}","{""collision_rod_early"": 0.0, ""collision_rod_late"": 0.0, ""collision_rod_mid"": 0.0, ""collision_tblock_early"": 2.9942703742287042, ""collision_tblock_late"": 0.0, ""collision_tblock_mid"": 0.0, ""fall"": 0.0, ""timeout"": 0.0}"
start_behavior_context,start_region=x_mid__y_neg|start_theta_bin=sector_6|path_angle_bin=sector_5|near_count_bin=1|far_count_bin=0|medhigh_count_bin=0,False,2,1,1,0.5,1.5368527125406162,fall,1,-27.202285023579698,6.0,"{""fall"": 1, ""success"": 1}","{""fall"": 1}","{""collision_rod_early"": 0.0, ""collision_rod_late"": 0.0, ""collision_rod_mid"": 0.0, ""collision_tblock_early"": 0.0, ""collision_tblock_late"": 0.0, ""collision_tblock_mid"": 0.0, ""fall"": 110.87685459940653, ""timeout"": 0.0}"
start_behavior_context,start_region=x_pos__y_mid|start_theta_bin=sector_2|path_angle_bin=sector_7|near_count_bin=1|far_count_bin=0|medhigh_count_bin=0,False,2,1,1,0.5,1.5368527125406162,collision_rod_mid,1,-10.990407328933678,4.0,"{""collision"": 1, ""success"": 1}","{""collision_rod_mid"": 1}","{""collision_rod_early"": 0.0, ""collision_rod_late"": 0.0, ""collision_rod_mid"": 83.96741573033708, ""collision_tblock_early"": 0.0, ""collision_tblock_late"": 0.0, ""collision_tblock_mid"": 0.0, ""fall"": 0.0, ""timeout"": 0.0}"
start_behavior_context,start_region=x_pos__y_pos|start_theta_bin=sector_7|path_angle_bin=sector_0|near_count_bin=0|far_count_bin=1|medhigh_count_bin=0,False,2,1,1,0.5,1.5368527125406162,timeout,1,-9.678507314815306,6.5,"{""success"": 1, ""timeout"": 1}","{""timeout"": 1}","{""collision_rod_early"": 0.0, ""collision_rod_late"": 0.0, ""collision_rod_mid"": 0.0, ""collision_tblock_early"": 0.0, ""collision_tblock_late"": 0.0, ""collision_tblock_mid"": 0.0, ""fall"": 0.0, ""timeout"": 4.480275779376499}"
start_behavior_context,start_region=x_pos__y_pos|start_theta_bin=sector_7|path_angle_bin=sector_1|near_count_bin=0|far_count_bin=1|medhigh_count_bin=0,False,2,1,1,0.5,1.5368527125406162,timeout,1,-7.874289301590757,6.5,"{""success"": 1, ""timeout"": 1}","{""timeout"": 1}","{""collision_rod_early"": 0.0, ""collision_rod_late"": 0.0, ""collision_rod_mid"": 0.0, ""collision_tblock_early"": 0.0, ""collision_tblock_late"": 0.0, ""collision_tblock_mid"": 0.0, ""fall"": 0.0, ""timeout"": 4.480275779376499}"
start_behavior_context,start_region=x_neg__y_neg|start_theta_bin=sector_1|path_angle_bin=sector_4|near_count_bin=2|far_count_bin=0|medhigh_count_bin=0,False,2,1,1,0.5,1.5368527125406162,collision_tblock_early,1,-8.489488634114238,3.0,"{""collision"": 1, ""success"": 1}","{""collision_tblock_early"": 1}","{""collision_rod_early"": 0.0, ""collision_rod_late"": 0.0, ""collision_rod_mid"": 0.0, ""collision_tblock_early"": 2.9942703742287042, ""collision_tblock_late"": 0.0, ""collision_tblock_mid"": 0.0, ""fall"": 0.0, ""timeout"": 0.0}"
start_behavior_context,start_region=x_pos__y_mid|start_theta_bin=sector_3|path_angle_bin=sector_0|near_count_bin=0|far_count_bin=2|medhigh_count_bin=1,False,2,1,1,0.5,1.5368527125406162,collision_tblock_early,1,-7.28666778971151,3.0,"{""collision"": 1, ""success"": 1}","{""collision_tblock_early"": 1}","{""collision_rod_early"": 0.0, ""collision_rod_late"": 0.0, ""collision_rod_mid"": 0.0, ""collision_tblock_early"": 2.9942703742287042, ""collision_tblock_late"": 0.0, ""collision_tblock_mid"": 0.0, ""fall"": 0.0, ""timeout"": 0.0}"
start_behavior_context,start_region=x_neg__y_pos|start_theta_bin=sector_2|path_angle_bin=sector_2|near_count_bin=0|far_count_bin=2|medhigh_count_bin=1,False,2,1,1,0.5,1.5368527125406162,timeout,1,-3.30469139009379,6.0,"{""success"": 1, ""timeout"": 1}","{""timeout"": 1}","{""collision_rod_early"": 0.0, ""collision_rod_late"": 0.0, ""collision_rod_mid"": 0.0, ""collision_tblock_early"": 0.0, ""collision_tblock_late"": 0.0, ""collision_tblock_mid"": 0.0, ""fall"": 0.0, ""timeout"": 4.480275779376499}"
start_behavior_context,start_region=x_neg__y_pos|start_theta_bin=sector_7|path_angle_bin=sector_3|near_count_bin=2|far_count_bin=0|medhigh_count_bin=0,False,2,1,1,0.5,1.5368527125406162,collision_tblock_early,1,-6.346753147688441,1.5,"{""collision"": 1, ""success"": 1}","{""collision_tblock_early"": 1}","{""collision_rod_early"": 0.0, ""collision_rod_late"": 0.0, ""collision_rod_mid"": 0.0, ""collision_tblock_early"": 2.9942703742287042, ""collision_tblock_late"": 0.0, ""collision_tblock_mid"": 0.0, ""fall"": 0.0, ""timeout"": 0.0}"
start_behavior_context,start_region=x_pos__y_pos|start_theta_bin=sector_7|path_angle_bin=sector_1|near_count_bin=0|far_count_bin=2|medhigh_count_bin=1,False,2,1,1,0.5,1.5368527125406162,collision_tblock_early,1,-6.891000577386003,2.5,"{""collision"": 1, ""success"": 1}","{""collision_tblock_early"": 1}","{""collision_rod_early"": 0.0, ""collision_rod_late"": 0.0, ""collision_rod_mid"": 0.0, ""collision_tblock_early"": 2.9942703742287042, ""collision_tblock_late"": 0.0, ""collision_tblock_mid"": 0.0, ""fall"": 0.0, ""timeout"": 0.0}"
start_behavior_context,start_region=x_mid__y_pos|start_theta_bin=sector_7|path_angle_bin=sector_2|near_count_bin=0|far_count_bin=2|medhigh_count_bin=1,False,2,1,1,0.5,1.5368527125406162,collision_tblock_early,1,-7.280694693042722,2.0,"{""collision"": 1, ""success"": 1}","{""collision_tblock_early"": 1}","{""collision_rod_early"": 0.0, ""collision_rod_late"": 0.0, ""collision_rod_mid"": 0.0, ""collision_tblock_early"": 2.9942703742287042, ""collision_tblock_late"": 0.0, ""collision_tblock_mid"": 0.0, ""fall"": 0.0, ""timeout"": 0.0}"
start_behavior_context,start_region=x_neg__y_neg|start_theta_bin=sector_0|path_angle_bin=sector_5|near_count_bin=1|far_count_bin=1|medhigh_count_bin=1,False,2,1,1,0.5,1.5368527125406162,collision_tblock_early,1,-7.733525671155244,2.5,"{""collision"": 1, ""success"": 1}","{""collision_tblock_early"": 1}","{""collision_rod_early"": 0.0, ""collision_rod_late"": 0.0, ""collision_rod_mid"": 0.0, ""collision_tblock_early"": 2.9942703742287042, ""collision_tblock_late"": 0.0, ""collision_tblock_mid"": 0.0, ""fall"": 0.0, ""timeout"": 0.0}"
start_behavior_context,start_region=x_neg__y_pos|start_theta_bin=sector_4|path_angle_bin=sector_3|near_count_bin=1|far_count_bin=1|medhigh_count_bin=0,False,33,17,16,0.48484848484848486,1.4902814182212036,collision_tblock_early,8,-9.304274828192565,4.03030303030303,"{""collision"": 9, ""success"": 17, ""timeout"": 7}","{""collision_rod_early"": 1, ""collision_tblock_early"": 8, ""timeout"": 7}","{""collision_rod_early"": 0.9555171972893491, ""collision_rod_late"": 0.0, ""collision_rod_mid"": 0.0, ""collision_tblock_early"": 1.4517674541714929, ""collision_tblock_late"": 0.0, ""collision_tblock_mid"": 0.0, ""fall"": 0.0, ""timeout"": 1.9007230579173024}"
start_behavior_context,start_region=x_neg__y_neg|start_theta_bin=sector_2|path_angle_bin=sector_4|near_count_bin=1|far_count_bin=1|medhigh_count_bin=0,False,27,14,13,0.48148148148148145,1.4799322417057788,collision_tblock_early,7,-7.25201803287905,3.925925925925926,"{""collision"": 8, ""success"": 14, ""timeout"": 5}","{""collision_rod_early"": 1, ""collision_tblock_early"": 7, ""timeout"": 5}","{""collision_rod_early"": 1.167854352242538, ""collision_rod_late"": 0.0, ""collision_rod_mid"": 0.0, ""collision_tblock_early"": 1.552584638488958, ""collision_tblock_late"": 0.0, ""collision_tblock_mid"": 0.0, ""fall"": 0.0, ""timeout"": 1.6593613997690737}"
start_behavior_context,start_region=x_pos__y_neg|start_theta_bin=sector_1|path_angle_bin=sector_7|near_count_bin=1|far_count_bin=1|medhigh_count_bin=0,False,23,12,11,0.4782608695652174,1.4700330293866761,collision_tblock_early,7,-8.370724607237166,4.043478260869565,"{""collision"": 7, ""success"": 12, ""timeout"": 4}","{""collision_tblock_early"": 7, ""timeout"": 4}","{""collision_rod_early"": 0.0, ""collision_rod_late"": 0.0, ""collision_rod_mid"": 0.0, ""collision_tblock_early"": 1.8225993582261677, ""collision_tblock_late"": 0.0, ""collision_tblock_mid"": 0.0, ""fall"": 0.0, ""timeout"": 1.5583567928266082}"
start_behavior_context,start_region=x_neg__y_neg|start_theta_bin=sector_7|path_angle_bin=sector_5|near_count_bin=1|far_count_bin=1|medhigh_count_bin=0,False,21,11,10,0.47619047619047616,1.463669250038682,timeout,4,-9.427800514959484,4.190476190476191,"{""collision"": 6, ""success"": 11, ""timeout"": 4}","{""collision_rod_early"": 2, ""collision_rod_mid"": 1, ""collision_tblock_early"": 3, ""timeout"": 4}","{""collision_rod_early"": 3.003054048623669, ""collision_rod_late"": 0.0, ""collision_rod_mid"": 7.99689673622258, ""collision_tblock_early"": 0.8555058212082013, ""collision_tblock_late"": 0.0, ""collision_tblock_mid"": 0.0, ""fall"": 0.0, ""timeout"": 1.7067717254767616}"
start_behavior_context,start_region=x_neg__y_pos|start_theta_bin=sector_1|path_angle_bin=sector_2|near_count_bin=1|far_count_bin=1|medhigh_count_bin=0,False,19,10,9,0.47368421052631576,1.4559657276700573,collision_tblock_early,6,-11.419964649092304,4.052631578947368,"{""collision"": 6, ""success"": 10, ""timeout"": 3}","{""collision_tblock_early"": 6, ""timeout"": 3}","{""collision_rod_early"": 0.0, ""collision_rod_late"": 0.0, ""collision_rod_mid"": 0.0, ""collision_tblock_early"": 1.8911181310918133, ""collision_tblock_late"": 0.0, ""collision_tblock_mid"": 0.0, ""fall"": 0.0, ""timeout"": 1.4148239303294208}"
start_behavior_context,start_region=x_neg__y_neg|start_theta_bin=sector_4|path_angle_bin=sector_4|near_count_bin=1|far_count_bin=1|medhigh_count_bin=0,False,32,17,15,0.46875,1.4407994180068275,collision_tblock_early,9,-6.899877890055402,3.375,"{""collision"": 11, ""success"": 17, ""timeout"": 4}","{""collision_rod_early"": 2, ""collision_tblock_early"": 9, ""timeout"": 4}","{""collision_rod_early"": 1.9707542194092826, ""collision_rod_late"": 0.0, ""collision_rod_mid"": 0.0, ""collision_tblock_early"": 1.6842770855036462, ""collision_tblock_late"": 0.0, ""collision_tblock_mid"": 0.0, ""fall"": 0.0, ""timeout"": 1.1200689448441248}"
start_behavior_context,start_region=x_neg__y_pos|start_theta_bin=sector_4|path_angle_bin=sector_2|near_count_bin=0|far_count_bin=1|medhigh_count_bin=0,False,13,7,6,0.46153846153846156,1.4186332731144147,timeout,3,-6.394686259027413,4.615384615384615,"{""collision"": 3, ""success"": 7, ""timeout"": 3}","{""collision_rod_early"": 1, ""collision_tblock_early"": 2, ""timeout"": 3}","{""collision_rod_early"": 2.4255436546575786, ""collision_rod_late"": 0.0, ""collision_rod_mid"": 0.0, ""collision_tblock_early"": 0.9213139613011397, ""collision_tblock_late"": 0.0, ""collision_tblock_mid"": 0.0, ""fall"": 0.0, ""timeout"": 2.067819590481461}"
start_behavior_context,start_region=x_pos__y_mid|start_theta_bin=sector_5|path_angle_bin=sector_0|near_count_bin=1|far_count_bin=1|medhigh_count_bin=0,False,13,7,6,0.46153846153846156,1.4186332731144147,timeout,4,-11.572480256501027,5.6923076923076925,"{""collision"": 2, ""success"": 7, ""timeout"": 4}","{""collision_rod_early"": 2, ""timeout"": 4}","{""collision_rod_early"": 4.851087309315157, ""collision_rod_late"": 0.0, ""collision_rod_mid"": 0.0, ""collision_tblock_early"": 0.0, ""collision_tblock_late"": 0.0, ""collision_tblock_mid"": 0.0, ""fall"": 0.0, ""timeout"": 2.7570927873086144}"
start_behavior_context,start_region=x_neg__y_mid|start_theta_bin=sector_3|path_angle_bin=sector_4|near_count_bin=1|far_count_bin=1|medhigh_count_bin=0,False,13,7,6,0.46153846153846156,1.4186332731144147,timeout,5,-6.404309657436089,5.538461538461538,"{""collision"": 1, ""success"": 7, ""timeout"": 5}","{""collision_tblock_early"": 1, ""timeout"": 5}","{""collision_rod_early"": 0.0, ""collision_rod_late"": 0.0, ""collision_rod_mid"": 0.0, ""collision_tblock_early"": 0.46065698065056987, ""collision_tblock_late"": 0.0, ""collision_tblock_mid"": 0.0, ""fall"": 0.0, ""timeout"": 3.446365984135768}"
start_behavior_context,start_region=x_pos__y_mid|start_theta_bin=sector_7|path_angle_bin=sector_0|near_count_bin=1|far_count_bin=1|medhigh_count_bin=0,False,13,7,6,0.46153846153846156,1.4186332731144147,timeout,3,-8.35533237990416,4.384615384615385,"{""collision"": 3, ""success"": 7, ""timeout"": 3}","{""collision_tblock_early"": 3, ""timeout"": 3}","{""collision_rod_early"": 0.0, ""collision_rod_late"": 0.0, ""collision_rod_mid"": 0.0, ""collision_tblock_early"": 1.3819709419517097, ""collision_tblock_late"": 0.0, ""collision_tblock_mid"": 0.0, ""fall"": 0.0, ""timeout"": 2.067819590481461}"
start_behavior_context,start_region=x_pos__y_mid|start_theta_bin=sector_6|path_angle_bin=sector_7|near_count_bin=1|far_count_bin=1|medhigh_count_bin=0,False,11,6,5,0.45454545454545453,1.3971388295823783,timeout,2,-10.343049173220091,4.7272727272727275,"{""collision"": 3, ""success"": 6, ""timeout"": 2}","{""collision_rod_mid"": 1, ""collision_tblock_early"": 1, ""collision_tblock_mid"": 1, ""timeout"": 2}","{""collision_rod_early"": 0.0, ""collision_rod_late"": 0.0, ""collision_rod_mid"": 15.266802860061288, ""collision_tblock_early"": 0.5444127953143099, ""collision_tblock_late"": 0.0, ""collision_tblock_mid"": 32.50587211831231, ""fall"": 0.0, ""timeout"": 1.6291911925005451}"
start_behavior_context,start_region=x_neg__y_neg|start_theta_bin=sector_6|path_angle_bin=sector_5|near_count_bin=1|far_count_bin=1|medhigh_count_bin=0,False,29,16,13,0.4482758620689655,1.3778679491743455,collision_tblock_early,5,-9.469790031747147,3.9310344827586206,"{""collision"": 10, ""success"": 16, ""timeout"": 3}","{""collision_rod_early"": 3, ""collision_rod_mid"": 2, ""collision_tblock_early"": 5, ""timeout"": 3}","{""collision_rod_early"": 3.261938018332606, ""collision_rod_late"": 0.0, ""collision_rod_mid"": 11.581712514529253, ""collision_tblock_early"": 1.0325070255961049, ""collision_tblock_late"": 0.0, ""collision_tblock_mid"": 0.0, ""fall"": 0.0, ""timeout"": 0.9269536095261721}"
start_behavior_context,start_region=x_pos__y_neg|start_theta_bin=sector_4|path_angle_bin=sector_6|near_count_bin=1|far_count_bin=1|medhigh_count_bin=0,False,18,10,8,0.4444444444444444,1.3660913000361032,collision_tblock_early,5,-8.246393632241885,4.333333333333333,"{""collision"": 5, ""success"": 10, ""timeout"": 3}","{""collision_tblock_early"": 5, ""timeout"": 3}","{""collision_rod_early"": 0.0, ""collision_rod_late"": 0.0, ""collision_rod_mid"": 0.0, ""collision_tblock_early"": 1.663483541238169, ""collision_tblock_late"": 0.0, ""collision_tblock_mid"": 0.0, ""fall"": 0.0, ""timeout"": 1.4934252597921662}"
start_behavior_context,start_region=x_pos__y_neg|start_theta_bin=sector_3|path_angle_bin=sector_6|near_count_bin=0|far_count_bin=1|medhigh_count_bin=0,False,9,5,4,0.4444444444444444,1.3660913000361032,timeout,4,-10.84354975175113,7.444444444444445,"{""success"": 5, ""timeout"": 4}","{""timeout"": 4}","{""collision_rod_early"": 0.0, ""collision_rod_late"": 0.0, ""collision_rod_mid"": 0.0, ""collision_tblock_early"": 0.0, ""collision_tblock_late"": 0.0, ""collision_tblock_mid"": 0.0, ""fall"": 0.0, ""timeout"": 3.9824673594457765}"
start_behavior_context,start_region=x_neg__y_pos|start_theta_bin=sector_4|path_angle_bin=sector_3|near_count_bin=0|far_count_bin=1|medhigh_count_bin=0,False,9,5,4,0.4444444444444444,1.3660913000361032,timeout,2,-9.063495411275701,4.555555555555555,"{""collision"": 2, ""success"": 5, ""timeout"": 2}","{""collision_rod_early"": 2, ""timeout"": 2}","{""collision_rod_early"": 7.007126113455227, ""collision_rod_late"": 0.0, ""collision_rod_mid"": 0.0, ""collision_tblock_early"": 0.0, ""collision_tblock_late"": 0.0, ""collision_tblock_mid"": 0.0, ""fall"": 0.0, ""timeout"": 1.9912336797228882}"
start_behavior_context,start_region=x_mid__y_pos|start_theta_bin=sector_1|path_angle_bin=sector_2|near_count_bin=0|far_count_bin=1|medhigh_count_bin=0,False,9,5,4,0.4444444444444444,1.3660913000361032,timeout,4,-5.425475827382747,6.222222222222222,"{""success"": 5, ""timeout"": 4}","{""timeout"": 4}","{""collision_rod_early"": 0.0, ""collision_rod_late"": 0.0, ""collision_rod_mid"": 0.0, ""collision_tblock_early"": 0.0, ""collision_tblock_late"": 0.0, ""collision_tblock_mid"": 0.0, ""fall"": 0.0, ""timeout"": 3.9824673594457765}"
start_behavior_context,start_region=x_pos__y_pos|start_theta_bin=sector_3|path_angle_bin=sector_1|near_count_bin=0|far_count_bin=1|medhigh_count_bin=0,False,9,5,4,0.4444444444444444,1.3660913000361032,collision_rod_early,2,-6.639962192826971,3.7777777777777777,"{""collision"": 3, ""success"": 5, ""timeout"": 1}","{""collision_rod_early"": 2, ""collision_rod_mid"": 1, ""timeout"": 1}","{""collision_rod_early"": 7.007126113455227, ""collision_rod_late"": 0.0, ""collision_rod_mid"": 18.659425717852685, ""collision_tblock_early"": 0.0, ""collision_tblock_late"": 0.0, ""collision_tblock_mid"": 0.0, ""fall"": 0.0, ""timeout"": 0.9956168398614441}"
start_behavior_context,start_region=x_pos__y_pos|start_theta_bin=sector_1|path_angle_bin=sector_0|near_count_bin=1|far_count_bin=1|medhigh_count_bin=0,False,23,13,10,0.43478260869565216,1.3363936630787967,collision_tblock_early,8,-6.670402939667855,3.347826086956522,"{""collision"": 8, ""success"": 13, ""timeout"": 2}","{""collision_tblock_early"": 8, ""timeout"": 2}","{""collision_rod_early"": 0.0, ""collision_rod_late"": 0.0, ""collision_rod_mid"": 0.0, ""collision_tblock_early"": 2.08297069511562, ""collision_tblock_late"": 0.0, ""collision_tblock_mid"": 0.0, ""fall"": 0.0, ""timeout"": 0.7791783964133041}"
start_behavior_context,start_region=x_mid__y_pos|start_theta_bin=sector_5|path_angle_bin=sector_2|near_count_bin=1|far_count_bin=1|medhigh_count_bin=0,False,21,12,9,0.42857142857142855,1.317302325034814,timeout,7,-8.892113792890179,5.714285714285714,"{""collision"": 2, ""success"": 12, ""timeout"": 7}","{""collision_tblock_early"": 2, ""timeout"": 7}","{""collision_rod_early"": 0.0, ""collision_rod_late"": 0.0, ""collision_rod_mid"": 0.0, ""collision_tblock_early"": 0.5703372141388008, ""collision_tblock_late"": 0.0, ""collision_tblock_mid"": 0.0, ""fall"": 0.0, ""timeout"": 2.9868505195843325}"
start_behavior_context,start_region=x_neg__y_neg|start_theta_bin=sector_6|path_angle_bin=sector_4|near_count_bin=1|far_count_bin=1|medhigh_count_bin=0,False,28,16,12,0.42857142857142855,1.3173023250348137,collision_tblock_early,4,-10.099813869301725,4.214285714285714,"{""collision"": 9, ""success"": 16, ""timeout"": 3}","{""collision_rod_early"": 3, ""collision_rod_mid"": 1, ""collision_tblock_early"": 4, ""collision_tblock_mid"": 1, ""timeout"": 3}","{""collision_rod_early"": 3.3784358047016276, ""collision_rod_late"": 0.0, ""collision_rod_mid"": 5.997672552166935, ""collision_tblock_early"": 0.8555058212082012, ""collision_tblock_late"": 0.0, ""collision_tblock_mid"": 12.770164046479836, ""fall"": 0.0, ""timeout"": 0.9600590955806784}"
start_behavior_context,start_region=x_neg__y_mid|start_theta_bin=sector_1|path_angle_bin=sector_3|near_count_bin=0|far_count_bin=1|medhigh_count_bin=0,False,7,4,3,0.42857142857142855,1.3173023250348137,timeout,2,-7.9133521567930405,4.571428571428571,"{""collision"": 1, ""success"": 4, ""timeout"": 2}","{""collision_tblock_early"": 1, ""timeout"": 2}","{""collision_rod_early"": 0.0, ""collision_rod_late"": 0.0, ""collision_rod_mid"": 0.0, ""collision_tblock_early"": 0.8555058212082012, ""collision_tblock_late"": 0.0, ""collision_tblock_mid"": 0.0, ""fall"": 0.0, ""timeout"": 2.560157588215142}"
start_behavior_context,start_region=x_neg__y_pos|start_theta_bin=sector_3|path_angle_bin=sector_2|near_count_bin=0|far_count_bin=1|medhigh_count_bin=0,False,7,4,3,0.42857142857142855,1.3173023250348137,timeout,3,-7.4549001325030035,7.142857142857143,"{""success"": 4, ""timeout"": 3}","{""timeout"": 3}","{""collision_rod_early"": 0.0, ""collision_rod_late"": 0.0, ""collision_rod_mid"": 0.0, ""collision_tblock_early"": 0.0, ""collision_tblock_late"": 0.0, ""collision_tblock_mid"": 0.0, ""fall"": 0.0, ""timeout"": 3.8402363823227135}"
start_behavior_context,start_region=x_pos__y_pos|start_theta_bin=sector_7|path_angle_bin=sector_0|near_count_bin=0|far_count_bin=2|medhigh_count_bin=1,False,7,4,3,0.42857142857142855,1.3173023250348137,collision_tblock_early,3,-6.717745009648072,2.7142857142857144,"{""collision"": 3, ""success"": 4}","{""collision_tblock_early"": 3}","{""collision_rod_early"": 0.0, ""collision_rod_late"": 0.0, ""collision_rod_mid"": 0.0, ""collision_tblock_early"": 2.5665174636246038, ""collision_tblock_late"": 0.0, ""collision_tblock_mid"": 0.0, ""fall"": 0.0, ""timeout"": 0.0}"
start_behavior_context,start_region=x_pos__y_pos|start_theta_bin=sector_0|path_angle_bin=sector_1|near_count_bin=0|far_count_bin=2|medhigh_count_bin=1,False,7,4,3,0.42857142857142855,1.3173023250348137,collision_tblock_early,3,-6.286668772585543,2.142857142857143,"{""collision"": 3, ""success"": 4}","{""collision_tblock_early"": 3}","{""collision_rod_early"": 0.0, ""collision_rod_late"": 0.0, ""collision_rod_mid"": 0.0, ""collision_tblock_early"": 2.5665174636246038, ""collision_tblock_late"": 0.0, ""collision_tblock_mid"": 0.0, ""fall"": 0.0, ""timeout"": 0.0}"
start_behavior_context,start_region=x_pos__y_neg|start_theta_bin=sector_4|path_angle_bin=sector_7|near_count_bin=1|far_count_bin=1|medhigh_count_bin=0,False,12,7,5,0.4166666666666667,1.280710593783847,timeout,2,-7.964228687482087,4.666666666666667,"{""collision"": 3, ""success"": 7, ""timeout"": 2}","{""collision_rod_mid"": 1, ""collision_tblock_early"": 2, ""timeout"": 2}","{""collision_rod_early"": 0.0, ""collision_rod_late"": 0.0, ""collision_rod_mid"": 13.994569288389515, ""collision_tblock_early"": 0.9980901247429015, ""collision_tblock_late"": 0.0, ""collision_tblock_mid"": 0.0, ""fall"": 0.0, ""timeout"": 1.4934252597921664}"
start_behavior_context,start_region=x_neg__y_pos|start_theta_bin=sector_5|path_angle_bin=sector_3|near_count_bin=1|far_count_bin=1|medhigh_count_bin=0,False,27,16,11,0.4074074074074074,1.252250358366428,collision_tblock_early,6,-9.376626227899926,4.296296296296297,"{""collision"": 6, ""success"": 16, ""timeout"": 5}","{""collision_tblock_early"": 6, ""timeout"": 5}","{""collision_rod_early"": 0.0, ""collision_rod_late"": 0.0, ""collision_rod_mid"": 0.0, ""collision_tblock_early"": 1.3307868329905355, ""collision_tblock_late"": 0.0, ""collision_tblock_mid"": 0.0, ""fall"": 0.0, ""timeout"": 1.6593613997690737}"
start_behavior_context,start_region=x_pos__y_mid|start_theta_bin=sector_2|path_angle_bin=sector_7|near_count_bin=1|far_count_bin=1|medhigh_count_bin=0,False,10,6,4,0.4,1.229482170032493,timeout,4,-10.788626628937791,6.0,"{""success"": 6, ""timeout"": 4}","{""timeout"": 4}","{""collision_rod_early"": 0.0, ""collision_rod_late"": 0.0, ""collision_rod_mid"": 0.0, ""collision_tblock_early"": 0.0, ""collision_tblock_late"": 0.0, ""collision_tblock_mid"": 0.0, ""fall"": 0.0, ""timeout"": 3.584220623501199}"
start_behavior_context,start_region=x_pos__y_mid|start_theta_bin=sector_1|path_angle_bin=sector_7|near_count_bin=0|far_count_bin=1|medhigh_count_bin=0,False,10,6,4,0.4,1.229482170032493,timeout,2,-8.209661304360448,5.9,"{""collision"": 2, ""success"": 6, ""timeout"": 2}","{""collision_rod_mid"": 1, ""collision_tblock_mid"": 1, ""timeout"": 2}","{""collision_rod_early"": 0.0, ""collision_rod_late"": 0.0, ""collision_rod_mid"": 16.793483146067416, ""collision_tblock_early"": 0.0, ""collision_tblock_late"": 0.0, ""collision_tblock_mid"": 35.756459330143535, ""fall"": 0.0, ""timeout"": 1.7921103117505994}"
start_behavior_context,start_region=x_pos__y_pos|start_theta_bin=sector_4|path_angle_bin=sector_0|near_count_bin=0|far_count_bin=1|medhigh_count_bin=0,False,10,6,4,0.4,1.229482170032493,timeout,3,-6.243396496227687,5.3,"{""collision"": 1, ""success"": 6, ""timeout"": 3}","{""collision_tblock_early"": 1, ""timeout"": 3}","{""collision_rod_early"": 0.0, ""collision_rod_late"": 0.0, ""collision_rod_mid"": 0.0, ""collision_tblock_early"": 0.5988540748457408, ""collision_tblock_late"": 0.0, ""collision_tblock_mid"": 0.0, ""fall"": 0.0, ""timeout"": 2.688165467625899}"
start_behavior_context,start_region=x_pos__y_mid|start_theta_bin=sector_2|path_angle_bin=sector_7|near_count_bin=0|far_count_bin=1|medhigh_count_bin=0,False,5,3,2,0.4,1.229482170032493,timeout,2,-6.004005571235451,5.6,"{""success"": 3, ""timeout"": 2}","{""timeout"": 2}","{""collision_rod_early"": 0.0, ""collision_rod_late"": 0.0, ""collision_rod_mid"": 0.0, ""collision_tblock_early"": 0.0, ""collision_tblock_late"": 0.0, ""collision_tblock_mid"": 0.0, ""fall"": 0.0, ""timeout"": 3.584220623501199}"
start_behavior_context,start_region=x_pos__y_neg|start_theta_bin=sector_1|path_angle_bin=sector_6|near_count_bin=0|far_count_bin=1|medhigh_count_bin=0,False,5,3,2,0.4,1.229482170032493,timeout,2,-8.471342721312244,6.0,"{""success"": 3, ""timeout"": 2}","{""timeout"": 2}","{""collision_rod_early"": 0.0, ""collision_rod_late"": 0.0, ""collision_rod_mid"": 0.0, ""collision_tblock_early"": 0.0, ""collision_tblock_late"": 0.0, ""collision_tblock_mid"": 0.0, ""fall"": 0.0, ""timeout"": 3.584220623501199}"
start_behavior_context,start_region=x_pos__y_mid|start_theta_bin=sector_4|path_angle_bin=sector_0|near_count_bin=0|far_count_bin=1|medhigh_count_bin=0,False,5,3,2,0.4,1.229482170032493,timeout,2,-5.766671395203071,5.4,"{""success"": 3, ""timeout"": 2}","{""timeout"": 2}","{""collision_rod_early"": 0.0, ""collision_rod_late"": 0.0, ""collision_rod_mid"": 0.0, ""collision_tblock_early"": 0.0, ""collision_tblock_late"": 0.0, ""collision_tblock_mid"": 0.0, ""fall"": 0.0, ""timeout"": 3.584220623501199}"
start_behavior_context,start_region=x_mid__y_neg|start_theta_bin=sector_2|path_angle_bin=sector_6|near_count_bin=1|far_count_bin=1|medhigh_count_bin=0,False,5,3,2,0.4,1.229482170032493,timeout,2,-7.141721225724041,5.4,"{""success"": 3, ""timeout"": 2}","{""timeout"": 2}","{""collision_rod_early"": 0.0, ""collision_rod_late"": 0.0, ""collision_rod_mid"": 0.0, ""collision_tblock_early"": 0.0, ""collision_tblock_late"": 0.0, ""collision_tblock_mid"": 0.0, ""fall"": 0.0, ""timeout"": 3.584220623501199}"
start_behavior_context,start_region=x_pos__y_neg|start_theta_bin=sector_1|path_angle_bin=sector_7|near_count_bin=0|far_count_bin=1|medhigh_count_bin=0,False,5,3,2,0.4,1.229482170032493,timeout,2,-7.753667436972913,6.2,"{""success"": 3, ""timeout"": 2}","{""timeout"": 2}","{""collision_rod_early"": 0.0, ""collision_rod_late"": 0.0, ""collision_rod_mid"": 0.0, ""collision_tblock_early"": 0.0, ""collision_tblock_late"": 0.0, ""collision_tblock_mid"": 0.0, ""fall"": 0.0, ""timeout"": 3.584220623501199}"
start_behavior_context,start_region=x_mid__y_pos|start_theta_bin=sector_7|path_angle_bin=sector_1|near_count_bin=0|far_count_bin=1|medhigh_count_bin=0,False,5,3,2,0.4,1.229482170032493,timeout,2,-9.74094607921764,6.2,"{""success"": 3, ""timeout"": 2}","{""timeout"": 2}","{""collision_rod_early"": 0.0, ""collision_rod_late"": 0.0, ""collision_rod_mid"": 0.0, ""collision_tblock_early"": 0.0, ""collision_tblock_late"": 0.0, ""collision_tblock_mid"": 0.0, ""fall"": 0.0, ""timeout"": 3.584220623501199}"
start_behavior_context,start_region=x_mid__y_pos|start_theta_bin=sector_7|path_angle_bin=sector_1|near_count_bin=1|far_count_bin=1|medhigh_count_bin=0,False,5,3,2,0.4,1.229482170032493,timeout,2,-6.675975795117924,6.2,"{""success"": 3, ""timeout"": 2}","{""timeout"": 2}","{""collision_rod_early"": 0.0, ""collision_rod_late"": 0.0, ""collision_rod_mid"": 0.0, ""collision_tblock_early"": 0.0, ""collision_tblock_late"": 0.0, ""collision_tblock_mid"": 0.0, ""fall"": 0.0, ""timeout"": 3.584220623501199}"
start_behavior_context,start_region=x_neg__y_pos|start_theta_bin=sector_1|path_angle_bin=sector_3|near_count_bin=0|far_count_bin=1|medhigh_count_bin=0,False,5,3,2,0.4,1.229482170032493,timeout,2,-6.678022275897054,6.8,"{""success"": 3, ""timeout"": 2}","{""timeout"": 2}","{""collision_rod_early"": 0.0, ""collision_rod_late"": 0.0, ""collision_rod_mid"": 0.0, ""collision_tblock_early"": 0.0, ""collision_tblock_late"": 0.0, ""collision_tblock_mid"": 0.0, ""fall"": 0.0, ""timeout"": 3.584220623501199}"
start_behavior_context,start_region=x_mid__y_neg|start_theta_bin=sector_3|path_angle_bin=sector_6|near_count_bin=1|far_count_bin=1|medhigh_count_bin=1,False,5,3,2,0.4,1.229482170032493,collision_tblock_early,2,-6.936228525135652,2.6,"{""collision"": 2, ""success"": 3}","{""collision_tblock_early"": 2}","{""collision_rod_early"": 0.0, ""collision_rod_late"": 0.0, ""collision_rod_mid"": 0.0, ""collision_tblock_early"": 2.3954162993829633, ""collision_tblock_late"": 0.0, ""collision_tblock_mid"": 0.0, ""fall"": 0.0, ""timeout"": 0.0}"
start_behavior_context,start_region=x_neg__y_neg|start_theta_bin=sector_4|path_angle_bin=sector_5|near_count_bin=1|far_count_bin=1|medhigh_count_bin=0,False,23,14,9,0.391304347826087,1.2027542967709168,collision_tblock_early,4,-6.847127081854103,3.9565217391304346,"{""collision"": 6, ""success"": 14, ""timeout"": 3}","{""collision_rod_early"": 2, ""collision_tblock_early"": 4, ""timeout"": 3}","{""collision_rod_early"": 2.741918913960741, ""collision_rod_late"": 0.0, ""collision_rod_mid"": 0.0, ""collision_tblock_early"": 1.04148534755781, ""collision_tblock_late"": 0.0, ""collision_tblock_mid"": 0.0, ""fall"": 0.0, ""timeout"": 1.1687675946199563}"
start_behavior_context,start_region=x_mid__y_pos|start_theta_bin=sector_2|path_angle_bin=sector_2|near_count_bin=1|far_count_bin=1|medhigh_count_bin=0,False,13,8,5,0.38461538461538464,1.1821943942620123,timeout,4,-6.173712465299068,4.769230769230769,"{""collision"": 1, ""success"": 8, ""timeout"": 4}","{""collision_rod_early"": 1, ""timeout"": 4}","{""collision_rod_early"": 2.4255436546575786, ""collision_rod_late"": 0.0, ""collision_rod_mid"": 0.0, ""collision_tblock_early"": 0.0, ""collision_tblock_late"": 0.0, ""collision_tblock_mid"": 0.0, ""fall"": 0.0, ""timeout"": 2.7570927873086144}"
start_behavior_context,start_region=x_neg__y_neg|start_theta_bin=sector_3|path_angle_bin=sector_4|near_count_bin=0|far_count_bin=1|medhigh_count_bin=0,False,13,8,5,0.38461538461538464,1.1821943942620123,timeout,4,-6.237204037788954,5.230769230769231,"{""collision"": 1, ""success"": 8, ""timeout"": 4}","{""collision_rod_early"": 1, ""timeout"": 4}","{""collision_rod_early"": 2.4255436546575786, ""collision_rod_late"": 0.0, ""collision_rod_mid"": 0.0, ""collision_tblock_early"": 0.0, ""collision_tblock_late"": 0.0, ""collision_tblock_mid"": 0.0, ""fall"": 0.0, ""timeout"": 2.7570927873086144}"
start_behavior_context,start_region=x_mid__y_pos|start_theta_bin=sector_5|path_angle_bin=sector_2|near_count_bin=0|far_count_bin=1|medhigh_count_bin=0,False,13,8,5,0.38461538461538464,1.1821943942620123,collision_tblock_early,3,-6.324715079670483,4.0,"{""collision"": 4, ""success"": 8, ""timeout"": 1}","{""collision_rod_early"": 1, ""collision_tblock_early"": 3, ""timeout"": 1}","{""collision_rod_early"": 2.4255436546575786, ""collision_rod_late"": 0.0, ""collision_rod_mid"": 0.0, ""collision_tblock_early"": 1.3819709419517097, ""collision_tblock_late"": 0.0, ""collision_tblock_mid"": 0.0, ""fall"": 0.0, ""timeout"": 0.6892731968271536}"
start_behavior_context,start_region=x_neg__y_neg|start_theta_bin=sector_1|path_angle_bin=sector_5|near_count_bin=1|far_count_bin=1|medhigh_count_bin=0,False,32,20,12,0.375,1.152639534405462,collision_tblock_early,6,-6.71060811246989,4.4375,"{""collision"": 7, ""success"": 20, ""timeout"": 5}","{""collision_tblock_early"": 6, ""collision_tblock_late"": 1, ""timeout"": 5}","{""collision_rod_early"": 0.0, ""collision_rod_late"": 0.0, ""collision_rod_mid"": 0.0, ""collision_tblock_early"": 1.1228513903357642, ""collision_tblock_late"": 44.063089622641506, ""collision_tblock_mid"": 0.0, ""fall"": 0.0, ""timeout"": 1.4000861810551557}"
start_behavior_context,start_region=x_mid__y_neg|start_theta_bin=sector_3|path_angle_bin=sector_6|near_count_bin=1|far_count_bin=1|medhigh_count_bin=0,False,8,5,3,0.375,1.152639534405462,timeout,2,-9.768505172478267,6.125,"{""collision"": 1, ""success"": 5, ""timeout"": 2}","{""collision_tblock_late"": 1, ""timeout"": 2}","{""collision_rod_early"": 0.0, ""collision_rod_late"": 0.0, ""collision_rod_mid"": 0.0, ""collision_tblock_early"": 0.0, ""collision_tblock_late"": 176.25235849056602, ""collision_tblock_mid"": 0.0, ""fall"": 0.0, ""timeout"": 2.2401378896882496}"
start_behavior_context,start_region=x_pos__y_mid|start_theta_bin=sector_3|path_angle_bin=sector_7|near_count_bin=1|far_count_bin=1|medhigh_count_bin=0,False,8,5,3,0.375,1.152639534405462,timeout,3,-4.991576252281592,5.75,"{""success"": 5, ""timeout"": 3}","{""timeout"": 3}","{""collision_rod_early"": 0.0, ""collision_rod_late"": 0.0, ""collision_rod_mid"": 0.0, ""collision_tblock_early"": 0.0, ""collision_tblock_late"": 0.0, ""collision_tblock_mid"": 0.0, ""fall"": 0.0, ""timeout"": 3.360206834532374}"
start_behavior_context,start_region=x_mid__y_pos|start_theta_bin=sector_4|path_angle_bin=sector_1|near_count_bin=0|far_count_bin=1|medhigh_count_bin=0,False,8,5,3,0.375,1.152639534405462,timeout,2,-5.832897141462569,5.0,"{""collision"": 1, ""success"": 5, ""timeout"": 2}","{""collision_rod_early"": 1, ""timeout"": 2}","{""collision_rod_early"": 3.9415084388185653, ""collision_rod_late"": 0.0, ""collision_rod_mid"": 0.0, ""collision_tblock_early"": 0.0, ""collision_tblock_late"": 0.0, ""collision_tblock_mid"": 0.0, ""fall"": 0.0, ""timeout"": 2.2401378896882496}"
start_behavior_context,start_region=x_neg__y_pos|start_theta_bin=sector_2|path_angle_bin=sector_3|near_count_bin=0|far_count_bin=1|medhigh_count_bin=0,False,8,5,3,0.375,1.152639534405462,timeout,2,-6.803296882513996,5.25,"{""collision"": 1, ""success"": 5, ""timeout"": 2}","{""collision_rod_mid"": 1, ""timeout"": 2}","{""collision_rod_early"": 0.0, ""collision_rod_late"": 0.0, ""collision_rod_mid"": 20.99185393258427, ""collision_tblock_early"": 0.0, ""collision_tblock_late"": 0.0, ""collision_tblock_mid"": 0.0, ""fall"": 0.0, ""timeout"": 2.2401378896882496}"
start_behavior_context,start_region=x_pos__y_mid|start_theta_bin=sector_0|path_angle_bin=sector_0|near_count_bin=1|far_count_bin=1|medhigh_count_bin=0,False,8,5,3,0.375,1.152639534405462,timeout,3,-7.788086931203132,5.875,"{""success"": 5, ""timeout"": 3}","{""timeout"": 3}","{""collision_rod_early"": 0.0, ""collision_rod_late"": 0.0, ""collision_rod_mid"": 0.0, ""collision_tblock_early"": 0.0, ""collision_tblock_late"": 0.0, ""collision_tblock_mid"": 0.0, ""fall"": 0.0, ""timeout"": 3.360206834532374}"
start_behavior_context,start_region=x_neg__y_pos|start_theta_bin=sector_0|path_angle_bin=sector_3|near_count_bin=0|far_count_bin=1|medhigh_count_bin=0,False,8,5,3,0.375,1.152639534405462,timeout,3,-5.4609241527472445,6.375,"{""success"": 5, ""timeout"": 3}","{""timeout"": 3}","{""collision_rod_early"": 0.0, ""collision_rod_late"": 0.0, ""collision_rod_mid"": 0.0, ""collision_tblock_early"": 0.0, ""collision_tblock_late"": 0.0, ""collision_tblock_mid"": 0.0, ""fall"": 0.0, ""timeout"": 3.360206834532374}"
start_behavior_context,start_region=x_neg__y_neg|start_theta_bin=sector_3|path_angle_bin=sector_4|near_count_bin=1|far_count_bin=1|medhigh_count_bin=0,False,43,27,16,0.37209302325581395,1.1437043442162724,timeout,8,-5.915048495824394,4.395348837209302,"{""collision"": 8, ""success"": 27, ""timeout"": 8}","{""collision_tblock_early"": 8, ""timeout"": 8}","{""collision_rod_early"": 0.0, ""collision_rod_late"": 0.0, ""collision_rod_mid"": 0.0, ""collision_tblock_early"": 1.114147115992076, ""collision_tblock_late"": 0.0, ""collision_tblock_mid"": 0.0, ""fall"": 0.0, ""timeout"": 1.6670793597679996}"
start_behavior_context,start_region=x_mid__y_neg|start_theta_bin=sector_7|path_angle_bin=sector_6|near_count_bin=1|far_count_bin=1|medhigh_count_bin=0,False,27,17,10,0.37037037037037035,1.1384094166967529,collision_tblock_early,4,-9.610012649357987,4.777777777777778,"{""collision"": 7, ""fall"": 1, ""success"": 17, ""timeout"": 2}","{""collision_rod_early"": 3, ""collision_tblock_early"": 4, ""fall"": 1, ""timeout"": 2}","{""collision_rod_early"": 3.503563056727614, ""collision_rod_late"": 0.0, ""collision_rod_mid"": 0.0, ""collision_tblock_early"": 0.8871912219936902, ""collision_tblock_late"": 0.0, ""collision_tblock_mid"": 0.0, ""fall"": 8.21310034069678, ""timeout"": 0.6637445599076295}"
start_behavior_context,start_region=x_mid__y_neg|start_theta_bin=sector_2|path_angle_bin=sector_5|near_count_bin=1|far_count_bin=1|medhigh_count_bin=0,False,22,14,8,0.36363636363636365,1.1177110636659027,collision_tblock_early,4,-6.555288474729607,3.909090909090909,"{""collision"": 5, ""success"": 14, ""timeout"": 3}","{""collision_rod_mid"": 1, ""collision_tblock_early"": 4, ""timeout"": 3}","{""collision_rod_early"": 0.0, ""collision_rod_late"": 0.0, ""collision_rod_mid"": 7.633401430030644, ""collision_tblock_early"": 1.0888255906286197, ""collision_tblock_late"": 0.0, ""collision_tblock_mid"": 0.0, ""fall"": 0.0, ""timeout"": 1.221893394375409}"
start_behavior_context,start_region=x_neg__y_mid|start_theta_bin=sector_0|path_angle_bin=sector_4|near_count_bin=0|far_count_bin=1|medhigh_count_bin=0,False,11,7,4,0.36363636363636365,1.1177110636659027,timeout,2,-9.629217594911484,3.8181818181818183,"{""collision"": 1, ""fall"": 1, ""success"": 7, ""timeout"": 2}","{""collision_rod_early"": 1, ""fall"": 1, ""timeout"": 2}","{""collision_rod_early"": 2.8665515918680478, ""collision_rod_late"": 0.0, ""collision_rod_mid"": 0.0, ""collision_tblock_early"": 0.0, ""collision_tblock_late"": 0.0, ""collision_tblock_mid"": 0.0, ""fall"": 20.159428108983008, ""timeout"": 1.6291911925005451}"
start_behavior_context,start_region=x_neg__y_mid|start_theta_bin=sector_3|path_angle_bin=sector_4|near_count_bin=0|far_count_bin=1|medhigh_count_bin=0,False,11,7,4,0.36363636363636365,1.1177110636659027,timeout,4,-5.754980465374073,5.363636363636363,"{""success"": 7, ""timeout"": 4}","{""timeout"": 4}","{""collision_rod_early"": 0.0, ""collision_rod_late"": 0.0, ""collision_rod_mid"": 0.0, ""collision_tblock_early"": 0.0, ""collision_tblock_late"": 0.0, ""collision_tblock_mid"": 0.0, ""fall"": 0.0, ""timeout"": 3.2583823850010902}"
start_behavior_context,start_region=x_mid__y_pos|start_theta_bin=sector_2|path_angle_bin=sector_1|near_count_bin=0|far_count_bin=1|medhigh_count_bin=0,False,14,9,5,0.35714285714285715,1.0977519375290117,timeout,4,-3.9572749507056395,4.5,"{""collision"": 1, ""success"": 9, ""timeout"": 4}","{""collision_rod_mid"": 1, ""timeout"": 4}","{""collision_rod_early"": 0.0, ""collision_rod_late"": 0.0, ""collision_rod_mid"": 11.99534510433387, ""collision_tblock_early"": 0.0, ""collision_tblock_late"": 0.0, ""collision_tblock_mid"": 0.0, ""fall"": 0.0, ""timeout"": 2.560157588215142}"
start_behavior_context,start_region=x_pos__y_mid|start_theta_bin=sector_3|path_angle_bin=sector_0|near_count_bin=1|far_count_bin=1|medhigh_count_bin=0,False,14,9,5,0.35714285714285715,1.0977519375290117,timeout,3,-6.427496749233898,5.0,"{""collision"": 2, ""success"": 9, ""timeout"": 3}","{""collision_rod_early"": 1, ""collision_tblock_early"": 1, ""timeout"": 3}","{""collision_rod_early"": 2.252290536467752, ""collision_rod_late"": 0.0, ""collision_rod_mid"": 0.0, ""collision_tblock_early"": 0.4277529106041006, ""collision_tblock_late"": 0.0, ""collision_tblock_mid"": 0.0, ""fall"": 0.0, ""timeout"": 1.9201181911613567}"
start_behavior_context,start_region=x_neg__y_neg|start_theta_bin=sector_3|path_angle_bin=sector_5|near_count_bin=0|far_count_bin=1|medhigh_count_bin=0,False,20,13,7,0.35,1.0757968987784312,timeout,4,-7.148220127428404,4.65,"{""collision"": 3, ""success"": 13, ""timeout"": 4}","{""collision_rod_early"": 2, ""collision_tblock_early"": 1, ""timeout"": 4}","{""collision_rod_early"": 3.153206751054852, ""collision_rod_late"": 0.0, ""collision_rod_mid"": 0.0, ""collision_tblock_early"": 0.2994270374228704, ""collision_tblock_late"": 0.0, ""collision_tblock_mid"": 0.0, ""fall"": 0.0, ""timeout"": 1.7921103117505994}"
start_behavior_context,start_region=x_neg__y_mid|start_theta_bin=sector_6|path_angle_bin=sector_3|near_count_bin=1|far_count_bin=1|medhigh_count_bin=0,False,24,16,8,0.3333333333333333,1.0245684750270776,timeout,3,-9.519495096882968,4.416666666666667,"{""collision"": 5, ""success"": 16, ""timeout"": 3}","{""collision_rod_early"": 2, ""collision_tblock_early"": 2, ""collision_tblock_late"": 1, ""timeout"": 3}","{""collision_rod_early"": 2.6276722925457103, ""collision_rod_late"": 0.0, ""collision_rod_mid"": 0.0, ""collision_tblock_early"": 0.49904506237145074, ""collision_tblock_late"": 58.750786163522015, ""collision_tblock_mid"": 0.0, ""fall"": 0.0, ""timeout"": 1.1200689448441248}"
start_behavior_context,start_region=x_mid__y_neg|start_theta_bin=sector_4|path_angle_bin=sector_5|near_count_bin=0|far_count_bin=1|medhigh_count_bin=0,False,12,8,4,0.3333333333333333,1.0245684750270776,timeout,4,-9.133621554654075,5.583333333333333,"{""success"": 8, ""timeout"": 4}","{""timeout"": 4}","{""collision_rod_early"": 0.0, ""collision_rod_late"": 0.0, ""collision_rod_mid"": 0.0, ""collision_tblock_early"": 0.0, ""collision_tblock_late"": 0.0, ""collision_tblock_mid"": 0.0, ""fall"": 0.0, ""timeout"": 2.986850519584333}"
start_behavior_context,start_region=x_neg__y_pos|start_theta_bin=sector_5|path_angle_bin=sector_3|near_count_bin=0|far_count_bin=1|medhigh_count_bin=0,False,12,8,4,0.3333333333333333,1.0245684750270776,timeout,3,-6.729816128768398,5.166666666666667,"{""collision"": 1, ""success"": 8, ""timeout"": 3}","{""collision_rod_early"": 1, ""timeout"": 3}","{""collision_rod_early"": 2.6276722925457103, ""collision_rod_late"": 0.0, ""collision_rod_mid"": 0.0, ""collision_tblock_early"": 0.0, ""collision_tblock_late"": 0.0, ""collision_tblock_mid"": 0.0, ""fall"": 0.0, ""timeout"": 2.2401378896882496}"
start_behavior_context,start_region=x_pos__y_mid|start_theta_bin=sector_4|path_angle_bin=sector_7|near_count_bin=1|far_count_bin=1|medhigh_count_bin=0,False,6,4,2,0.3333333333333333,1.0245684750270776,timeout,1,-11.473298133265175,4.5,"{""collision"": 1, ""success"": 4, ""timeout"": 1}","{""collision_rod_early"": 1, ""timeout"": 1}","{""collision_rod_early"": 5.255344585091421, ""collision_rod_late"": 0.0, ""collision_rod_mid"": 0.0, ""collision_tblock_early"": 0.0, ""collision_tblock_late"": 0.0, ""collision_tblock_mid"": 0.0, ""fall"": 0.0, ""timeout"": 1.4934252597921664}"
start_behavior_context,start_region=x_mid__y_neg|start_theta_bin=sector_3|path_angle_bin=sector_6|near_count_bin=0|far_count_bin=1|medhigh_count_bin=0,False,6,4,2,0.3333333333333333,1.0245684750270776,timeout,2,-3.9723958483957458,5.5,"{""success"": 4, ""timeout"": 2}","{""timeout"": 2}","{""collision_rod_early"": 0.0, ""collision_rod_late"": 0.0, ""collision_rod_mid"": 0.0, ""collision_tblock_early"": 0.0, ""collision_tblock_late"": 0.0, ""collision_tblock_mid"": 0.0, ""fall"": 0.0, ""timeout"": 2.986850519584333}"
start_behavior_context,start_region=x_neg__y_pos|start_theta_bin=sector_6|path_angle_bin=sector_3|near_count_bin=0|far_count_bin=1|medhigh_count_bin=0,False,6,4,2,0.3333333333333333,1.0245684750270776,timeout,1,-9.924684973025911,4.666666666666667,"{""collision"": 1, ""success"": 4, ""timeout"": 1}","{""collision_tblock_early"": 1, ""timeout"": 1}","{""collision_rod_early"": 0.0, ""collision_rod_late"": 0.0, ""collision_rod_mid"": 0.0, ""collision_tblock_early"": 0.9980901247429015, ""collision_tblock_late"": 0.0, ""collision_tblock_mid"": 0.0, ""fall"": 0.0, ""timeout"": 1.4934252597921664}"
start_behavior_context,start_region=x_mid__y_pos|start_theta_bin=sector_7|path_angle_bin=sector_2|near_count_bin=0|far_count_bin=1|medhigh_count_bin=0,False,6,4,2,0.3333333333333333,1.0245684750270776,collision_tblock_early,2,-8.658589562550189,3.3333333333333335,"{""collision"": 2, ""success"": 4}","{""collision_tblock_early"": 2}","{""collision_rod_early"": 0.0, ""collision_rod_late"": 0.0, ""collision_rod_mid"": 0.0, ""collision_tblock_early"": 1.996180249485803, ""collision_tblock_late"": 0.0, ""collision_tblock_mid"": 0.0, ""fall"": 0.0, ""timeout"": 0.0}"
start_behavior_context,start_region=x_pos__y_neg|start_theta_bin=sector_6|path_angle_bin=sector_7|near_count_bin=0|far_count_bin=1|medhigh_count_bin=0,False,6,4,2,0.3333333333333333,1.0245684750270776,timeout,2,-9.115257540496904,4.666666666666667,"{""success"": 4, ""timeout"": 2}","{""timeout"": 2}","{""collision_rod_early"": 0.0, ""collision_rod_late"": 0.0, ""collision_rod_mid"": 0.0, ""collision_tblock_early"": 0.0, ""collision_tblock_late"": 0.0, ""collision_tblock_mid"": 0.0, ""fall"": 0.0, ""timeout"": 2.986850519584333}"
start_behavior_context,start_region=x_neg__y_mid|start_theta_bin=sector_2|path_angle_bin=sector_3|near_count_bin=0|far_count_bin=1|medhigh_count_bin=0,False,6,4,2,0.3333333333333333,1.0245684750270776,timeout,2,-5.903920321009687,5.333333333333333,"{""success"": 4, ""timeout"": 2}","{""timeout"": 2}","{""collision_rod_early"": 0.0, ""collision_rod_late"": 0.0, ""collision_rod_mid"": 0.0, ""collision_tblock_early"": 0.0, ""collision_tblock_late"": 0.0, ""collision_tblock_mid"": 0.0, ""fall"": 0.0, ""timeout"": 2.986850519584333}"
start_behavior_context,start_region=x_pos__y_mid|start_theta_bin=sector_5|path_angle_bin=sector_7|near_count_bin=1|far_count_bin=1|medhigh_count_bin=0,False,6,4,2,0.3333333333333333,1.0245684750270776,timeout,1,-7.178193668091125,4.5,"{""collision"": 1, ""success"": 4, ""timeout"": 1}","{""collision_rod_mid"": 1, ""timeout"": 1}","{""collision_rod_early"": 0.0, ""collision_rod_late"": 0.0, ""collision_rod_mid"": 27.98913857677903, ""collision_tblock_early"": 0.0, ""collision_tblock_late"": 0.0, ""collision_tblock_mid"": 0.0, ""fall"": 0.0, ""timeout"": 1.4934252597921664}"
start_behavior_context,start_region=x_mid__y_pos|start_theta_bin=sector_0|path_angle_bin=sector_1|near_count_bin=1|far_count_bin=1|medhigh_count_bin=0,False,3,2,1,0.3333333333333333,1.0245684750270776,timeout,1,-4.645396030288399,5.666666666666667,"{""success"": 2, ""timeout"": 1}","{""timeout"": 1}","{""collision_rod_early"": 0.0, ""collision_rod_late"": 0.0, ""collision_rod_mid"": 0.0, ""collision_tblock_early"": 0.0, ""collision_tblock_late"": 0.0, ""collision_tblock_mid"": 0.0, ""fall"": 0.0, ""timeout"": 2.986850519584333}"
start_behavior_context,start_region=x_mid__y_pos|start_theta_bin=sector_0|path_angle_bin=sector_1|near_count_bin=0|far_count_bin=1|medhigh_count_bin=0,False,3,2,1,0.3333333333333333,1.0245684750270776,timeout,1,-6.148614883359848,6.0,"{""success"": 2, ""timeout"": 1}","{""timeout"": 1}","{""collision_rod_early"": 0.0, ""collision_rod_late"": 0.0, ""collision_rod_mid"": 0.0, ""collision_tblock_early"": 0.0, ""collision_tblock_late"": 0.0, ""collision_tblock_mid"": 0.0, ""fall"": 0.0, ""timeout"": 2.986850519584333}"
start_behavior_context,start_region=x_pos__y_pos|start_theta_bin=sector_5|path_angle_bin=sector_0|near_count_bin=0|far_count_bin=1|medhigh_count_bin=0,False,3,2,1,0.3333333333333333,1.0245684750270776,timeout,1,-6.016417599335618,4.666666666666667,"{""success"": 2, ""timeout"": 1}","{""timeout"": 1}","{""collision_rod_early"": 0.0, ""collision_rod_late"": 0.0, ""collision_rod_mid"": 0.0, ""collision_tblock_early"": 0.0, ""collision_tblock_late"": 0.0, ""collision_tblock_mid"": 0.0, ""fall"": 0.0, ""timeout"": 2.986850519584333}"
start_behavior_context,start_region=x_mid__y_pos|start_theta_bin=sector_2|path_angle_bin=sector_1|near_count_bin=0|far_count_bin=2|medhigh_count_bin=1,False,3,2,1,0.3333333333333333,1.0245684750270776,collision_tblock_early,1,-5.906289547079747,3.0,"{""collision"": 1, ""success"": 2}","{""collision_tblock_early"": 1}","{""collision_rod_early"": 0.0, ""collision_rod_late"": 0.0, ""collision_rod_mid"": 0.0, ""collision_tblock_early"": 1.996180249485803, ""collision_tblock_late"": 0.0, ""collision_tblock_mid"": 0.0, ""fall"": 0.0, ""timeout"": 0.0}"
start_behavior_context,start_region=x_mid__y_pos|start_theta_bin=sector_0|path_angle_bin=sector_2|near_count_bin=0|far_count_bin=2|medhigh_count_bin=1,False,3,2,1,0.3333333333333333,1.0245684750270776,collision_tblock_early,1,-6.564613085121819,3.0,"{""collision"": 1, ""success"": 2}","{""collision_tblock_early"": 1}","{""collision_rod_early"": 0.0, ""collision_rod_late"": 0.0, ""collision_rod_mid"": 0.0, ""collision_tblock_early"": 1.996180249485803, ""collision_tblock_late"": 0.0, ""collision_tblock_mid"": 0.0, ""fall"": 0.0, ""timeout"": 0.0}"
start_behavior_context,start_region=x_pos__y_mid|start_theta_bin=sector_4|path_angle_bin=sector_0|near_count_bin=1|far_count_bin=1|medhigh_count_bin=0,False,15,10,5,0.3333333333333333,1.0245684750270774,timeout,3,-6.227607064510599,4.533333333333333,"{""collision"": 2, ""success"": 10, ""timeout"": 3}","{""collision_rod_mid"": 1, ""collision_tblock_early"": 1, ""timeout"": 3}","{""collision_rod_early"": 0.0, ""collision_rod_late"": 0.0, ""collision_rod_mid"": 11.19565543071161, ""collision_tblock_early"": 0.39923604989716055, ""collision_tblock_late"": 0.0, ""collision_tblock_mid"": 0.0, ""fall"": 0.0, ""timeout"": 1.7921103117505994}"
start_behavior_context,start_region=x_neg__y_mid|start_theta_bin=sector_7|path_angle_bin=sector_3|near_count_bin=0|far_count_bin=1|medhigh_count_bin=0,False,15,10,5,0.3333333333333333,1.0245684750270774,fall,3,-7.454679241795003,4.133333333333334,"{""fall"": 3, ""success"": 10, ""timeout"": 2}","{""fall"": 3, ""timeout"": 2}","{""collision_rod_early"": 0.0, ""collision_rod_late"": 0.0, ""collision_rod_mid"": 0.0, ""collision_tblock_early"": 0.0, ""collision_tblock_late"": 0.0, ""collision_tblock_mid"": 0.0, ""fall"": 44.35074183976261, ""timeout"": 1.194740207833733}"
start_behavior_context,start_region=x_neg__y_pos|start_theta_bin=sector_7|path_angle_bin=sector_3|near_count_bin=0|far_count_bin=1|medhigh_count_bin=0,False,9,6,3,0.3333333333333333,1.0245684750270774,timeout,3,-13.33305054840539,5.444444444444445,"{""success"": 6, ""timeout"": 3}","{""timeout"": 3}","{""collision_rod_early"": 0.0, ""collision_rod_late"": 0.0, ""collision_rod_mid"": 0.0, ""collision_tblock_early"": 0.0, ""collision_tblock_late"": 0.0, ""collision_tblock_mid"": 0.0, ""fall"": 0.0, ""timeout"": 2.9868505195843325}"
start_behavior_context,start_region=x_pos__y_neg|start_theta_bin=sector_7|path_angle_bin=sector_6|near_count_bin=0|far_count_bin=1|medhigh_count_bin=0,False,9,6,3,0.3333333333333333,1.0245684750270774,collision_rod_early,2,-10.754876293971606,4.555555555555555,"{""collision"": 2, ""success"": 6, ""timeout"": 1}","{""collision_rod_early"": 2, ""timeout"": 1}","{""collision_rod_early"": 7.007126113455227, ""collision_rod_late"": 0.0, ""collision_rod_mid"": 0.0, ""collision_tblock_early"": 0.0, ""collision_tblock_late"": 0.0, ""collision_tblock_mid"": 0.0, ""fall"": 0.0, ""timeout"": 0.9956168398614441}"
start_behavior_context,start_region=x_neg__y_mid|start_theta_bin=sector_6|path_angle_bin=sector_4|near_count_bin=0|far_count_bin=1|medhigh_count_bin=0,False,9,6,3,0.3333333333333333,1.0245684750270774,collision_tblock_mid,1,-8.995760697867683,4.222222222222222,"{""collision"": 2, ""success"": 6, ""timeout"": 1}","{""collision_tblock_early"": 1, ""collision_tblock_mid"": 1, ""timeout"": 1}","{""collision_rod_early"": 0.0, ""collision_rod_late"": 0.0, ""collision_rod_mid"": 0.0, ""collision_tblock_early"": 0.6653934164952676, ""collision_tblock_late"": 0.0, ""collision_tblock_mid"": 39.729399255715045, ""fall"": 0.0, ""timeout"": 0.9956168398614441}"
start_behavior_context,start_region=x_neg__y_pos|start_theta_bin=sector_3|path_angle_bin=sector_3|near_count_bin=1|far_count_bin=1|medhigh_count_bin=0,False,34,23,11,0.3235294117647059,0.9944341081145163,collision_tblock_early,7,-5.43107195675262,3.5,"{""collision"": 8, ""success"": 23, ""timeout"": 3}","{""collision_rod_early"": 1, ""collision_tblock_early"": 7, ""timeout"": 3}","{""collision_rod_early"": 0.9274137503102508, ""collision_rod_late"": 0.0, ""collision_rod_mid"": 0.0, ""collision_tblock_early"": 1.2329348599765253, ""collision_tblock_late"": 0.0, ""collision_tblock_mid"": 0.0, ""fall"": 0.0, ""timeout"": 0.7906369022429116}"
start_behavior_context,start_region=x_neg__y_neg|start_theta_bin=sector_2|path_angle_bin=sector_5|near_count_bin=1|far_count_bin=1|medhigh_count_bin=0,False,31,21,10,0.3225806451612903,0.9915178790584621,collision_tblock_early,6,-6.967573625230225,4.387096774193548,"{""collision"": 6, ""success"": 21, ""timeout"": 4}","{""collision_tblock_early"": 6, ""timeout"": 4}","{""collision_rod_early"": 0.0, ""collision_rod_late"": 0.0, ""collision_rod_mid"": 0.0, ""collision_tblock_early"": 1.1590724029272403, ""collision_tblock_late"": 0.0, ""collision_tblock_mid"": 0.0, ""fall"": 0.0, ""timeout"": 1.156200201129419}"
start_behavior_context,start_region=x_neg__y_neg|start_theta_bin=sector_0|path_angle_bin=sector_5|near_count_bin=0|far_count_bin=1|medhigh_count_bin=0,False,22,15,7,0.3181818181818182,0.9779971807076648,timeout,5,-8.045619551863613,4.818181818181818,"{""collision"": 1, ""fall"": 1, ""success"": 15, ""timeout"": 5}","{""collision_rod_early"": 1, ""fall"": 1, ""timeout"": 5}","{""collision_rod_early"": 1.4332757959340239, ""collision_rod_late"": 0.0, ""collision_rod_mid"": 0.0, ""collision_tblock_early"": 0.0, ""collision_tblock_late"": 0.0, ""collision_tblock_mid"": 0.0, ""fall"": 10.079714054491504, ""timeout"": 2.0364889906256813}"
start_behavior_context,start_region=x_neg__y_neg|start_theta_bin=sector_1|path_angle_bin=sector_5|near_count_bin=0|far_count_bin=1|medhigh_count_bin=0,False,19,13,6,0.3157894736842105,0.9706438184467048,timeout,5,-4.4789423487890945,4.842105263157895,"{""collision"": 1, ""success"": 13, ""timeout"": 5}","{""collision_tblock_early"": 1, ""timeout"": 5}","{""collision_rod_early"": 0.0, ""collision_rod_late"": 0.0, ""collision_rod_mid"": 0.0, ""collision_tblock_early"": 0.31518635518196886, ""collision_tblock_late"": 0.0, ""collision_tblock_mid"": 0.0, ""fall"": 0.0, ""timeout"": 2.3580398838823675}"
start_behavior_context,start_region=x_neg__y_neg|start_theta_bin=sector_7|path_angle_bin=sector_4|near_count_bin=0|far_count_bin=1|medhigh_count_bin=0,False,16,11,5,0.3125,0.9605329453378851,collision_tblock_early,4,-6.901253076009999,3.8125,"{""collision"": 4, ""success"": 11, ""timeout"": 1}","{""collision_tblock_early"": 4, ""timeout"": 1}","{""collision_rod_early"": 0.0, ""collision_rod_late"": 0.0, ""collision_rod_mid"": 0.0, ""collision_tblock_early"": 1.4971351871143521, ""collision_tblock_late"": 0.0, ""collision_tblock_mid"": 0.0, ""fall"": 0.0, ""timeout"": 0.5600344724220624}"
start_behavior_context,start_region=x_mid__y_pos|start_theta_bin=sector_4|path_angle_bin=sector_2|near_count_bin=1|far_count_bin=1|medhigh_count_bin=0,False,13,9,4,0.3076923076923077,0.94575551540961,timeout,4,-5.385559862381967,4.769230769230769,"{""success"": 9, ""timeout"": 4}","{""timeout"": 4}","{""collision_rod_early"": 0.0, ""collision_rod_late"": 0.0, ""collision_rod_mid"": 0.0, ""collision_tblock_early"": 0.0, ""collision_tblock_late"": 0.0, ""collision_tblock_mid"": 0.0, ""fall"": 0.0, ""timeout"": 2.7570927873086144}"
start_behavior_context,start_region=x_mid__y_neg|start_theta_bin=sector_1|path_angle_bin=sector_6|near_count_bin=0|far_count_bin=1|medhigh_count_bin=0,False,13,9,4,0.3076923076923077,0.94575551540961,timeout,4,-6.093550869095688,5.3076923076923075,"{""success"": 9, ""timeout"": 4}","{""timeout"": 4}","{""collision_rod_early"": 0.0, ""collision_rod_late"": 0.0, ""collision_rod_mid"": 0.0, ""collision_tblock_early"": 0.0, ""collision_tblock_late"": 0.0, ""collision_tblock_mid"": 0.0, ""fall"": 0.0, ""timeout"": 2.7570927873086144}"
start_behavior_context,start_region=x_neg__y_neg|start_theta_bin=sector_0|path_angle_bin=sector_5|near_count_bin=1|far_count_bin=1|medhigh_count_bin=0,False,36,25,11,0.3055555555555556,0.9391877687748209,collision_tblock_early,6,-5.731410201916217,3.5277777777777777,"{""collision"": 7, ""success"": 25, ""timeout"": 4}","{""collision_rod_early"": 1, ""collision_tblock_early"": 6, ""timeout"": 4}","{""collision_rod_early"": 0.8758907641819034, ""collision_rod_late"": 0.0, ""collision_rod_mid"": 0.0, ""collision_tblock_early"": 0.9980901247429014, ""collision_tblock_late"": 0.0, ""collision_tblock_mid"": 0.0, ""fall"": 0.0, ""timeout"": 0.9956168398614441}"
start_behavior_context,start_region=x_neg__y_neg|start_theta_bin=sector_4|path_angle_bin=sector_4|near_count_bin=0|far_count_bin=1|medhigh_count_bin=0,False,20,14,6,0.3,0.9221116275243695,timeout,5,-7.841435123891435,5.05,"{""collision"": 1, ""success"": 14, ""timeout"": 5}","{""collision_rod_early"": 1, ""timeout"": 5}","{""collision_rod_early"": 1.576603375527426, ""collision_rod_late"": 0.0, ""collision_rod_mid"": 0.0, ""collision_tblock_early"": 0.0, ""collision_tblock_late"": 0.0, ""collision_tblock_mid"": 0.0, ""fall"": 0.0, ""timeout"": 2.240137889688249}"
start_behavior_context,start_region=x_neg__y_mid|start_theta_bin=sector_5|path_angle_bin=sector_3|near_count_bin=0|far_count_bin=1|medhigh_count_bin=0,False,10,7,3,0.3,0.9221116275243695,timeout,2,-7.0792068575687015,4.9,"{""collision"": 1, ""success"": 7, ""timeout"": 2}","{""collision_rod_early"": 1, ""timeout"": 2}","{""collision_rod_early"": 3.153206751054852, ""collision_rod_late"": 0.0, ""collision_rod_mid"": 0.0, ""collision_tblock_early"": 0.0, ""collision_tblock_late"": 0.0, ""collision_tblock_mid"": 0.0, ""fall"": 0.0, ""timeout"": 1.7921103117505994}"
start_behavior_context,start_region=x_mid__y_neg|start_theta_bin=sector_7|path_angle_bin=sector_5|near_count_bin=0|far_count_bin=1|medhigh_count_bin=0,False,10,7,3,0.3,0.9221116275243695,timeout,2,-6.575978417490987,4.5,"{""collision"": 1, ""success"": 7, ""timeout"": 2}","{""collision_rod_early"": 1, ""timeout"": 2}","{""collision_rod_early"": 3.153206751054852, ""collision_rod_late"": 0.0, ""collision_rod_mid"": 0.0, ""collision_tblock_early"": 0.0, ""collision_tblock_late"": 0.0, ""collision_tblock_mid"": 0.0, ""fall"": 0.0, ""timeout"": 1.7921103117505994}"
start_behavior_context,start_region=x_pos__y_neg|start_theta_bin=sector_0|path_angle_bin=sector_7|near_count_bin=0|far_count_bin=1|medhigh_count_bin=0,False,10,7,3,0.3,0.9221116275243695,timeout,2,-6.010012783914745,4.4,"{""collision"": 1, ""success"": 7, ""timeout"": 2}","{""collision_rod_early"": 1, ""timeout"": 2}","{""collision_rod_early"": 3.153206751054852, ""collision_rod_late"": 0.0, ""collision_rod_mid"": 0.0, ""collision_tblock_early"": 0.0, ""collision_tblock_late"": 0.0, ""collision_tblock_mid"": 0.0, ""fall"": 0.0, ""timeout"": 1.7921103117505994}"
start_behavior_context,start_region=x_neg__y_neg|start_theta_bin=sector_6|path_angle_bin=sector_4|near_count_bin=0|far_count_bin=1|medhigh_count_bin=0,False,17,12,5,0.29411764705882354,0.9040310073768331,timeout,2,-8.229524087221742,4.294117647058823,"{""collision"": 3, ""success"": 12, ""timeout"": 2}","{""collision_rod_early"": 1, ""collision_tblock_early"": 2, ""timeout"": 2}","{""collision_rod_early"": 1.8548275006205015, ""collision_rod_late"": 0.0, ""collision_rod_mid"": 0.0, ""collision_tblock_early"": 0.7045342057008716, ""collision_tblock_late"": 0.0, ""collision_tblock_mid"": 0.0, ""fall"": 0.0, ""timeout"": 1.0541825363238821}"
start_behavior_context,start_region=x_neg__y_mid|start_theta_bin=sector_2|path_angle_bin=sector_4|near_count_bin=0|far_count_bin=1|medhigh_count_bin=0,False,17,12,5,0.29411764705882354,0.9040310073768331,timeout,3,-5.83775748453025,4.352941176470588,"{""collision"": 2, ""success"": 12, ""timeout"": 3}","{""collision_tblock_early"": 2, ""timeout"": 3}","{""collision_rod_early"": 0.0, ""collision_rod_late"": 0.0, ""collision_rod_mid"": 0.0, ""collision_tblock_early"": 0.7045342057008716, ""collision_tblock_late"": 0.0, ""collision_tblock_mid"": 0.0, ""fall"": 0.0, ""timeout"": 1.5812738044858232}"
start_behavior_context,start_region=x_neg__y_mid|start_theta_bin=sector_7|path_angle_bin=sector_4|near_count_bin=1|far_count_bin=1|medhigh_count_bin=0,False,38,27,11,0.2894736842105263,0.8897568335761461,timeout,6,-8.247726453909694,4.526315789473684,"{""collision"": 4, ""fall"": 1, ""success"": 27, ""timeout"": 6}","{""collision_rod_early"": 3, ""collision_tblock_early"": 1, ""fall"": 1, ""timeout"": 6}","{""collision_rod_early"": 2.4893737508327782, ""collision_rod_late"": 0.0, ""collision_rod_mid"": 0.0, ""collision_tblock_early"": 0.15759317759098443, ""collision_tblock_late"": 0.0, ""collision_tblock_mid"": 0.0, ""fall"": 5.835623926284554, ""timeout"": 1.4148239303294208}"
start_behavior_context,start_region=x_neg__y_mid|start_theta_bin=sector_7|path_angle_bin=sector_3|near_count_bin=1|far_count_bin=1|medhigh_count_bin=0,False,14,10,4,0.2857142857142857,0.8782015500232093,timeout,4,-6.513760041187817,5.0,"{""success"": 10, ""timeout"": 4}","{""timeout"": 4}","{""collision_rod_early"": 0.0, ""collision_rod_late"": 0.0, ""collision_rod_mid"": 0.0, ""collision_tblock_early"": 0.0, ""collision_tblock_late"": 0.0, ""collision_tblock_mid"": 0.0, ""fall"": 0.0, ""timeout"": 2.560157588215142}"
start_behavior_context,start_region=x_neg__y_pos|start_theta_bin=sector_3|path_angle_bin=sector_3|near_count_bin=0|far_count_bin=1|medhigh_count_bin=0,False,14,10,4,0.2857142857142857,0.8782015500232093,timeout,2,-5.366396248333937,4.285714285714286,"{""collision"": 2, ""success"": 10, ""timeout"": 2}","{""collision_rod_early"": 1, ""collision_tblock_early"": 1, ""timeout"": 2}","{""collision_rod_early"": 2.252290536467752, ""collision_rod_late"": 0.0, ""collision_rod_mid"": 0.0, ""collision_tblock_early"": 0.4277529106041006, ""collision_tblock_late"": 0.0, ""collision_tblock_mid"": 0.0, ""fall"": 0.0, ""timeout"": 1.280078794107571}"
start_behavior_context,start_region=x_mid__y_neg|start_theta_bin=sector_0|path_angle_bin=sector_5|near_count_bin=0|far_count_bin=1|medhigh_count_bin=0,False,7,5,2,0.2857142857142857,0.8782015500232093,timeout,2,-5.267938664721858,5.714285714285714,"{""success"": 5, ""timeout"": 2}","{""timeout"": 2}","{""collision_rod_early"": 0.0, ""collision_rod_late"": 0.0, ""collision_rod_mid"": 0.0, ""collision_tblock_early"": 0.0, ""collision_tblock_late"": 0.0, ""collision_tblock_mid"": 0.0, ""fall"": 0.0, ""timeout"": 2.560157588215142}"
start_behavior_context,start_region=x_pos__y_mid|start_theta_bin=sector_0|path_angle_bin=sector_7|near_count_bin=1|far_count_bin=1|medhigh_count_bin=0,False,7,5,2,0.2857142857142857,0.8782015500232093,timeout,1,-6.953467168406992,4.857142857142857,"{""collision"": 1, ""success"": 5, ""timeout"": 1}","{""collision_tblock_early"": 1, ""timeout"": 1}","{""collision_rod_early"": 0.0, ""collision_rod_late"": 0.0, ""collision_rod_mid"": 0.0, ""collision_tblock_early"": 0.8555058212082012, ""collision_tblock_late"": 0.0, ""collision_tblock_mid"": 0.0, ""fall"": 0.0, ""timeout"": 1.280078794107571}"
start_behavior_context,start_region=x_pos__y_pos|start_theta_bin=sector_2|path_angle_bin=sector_1|near_count_bin=0|far_count_bin=1|medhigh_count_bin=0,False,7,5,2,0.2857142857142857,0.8782015500232093,timeout,1,-5.712310057240108,5.0,"{""collision"": 1, ""success"": 5, ""timeout"": 1}","{""collision_rod_early"": 1, ""timeout"": 1}","{""collision_rod_early"": 4.504581072935504, ""collision_rod_late"": 0.0, ""collision_rod_mid"": 0.0, ""collision_tblock_early"": 0.0, ""collision_tblock_late"": 0.0, ""collision_tblock_mid"": 0.0, ""fall"": 0.0, ""timeout"": 1.280078794107571}"
start_behavior_context,start_region=x_pos__y_mid|start_theta_bin=sector_1|path_angle_bin=sector_0|near_count_bin=1|far_count_bin=1|medhigh_count_bin=0,False,7,5,2,0.2857142857142857,0.8782015500232093,timeout,2,-3.5859966529666396,5.142857142857143,"{""success"": 5, ""timeout"": 2}","{""timeout"": 2}","{""collision_rod_early"": 0.0, ""collision_rod_late"": 0.0, ""collision_rod_mid"": 0.0, ""collision_tblock_early"": 0.0, ""collision_tblock_late"": 0.0, ""collision_tblock_mid"": 0.0, ""fall"": 0.0, ""timeout"": 2.560157588215142}"
start_behavior_context,start_region=x_neg__y_neg|start_theta_bin=sector_7|path_angle_bin=sector_5|near_count_bin=0|far_count_bin=1|medhigh_count_bin=0,False,21,15,6,0.2857142857142857,0.8782015500232092,collision_tblock_early,4,-8.32386995802407,4.095238095238095,"{""collision"": 4, ""fall"": 1, ""success"": 15, ""timeout"": 1}","{""collision_tblock_early"": 4, ""fall"": 1, ""timeout"": 1}","{""collision_rod_early"": 0.0, ""collision_rod_late"": 0.0, ""collision_rod_mid"": 0.0, ""collision_tblock_early"": 1.1406744282776016, ""collision_tblock_late"": 0.0, ""collision_tblock_mid"": 0.0, ""fall"": 10.559700438038718, ""timeout"": 0.4266929313691904}"
start_behavior_context,start_region=x_neg__y_neg|start_theta_bin=sector_2|path_angle_bin=sector_4|near_count_bin=0|far_count_bin=1|medhigh_count_bin=0,False,21,15,6,0.2857142857142857,0.8782015500232092,timeout,3,-5.108522744594304,4.0,"{""collision"": 3, ""success"": 15, ""timeout"": 3}","{""collision_tblock_early"": 3, ""timeout"": 3}","{""collision_rod_early"": 0.0, ""collision_rod_late"": 0.0, ""collision_rod_mid"": 0.0, ""collision_tblock_early"": 0.8555058212082013, ""collision_tblock_late"": 0.0, ""collision_tblock_mid"": 0.0, ""fall"": 0.0, ""timeout"": 1.2800787941075713}"
start_behavior_context,start_region=x_neg__y_neg|start_theta_bin=sector_5|path_angle_bin=sector_4|near_count_bin=1|far_count_bin=1|medhigh_count_bin=0,False,36,26,10,0.2777777777777778,0.8538070625225646,timeout,6,-6.285596510664894,4.5,"{""collision"": 4, ""success"": 26, ""timeout"": 6}","{""collision_tblock_early"": 4, ""timeout"": 6}","{""collision_rod_early"": 0.0, ""collision_rod_late"": 0.0, ""collision_rod_mid"": 0.0, ""collision_tblock_early"": 0.6653934164952676, ""collision_tblock_late"": 0.0, ""collision_tblock_mid"": 0.0, ""fall"": 0.0, ""timeout"": 1.4934252597921662}"
start_behavior_context,start_region=x_neg__y_mid|start_theta_bin=sector_1|path_angle_bin=sector_4|near_count_bin=1|far_count_bin=1|medhigh_count_bin=0,False,18,13,5,0.2777777777777778,0.8538070625225646,timeout,4,-5.728739547749189,4.722222222222222,"{""collision"": 1, ""success"": 13, ""timeout"": 4}","{""collision_tblock_mid"": 1, ""timeout"": 4}","{""collision_rod_early"": 0.0, ""collision_rod_late"": 0.0, ""collision_rod_mid"": 0.0, ""collision_tblock_early"": 0.0, ""collision_tblock_late"": 0.0, ""collision_tblock_mid"": 19.864699627857522, ""fall"": 0.0, ""timeout"": 1.9912336797228882}"
start_behavior_context,start_region=x_pos__y_mid|start_theta_bin=sector_0|path_angle_bin=sector_7|near_count_bin=0|far_count_bin=1|medhigh_count_bin=0,False,11,8,3,0.2727272727272727,0.8382832977494269,timeout,2,-4.6634287823482845,4.454545454545454,"{""collision"": 1, ""success"": 8, ""timeout"": 2}","{""collision_tblock_early"": 1, ""timeout"": 2}","{""collision_rod_early"": 0.0, ""collision_rod_late"": 0.0, ""collision_rod_mid"": 0.0, ""collision_tblock_early"": 0.5444127953143099, ""collision_tblock_late"": 0.0, ""collision_tblock_mid"": 0.0, ""fall"": 0.0, ""timeout"": 1.6291911925005451}"
start_behavior_context,start_region=x_mid__y_neg|start_theta_bin=sector_1|path_angle_bin=sector_6|near_count_bin=1|far_count_bin=1|medhigh_count_bin=0,False,15,11,4,0.26666666666666666,0.8196547800216619,timeout,4,-4.529942990375236,4.6,"{""success"": 11, ""timeout"": 4}","{""timeout"": 4}","{""collision_rod_early"": 0.0, ""collision_rod_late"": 0.0, ""collision_rod_mid"": 0.0, ""collision_tblock_early"": 0.0, ""collision_tblock_late"": 0.0, ""collision_tblock_mid"": 0.0, ""fall"": 0.0, ""timeout"": 2.389480415667466}"
start_behavior_context,start_region=x_neg__y_neg|start_theta_bin=sector_0|path_angle_bin=sector_4|near_count_bin=0|far_count_bin=1|medhigh_count_bin=0,False,19,14,5,0.2631578947368421,0.8088698487055874,collision_tblock_early,2,-5.508432325057686,4.157894736842105,"{""collision"": 3, ""success"": 14, ""timeout"": 2}","{""collision_rod_early"": 1, ""collision_tblock_early"": 2, ""timeout"": 2}","{""collision_rod_early"": 1.6595825005551854, ""collision_rod_late"": 0.0, ""collision_rod_mid"": 0.0, ""collision_tblock_early"": 0.6303727103639377, ""collision_tblock_late"": 0.0, ""collision_tblock_mid"": 0.0, ""fall"": 0.0, ""timeout"": 0.9432159535529472}"
start_behavior_context,start_region=x_neg__y_neg|start_theta_bin=sector_1|path_angle_bin=sector_4|near_count_bin=0|far_count_bin=1|medhigh_count_bin=0,False,19,14,5,0.2631578947368421,0.8088698487055874,timeout,2,-4.6019277686714775,3.789473684210526,"{""collision"": 3, ""success"": 14, ""timeout"": 2}","{""collision_rod_mid"": 1, ""collision_tblock_early"": 2, ""timeout"": 2}","{""collision_rod_early"": 0.0, ""collision_rod_late"": 0.0, ""collision_rod_mid"": 8.838675340035483, ""collision_tblock_early"": 0.6303727103639377, ""collision_tblock_late"": 0.0, ""collision_tblock_mid"": 0.0, ""fall"": 0.0, ""timeout"": 0.9432159535529472}"
start_behavior_context,start_region=x_neg__y_neg|start_theta_bin=sector_0|path_angle_bin=sector_4|near_count_bin=1|far_count_bin=1|medhigh_count_bin=0,False,27,20,7,0.25925925925925924,0.7968865916877269,collision_tblock_early,4,-5.616238698437356,3.5925925925925926,"{""collision"": 5, ""success"": 20, ""timeout"": 2}","{""collision_rod_early"": 1, ""collision_tblock_early"": 4, ""timeout"": 2}","{""collision_rod_early"": 1.167854352242538, ""collision_rod_late"": 0.0, ""collision_rod_mid"": 0.0, ""collision_tblock_early"": 0.8871912219936902, ""collision_tblock_late"": 0.0, ""collision_tblock_mid"": 0.0, ""fall"": 0.0, ""timeout"": 0.6637445599076295}"
start_behavior_context,start_region=x_neg__y_neg|start_theta_bin=sector_1|path_angle_bin=sector_4|near_count_bin=1|far_count_bin=1|medhigh_count_bin=0,False,28,21,7,0.25,0.7684263562703081,timeout,5,-5.908387089475454,4.642857142857143,"{""collision"": 2, ""success"": 21, ""timeout"": 5}","{""collision_rod_early"": 1, ""collision_tblock_early"": 1, ""timeout"": 5}","{""collision_rod_early"": 1.126145268233876, ""collision_rod_late"": 0.0, ""collision_rod_mid"": 0.0, ""collision_tblock_early"": 0.2138764553020503, ""collision_tblock_late"": 0.0, ""collision_tblock_mid"": 0.0, ""fall"": 0.0, ""timeout"": 1.6000984926344637}"
start_behavior_context,start_region=x_neg__y_mid|start_theta_bin=sector_1|path_angle_bin=sector_3|near_count_bin=1|far_count_bin=1|medhigh_count_bin=0,False,20,15,5,0.25,0.7684263562703081,timeout,4,-6.801299045371282,4.85,"{""collision"": 1, ""success"": 15, ""timeout"": 4}","{""collision_rod_early"": 1, ""timeout"": 4}","{""collision_rod_early"": 1.576603375527426, ""collision_rod_late"": 0.0, ""collision_rod_mid"": 0.0, ""collision_tblock_early"": 0.0, ""collision_tblock_late"": 0.0, ""collision_tblock_mid"": 0.0, ""fall"": 0.0, ""timeout"": 1.7921103117505994}"
start_behavior_context,start_region=x_mid__y_neg|start_theta_bin=sector_6|path_angle_bin=sector_6|near_count_bin=1|far_count_bin=1|medhigh_count_bin=0,False,20,15,5,0.25,0.7684263562703081,collision_rod_early,2,-7.463342379418982,4.25,"{""collision"": 3, ""success"": 15, ""timeout"": 2}","{""collision_rod_early"": 2, ""collision_tblock_early"": 1, ""timeout"": 2}","{""collision_rod_early"": 3.153206751054852, ""collision_rod_late"": 0.0, ""collision_rod_mid"": 0.0, ""collision_tblock_early"": 0.2994270374228704, ""collision_tblock_late"": 0.0, ""collision_tblock_mid"": 0.0, ""fall"": 0.0, ""timeout"": 0.8960551558752997}"
start_behavior_context,start_region=x_mid__y_pos|start_theta_bin=sector_2|path_angle_bin=sector_1|near_count_bin=1|far_count_bin=1|medhigh_count_bin=0,False,12,9,3,0.25,0.7684263562703081,timeout,2,-5.722340571919232,4.333333333333333,"{""collision"": 1, ""success"": 9, ""timeout"": 2}","{""collision_tblock_mid"": 1, ""timeout"": 2}","{""collision_rod_early"": 0.0, ""collision_rod_late"": 0.0, ""collision_rod_mid"": 0.0, ""collision_tblock_early"": 0.0, ""collision_tblock_late"": 0.0, ""collision_tblock_mid"": 29.797049441786285, ""fall"": 0.0, ""timeout"": 1.4934252597921664}"
start_behavior_context,start_region=x_neg__y_mid|start_theta_bin=sector_0|path_angle_bin=sector_3|near_count_bin=1|far_count_bin=1|medhigh_count_bin=0,False,12,9,3,0.25,0.7684263562703081,timeout,2,-4.758988663849325,3.75,"{""collision"": 1, ""success"": 9, ""timeout"": 2}","{""collision_tblock_early"": 1, ""timeout"": 2}","{""collision_rod_early"": 0.0, ""collision_rod_late"": 0.0, ""collision_rod_mid"": 0.0, ""collision_tblock_early"": 0.49904506237145074, ""collision_tblock_late"": 0.0, ""collision_tblock_mid"": 0.0, ""fall"": 0.0, ""timeout"": 1.4934252597921664}"
start_behavior_context,start_region=x_neg__y_neg|start_theta_bin=sector_2|path_angle_bin=sector_5|near_count_bin=0|far_count_bin=1|medhigh_count_bin=0,False,12,9,3,0.25,0.7684263562703081,timeout,3,-5.6142188065291485,4.916666666666667,"{""success"": 9, ""timeout"": 3}","{""timeout"": 3}","{""collision_rod_early"": 0.0, ""collision_rod_late"": 0.0, ""collision_rod_mid"": 0.0, ""collision_tblock_early"": 0.0, ""collision_tblock_late"": 0.0, ""collision_tblock_mid"": 0.0, ""fall"": 0.0, ""timeout"": 2.2401378896882496}"
start_behavior_context,start_region=x_mid__y_neg|start_theta_bin=sector_5|path_angle_bin=sector_6|near_count_bin=1|far_count_bin=1|medhigh_count_bin=0,False,12,9,3,0.25,0.7684263562703081,collision_rod_mid,2,-6.783957986087066,4.333333333333333,"{""collision"": 2, ""success"": 9, ""timeout"": 1}","{""collision_rod_mid"": 2, ""timeout"": 1}","{""collision_rod_early"": 0.0, ""collision_rod_late"": 0.0, ""collision_rod_mid"": 27.98913857677903, ""collision_tblock_early"": 0.0, ""collision_tblock_late"": 0.0, ""collision_tblock_mid"": 0.0, ""fall"": 0.0, ""timeout"": 0.7467126298960832}"
start_behavior_context,start_region=x_pos__y_mid|start_theta_bin=sector_0|path_angle_bin=sector_0|near_count_bin=0|far_count_bin=1|medhigh_count_bin=0,False,8,6,2,0.25,0.7684263562703081,collision_rod_early,1,-6.444581710932415,3.375,"{""collision"": 2, ""success"": 6}","{""collision_rod_early"": 1, ""collision_tblock_early"": 1}","{""collision_rod_early"": 3.9415084388185653, ""collision_rod_late"": 0.0, ""collision_rod_mid"": 0.0, ""collision_tblock_early"": 0.7485675935571761, ""collision_tblock_late"": 0.0, ""collision_tblock_mid"": 0.0, ""fall"": 0.0, ""timeout"": 0.0}"
start_behavior_context,start_region=x_pos__y_mid|start_theta_bin=sector_4|path_angle_bin=sector_7|near_count_bin=0|far_count_bin=2|medhigh_count_bin=1,False,8,6,2,0.25,0.7684263562703081,collision_tblock_early,2,-5.026858732002034,3.125,"{""collision"": 2, ""success"": 6}","{""collision_tblock_early"": 2}","{""collision_rod_early"": 0.0, ""collision_rod_late"": 0.0, ""collision_rod_mid"": 0.0, ""collision_tblock_early"": 1.4971351871143521, ""collision_tblock_late"": 0.0, ""collision_tblock_mid"": 0.0, ""fall"": 0.0, ""timeout"": 0.0}"
start_behavior_context,start_region=x_mid__y_pos|start_theta_bin=sector_7|path_angle_bin=sector_1|near_count_bin=0|far_count_bin=2|medhigh_count_bin=1,False,8,6,2,0.25,0.7684263562703081,collision_rod_early,1,-5.940807694534042,3.25,"{""collision"": 2, ""success"": 6}","{""collision_rod_early"": 1, ""collision_tblock_early"": 1}","{""collision_rod_early"": 3.9415084388185653, ""collision_rod_late"": 0.0, ""collision_rod_mid"": 0.0, ""collision_tblock_early"": 0.7485675935571761, ""collision_tblock_late"": 0.0, ""collision_tblock_mid"": 0.0, ""fall"": 0.0, ""timeout"": 0.0}"
start_behavior_context,start_region=x_mid__y_pos|start_theta_bin=sector_0|path_angle_bin=sector_2|near_count_bin=0|far_count_bin=1|medhigh_count_bin=0,False,4,3,1,0.25,0.7684263562703081,timeout,1,-5.607101782333226,5.5,"{""success"": 3, ""timeout"": 1}","{""timeout"": 1}","{""collision_rod_early"": 0.0, ""collision_rod_late"": 0.0, ""collision_rod_mid"": 0.0, ""collision_tblock_early"": 0.0, ""collision_tblock_late"": 0.0, ""collision_tblock_mid"": 0.0, ""fall"": 0.0, ""timeout"": 2.2401378896882496}"
start_behavior_context,start_region=x_pos__y_neg|start_theta_bin=sector_4|path_angle_bin=sector_6|near_count_bin=0|far_count_bin=1|medhigh_count_bin=0,False,4,3,1,0.25,0.7684263562703081,collision_tblock_early,1,-5.184456300459829,3.25,"{""collision"": 1, ""success"": 3}","{""collision_tblock_early"": 1}","{""collision_rod_early"": 0.0, ""collision_rod_late"": 0.0, ""collision_rod_mid"": 0.0, ""collision_tblock_early"": 1.4971351871143521, ""collision_tblock_late"": 0.0, ""collision_tblock_mid"": 0.0, ""fall"": 0.0, ""timeout"": 0.0}"
start_behavior_context,start_region=x_mid__y_pos|start_theta_bin=sector_6|path_angle_bin=sector_1|near_count_bin=1|far_count_bin=1|medhigh_count_bin=0,False,4,3,1,0.25,0.7684263562703081,collision_tblock_early,1,-8.499841641853962,3.0,"{""collision"": 1, ""success"": 3}","{""collision_tblock_early"": 1}","{""collision_rod_early"": 0.0, ""collision_rod_late"": 0.0, ""collision_rod_mid"": 0.0, ""collision_tblock_early"": 1.4971351871143521, ""collision_tblock_late"": 0.0, ""collision_tblock_mid"": 0.0, ""fall"": 0.0, ""timeout"": 0.0}"
start_behavior_context,start_region=x_neg__y_neg|start_theta_bin=sector_5|path_angle_bin=sector_5|near_count_bin=1|far_count_bin=1|medhigh_count_bin=0,False,33,25,8,0.24242424242424243,0.7451407091106018,timeout,5,-6.396625301804489,4.666666666666667,"{""collision"": 3, ""success"": 25, ""timeout"": 5}","{""collision_tblock_early"": 2, ""collision_tblock_late"": 1, ""timeout"": 5}","{""collision_rod_early"": 0.0, ""collision_rod_late"": 0.0, ""collision_rod_mid"": 0.0, ""collision_tblock_early"": 0.3629418635428732, ""collision_tblock_late"": 42.72784448256146, ""collision_tblock_mid"": 0.0, ""fall"": 0.0, ""timeout"": 1.3576593270837873}"
start_behavior_context,start_region=x_mid__y_pos|start_theta_bin=sector_3|path_angle_bin=sector_2|near_count_bin=0|far_count_bin=1|medhigh_count_bin=0,False,9,7,2,0.2222222222222222,0.6830456500180516,timeout,1,-5.980391945405866,4.555555555555555,"{""collision"": 1, ""success"": 7, ""timeout"": 1}","{""collision_rod_early"": 1, ""timeout"": 1}","{""collision_rod_early"": 3.5035630567276135, ""collision_rod_late"": 0.0, ""collision_rod_mid"": 0.0, ""collision_tblock_early"": 0.0, ""collision_tblock_late"": 0.0, ""collision_tblock_mid"": 0.0, ""fall"": 0.0, ""timeout"": 0.9956168398614441}"
start_behavior_context,start_region=x_pos__y_mid|start_theta_bin=sector_6|path_angle_bin=sector_0|near_count_bin=1|far_count_bin=1|medhigh_count_bin=0,False,9,7,2,0.2222222222222222,0.6830456500180516,collision_tblock_early,1,-9.091612037825737,4.555555555555555,"{""collision"": 1, ""success"": 7, ""timeout"": 1}","{""collision_tblock_early"": 1, ""timeout"": 1}","{""collision_rod_early"": 0.0, ""collision_rod_late"": 0.0, ""collision_rod_mid"": 0.0, ""collision_tblock_early"": 0.6653934164952676, ""collision_tblock_late"": 0.0, ""collision_tblock_mid"": 0.0, ""fall"": 0.0, ""timeout"": 0.9956168398614441}"
start_behavior_context,start_region=x_mid__y_neg|start_theta_bin=sector_4|path_angle_bin=sector_6|near_count_bin=1|far_count_bin=1|medhigh_count_bin=0,False,9,7,2,0.2222222222222222,0.6830456500180516,timeout,2,-5.482401211885901,5.666666666666667,"{""success"": 7, ""timeout"": 2}","{""timeout"": 2}","{""collision_rod_early"": 0.0, ""collision_rod_late"": 0.0, ""collision_rod_mid"": 0.0, ""collision_tblock_early"": 0.0, ""collision_tblock_late"": 0.0, ""collision_tblock_mid"": 0.0, ""fall"": 0.0, ""timeout"": 1.9912336797228882}"
start_behavior_context,start_region=x_pos__y_neg|start_theta_bin=sector_0|path_angle_bin=sector_6|near_count_bin=0|far_count_bin=1|medhigh_count_bin=0,False,14,11,3,0.21428571428571427,0.6586511625174069,collision_rod_early,2,-7.308451037992051,4.285714285714286,"{""collision"": 2, ""success"": 11, ""timeout"": 1}","{""collision_rod_early"": 2, ""timeout"": 1}","{""collision_rod_early"": 4.504581072935504, ""collision_rod_late"": 0.0, ""collision_rod_mid"": 0.0, ""collision_tblock_early"": 0.0, ""collision_tblock_late"": 0.0, ""collision_tblock_mid"": 0.0, ""fall"": 0.0, ""timeout"": 0.6400393970537855}"
start_behavior_context,start_region=x_mid__y_neg|start_theta_bin=sector_4|path_angle_bin=sector_5|near_count_bin=1|far_count_bin=1|medhigh_count_bin=0,False,19,15,4,0.21052631578947367,0.64709587896447,timeout,3,-4.66301661749773,4.631578947368421,"{""collision"": 1, ""success"": 15, ""timeout"": 3}","{""collision_rod_early"": 1, ""timeout"": 3}","{""collision_rod_early"": 1.6595825005551854, ""collision_rod_late"": 0.0, ""collision_rod_mid"": 0.0, ""collision_tblock_early"": 0.0, ""collision_tblock_late"": 0.0, ""collision_tblock_mid"": 0.0, ""fall"": 0.0, ""timeout"": 1.4148239303294208}"
start_behavior_context,start_region=x_mid__y_neg|start_theta_bin=sector_3|path_angle_bin=sector_5|near_count_bin=1|far_count_bin=1|medhigh_count_bin=0,False,25,20,5,0.2,0.6147410850162465,collision_tblock_early,4,-5.1307084368014735,3.6,"{""collision"": 4, ""success"": 20, ""timeout"": 1}","{""collision_tblock_early"": 4, ""timeout"": 1}","{""collision_rod_early"": 0.0, ""collision_rod_late"": 0.0, ""collision_rod_mid"": 0.0, ""collision_tblock_early"": 0.9581665197531853, ""collision_tblock_late"": 0.0, ""collision_tblock_mid"": 0.0, ""fall"": 0.0, ""timeout"": 0.3584220623501199}"
start_behavior_context,start_region=x_neg__y_mid|start_theta_bin=sector_0|path_angle_bin=sector_4|near_count_bin=1|far_count_bin=1|medhigh_count_bin=0,False,20,16,4,0.2,0.6147410850162465,timeout,4,-8.514251501693199,4.4,"{""success"": 16, ""timeout"": 4}","{""timeout"": 4}","{""collision_rod_early"": 0.0, ""collision_rod_late"": 0.0, ""collision_rod_mid"": 0.0, ""collision_tblock_early"": 0.0, ""collision_tblock_late"": 0.0, ""collision_tblock_mid"": 0.0, ""fall"": 0.0, ""timeout"": 1.7921103117505994}"
start_behavior_context,start_region=x_neg__y_mid|start_theta_bin=sector_3|path_angle_bin=sector_3|near_count_bin=0|far_count_bin=1|medhigh_count_bin=0,False,10,8,2,0.2,0.6147410850162465,timeout,2,-3.784423811947588,4.1,"{""success"": 8, ""timeout"": 2}","{""timeout"": 2}","{""collision_rod_early"": 0.0, ""collision_rod_late"": 0.0, ""collision_rod_mid"": 0.0, ""collision_tblock_early"": 0.0, ""collision_tblock_late"": 0.0, ""collision_tblock_mid"": 0.0, ""fall"": 0.0, ""timeout"": 1.7921103117505994}"
start_behavior_context,start_region=x_mid__y_pos|start_theta_bin=sector_0|path_angle_bin=sector_2|near_count_bin=1|far_count_bin=1|medhigh_count_bin=0,False,5,4,1,0.2,0.6147410850162465,collision_rod_early,1,-6.850641583067464,4.4,"{""collision"": 1, ""success"": 4}","{""collision_rod_early"": 1}","{""collision_rod_early"": 6.306413502109704, ""collision_rod_late"": 0.0, ""collision_rod_mid"": 0.0, ""collision_tblock_early"": 0.0, ""collision_tblock_late"": 0.0, ""collision_tblock_mid"": 0.0, ""fall"": 0.0, ""timeout"": 0.0}"
start_behavior_context,start_region=x_mid__y_pos|start_theta_bin=sector_1|path_angle_bin=sector_1|near_count_bin=0|far_count_bin=1|medhigh_count_bin=0,False,5,4,1,0.2,0.6147410850162465,timeout,1,-4.4053784015128645,5.0,"{""success"": 4, ""timeout"": 1}","{""timeout"": 1}","{""collision_rod_early"": 0.0, ""collision_rod_late"": 0.0, ""collision_rod_mid"": 0.0, ""collision_tblock_early"": 0.0, ""collision_tblock_late"": 0.0, ""collision_tblock_mid"": 0.0, ""fall"": 0.0, ""timeout"": 1.7921103117505994}"
start_behavior_context,start_region=x_pos__y_mid|start_theta_bin=sector_6|path_angle_bin=sector_0|near_count_bin=0|far_count_bin=1|medhigh_count_bin=0,False,5,4,1,0.2,0.6147410850162465,fall,1,-7.877971065033722,4.2,"{""fall"": 1, ""success"": 4}","{""fall"": 1}","{""collision_rod_early"": 0.0, ""collision_rod_late"": 0.0, ""collision_rod_mid"": 0.0, ""collision_tblock_early"": 0.0, ""collision_tblock_late"": 0.0, ""collision_tblock_mid"": 0.0, ""fall"": 44.35074183976261, ""timeout"": 0.0}"
start_behavior_context,start_region=x_pos__y_neg|start_theta_bin=sector_4|path_angle_bin=sector_7|near_count_bin=0|far_count_bin=2|medhigh_count_bin=1,False,5,4,1,0.2,0.6147410850162465,collision_tblock_early,1,-5.164160087350348,3.6,"{""collision"": 1, ""success"": 4}","{""collision_tblock_early"": 1}","{""collision_rod_early"": 0.0, ""collision_rod_late"": 0.0, ""collision_rod_mid"": 0.0, ""collision_tblock_early"": 1.1977081496914816, ""collision_tblock_late"": 0.0, ""collision_tblock_mid"": 0.0, ""fall"": 0.0, ""timeout"": 0.0}"
start_behavior_context,start_region=x_neg__y_mid|start_theta_bin=sector_1|path_angle_bin=sector_4|near_count_bin=0|far_count_bin=1|medhigh_count_bin=0,False,15,12,3,0.2,0.6147410850162464,collision_tblock_early,2,-4.471108402968773,3.8666666666666667,"{""collision"": 2, ""success"": 12, ""timeout"": 1}","{""collision_tblock_early"": 2, ""timeout"": 1}","{""collision_rod_early"": 0.0, ""collision_rod_late"": 0.0, ""collision_rod_mid"": 0.0, ""collision_tblock_early"": 0.7984720997943211, ""collision_tblock_late"": 0.0, ""collision_tblock_mid"": 0.0, ""fall"": 0.0, ""timeout"": 0.5973701039168665}"
start_behavior_context,start_region=x_mid__y_neg|start_theta_bin=sector_0|path_angle_bin=sector_6|near_count_bin=1|far_count_bin=1|medhigh_count_bin=0,False,16,13,3,0.1875,0.576319767202731,collision_tblock_late,1,-7.598038981636259,4.6875,"{""collision"": 2, ""success"": 13, ""timeout"": 1}","{""collision_rod_early"": 1, ""collision_tblock_late"": 1, ""timeout"": 1}","{""collision_rod_early"": 1.9707542194092826, ""collision_rod_late"": 0.0, ""collision_rod_mid"": 0.0, ""collision_tblock_early"": 0.0, ""collision_tblock_late"": 88.12617924528301, ""collision_tblock_mid"": 0.0, ""fall"": 0.0, ""timeout"": 0.5600344724220624}"
start_behavior_context,start_region=x_neg__y_mid|start_theta_bin=sector_3|path_angle_bin=sector_3|near_count_bin=1|far_count_bin=1|medhigh_count_bin=0,False,11,9,2,0.18181818181818182,0.5588555318329513,timeout,2,-4.052714613207939,4.363636363636363,"{""success"": 9, ""timeout"": 2}","{""timeout"": 2}","{""collision_rod_early"": 0.0, ""collision_rod_late"": 0.0, ""collision_rod_mid"": 0.0, ""collision_tblock_early"": 0.0, ""collision_tblock_late"": 0.0, ""collision_tblock_mid"": 0.0, ""fall"": 0.0, ""timeout"": 1.6291911925005451}"
start_behavior_context,start_region=x_pos__y_mid|start_theta_bin=sector_1|path_angle_bin=sector_7|near_count_bin=1|far_count_bin=1|medhigh_count_bin=0,False,11,9,2,0.18181818181818182,0.5588555318329513,collision_tblock_early,1,-4.137889280346657,3.090909090909091,"{""collision"": 2, ""success"": 9}","{""collision_rod_early"": 1, ""collision_tblock_early"": 1}","{""collision_rod_early"": 2.8665515918680478, ""collision_rod_late"": 0.0, ""collision_rod_mid"": 0.0, ""collision_tblock_early"": 0.5444127953143099, ""collision_tblock_late"": 0.0, ""collision_tblock_mid"": 0.0, ""fall"": 0.0, ""timeout"": 0.0}"
start_behavior_context,start_region=x_mid__y_neg|start_theta_bin=sector_7|path_angle_bin=sector_5|near_count_bin=1|far_count_bin=1|medhigh_count_bin=0,False,17,14,3,0.17647058823529413,0.5424186044260998,timeout,3,-6.6161983912311015,5.352941176470588,"{""success"": 14, ""timeout"": 3}","{""timeout"": 3}","{""collision_rod_early"": 0.0, ""collision_rod_late"": 0.0, ""collision_rod_mid"": 0.0, ""collision_tblock_early"": 0.0, ""collision_tblock_late"": 0.0, ""collision_tblock_mid"": 0.0, ""fall"": 0.0, ""timeout"": 1.5812738044858232}"
start_behavior_context,start_region=x_neg__y_mid|start_theta_bin=sector_6|path_angle_bin=sector_4|near_count_bin=1|far_count_bin=1|medhigh_count_bin=0,False,17,14,3,0.17647058823529413,0.5424186044260998,collision_rod_early,2,-7.151003803724768,3.8823529411764706,"{""collision"": 3, ""success"": 14}","{""collision_rod_early"": 2, ""collision_tblock_early"": 1}","{""collision_rod_early"": 3.709655001241003, ""collision_rod_late"": 0.0, ""collision_rod_mid"": 0.0, ""collision_tblock_early"": 0.3522671028504358, ""collision_tblock_late"": 0.0, ""collision_tblock_mid"": 0.0, ""fall"": 0.0, ""timeout"": 0.0}"
start_behavior_context,start_region=x_neg__y_pos|start_theta_bin=sector_5|path_angle_bin=sector_2|near_count_bin=0|far_count_bin=1|medhigh_count_bin=0,False,12,10,2,0.16666666666666666,0.5122842375135388,timeout,2,-9.093671494204624,4.833333333333333,"{""success"": 10, ""timeout"": 2}","{""timeout"": 2}","{""collision_rod_early"": 0.0, ""collision_rod_late"": 0.0, ""collision_rod_mid"": 0.0, ""collision_tblock_early"": 0.0, ""collision_tblock_late"": 0.0, ""collision_tblock_mid"": 0.0, ""fall"": 0.0, ""timeout"": 1.4934252597921664}"
start_behavior_context,start_region=x_neg__y_mid|start_theta_bin=sector_5|path_angle_bin=sector_4|near_count_bin=0|far_count_bin=1|medhigh_count_bin=0,False,12,10,2,0.16666666666666666,0.5122842375135388,timeout,2,-6.644372028159439,4.833333333333333,"{""success"": 10, ""timeout"": 2}","{""timeout"": 2}","{""collision_rod_early"": 0.0, ""collision_rod_late"": 0.0, ""collision_rod_mid"": 0.0, ""collision_tblock_early"": 0.0, ""collision_tblock_late"": 0.0, ""collision_tblock_mid"": 0.0, ""fall"": 0.0, ""timeout"": 1.4934252597921664}"
start_behavior_context,start_region=x_pos__y_mid|start_theta_bin=sector_5|path_angle_bin=sector_0|near_count_bin=0|far_count_bin=1|medhigh_count_bin=0,False,6,5,1,0.16666666666666666,0.5122842375135388,timeout,1,-6.409714500487482,4.833333333333333,"{""success"": 5, ""timeout"": 1}","{""timeout"": 1}","{""collision_rod_early"": 0.0, ""collision_rod_late"": 0.0, ""collision_rod_mid"": 0.0, ""collision_tblock_early"": 0.0, ""collision_tblock_late"": 0.0, ""collision_tblock_mid"": 0.0, ""fall"": 0.0, ""timeout"": 1.4934252597921664}"
start_behavior_context,start_region=x_pos__y_pos|start_theta_bin=sector_1|path_angle_bin=sector_0|near_count_bin=0|far_count_bin=1|medhigh_count_bin=0,False,6,5,1,0.16666666666666666,0.5122842375135388,timeout,1,-6.565687282443622,5.5,"{""success"": 5, ""timeout"": 1}","{""timeout"": 1}","{""collision_rod_early"": 0.0, ""collision_rod_late"": 0.0, ""collision_rod_mid"": 0.0, ""collision_tblock_early"": 0.0, ""collision_tblock_late"": 0.0, ""collision_tblock_mid"": 0.0, ""fall"": 0.0, ""timeout"": 1.4934252597921664}"
start_behavior_context,start_region=x_mid__y_pos|start_theta_bin=sector_1|path_angle_bin=sector_1|near_count_bin=1|far_count_bin=1|medhigh_count_bin=0,False,6,5,1,0.16666666666666666,0.5122842375135388,collision_tblock_early,1,-5.079210448578536,3.1666666666666665,"{""collision"": 1, ""success"": 5}","{""collision_tblock_early"": 1}","{""collision_rod_early"": 0.0, ""collision_rod_late"": 0.0, ""collision_rod_mid"": 0.0, ""collision_tblock_early"": 0.9980901247429015, ""collision_tblock_late"": 0.0, ""collision_tblock_mid"": 0.0, ""fall"": 0.0, ""timeout"": 0.0}"
start_behavior_context,start_region=x_neg__y_neg|start_theta_bin=sector_5|path_angle_bin=sector_4|near_count_bin=0|far_count_bin=1|medhigh_count_bin=0,False,30,25,5,0.16666666666666666,0.5122842375135387,timeout,2,-5.540979174767063,4.433333333333334,"{""collision"": 3, ""success"": 25, ""timeout"": 2}","{""collision_rod_early"": 1, ""collision_tblock_early"": 2, ""timeout"": 2}","{""collision_rod_early"": 1.051068917018284, ""collision_rod_late"": 0.0, ""collision_rod_mid"": 0.0, ""collision_tblock_early"": 0.39923604989716055, ""collision_tblock_late"": 0.0, ""collision_tblock_mid"": 0.0, ""fall"": 0.0, ""timeout"": 0.5973701039168665}"
start_behavior_context,start_region=x_neg__y_neg|start_theta_bin=sector_5|path_angle_bin=sector_5|near_count_bin=0|far_count_bin=1|medhigh_count_bin=0,False,18,15,3,0.16666666666666666,0.5122842375135387,timeout,1,-6.192511625289797,4.055555555555555,"{""collision"": 2, ""success"": 15, ""timeout"": 1}","{""collision_rod_early"": 1, ""collision_tblock_mid"": 1, ""timeout"": 1}","{""collision_rod_early"": 1.7517815283638067, ""collision_rod_late"": 0.0, ""collision_rod_mid"": 0.0, ""collision_tblock_early"": 0.0, ""collision_tblock_late"": 0.0, ""collision_tblock_mid"": 19.864699627857522, ""fall"": 0.0, ""timeout"": 0.49780841993072206}"
start_behavior_context,start_region=x_mid__y_neg|start_theta_bin=sector_0|path_angle_bin=sector_5|near_count_bin=1|far_count_bin=1|medhigh_count_bin=0,False,20,17,3,0.15,0.46105581376218474,timeout,3,-4.997652221789758,4.35,"{""success"": 17, ""timeout"": 3}","{""timeout"": 3}","{""collision_rod_early"": 0.0, ""collision_rod_late"": 0.0, ""collision_rod_mid"": 0.0, ""collision_tblock_early"": 0.0, ""collision_tblock_late"": 0.0, ""collision_tblock_mid"": 0.0, ""fall"": 0.0, ""timeout"": 1.3440827338129495}"
start_behavior_context,start_region=x_neg__y_mid|start_theta_bin=sector_7|path_angle_bin=sector_4|near_count_bin=0|far_count_bin=1|medhigh_count_bin=0,False,20,17,3,0.15,0.46105581376218474,timeout,3,-4.910917389896785,4.45,"{""success"": 17, ""timeout"": 3}","{""timeout"": 3}","{""collision_rod_early"": 0.0, ""collision_rod_late"": 0.0, ""collision_rod_mid"": 0.0, ""collision_tblock_early"": 0.0, ""collision_tblock_late"": 0.0, ""collision_tblock_mid"": 0.0, ""fall"": 0.0, ""timeout"": 1.3440827338129495}"
start_behavior_context,start_region=x_neg__y_mid|start_theta_bin=sector_4|path_angle_bin=sector_4|near_count_bin=1|far_count_bin=1|medhigh_count_bin=0,False,24,21,3,0.125,0.38421317813515404,timeout,2,-3.219656791249642,3.5833333333333335,"{""collision"": 1, ""success"": 21, ""timeout"": 2}","{""collision_tblock_early"": 1, ""timeout"": 2}","{""collision_rod_early"": 0.0, ""collision_rod_late"": 0.0, ""collision_rod_mid"": 0.0, ""collision_tblock_early"": 0.24952253118572537, ""collision_tblock_late"": 0.0, ""collision_tblock_mid"": 0.0, ""fall"": 0.0, ""timeout"": 0.7467126298960832}"
start_behavior_context,start_region=x_mid__y_neg|start_theta_bin=sector_0|path_angle_bin=sector_6|near_count_bin=0|far_count_bin=1|medhigh_count_bin=0,False,16,14,2,0.125,0.38421317813515404,timeout,2,-6.013744311588413,4.1875,"{""success"": 14, ""timeout"": 2}","{""timeout"": 2}","{""collision_rod_early"": 0.0, ""collision_rod_late"": 0.0, ""collision_rod_mid"": 0.0, ""collision_tblock_early"": 0.0, ""collision_tblock_late"": 0.0, ""collision_tblock_mid"": 0.0, ""fall"": 0.0, ""timeout"": 1.1200689448441248}"
start_behavior_context,start_region=x_neg__y_mid|start_theta_bin=sector_2|path_angle_bin=sector_3|near_count_bin=1|far_count_bin=1|medhigh_count_bin=0,False,16,14,2,0.125,0.38421317813515404,timeout,1,-4.0442883862417265,3.9375,"{""collision"": 1, ""success"": 14, ""timeout"": 1}","{""collision_rod_early"": 1, ""timeout"": 1}","{""collision_rod_early"": 1.9707542194092826, ""collision_rod_late"": 0.0, ""collision_rod_mid"": 0.0, ""collision_tblock_early"": 0.0, ""collision_tblock_late"": 0.0, ""collision_tblock_mid"": 0.0, ""fall"": 0.0, ""timeout"": 0.5600344724220624}"
start_behavior_context,start_region=x_neg__y_neg|start_theta_bin=sector_4|path_angle_bin=sector_5|near_count_bin=0|far_count_bin=1|medhigh_count_bin=0,False,16,14,2,0.125,0.38421317813515404,timeout,1,-4.2634815838213465,3.9375,"{""collision"": 1, ""success"": 14, ""timeout"": 1}","{""collision_rod_early"": 1, ""timeout"": 1}","{""collision_rod_early"": 1.9707542194092826, ""collision_rod_late"": 0.0, ""collision_rod_mid"": 0.0, ""collision_tblock_early"": 0.0, ""collision_tblock_late"": 0.0, ""collision_tblock_mid"": 0.0, ""fall"": 0.0, ""timeout"": 0.5600344724220624}"
start_behavior_context,start_region=x_pos__y_neg|start_theta_bin=sector_6|path_angle_bin=sector_6|near_count_bin=0|far_count_bin=1|medhigh_count_bin=0,False,8,7,1,0.125,0.38421317813515404,timeout,1,-13.300931975483657,4.75,"{""success"": 7, ""timeout"": 1}","{""timeout"": 1}","{""collision_rod_early"": 0.0, ""collision_rod_late"": 0.0, ""collision_rod_mid"": 0.0, ""collision_tblock_early"": 0.0, ""collision_tblock_late"": 0.0, ""collision_tblock_mid"": 0.0, ""fall"": 0.0, ""timeout"": 1.1200689448441248}"
start_behavior_context,start_region=x_mid__y_neg|start_theta_bin=sector_6|path_angle_bin=sector_5|near_count_bin=1|far_count_bin=1|medhigh_count_bin=0,False,26,23,3,0.11538461538461539,0.35465831827860367,timeout,2,-8.106397936033652,4.846153846153846,"{""collision"": 1, ""success"": 23, ""timeout"": 2}","{""collision_rod_late"": 1, ""timeout"": 2}","{""collision_rod_early"": 0.0, ""collision_rod_late"": 35.92836538461538, ""collision_rod_mid"": 0.0, ""collision_tblock_early"": 0.0, ""collision_tblock_late"": 0.0, ""collision_tblock_mid"": 0.0, ""fall"": 0.0, ""timeout"": 0.6892731968271536}"
start_behavior_context,start_region=x_mid__y_neg|start_theta_bin=sector_7|path_angle_bin=sector_6|near_count_bin=0|far_count_bin=1|medhigh_count_bin=0,False,9,8,1,0.1111111111111111,0.3415228250090258,collision_rod_mid,1,-7.932670144902423,5.111111111111111,"{""collision"": 1, ""success"": 8}","{""collision_rod_mid"": 1}","{""collision_rod_early"": 0.0, ""collision_rod_late"": 0.0, ""collision_rod_mid"": 18.659425717852685, ""collision_tblock_early"": 0.0, ""collision_tblock_late"": 0.0, ""collision_tblock_mid"": 0.0, ""fall"": 0.0, ""timeout"": 0.0}"
start_behavior_context,start_region=x_mid__y_neg|start_theta_bin=sector_4|path_angle_bin=sector_6|near_count_bin=0|far_count_bin=1|medhigh_count_bin=0,False,9,8,1,0.1111111111111111,0.3415228250090258,collision_rod_early,1,-6.09766544596399,5.0,"{""collision"": 1, ""success"": 8}","{""collision_rod_early"": 1}","{""collision_rod_early"": 3.5035630567276135, ""collision_rod_late"": 0.0, ""collision_rod_mid"": 0.0, ""collision_tblock_early"": 0.0, ""collision_tblock_late"": 0.0, ""collision_tblock_mid"": 0.0, ""fall"": 0.0, ""timeout"": 0.0}"
start_behavior_context,start_region=x_mid__y_neg|start_theta_bin=sector_2|path_angle_bin=sector_6|near_count_bin=0|far_count_bin=1|medhigh_count_bin=0,False,9,8,1,0.1111111111111111,0.3415228250090258,timeout,1,-2.7333298945607676,4.111111111111111,"{""success"": 8, ""timeout"": 1}","{""timeout"": 1}","{""collision_rod_early"": 0.0, ""collision_rod_late"": 0.0, ""collision_rod_mid"": 0.0, ""collision_tblock_early"": 0.0, ""collision_tblock_late"": 0.0, ""collision_tblock_mid"": 0.0, ""fall"": 0.0, ""timeout"": 0.9956168398614441}"
start_behavior_context,start_region=x_neg__y_mid|start_theta_bin=sector_5|path_angle_bin=sector_3|near_count_bin=1|far_count_bin=1|medhigh_count_bin=0,False,19,17,2,0.10526315789473684,0.323547939482235,timeout,1,-5.6559218194855685,4.2105263157894735,"{""collision"": 1, ""success"": 17, ""timeout"": 1}","{""collision_rod_early"": 1, ""timeout"": 1}","{""collision_rod_early"": 1.6595825005551854, ""collision_rod_late"": 0.0, ""collision_rod_mid"": 0.0, ""collision_tblock_early"": 0.0, ""collision_tblock_late"": 0.0, ""collision_tblock_mid"": 0.0, ""fall"": 0.0, ""timeout"": 0.4716079767764736}"
start_behavior_context,start_region=x_mid__y_neg|start_theta_bin=sector_1|path_angle_bin=sector_5|near_count_bin=1|far_count_bin=1|medhigh_count_bin=0,False,10,9,1,0.1,0.30737054250812323,timeout,1,-2.56798526878862,3.9,"{""success"": 9, ""timeout"": 1}","{""timeout"": 1}","{""collision_rod_early"": 0.0, ""collision_rod_late"": 0.0, ""collision_rod_mid"": 0.0, ""collision_tblock_early"": 0.0, ""collision_tblock_late"": 0.0, ""collision_tblock_mid"": 0.0, ""fall"": 0.0, ""timeout"": 0.8960551558752997}"
start_behavior_context,start_region=x_mid__y_neg|start_theta_bin=sector_5|path_angle_bin=sector_5|near_count_bin=0|far_count_bin=1|medhigh_count_bin=0,False,11,10,1,0.09090909090909091,0.27942776591647567,timeout,1,-3.689478844124355,3.8181818181818183,"{""success"": 10, ""timeout"": 1}","{""timeout"": 1}","{""collision_rod_early"": 0.0, ""collision_rod_late"": 0.0, ""collision_rod_mid"": 0.0, ""collision_tblock_early"": 0.0, ""collision_tblock_late"": 0.0, ""collision_tblock_mid"": 0.0, ""fall"": 0.0, ""timeout"": 0.8145955962502726}"
start_behavior_context,start_region=x_neg__y_mid|start_theta_bin=sector_4|path_angle_bin=sector_3|near_count_bin=0|far_count_bin=1|medhigh_count_bin=0,False,11,10,1,0.09090909090909091,0.27942776591647567,timeout,1,-2.593155669308044,3.1818181818181817,"{""success"": 10, ""timeout"": 1}","{""timeout"": 1}","{""collision_rod_early"": 0.0, ""collision_rod_late"": 0.0, ""collision_rod_mid"": 0.0, ""collision_tblock_early"": 0.0, ""collision_tblock_late"": 0.0, ""collision_tblock_mid"": 0.0, ""fall"": 0.0, ""timeout"": 0.8145955962502726}"
start_behavior_context,start_region=x_pos__y_mid|start_theta_bin=sector_1|path_angle_bin=sector_0|near_count_bin=0|far_count_bin=1|medhigh_count_bin=0,False,11,10,1,0.09090909090909091,0.27942776591647567,timeout,1,-2.9730588345502995,4.0,"{""success"": 10, ""timeout"": 1}","{""timeout"": 1}","{""collision_rod_early"": 0.0, ""collision_rod_late"": 0.0, ""collision_rod_mid"": 0.0, ""collision_tblock_early"": 0.0, ""collision_tblock_late"": 0.0, ""collision_tblock_mid"": 0.0, ""fall"": 0.0, ""timeout"": 0.8145955962502726}"
start_behavior_context,start_region=x_mid__y_neg|start_theta_bin=sector_5|path_angle_bin=sector_5|near_count_bin=1|far_count_bin=1|medhigh_count_bin=0,False,23,21,2,0.08695652173913043,0.26727873261575935,timeout,2,-3.9230187203877183,4.391304347826087,"{""success"": 21, ""timeout"": 2}","{""timeout"": 2}","{""collision_rod_early"": 0.0, ""collision_rod_late"": 0.0, ""collision_rod_mid"": 0.0, ""collision_tblock_early"": 0.0, ""collision_tblock_late"": 0.0, ""collision_tblock_mid"": 0.0, ""fall"": 0.0, ""timeout"": 0.7791783964133041}"
start_behavior_context,start_region=x_neg__y_mid|start_theta_bin=sector_5|path_angle_bin=sector_4|near_count_bin=1|far_count_bin=1|medhigh_count_bin=0,False,24,22,2,0.08333333333333333,0.2561421187567694,timeout,2,-5.0232916044852844,4.25,"{""success"": 22, ""timeout"": 2}","{""timeout"": 2}","{""collision_rod_early"": 0.0, ""collision_rod_late"": 0.0, ""collision_rod_mid"": 0.0, ""collision_tblock_early"": 0.0, ""collision_tblock_late"": 0.0, ""collision_tblock_mid"": 0.0, ""fall"": 0.0, ""timeout"": 0.7467126298960832}"
start_behavior_context,start_region=x_neg__y_mid|start_theta_bin=sector_4|path_angle_bin=sector_3|near_count_bin=1|far_count_bin=1|medhigh_count_bin=0,False,12,11,1,0.08333333333333333,0.2561421187567694,timeout,1,-2.8561379986299453,3.8333333333333335,"{""success"": 11, ""timeout"": 1}","{""timeout"": 1}","{""collision_rod_early"": 0.0, ""collision_rod_late"": 0.0, ""collision_rod_mid"": 0.0, ""collision_tblock_early"": 0.0, ""collision_tblock_late"": 0.0, ""collision_tblock_mid"": 0.0, ""fall"": 0.0, ""timeout"": 0.7467126298960832}"
start_behavior_context,start_region=x_neg__y_mid|start_theta_bin=sector_6|path_angle_bin=sector_3|near_count_bin=0|far_count_bin=1|medhigh_count_bin=0,False,12,11,1,0.08333333333333333,0.2561421187567694,timeout,1,-7.714885474302193,4.75,"{""success"": 11, ""timeout"": 1}","{""timeout"": 1}","{""collision_rod_early"": 0.0, ""collision_rod_late"": 0.0, ""collision_rod_mid"": 0.0, ""collision_tblock_early"": 0.0, ""collision_tblock_late"": 0.0, ""collision_tblock_mid"": 0.0, ""fall"": 0.0, ""timeout"": 0.7467126298960832}"
start_behavior_context,start_region=x_neg__y_mid|start_theta_bin=sector_2|path_angle_bin=sector_4|near_count_bin=1|far_count_bin=1|medhigh_count_bin=0,False,18,17,1,0.05555555555555555,0.1707614125045129,timeout,1,-4.149363986310861,4.333333333333333,"{""success"": 17, ""timeout"": 1}","{""timeout"": 1}","{""collision_rod_early"": 0.0, ""collision_rod_late"": 0.0, ""collision_rod_mid"": 0.0, ""collision_tblock_early"": 0.0, ""collision_tblock_late"": 0.0, ""collision_tblock_mid"": 0.0, ""fall"": 0.0, ""timeout"": 0.49780841993072206}"
start_behavior_context,start_region=x_mid__y_neg|start_theta_bin=sector_6|path_angle_bin=sector_6|near_count_bin=0|far_count_bin=1|medhigh_count_bin=0,False,15,15,0,0.0,0.0,none,0,-4.629249961784429,4.133333333333334,"{""success"": 15}",{},"{""collision_rod_early"": 0.0, ""collision_rod_late"": 0.0, ""collision_rod_mid"": 0.0, ""collision_tblock_early"": 0.0, ""collision_tblock_late"": 0.0, ""collision_tblock_mid"": 0.0, ""fall"": 0.0, ""timeout"": 0.0}"
start_behavior_context,start_region=x_neg__y_mid|start_theta_bin=sector_0|path_angle_bin=sector_3|near_count_bin=0|far_count_bin=1|medhigh_count_bin=0,False,8,8,0,0.0,0.0,none,0,-1.8904213210469045,2.625,"{""success"": 8}",{},"{""collision_rod_early"": 0.0, ""collision_rod_late"": 0.0, ""collision_rod_mid"": 0.0, ""collision_tblock_early"": 0.0, ""collision_tblock_late"": 0.0, ""collision_tblock_mid"": 0.0, ""fall"": 0.0, ""timeout"": 0.0}"
start_behavior_context,start_region=x_mid__y_neg|start_theta_bin=sector_2|path_angle_bin=sector_5|near_count_bin=0|far_count_bin=1|medhigh_count_bin=0,False,6,6,0,0.0,0.0,none,0,-2.80617986321643,3.3333333333333335,"{""success"": 6}",{},"{""collision_rod_early"": 0.0, ""collision_rod_late"": 0.0, ""collision_rod_mid"": 0.0, ""collision_tblock_early"": 0.0, ""collision_tblock_late"": 0.0, ""collision_tblock_mid"": 0.0, ""fall"": 0.0, ""timeout"": 0.0}"
start_behavior_context,start_region=x_neg__y_mid|start_theta_bin=sector_2|path_angle_bin=sector_4|near_count_bin=0|far_count_bin=2|medhigh_count_bin=1,False,5,5,0,0.0,0.0,none,0,-4.048350310530561,3.6,"{""success"": 5}",{},"{""collision_rod_early"": 0.0, ""collision_rod_late"": 0.0, ""collision_rod_mid"": 0.0, ""collision_tblock_early"": 0.0, ""collision_tblock_late"": 0.0, ""collision_tblock_mid"": 0.0, ""fall"": 0.0, ""timeout"": 0.0}"
start_behavior_context,start_region=x_pos__y_pos|start_theta_bin=sector_1|path_angle_bin=sector_1|near_count_bin=0|far_count_bin=1|medhigh_count_bin=0,False,4,4,0,0.0,0.0,none,0,-4.500047233926372,4.0,"{""success"": 4}",{},"{""collision_rod_early"": 0.0, ""collision_rod_late"": 0.0, ""collision_rod_mid"": 0.0, ""collision_tblock_early"": 0.0, ""collision_tblock_late"": 0.0, ""collision_tblock_mid"": 0.0, ""fall"": 0.0, ""timeout"": 0.0}"
start_behavior_context,start_region=x_mid__y_neg|start_theta_bin=sector_3|path_angle_bin=sector_5|near_count_bin=0|far_count_bin=1|medhigh_count_bin=0,False,4,4,0,0.0,0.0,none,0,-4.275719489158031,3.75,"{""success"": 4}",{},"{""collision_rod_early"": 0.0, ""collision_rod_late"": 0.0, ""collision_rod_mid"": 0.0, ""collision_tblock_early"": 0.0, ""collision_tblock_late"": 0.0, ""collision_tblock_mid"": 0.0, ""fall"": 0.0, ""timeout"": 0.0}"
start_behavior_context,start_region=x_pos__y_neg|start_theta_bin=sector_3|path_angle_bin=sector_7|near_count_bin=0|far_count_bin=1|medhigh_count_bin=0,False,3,3,0,0.0,0.0,none,0,-6.13123550633252,6.333333333333333,"{""success"": 3}",{},"{""collision_rod_early"": 0.0, ""collision_rod_late"": 0.0, ""collision_rod_mid"": 0.0, ""collision_tblock_early"": 0.0, ""collision_tblock_late"": 0.0, ""collision_tblock_mid"": 0.0, ""fall"": 0.0, ""timeout"": 0.0}"
start_behavior_context,start_region=x_pos__y_pos|start_theta_bin=sector_2|path_angle_bin=sector_0|near_count_bin=0|far_count_bin=1|medhigh_count_bin=0,False,3,3,0,0.0,0.0,none,0,-2.4259207391470214,3.6666666666666665,"{""success"": 3}",{},"{""collision_rod_early"": 0.0, ""collision_rod_late"": 0.0, ""collision_rod_mid"": 0.0, ""collision_tblock_early"": 0.0, ""collision_tblock_late"": 0.0, ""collision_tblock_mid"": 0.0, ""fall"": 0.0, ""timeout"": 0.0}"
start_behavior_context,start_region=x_neg__y_neg|start_theta_bin=sector_0|path_angle_bin=sector_4|near_count_bin=1|far_count_bin=0|medhigh_count_bin=0,False,3,3,0,0.0,0.0,none,0,-6.017676385531174,4.666666666666667,"{""success"": 3}",{},"{""collision_rod_early"": 0.0, ""collision_rod_late"": 0.0, ""collision_rod_mid"": 0.0, ""collision_tblock_early"": 0.0, ""collision_tblock_late"": 0.0, ""collision_tblock_mid"": 0.0, ""fall"": 0.0, ""timeout"": 0.0}"
start_behavior_context,start_region=x_pos__y_mid|start_theta_bin=sector_2|path_angle_bin=sector_0|near_count_bin=0|far_count_bin=1|medhigh_count_bin=0,False,3,3,0,0.0,0.0,none,0,-3.61492270507951,4.0,"{""success"": 3}",{},"{""collision_rod_early"": 0.0, ""collision_rod_late"": 0.0, ""collision_rod_mid"": 0.0, ""collision_tblock_early"": 0.0, ""collision_tblock_late"": 0.0, ""collision_tblock_mid"": 0.0, ""fall"": 0.0, ""timeout"": 0.0}"
start_behavior_context,start_region=x_pos__y_neg|start_theta_bin=sector_4|path_angle_bin=sector_7|near_count_bin=0|far_count_bin=1|medhigh_count_bin=0,False,2,2,0,0.0,0.0,none,0,-3.5686506991241647,3.0,"{""success"": 2}",{},"{""collision_rod_early"": 0.0, ""collision_rod_late"": 0.0, ""collision_rod_mid"": 0.0, ""collision_tblock_early"": 0.0, ""collision_tblock_late"": 0.0, ""collision_tblock_mid"": 0.0, ""fall"": 0.0, ""timeout"": 0.0}"
start_behavior_context,start_region=x_pos__y_neg|start_theta_bin=sector_4|path_angle_bin=sector_6|near_count_bin=0|far_count_bin=2|medhigh_count_bin=1,False,2,2,0,0.0,0.0,none,0,-4.957208145094528,4.5,"{""success"": 2}",{},"{""collision_rod_early"": 0.0, ""collision_rod_late"": 0.0, ""collision_rod_mid"": 0.0, ""collision_tblock_early"": 0.0, ""collision_tblock_late"": 0.0, ""collision_tblock_mid"": 0.0, ""fall"": 0.0, ""timeout"": 0.0}"
start_behavior_context,start_region=x_neg__y_pos|start_theta_bin=sector_1|path_angle_bin=sector_2|near_count_bin=0|far_count_bin=2|medhigh_count_bin=1,False,2,2,0,0.0,0.0,none,0,-2.6770918677356934,3.5,"{""success"": 2}",{},"{""collision_rod_early"": 0.0, ""collision_rod_late"": 0.0, ""collision_rod_mid"": 0.0, ""collision_tblock_early"": 0.0, ""collision_tblock_late"": 0.0, ""collision_tblock_mid"": 0.0, ""fall"": 0.0, ""timeout"": 0.0}"
start_behavior_context,start_region=x_pos__y_neg|start_theta_bin=sector_3|path_angle_bin=sector_6|near_count_bin=0|far_count_bin=2|medhigh_count_bin=1,False,2,2,0,0.0,0.0,none,0,-3.3026355145184527,4.5,"{""success"": 2}",{},"{""collision_rod_early"": 0.0, ""collision_rod_late"": 0.0, ""collision_rod_mid"": 0.0, ""collision_tblock_early"": 0.0, ""collision_tblock_late"": 0.0, ""collision_tblock_mid"": 0.0, ""fall"": 0.0, ""timeout"": 0.0}"
start_behavior_context,start_region=x_neg__y_pos|start_theta_bin=sector_7|path_angle_bin=sector_3|near_count_bin=1|far_count_bin=0|medhigh_count_bin=0,False,1,1,0,0.0,0.0,none,0,-1.8759185298336025,2.0,"{""success"": 1}",{},"{""collision_rod_early"": 0.0, ""collision_rod_late"": 0.0, ""collision_rod_mid"": 0.0, ""collision_tblock_early"": 0.0, ""collision_tblock_late"": 0.0, ""collision_tblock_mid"": 0.0, ""fall"": 0.0, ""timeout"": 0.0}"
start_behavior_context,start_region=x_pos__y_pos|start_theta_bin=sector_3|path_angle_bin=sector_0|near_count_bin=1|far_count_bin=0|medhigh_count_bin=0,False,1,1,0,0.0,0.0,none,0,-8.10717524059098,6.0,"{""success"": 1}",{},"{""collision_rod_early"": 0.0, ""collision_rod_late"": 0.0, ""collision_rod_mid"": 0.0, ""collision_tblock_early"": 0.0, ""collision_tblock_late"": 0.0, ""collision_tblock_mid"": 0.0, ""fall"": 0.0, ""timeout"": 0.0}"
start_behavior_context,start_region=x_neg__y_pos|start_theta_bin=sector_0|path_angle_bin=sector_2|near_count_bin=1|far_count_bin=0|medhigh_count_bin=0,False,1,1,0,0.0,0.0,none,0,-5.606049369462343,5.0,"{""success"": 1}",{},"{""collision_rod_early"": 0.0, ""collision_rod_late"": 0.0, ""collision_rod_mid"": 0.0, ""collision_tblock_early"": 0.0, ""collision_tblock_late"": 0.0, ""collision_tblock_mid"": 0.0, ""fall"": 0.0, ""timeout"": 0.0}"
start_behavior_context,start_region=x_mid__y_neg|start_theta_bin=sector_6|path_angle_bin=sector_5|near_count_bin=2|far_count_bin=0|medhigh_count_bin=0,False,1,1,0,0.0,0.0,none,0,-5.948203902260814,4.0,"{""success"": 1}",{},"{""collision_rod_early"": 0.0, ""collision_rod_late"": 0.0, ""collision_rod_mid"": 0.0, ""collision_tblock_early"": 0.0, ""collision_tblock_late"": 0.0, ""collision_tblock_mid"": 0.0, ""fall"": 0.0, ""timeout"": 0.0}"
start_behavior_context,start_region=x_mid__y_neg|start_theta_bin=sector_2|path_angle_bin=sector_5|near_count_bin=2|far_count_bin=0|medhigh_count_bin=0,False,1,1,0,0.0,0.0,none,0,-1.8750491303314072,3.0,"{""success"": 1}",{},"{""collision_rod_early"": 0.0, ""collision_rod_late"": 0.0, ""collision_rod_mid"": 0.0, ""collision_tblock_early"": 0.0, ""collision_tblock_late"": 0.0, ""collision_tblock_mid"": 0.0, ""fall"": 0.0, ""timeout"": 0.0}"
start_behavior_context,start_region=x_pos__y_neg|start_theta_bin=sector_2|path_angle_bin=sector_6|near_count_bin=1|far_count_bin=0|medhigh_count_bin=0,False,1,1,0,0.0,0.0,none,0,-2.6183975149531054,4.0,"{""success"": 1}",{},"{""collision_rod_early"": 0.0, ""collision_rod_late"": 0.0, ""collision_rod_mid"": 0.0, ""collision_tblock_early"": 0.0, ""collision_tblock_late"": 0.0, ""collision_tblock_mid"": 0.0, ""fall"": 0.0, ""timeout"": 0.0}"
start_behavior_context,start_region=x_mid__y_neg|start_theta_bin=sector_5|path_angle_bin=sector_5|near_count_bin=1|far_count_bin=0|medhigh_count_bin=0,False,1,1,0,0.0,0.0,none,0,-3.5462206506768443,4.0,"{""success"": 1}",{},"{""collision_rod_early"": 0.0, ""collision_rod_late"": 0.0, ""collision_rod_mid"": 0.0, ""collision_tblock_early"": 0.0, ""collision_tblock_late"": 0.0, ""collision_tblock_mid"": 0.0, ""fall"": 0.0, ""timeout"": 0.0}"
start_behavior_context,start_region=x_mid__y_neg|start_theta_bin=sector_1|path_angle_bin=sector_5|near_count_bin=2|far_count_bin=0|medhigh_count_bin=0,False,1,1,0,0.0,0.0,none,0,-2.316153670197621,3.0,"{""success"": 1}",{},"{""collision_rod_early"": 0.0, ""collision_rod_late"": 0.0, ""collision_rod_mid"": 0.0, ""collision_tblock_early"": 0.0, ""collision_tblock_late"": 0.0, ""collision_tblock_mid"": 0.0, ""fall"": 0.0, ""timeout"": 0.0}"
start_behavior_context,start_region=x_neg__y_neg|start_theta_bin=sector_7|path_angle_bin=sector_4|near_count_bin=0|far_count_bin=0|medhigh_count_bin=0,False,1,1,0,0.0,0.0,none,0,-5.30735901036166,4.0,"{""success"": 1}",{},"{""collision_rod_early"": 0.0, ""collision_rod_late"": 0.0, ""collision_rod_mid"": 0.0, ""collision_tblock_early"": 0.0, ""collision_tblock_late"": 0.0, ""collision_tblock_mid"": 0.0, ""fall"": 0.0, ""timeout"": 0.0}"
start_behavior_context,start_region=x_neg__y_mid|start_theta_bin=sector_4|path_angle_bin=sector_3|near_count_bin=1|far_count_bin=0|medhigh_count_bin=0,False,1,1,0,0.0,0.0,none,0,-5.115333984522658,5.0,"{""success"": 1}",{},"{""collision_rod_early"": 0.0, ""collision_rod_late"": 0.0, ""collision_rod_mid"": 0.0, ""collision_tblock_early"": 0.0, ""collision_tblock_late"": 0.0, ""collision_tblock_mid"": 0.0, ""fall"": 0.0, ""timeout"": 0.0}"
start_behavior_context,start_region=x_neg__y_neg|start_theta_bin=sector_2|path_angle_bin=sector_5|near_count_bin=1|far_count_bin=0|medhigh_count_bin=0,False,1,1,0,0.0,0.0,none,0,-3.2211898209657943,3.0,"{""success"": 1}",{},"{""collision_rod_early"": 0.0, ""collision_rod_late"": 0.0, ""collision_rod_mid"": 0.0, ""collision_tblock_early"": 0.0, ""collision_tblock_late"": 0.0, ""collision_tblock_mid"": 0.0, ""fall"": 0.0, ""timeout"": 0.0}"
start_behavior_context,start_region=x_neg__y_neg|start_theta_bin=sector_7|path_angle_bin=sector_5|near_count_bin=1|far_count_bin=0|medhigh_count_bin=0,False,1,1,0,0.0,0.0,none,0,-5.275141334525317,4.0,"{""success"": 1}",{},"{""collision_rod_early"": 0.0, ""collision_rod_late"": 0.0, ""collision_rod_mid"": 0.0, ""collision_tblock_early"": 0.0, ""collision_tblock_late"": 0.0, ""collision_tblock_mid"": 0.0, ""fall"": 0.0, ""timeout"": 0.0}"
start_behavior_context,start_region=x_neg__y_neg|start_theta_bin=sector_5|path_angle_bin=sector_4|near_count_bin=1|far_count_bin=0|medhigh_count_bin=0,False,1,1,0,0.0,0.0,none,0,-3.316463988160004,3.0,"{""success"": 1}",{},"{""collision_rod_early"": 0.0, ""collision_rod_late"": 0.0, ""collision_rod_mid"": 0.0, ""collision_tblock_early"": 0.0, ""collision_tblock_late"": 0.0, ""collision_tblock_mid"": 0.0, ""fall"": 0.0, ""timeout"": 0.0}"
start_behavior_context,start_region=x_neg__y_mid|start_theta_bin=sector_0|path_angle_bin=sector_3|near_count_bin=2|far_count_bin=0|medhigh_count_bin=0,False,1,1,0,0.0,0.0,none,0,-1.5058335617136742,2.0,"{""success"": 1}",{},"{""collision_rod_early"": 0.0, ""collision_rod_late"": 0.0, ""collision_rod_mid"": 0.0, ""collision_tblock_early"": 0.0, ""collision_tblock_late"": 0.0, ""collision_tblock_mid"": 0.0, ""fall"": 0.0, ""timeout"": 0.0}"
start_behavior_context,start_region=x_mid__y_neg|start_theta_bin=sector_4|path_angle_bin=sector_5|near_count_bin=2|far_count_bin=0|medhigh_count_bin=0,False,1,1,0,0.0,0.0,none,0,-3.784334660943871,4.0,"{""success"": 1}",{},"{""collision_rod_early"": 0.0, ""collision_rod_late"": 0.0, ""collision_rod_mid"": 0.0, ""collision_tblock_early"": 0.0, ""collision_tblock_late"": 0.0, ""collision_tblock_mid"": 0.0, ""fall"": 0.0, ""timeout"": 0.0}"
start_behavior_context,start_region=x_neg__y_mid|start_theta_bin=sector_3|path_angle_bin=sector_4|near_count_bin=2|far_count_bin=0|medhigh_count_bin=0,False,1,1,0,0.0,0.0,none,0,-1.013421302702763,2.0,"{""success"": 1}",{},"{""collision_rod_early"": 0.0, ""collision_rod_late"": 0.0, ""collision_rod_mid"": 0.0, ""collision_tblock_early"": 0.0, ""collision_tblock_late"": 0.0, ""collision_tblock_mid"": 0.0, ""fall"": 0.0, ""timeout"": 0.0}"
start_behavior_context,start_region=x_neg__y_mid|start_theta_bin=sector_7|path_angle_bin=sector_4|near_count_bin=2|far_count_bin=0|medhigh_count_bin=0,False,1,1,0,0.0,0.0,none,0,-7.256731317194055,5.0,"{""success"": 1}",{},"{""collision_rod_early"": 0.0, ""collision_rod_late"": 0.0, ""collision_rod_mid"": 0.0, ""collision_tblock_early"": 0.0, ""collision_tblock_late"": 0.0, ""collision_tblock_mid"": 0.0, ""fall"": 0.0, ""timeout"": 0.0}"
start_behavior_context,start_region=x_neg__y_mid|start_theta_bin=sector_2|path_angle_bin=sector_3|near_count_bin=0|far_count_bin=2|medhigh_count_bin=1,False,1,1,0,0.0,0.0,none,0,-2.222143784174374,3.0,"{""success"": 1}",{},"{""collision_rod_early"": 0.0, ""collision_rod_late"": 0.0, ""collision_rod_mid"": 0.0, ""collision_tblock_early"": 0.0, ""collision_tblock_late"": 0.0, ""collision_tblock_mid"": 0.0, ""fall"": 0.0, ""timeout"": 0.0}"
start_behavior_context,start_region=x_neg__y_neg|start_theta_bin=sector_3|path_angle_bin=sector_5|near_count_bin=2|far_count_bin=0|medhigh_count_bin=0,False,1,1,0,0.0,0.0,none,0,-2.9458697103757823,4.0,"{""success"": 1}",{},"{""collision_rod_early"": 0.0, ""collision_rod_late"": 0.0, ""collision_rod_mid"": 0.0, ""collision_tblock_early"": 0.0, ""collision_tblock_late"": 0.0, ""collision_tblock_mid"": 0.0, ""fall"": 0.0, ""timeout"": 0.0}"
start_behavior_context,start_region=x_neg__y_mid|start_theta_bin=sector_6|path_angle_bin=sector_3|near_count_bin=2|far_count_bin=0|medhigh_count_bin=0,False,1,1,0,0.0,0.0,none,0,-4.6188397107619625,3.0,"{""success"": 1}",{},"{""collision_rod_early"": 0.0, ""collision_rod_late"": 0.0, ""collision_rod_mid"": 0.0, ""collision_tblock_early"": 0.0, ""collision_tblock_late"": 0.0, ""collision_tblock_mid"": 0.0, ""fall"": 0.0, ""timeout"": 0.0}"
start_behavior_context,start_region=x_pos__y_neg|start_theta_bin=sector_3|path_angle_bin=sector_6|near_count_bin=2|far_count_bin=0|medhigh_count_bin=0,False,1,1,0,0.0,0.0,none,0,-4.681581424032499,4.0,"{""success"": 1}",{},"{""collision_rod_early"": 0.0, ""collision_rod_late"": 0.0, ""collision_rod_mid"": 0.0, ""collision_tblock_early"": 0.0, ""collision_tblock_late"": 0.0, ""collision_tblock_mid"": 0.0, ""fall"": 0.0, ""timeout"": 0.0}"
start_behavior_context,start_region=x_neg__y_neg|start_theta_bin=sector_2|path_angle_bin=sector_5|near_count_bin=0|far_count_bin=2|medhigh_count_bin=1,False,1,1,0,0.0,0.0,none,0,-5.818303170888703,5.0,"{""success"": 1}",{},"{""collision_rod_early"": 0.0, ""collision_rod_late"": 0.0, ""collision_rod_mid"": 0.0, ""collision_tblock_early"": 0.0, ""collision_tblock_late"": 0.0, ""collision_tblock_mid"": 0.0, ""fall"": 0.0, ""timeout"": 0.0}"
start_behavior_context,start_region=x_neg__y_mid|start_theta_bin=sector_1|path_angle_bin=sector_3|near_count_bin=0|far_count_bin=2|medhigh_count_bin=1,False,1,1,0,0.0,0.0,none,0,-5.415535696463854,4.0,"{""success"": 1}",{},"{""collision_rod_early"": 0.0, ""collision_rod_late"": 0.0, ""collision_rod_mid"": 0.0, ""collision_tblock_early"": 0.0, ""collision_tblock_late"": 0.0, ""collision_tblock_mid"": 0.0, ""fall"": 0.0, ""timeout"": 0.0}"
start_behavior_context,start_region=x_neg__y_mid|start_theta_bin=sector_3|path_angle_bin=sector_4|near_count_bin=1|far_count_bin=1|medhigh_count_bin=1,False,1,1,0,0.0,0.0,none,0,-1.8798173611819757,2.0,"{""success"": 1}",{},"{""collision_rod_early"": 0.0, ""collision_rod_late"": 0.0, ""collision_rod_mid"": 0.0, ""collision_tblock_early"": 0.0, ""collision_tblock_late"": 0.0, ""collision_tblock_mid"": 0.0, ""fall"": 0.0, ""timeout"": 0.0}"
start_behavior_context,start_region=x_neg__y_mid|start_theta_bin=sector_1|path_angle_bin=sector_4|near_count_bin=1|far_count_bin=1|medhigh_count_bin=1,False,1,1,0,0.0,0.0,none,0,-5.851175772699074,4.0,"{""success"": 1}",{},"{""collision_rod_early"": 0.0, ""collision_rod_late"": 0.0, ""collision_rod_mid"": 0.0, ""collision_tblock_early"": 0.0, ""collision_tblock_late"": 0.0, ""collision_tblock_mid"": 0.0, ""fall"": 0.0, ""timeout"": 0.0}"
start_behavior_context,start_region=x_pos__y_mid|start_theta_bin=sector_2|path_angle_bin=sector_0|near_count_bin=1|far_count_bin=1|medhigh_count_bin=1,False,1,1,0,0.0,0.0,none,0,-5.132912242171061,5.0,"{""success"": 1}",{},"{""collision_rod_early"": 0.0, ""collision_rod_late"": 0.0, ""collision_rod_mid"": 0.0, ""collision_tblock_early"": 0.0, ""collision_tblock_late"": 0.0, ""collision_tblock_mid"": 0.0, ""fall"": 0.0, ""timeout"": 0.0}"
start_behavior_context,start_region=x_neg__y_pos|start_theta_bin=sector_1|path_angle_bin=sector_3|near_count_bin=0|far_count_bin=2|medhigh_count_bin=1,False,1,1,0,0.0,0.0,none,0,-1.8074562867352202,2.0,"{""success"": 1}",{},"{""collision_rod_early"": 0.0, ""collision_rod_late"": 0.0, ""collision_rod_mid"": 0.0, ""collision_tblock_early"": 0.0, ""collision_tblock_late"": 0.0, ""collision_tblock_mid"": 0.0, ""fall"": 0.0, ""timeout"": 0.0}"
start_behavior_context,start_region=x_neg__y_neg|start_theta_bin=sector_1|path_angle_bin=sector_5|near_count_bin=2|far_count_bin=0|medhigh_count_bin=0,False,1,1,0,0.0,0.0,none,0,-3.4174061887116656,4.0,"{""success"": 1}",{},"{""collision_rod_early"": 0.0, ""collision_rod_late"": 0.0, ""collision_rod_mid"": 0.0, ""collision_tblock_early"": 0.0, ""collision_tblock_late"": 0.0, ""collision_tblock_mid"": 0.0, ""fall"": 0.0, ""timeout"": 0.0}"
