family,pattern_id,supported,total_count,success_count,failure_count,failure_rate,failure_lift,dominant_failure_key,dominant_failure_count,mean_reward,mean_steps,termination_counts,failure_key_counts,failure_key_lifts
layout_basic,start_region=x_pos__y_neg|path_len_bin=long|num_obstacles_bin=2|max_blockage_bin=low|medhigh_count_bin=0|pair_side_mode=opposite_side|min_pair_dist_bin=medium,True,124,63,61,0.49193548387096775,5.885973889638544,collision_tblock_early,52,-6.884578859186444,2.3548387096774195,"{""collision"": 56, ""fall"": 1, ""success"": 63, ""timeout"": 4}","{""collision_rod_early"": 4, ""collision_tblock_early"": 52, ""fall"": 1, ""timeout"": 4}","{""collision_rod_early"": 2.8851483906800084, ""collision_rod_late"": 0.0, ""collision_rod_mid"": 0.0, ""collision_tblock_early"": 11.562576116163276, ""collision_tblock_late"": 0.0, ""collision_tblock_mid"": 0.0, ""fall"": 6.493387096774194, ""timeout"": 0.9957273677246223}"
layout_basic,start_region=x_neg__y_pos|path_len_bin=long|num_obstacles_bin=2|max_blockage_bin=low|medhigh_count_bin=0|pair_side_mode=opposite_side|min_pair_dist_bin=medium,True,146,96,50,0.3424657534246575,4.097578948546931,collision_tblock_early,49,-5.682946790162467,2.4726027397260273,"{""collision"": 49, ""success"": 96, ""timeout"": 1}","{""collision_tblock_early"": 49, ""timeout"": 1}","{""collision_rod_early"": 0.0, ""collision_rod_late"": 0.0, ""collision_rod_mid"": 0.0, ""collision_tblock_early"": 9.253716080322452, ""collision_tblock_late"": 0.0, ""collision_tblock_mid"": 0.0, ""fall"": 0.0, ""timeout"": 0.21142156437988555}"
layout_basic,start_region=x_neg__y_neg|path_len_bin=long|num_obstacles_bin=2|max_blockage_bin=low|medhigh_count_bin=0|pair_side_mode=opposite_side|min_pair_dist_bin=medium,True,136,118,18,0.1323529411764706,1.5835937465854906,collision_tblock_early,9,-4.0216560572257105,3.198529411764706,"{""collision"": 12, ""success"": 118, ""timeout"": 6}","{""collision_rod_early"": 3, ""collision_tblock_early"": 9, ""timeout"": 6}","{""collision_rod_early"": 1.9729323553914762, ""collision_rod_late"": 0.0, ""collision_rod_mid"": 0.0, ""collision_tblock_early"": 1.8246372943492952, ""collision_tblock_late"": 0.0, ""collision_tblock_mid"": 0.0, ""fall"": 0.0, ""timeout"": 1.3618036058586747}"
layout_basic,start_region=x_pos__y_pos|path_len_bin=long|num_obstacles_bin=2|max_blockage_bin=low|medhigh_count_bin=0|pair_side_mode=center_involved|min_pair_dist_bin=far,True,421,371,50,0.1187648456057007,1.4210131270495296,collision_rod_early,22,-4.2810520211008765,3.137767220902613,"{""collision"": 37, ""success"": 371, ""timeout"": 13}","{""collision_rod_early"": 22, ""collision_tblock_early"": 15, ""timeout"": 13}","{""collision_rod_early"": 4.673803331220347, ""collision_rod_late"": 0.0, ""collision_rod_mid"": 0.0, ""collision_tblock_early"": 0.9823858750257488, ""collision_tblock_late"": 0.0, ""collision_tblock_mid"": 0.0, ""fall"": 0.0, ""timeout"": 0.9531547011710757}"
layout_basic,start_region=x_neg__y_pos|path_len_bin=long|num_obstacles_bin=2|max_blockage_bin=low|medhigh_count_bin=0|pair_side_mode=center_involved|min_pair_dist_bin=far,True,1160,1027,133,0.1146551724137931,1.3718411728083502,timeout,48,-4.287237811936504,3.2379310344827585,"{""collision"": 82, ""fall"": 3, ""success"": 1027, ""timeout"": 48}","{""collision_rod_early"": 33, ""collision_rod_mid"": 4, ""collision_tblock_early"": 44, ""collision_tblock_mid"": 1, ""fall"": 3, ""timeout"": 48}","{""collision_rod_early"": 2.544402416953145, ""collision_rod_late"": 0.0, ""collision_rod_mid"": 2.4301818456198596, ""collision_tblock_early"": 1.045845744194079, ""collision_tblock_late"": 0.0, ""collision_tblock_mid"": 1.341296018657338, ""fall"": 2.082362068965517, ""timeout"": 1.2772778648053777}"
layout_basic,start_region=x_pos__y_pos|path_len_bin=long|num_obstacles_bin=2|max_blockage_bin=low|medhigh_count_bin=0|pair_side_mode=opposite_side|min_pair_dist_bin=far,True,20729,18371,2358,0.11375367842153505,1.3610548598179895,collision_tblock_early,1586,-4.089713051283643,2.955907183173332,"{""collision"": 1823, ""fall"": 15, ""success"": 18371, ""timeout"": 520}","{""collision_rod_early"": 208, ""collision_rod_late"": 2, ""collision_rod_mid"": 15, ""collision_tblock_early"": 1586, ""collision_tblock_late"": 2, ""collision_tblock_mid"": 10, ""fall"": 15, ""timeout"": 520}","{""collision_rod_early"": 0.8974594444066137, ""collision_rod_late"": 0.3699349197926071, ""collision_rod_mid"": 0.509975928816942, ""collision_tblock_early"": 2.1095886377215263, ""collision_tblock_late"": 0.5754543196773888, ""collision_tblock_mid"": 0.7505925908835507, ""fall"": 0.5826474986733562, ""timeout"": 0.7743318620155779}"
layout_basic,start_region=x_neg__y_pos|path_len_bin=long|num_obstacles_bin=2|max_blockage_bin=low|medhigh_count_bin=0|pair_side_mode=opposite_side|min_pair_dist_bin=far,True,19478,17267,2211,0.11351268097340589,1.3581713420932753,collision_tblock_early,1170,-4.1366667622431015,3.172142930485676,"{""collision"": 1504, ""fall"": 75, ""success"": 17267, ""timeout"": 632}","{""collision_rod_early"": 295, ""collision_rod_late"": 4, ""collision_rod_mid"": 18, ""collision_tblock_early"": 1170, ""collision_tblock_late"": 2, ""collision_tblock_mid"": 15, ""fall"": 75, ""timeout"": 632}","{""collision_rod_early"": 1.354588871176131, ""collision_rod_late"": 0.7873889467482239, ""collision_rod_mid"": 0.6512757590171305, ""collision_tblock_early"": 1.656206354045361, ""collision_tblock_late"": 0.6124136252486185, ""collision_tblock_mid"": 1.1982005711386017, ""fall"": 3.1003439778211317, ""timeout"": 1.0015551180029163}"
layout_basic,start_region=x_pos__y_neg|path_len_bin=long|num_obstacles_bin=2|max_blockage_bin=low|medhigh_count_bin=0|pair_side_mode=opposite_side|min_pair_dist_bin=far,True,19521,17313,2208,0.11310895958198863,1.3533408436915908,collision_tblock_early,1248,-4.085963063717006,3.139132216587265,"{""collision"": 1637, ""fall"": 44, ""success"": 17313, ""timeout"": 527}","{""collision_rod_early"": 340, ""collision_rod_late"": 5, ""collision_rod_mid"": 25, ""collision_tblock_early"": 1248, ""collision_tblock_late"": 5, ""collision_tblock_mid"": 14, ""fall"": 44, ""timeout"": 527}","{""collision_rod_early"": 1.5577820827707232, ""collision_rod_late"": 0.9820681512705486, ""collision_rod_mid"": 0.9025571630932833, ""collision_tblock_early"": 1.7627286779213107, ""collision_tblock_late"": 1.5276615686430757, ""collision_tblock_mid"": 1.115857145791464, ""fall"": 1.814861943547974, ""timeout"": 0.8333178631482585}"
layout_basic,start_region=x_neg__y_neg|path_len_bin=long|num_obstacles_bin=2|max_blockage_bin=low|medhigh_count_bin=0|pair_side_mode=opposite_side|min_pair_dist_bin=far,True,19878,17816,2062,0.10373276989636784,1.2411553854693136,collision_tblock_early,844,-3.74433113342308,3.214709729349029,"{""collision"": 1308, ""fall"": 15, ""success"": 17816, ""timeout"": 739}","{""collision_rod_early"": 356, ""collision_rod_late"": 13, ""collision_rod_mid"": 78, ""collision_tblock_early"": 844, ""collision_tblock_late"": 2, ""collision_tblock_mid"": 15, ""fall"": 15, ""timeout"": 739}","{""collision_rod_early"": 1.6017958365803688, ""collision_rod_late"": 2.5075196795691816, ""collision_rod_mid"": 2.765404635673671, ""collision_tblock_early"": 1.1706921509798074, ""collision_tblock_late"": 0.600090179725958, ""collision_tblock_mid"": 1.1740894820725265, ""fall"": 0.6075913069725325, ""timeout"": 1.1475560049906115}"
layout_basic,start_region=x_pos__y_neg|path_len_bin=medium|num_obstacles_bin=2|max_blockage_bin=low|medhigh_count_bin=0|pair_side_mode=same_side|min_pair_dist_bin=far,True,346,311,35,0.10115606936416185,1.210325342605481,timeout,15,-2.920846306733975,3.023121387283237,"{""collision"": 20, ""success"": 311, ""timeout"": 15}","{""collision_rod_early"": 14, ""collision_rod_mid"": 1, ""collision_tblock_early"": 5, ""timeout"": 15}","{""collision_rod_early"": 3.618943357095733, ""collision_rod_late"": 0.0, ""collision_rod_mid"": 2.0368576162709804, ""collision_tblock_early"": 0.39844359671082874, ""collision_tblock_late"": 0.0, ""collision_tblock_mid"": 0.0, ""fall"": 0.0, ""timeout"": 1.3381885144275993}"
layout_basic,start_region=x_neg__y_neg|path_len_bin=medium|num_obstacles_bin=2|max_blockage_bin=low|medhigh_count_bin=0|pair_side_mode=center_involved|min_pair_dist_bin=far,True,110,99,11,0.1,1.196493052975704,collision_rod_early,5,-3.0590280314913545,2.890909090909091,"{""collision"": 7, ""success"": 99, ""timeout"": 4}","{""collision_rod_early"": 5, ""collision_tblock_early"": 2, ""timeout"": 4}","{""collision_rod_early"": 4.065436368685466, ""collision_rod_late"": 0.0, ""collision_rod_mid"": 0.0, ""collision_tblock_early"": 0.5013144889525336, ""collision_tblock_late"": 0.0, ""collision_tblock_mid"": 0.0, ""fall"": 0.0, ""timeout"": 1.1224563054350287}"
layout_basic,start_region=x_pos__y_mid|path_len_bin=long|num_obstacles_bin=2|max_blockage_bin=low|medhigh_count_bin=0|pair_side_mode=opposite_side|min_pair_dist_bin=far,True,12327,11138,1189,0.09645493631865011,1.154076612304788,collision_tblock_early,612,-3.712448783130816,3.050052729780157,"{""collision"": 771, ""fall"": 4, ""success"": 11138, ""timeout"": 414}","{""collision_rod_early"": 126, ""collision_rod_late"": 5, ""collision_rod_mid"": 19, ""collision_tblock_early"": 612, ""collision_tblock_late"": 4, ""collision_tblock_mid"": 5, ""fall"": 4, ""timeout"": 414}","{""collision_rod_early"": 0.914203749005931, ""collision_rod_late"": 1.5552001607002823, ""collision_rod_mid"": 1.086257967823917, ""collision_tblock_early"": 1.3688850245917321, ""collision_tblock_late"": 1.9353601999825736, ""collision_tblock_mid"": 0.6310957173856219, ""fall"": 0.26127362699764745, ""timeout"": 1.0366808661781297}"
layout_basic,start_region=x_neg__y_pos|path_len_bin=long|num_obstacles_bin=2|max_blockage_bin=low|medhigh_count_bin=0|pair_side_mode=same_side|min_pair_dist_bin=far,True,4800,4361,439,0.09145833333333334,1.094292604700696,timeout,182,-3.973651892186155,3.2485416666666667,"{""collision"": 238, ""fall"": 19, ""success"": 4361, ""timeout"": 182}","{""collision_rod_early"": 59, ""collision_rod_late"": 4, ""collision_rod_mid"": 7, ""collision_tblock_early"": 165, ""collision_tblock_mid"": 3, ""fall"": 19, ""timeout"": 182}","{""collision_rod_early"": 1.0993617513653615, ""collision_rod_late"": 3.19515873015873, ""collision_rod_mid"": 1.027764405543399, ""collision_tblock_early"": 0.947797705675884, ""collision_tblock_late"": 0.0, ""collision_tblock_mid"": 0.9724396135265702, ""fall"": 3.1871708333333335, ""timeout"": 1.1703945434796499}"
layout_basic,start_region=x_pos__y_pos|path_len_bin=long|num_obstacles_bin=2|max_blockage_bin=low|medhigh_count_bin=0|pair_side_mode=same_side|min_pair_dist_bin=close,True,6276,5704,572,0.0911408540471638,1.0904939870970407,collision_tblock_early,366,-4.031911940751646,3.009878903760357,"{""collision"": 416, ""fall"": 3, ""success"": 5704, ""timeout"": 153}","{""collision_rod_early"": 41, ""collision_rod_mid"": 3, ""collision_tblock_early"": 366, ""collision_tblock_late"": 2, ""collision_tblock_mid"": 4, ""fall"": 3, ""timeout"": 153}","{""collision_rod_early"": 0.5842931173604671, ""collision_rod_late"": 0.0, ""collision_rod_mid"": 0.3368798925572463, ""collision_tblock_early"": 1.6079446562483273, ""collision_tblock_late"": 1.9006680357859453, ""collision_tblock_mid"": 0.9916528882361454, ""fall"": 0.38488527724665395, ""timeout"": 0.7525071550538375}"
layout_basic,start_region=x_mid__y_pos|path_len_bin=long|num_obstacles_bin=2|max_blockage_bin=low|medhigh_count_bin=0|pair_side_mode=opposite_side|min_pair_dist_bin=far,True,12432,11316,1116,0.08976833976833977,1.0740719490998114,collision_tblock_early,668,-3.8440378127089856,3.0386100386100385,"{""collision"": 859, ""fall"": 11, ""success"": 11316, ""timeout"": 246}","{""collision_rod_early"": 161, ""collision_rod_late"": 5, ""collision_rod_mid"": 15, ""collision_tblock_early"": 668, ""collision_tblock_mid"": 10, ""fall"": 11, ""timeout"": 246}","{""collision_rod_early"": 1.1582831095466475, ""collision_rod_late"": 1.5420650242078813, ""collision_rod_mid"": 0.8503290724297288, ""collision_tblock_early"": 1.4815230312191188, ""collision_tblock_late"": 0.0, ""collision_tblock_mid"": 1.2515310341397297, ""fall"": 0.7124340411840412, ""timeout"": 0.6107960831940131}"
layout_basic,start_region=x_neg__y_neg|path_len_bin=medium|num_obstacles_bin=2|max_blockage_bin=low|medhigh_count_bin=0|pair_side_mode=opposite_side|min_pair_dist_bin=far,True,1221,1113,108,0.08845208845208845,1.0583230935411632,timeout,51,-2.8061154759715707,2.9983619983619985,"{""collision"": 57, ""success"": 1113, ""timeout"": 51}","{""collision_rod_early"": 28, ""collision_rod_late"": 2, ""collision_rod_mid"": 4, ""collision_tblock_early"": 23, ""timeout"": 51}","{""collision_rod_early"": 2.051030960778253, ""collision_rod_late"": 6.28041028041028, ""collision_rod_mid"": 2.308772269384961, ""collision_tblock_early"": 0.519379875941814, ""collision_tblock_late"": 0.0, ""collision_tblock_mid"": 0.0, ""fall"": 0.0, ""timeout"": 1.2893079184051006}"
layout_basic,start_region=x_neg__y_mid|path_len_bin=medium|num_obstacles_bin=2|max_blockage_bin=low|medhigh_count_bin=0|pair_side_mode=center_involved|min_pair_dist_bin=far,True,530,484,46,0.08679245283018867,1.0384656686204223,timeout,24,-3.019830876713376,3.0962264150943395,"{""collision"": 21, ""fall"": 1, ""success"": 484, ""timeout"": 24}","{""collision_rod_early"": 17, ""collision_rod_mid"": 1, ""collision_tblock_early"": 3, ""fall"": 1, ""timeout"": 24}","{""collision_rod_early"": 2.868817362053518, ""collision_rod_late"": 0.0, ""collision_rod_mid"": 1.3297221419429421, ""collision_tblock_early"": 0.15606960505126047, ""collision_tblock_late"": 0.0, ""collision_tblock_mid"": 0.0, ""fall"": 1.5192075471698114, ""timeout"": 1.3977757765794698}"
layout_basic,start_region=x_pos__y_pos|path_len_bin=long|num_obstacles_bin=2|max_blockage_bin=low|medhigh_count_bin=0|pair_side_mode=same_side|min_pair_dist_bin=far,True,3722,3401,321,0.0862439548629769,1.0319029285470203,collision_tblock_early,134,-4.02422992809957,3.170338527673294,"{""collision"": 191, ""fall"": 4, ""success"": 3401, ""timeout"": 126}","{""collision_rod_early"": 48, ""collision_rod_mid"": 7, ""collision_tblock_early"": 134, ""collision_tblock_mid"": 2, ""fall"": 4, ""timeout"": 126}","{""collision_rod_early"": 1.1534392276549845, ""collision_rod_late"": 0.0, ""collision_rod_mid"": 1.3254350205825671, ""collision_tblock_early"": 0.9926619515261077, ""collision_tblock_late"": 0.0, ""collision_tblock_mid"": 0.8360577010438001, ""fall"": 0.8653197205803331, ""timeout"": 1.044951933995802}"
layout_basic,start_region=x_pos__y_mid|path_len_bin=long|num_obstacles_bin=2|max_blockage_bin=low|medhigh_count_bin=0|pair_side_mode=center_involved|min_pair_dist_bin=far,True,517,473,44,0.0851063829787234,1.0182919599793225,timeout,24,-3.8120554516727156,3.2920696324951644,"{""collision"": 20, ""success"": 473, ""timeout"": 24}","{""collision_rod_early"": 6, ""collision_rod_late"": 1, ""collision_rod_mid"": 2, ""collision_tblock_early"": 10, ""collision_tblock_mid"": 1, ""timeout"": 24}","{""collision_rod_early"": 1.0379837537069274, ""collision_rod_late"": 7.416229160910011, ""collision_rod_mid"": 2.726316190443943, ""collision_tblock_early"": 0.5333132861197166, ""collision_tblock_late"": 0.0, ""collision_tblock_mid"": 3.009484297180874, ""fall"": 0.0, ""timeout"": 1.4329229431085475}"
layout_basic,start_region=x_pos__y_neg|path_len_bin=long|num_obstacles_bin=2|max_blockage_bin=low|medhigh_count_bin=0|pair_side_mode=same_side|min_pair_dist_bin=far,True,4787,4385,402,0.08397743889701274,1.0047842224696741,timeout,160,-3.7498042551513286,3.2231042406517654,"{""collision"": 234, ""fall"": 8, ""success"": 4385, ""timeout"": 160}","{""collision_rod_early"": 56, ""collision_rod_late"": 2, ""collision_rod_mid"": 16, ""collision_tblock_early"": 154, ""collision_tblock_late"": 1, ""collision_tblock_mid"": 5, ""fall"": 8, ""timeout"": 160}","{""collision_rod_early"": 1.04629571886787, ""collision_rod_late"": 1.6019178927054423, ""collision_rod_mid"": 2.35555541334367, ""collision_tblock_early"": 0.8870135202481637, ""collision_tblock_late"": 1.2459361387708994, ""collision_tblock_mid"": 1.6251340940489993, ""fall"": 1.3456110298725716, ""timeout"": 1.0317125013399053}"
layout_basic,start_region=x_pos__y_mid|path_len_bin=medium|num_obstacles_bin=2|max_blockage_bin=low|medhigh_count_bin=0|pair_side_mode=same_side|min_pair_dist_bin=far,True,1941,1779,162,0.08346213292117466,0.9986186222672027,timeout,73,-2.969423723078686,2.938691396187532,"{""collision"": 88, ""fall"": 1, ""success"": 1779, ""timeout"": 73}","{""collision_rod_early"": 47, ""collision_rod_late"": 1, ""collision_rod_mid"": 6, ""collision_tblock_early"": 33, ""collision_tblock_late"": 1, ""fall"": 1, ""timeout"": 73}","{""collision_rod_early"": 2.165719322627909, ""collision_rod_late"": 1.9753686121537744, ""collision_rod_mid"": 2.1785246838632437, ""collision_tblock_early"": 0.4687716627763259, ""collision_tblock_late"": 3.072795618905871, ""collision_tblock_mid"": 0.0, ""fall"": 0.41482740855229266, ""timeout"": 1.1609124333646679}"
layout_basic,start_region=x_neg__y_pos|path_len_bin=long|num_obstacles_bin=2|max_blockage_bin=low|medhigh_count_bin=0|pair_side_mode=same_side|min_pair_dist_bin=close,True,5829,5343,486,0.08337622233659289,0.9975907080909111,collision_tblock_early,262,-3.845871337634483,3.158003088008235,"{""collision"": 307, ""fall"": 11, ""success"": 5343, ""timeout"": 168}","{""collision_rod_early"": 41, ""collision_rod_mid"": 2, ""collision_tblock_early"": 262, ""collision_tblock_mid"": 2, ""fall"": 11, ""timeout"": 168}","{""collision_rod_early"": 0.629099949314512, ""collision_rod_late"": 0.0, ""collision_rod_mid"": 0.2418091388676477, ""collision_tblock_early"": 1.2393106511933452, ""collision_tblock_late"": 0.0, ""collision_tblock_mid"": 0.5338491616546618, ""fall"": 1.5194681763595814, ""timeout"": 0.8896462739937954}"
layout_basic,start_region=x_neg__y_pos|path_len_bin=long|num_obstacles_bin=2|max_blockage_bin=low|medhigh_count_bin=0|pair_side_mode=same_side|min_pair_dist_bin=very_close,True,3732,3423,309,0.08279742765273312,0.9906654699075362,collision_tblock_early,172,-3.8899252721274458,3.157020364415863,"{""collision"": 200, ""fall"": 9, ""success"": 3423, ""timeout"": 100}","{""collision_rod_early"": 27, ""collision_rod_mid"": 1, ""collision_tblock_early"": 172, ""fall"": 9, ""timeout"": 100}","{""collision_rod_early"": 0.6470710618968829, ""collision_rod_late"": 0.0, ""collision_rod_mid"": 0.18884049711408343, ""collision_tblock_early"": 1.27074894573713, ""collision_tblock_late"": 0.0, ""collision_tblock_mid"": 0.0, ""fall"": 1.9417524115755627, ""timeout"": 0.8271047266737218}"
layout_basic,start_region=x_neg__y_pos|path_len_bin=long|num_obstacles_bin=2|max_blockage_bin=low|medhigh_count_bin=0|pair_side_mode=same_side|min_pair_dist_bin=medium,True,2693,2474,219,0.08132194578536947,0.9730114318666141,collision_tblock_early,106,-3.744563387941282,3.1786112142591905,"{""collision"": 130, ""fall"": 2, ""success"": 2474, ""timeout"": 87}","{""collision_rod_early"": 22, ""collision_rod_late"": 1, ""collision_rod_mid"": 1, ""collision_tblock_early"": 106, ""fall"": 2, ""timeout"": 87}","{""collision_rod_early"": 0.7306614193998388, ""collision_rod_late"": 1.4237617809842094, ""collision_rod_mid"": 0.26169800788331204, ""collision_tblock_early"": 1.0852816452258711, ""collision_tblock_late"": 0.0, ""collision_tblock_mid"": 0.0, ""fall"": 0.597979948013368, ""timeout"": 0.9972063537888252}"
layout_basic,start_region=x_neg__y_pos|path_len_bin=medium|num_obstacles_bin=2|max_blockage_bin=low|medhigh_count_bin=0|pair_side_mode=same_side|min_pair_dist_bin=medium,True,197,181,16,0.08121827411167512,0.9717710074929576,timeout,10,-2.910624717065327,3.1522842639593907,"{""collision"": 6, ""success"": 181, ""timeout"": 10}","{""collision_rod_early"": 1, ""collision_tblock_early"": 4, ""collision_tblock_mid"": 1, ""timeout"": 10}","{""collision_rod_early"": 0.45400812239127036, ""collision_rod_late"": 0.0, ""collision_rod_mid"": 0.0, ""collision_tblock_early"": 0.5598435917236416, ""collision_tblock_late"": 0.0, ""collision_tblock_mid"": 7.897986708845239, ""fall"": 0.0, ""timeout"": 1.5668806294143804}"
layout_basic,start_region=x_mid__y_pos|path_len_bin=medium|num_obstacles_bin=2|max_blockage_bin=low|medhigh_count_bin=0|pair_side_mode=center_involved|min_pair_dist_bin=far,True,334,307,27,0.08083832335329341,0.9672249230641918,timeout,15,-2.958745327648492,3.038922155688623,"{""collision"": 12, ""success"": 307, ""timeout"": 15}","{""collision_rod_early"": 9, ""collision_tblock_early"": 3, ""timeout"": 15}","{""collision_rod_early"": 2.4100491047895876, ""collision_rod_late"": 0.0, ""collision_rod_mid"": 0.0, ""collision_tblock_early"": 0.24765536130888635, ""collision_tblock_late"": 0.0, ""collision_tblock_mid"": 0.0, ""fall"": 0.0, ""timeout"": 1.3862671436884713}"
layout_basic,start_region=x_pos__y_neg|path_len_bin=long|num_obstacles_bin=2|max_blockage_bin=low|medhigh_count_bin=0|pair_side_mode=same_side|min_pair_dist_bin=very_close,True,3591,3309,282,0.0785296574770259,0.9396018962382304,collision_tblock_early,165,-3.738870067810808,3.134781397939293,"{""collision"": 189, ""fall"": 5, ""success"": 3309, ""timeout"": 88}","{""collision_rod_early"": 13, ""collision_rod_late"": 1, ""collision_rod_mid"": 3, ""collision_tblock_early"": 165, ""collision_tblock_late"": 1, ""collision_tblock_mid"": 6, ""fall"": 5, ""timeout"": 88}","{""collision_rod_early"": 0.32378579823003156, ""collision_rod_late"": 1.0677222155918897, ""collision_rod_mid"": 0.5887658606764906, ""collision_tblock_early"": 1.2668975180295858, ""collision_tblock_late"": 1.6609012242540508, ""collision_tblock_mid"": 2.5996714814411233, ""fall"": 1.1211083263714845, ""timeout"": 0.7564311498615344}"
layout_basic,start_region=x_pos__y_neg|path_len_bin=long|num_obstacles_bin=2|max_blockage_bin=low|medhigh_count_bin=0|pair_side_mode=center_involved|min_pair_dist_bin=far,True,1108,1021,87,0.07851985559566788,0.9394846174087206,timeout,44,-3.8277207735300296,3.300541516245487,"{""collision"": 43, ""success"": 1021, ""timeout"": 44}","{""collision_rod_early"": 16, ""collision_rod_late"": 1, ""collision_rod_mid"": 2, ""collision_tblock_early"": 24, ""timeout"": 44}","{""collision_rod_early"": 1.291546572001159, ""collision_rod_late"": 3.460460718583462, ""collision_rod_mid"": 1.2721168505952334, ""collision_tblock_early"": 0.5972338677051844, ""collision_tblock_late"": 0.0, ""collision_tblock_mid"": 0.0, ""fall"": 0.0, ""timeout"": 1.225787120556304}"
layout_basic,start_region=x_mid__y_pos|path_len_bin=long|num_obstacles_bin=2|max_blockage_bin=low|medhigh_count_bin=0|pair_side_mode=same_side|min_pair_dist_bin=close,True,3701,3412,289,0.07808700351256417,0.9343055723047242,collision_tblock_early,139,-3.7146711985693592,3.2185895703863823,"{""collision"": 161, ""fall"": 3, ""success"": 3412, ""timeout"": 125}","{""collision_rod_early"": 18, ""collision_rod_mid"": 3, ""collision_tblock_early"": 139, ""collision_tblock_late"": 1, ""fall"": 3, ""timeout"": 125}","{""collision_rod_early"": 0.43499400216142786, ""collision_rod_late"": 0.0, ""collision_rod_mid"": 0.5712667402564923, ""collision_tblock_early"": 1.035544249673634, ""collision_tblock_late"": 1.611536421587759, ""collision_tblock_mid"": 0.0, ""fall"": 0.6526722507430424, ""timeout"": 1.0425408132755771}"
layout_basic,start_region=x_pos__y_neg|path_len_bin=long|num_obstacles_bin=2|max_blockage_bin=low|medhigh_count_bin=0|pair_side_mode=same_side|min_pair_dist_bin=close,True,5933,5472,461,0.07770099443788978,0.9296870005423893,collision_tblock_early,281,-3.750575981236495,3.103826057643688,"{""collision"": 318, ""fall"": 11, ""success"": 5472, ""timeout"": 132}","{""collision_rod_early"": 30, ""collision_rod_late"": 1, ""collision_rod_mid"": 1, ""collision_tblock_early"": 281, ""collision_tblock_mid"": 5, ""fall"": 11, ""timeout"": 132}","{""collision_rod_early"": 0.45224810438773094, ""collision_rod_late"": 0.6462481840873885, ""collision_rod_mid"": 0.11878522420862284, ""collision_tblock_early"": 1.3058849531032206, ""collision_tblock_late"": 0.0, ""collision_tblock_mid"": 1.3112281995976, ""fall"": 1.4928333052418676, ""timeout"": 0.6867548270232858}"
layout_basic,start_region=x_pos__y_pos|path_len_bin=long|num_obstacles_bin=2|max_blockage_bin=low|medhigh_count_bin=0|pair_side_mode=same_side|min_pair_dist_bin=very_close,True,3889,3588,301,0.07739778863461044,0.926059164169933,collision_tblock_early,162,-3.8670848341464583,3.025970686551813,"{""collision"": 191, ""fall"": 1, ""success"": 3588, ""timeout"": 109}","{""collision_rod_early"": 24, ""collision_rod_mid"": 2, ""collision_tblock_early"": 162, ""collision_tblock_mid"": 3, ""fall"": 1, ""timeout"": 109}","{""collision_rod_early"": 0.5519543334188548, ""collision_rod_late"": 0.0, ""collision_rod_mid"": 0.36243390857791685, ""collision_tblock_early"": 1.14855029482311, ""collision_tblock_late"": 0.0, ""collision_tblock_mid"": 1.2002340305804928, ""fall"": 0.207040370275135, ""timeout"": 0.865148566608768}"
layout_basic,start_region=x_pos__y_mid|path_len_bin=medium|num_obstacles_bin=2|max_blockage_bin=low|medhigh_count_bin=0|pair_side_mode=center_involved|min_pair_dist_bin=far,True,338,312,26,0.07692307692307693,0.9203792715197722,timeout,13,-2.7484711934100967,2.9585798816568047,"{""collision"": 13, ""success"": 312, ""timeout"": 13}","{""collision_rod_early"": 3, ""collision_rod_mid"": 2, ""collision_tblock_early"": 7, ""collision_tblock_mid"": 1, ""timeout"": 13}","{""collision_rod_early"": 0.7938426045362152, ""collision_rod_late"": 0.0, ""collision_rod_mid"": 4.170134527986741, ""collision_tblock_early"": 0.5710239001382409, ""collision_tblock_late"": 0.0, ""collision_tblock_mid"": 4.6032644427293254, ""fall"": 0.0, ""timeout"": 1.1872133999793575}"
layout_basic,start_region=x_neg__y_neg|path_len_bin=medium|num_obstacles_bin=2|max_blockage_bin=low|medhigh_count_bin=0|pair_side_mode=same_side|min_pair_dist_bin=far,True,357,330,27,0.07563025210084033,0.9049107123345661,timeout,12,-2.7197250630685628,2.9327731092436973,"{""collision"": 15, ""success"": 330, ""timeout"": 12}","{""collision_rod_early"": 8, ""collision_tblock_early"": 7, ""timeout"": 12}","{""collision_rod_early"": 2.0042487419849917, ""collision_rod_late"": 0.0, ""collision_rod_mid"": 0.0, ""collision_tblock_early"": 0.5406332723997912, ""collision_tblock_late"": 0.0, ""collision_tblock_mid"": 0.0, ""fall"": 0.0, ""timeout"": 1.0375646520828}"
layout_basic,start_region=x_neg__y_neg|path_len_bin=long|num_obstacles_bin=2|max_blockage_bin=low|medhigh_count_bin=0|pair_side_mode=same_side|min_pair_dist_bin=medium,True,2613,2416,197,0.07539226942212017,0.9020632661163938,timeout,109,-3.509796523050803,3.243398392652124,"{""collision"": 84, ""fall"": 4, ""success"": 2416, ""timeout"": 109}","{""collision_rod_early"": 25, ""collision_rod_late"": 1, ""collision_rod_mid"": 9, ""collision_tblock_early"": 48, ""collision_tblock_mid"": 1, ""fall"": 4, ""timeout"": 109}","{""collision_rod_early"": 0.855717567078839, ""collision_rod_late"": 1.4673518852623328, ""collision_rod_mid"": 2.427391740171387, ""collision_tblock_early"": 0.5064945468177148, ""collision_tblock_late"": 0.0, ""collision_tblock_mid"": 0.5954471418455843, ""fall"": 1.2325755836203598, ""timeout"": 1.287624483559701}"
layout_basic,start_region=x_mid__y_pos|path_len_bin=long|num_obstacles_bin=2|max_blockage_bin=low|medhigh_count_bin=0|pair_side_mode=same_side|min_pair_dist_bin=far,True,2322,2147,175,0.07536606373815675,0.9017497169282868,timeout,96,-3.7010208578965242,3.2665805340223946,"{""collision"": 72, ""fall"": 7, ""success"": 2147, ""timeout"": 96}","{""collision_rod_early"": 16, ""collision_rod_mid"": 5, ""collision_tblock_early"": 50, ""collision_tblock_late"": 1, ""fall"": 7, ""timeout"": 96}","{""collision_rod_early"": 0.6162935408170904, ""collision_rod_late"": 0.0, ""collision_rod_mid"": 1.5175554160847529, ""collision_tblock_early"": 0.5937187099997706, ""collision_tblock_late"": 2.5686030561138224, ""collision_tblock_mid"": 0.0, ""fall"": 2.4273298880275624, ""timeout"": 1.2761777116057176}"
layout_basic,start_region=x_neg__y_neg|path_len_bin=long|num_obstacles_bin=2|max_blockage_bin=low|medhigh_count_bin=0|pair_side_mode=same_side|min_pair_dist_bin=close,True,4925,4554,371,0.07532994923857868,0.9013176094497181,timeout,150,-3.5740620379433934,3.1951269035532994,"{""collision"": 213, ""fall"": 8, ""success"": 4554, ""timeout"": 150}","{""collision_rod_early"": 42, ""collision_rod_late"": 1, ""collision_rod_mid"": 16, ""collision_tblock_early"": 149, ""collision_tblock_late"": 1, ""collision_tblock_mid"": 4, ""fall"": 8, ""timeout"": 150}","{""collision_rod_early"": 0.7627336456173341, ""collision_rod_late"": 0.7785158327290306, ""collision_rod_mid"": 2.289552033233736, ""collision_tblock_early"": 0.834166951668226, ""collision_tblock_late"": 1.2110246286896031, ""collision_tblock_mid"": 1.263677873415238, ""fall"": 1.3079065989847716, ""timeout"": 0.9401283776486282}"
layout_basic,start_region=x_pos__y_pos|path_len_bin=long|num_obstacles_bin=2|max_blockage_bin=low|medhigh_count_bin=0|pair_side_mode=same_side|min_pair_dist_bin=medium,True,2582,2388,194,0.07513555383423702,0.8989916819414663,collision_tblock_early,99,-3.8057888155251134,3.046862896979086,"{""collision"": 136, ""fall"": 2, ""success"": 2388, ""timeout"": 56}","{""collision_rod_early"": 32, ""collision_rod_late"": 1, ""collision_rod_mid"": 3, ""collision_tblock_early"": 99, ""collision_tblock_mid"": 1, ""fall"": 2, ""timeout"": 56}","{""collision_rod_early"": 1.1084690951024665, ""collision_rod_late"": 1.4849692006934454, ""collision_rod_mid"": 0.8188451609950728, ""collision_tblock_early"": 1.0571872162457574, ""collision_tblock_late"": 0.0, ""collision_tblock_mid"": 0.6025961973828474, ""fall"": 0.6236870642912472, ""timeout"": 0.6694743262470738}"
layout_basic,start_region=x_neg__y_pos|path_len_bin=medium|num_obstacles_bin=2|max_blockage_bin=low|medhigh_count_bin=0|pair_side_mode=opposite_side|min_pair_dist_bin=far,True,1183,1095,88,0.07438715131022823,0.8900370977334062,timeout,37,-3.216047519065243,3.081149619611158,"{""collision"": 51, ""success"": 1095, ""timeout"": 37}","{""collision_rod_early"": 25, ""collision_rod_mid"": 2, ""collision_tblock_early"": 23, ""collision_tblock_mid"": 1, ""timeout"": 37}","{""collision_rod_early"": 1.890101439371941, ""collision_rod_late"": 0.0, ""collision_rod_mid"": 1.1914670079962117, ""collision_tblock_early"": 0.5360632531910017, ""collision_tblock_late"": 0.0, ""collision_tblock_mid"": 1.3152184122083788, ""fall"": 0.0, ""timeout"": 0.965426281301895}"
layout_basic,start_region=x_pos__y_neg|path_len_bin=medium|num_obstacles_bin=2|max_blockage_bin=low|medhigh_count_bin=0|pair_side_mode=opposite_side|min_pair_dist_bin=far,True,1144,1059,85,0.0743006993006993,0.8890027054452346,timeout,38,-2.859995644150931,2.9361888111888113,"{""collision"": 46, ""fall"": 1, ""success"": 1059, ""timeout"": 38}","{""collision_rod_early"": 19, ""collision_rod_mid"": 2, ""collision_tblock_early"": 24, ""collision_tblock_mid"": 1, ""fall"": 1, ""timeout"": 38}","{""collision_rod_early"": 1.4854479039427666, ""collision_rod_late"": 0.0, ""collision_rod_mid"": 1.232085201450628, ""collision_tblock_early"": 0.5784397949452311, ""collision_tblock_late"": 0.0, ""collision_tblock_mid"": 1.3600554035336643, ""fall"": 0.7038286713286713, ""timeout"": 1.025320663618536}"
layout_basic,start_region=x_neg__y_neg|path_len_bin=long|num_obstacles_bin=2|max_blockage_bin=low|medhigh_count_bin=0|pair_side_mode=center_involved|min_pair_dist_bin=far,True,1915,1774,141,0.07362924281984334,0.880968775298038,timeout,77,-3.6246418622014165,3.316971279373368,"{""collision"": 62, ""fall"": 2, ""success"": 1774, ""timeout"": 77}","{""collision_rod_early"": 25, ""collision_rod_mid"": 3, ""collision_tblock_early"": 33, ""collision_tblock_mid"": 1, ""fall"": 2, ""timeout"": 77}","{""collision_rod_early"": 1.1676188004057475, ""collision_rod_late"": 0.0, ""collision_rod_mid"": 1.1040512823442705, ""collision_tblock_early"": 0.47513618665736224, ""collision_tblock_late"": 0.0, ""collision_tblock_mid"": 0.8124821836253326, ""fall"": 0.8409190600522194, ""timeout"": 1.2411494656703257}"
layout_basic,start_region=x_pos__y_neg|path_len_bin=long|num_obstacles_bin=2|max_blockage_bin=low|medhigh_count_bin=0|pair_side_mode=same_side|min_pair_dist_bin=medium,True,2775,2571,204,0.07351351351351351,0.8795840821875446,timeout,86,-3.6075937734076664,3.138018018018018,"{""collision"": 115, ""fall"": 3, ""success"": 2571, ""timeout"": 86}","{""collision_rod_early"": 30, ""collision_rod_mid"": 1, ""collision_tblock_early"": 83, ""collision_tblock_mid"": 1, ""fall"": 3, ""timeout"": 86}","{""collision_rod_early"": 0.9669145957954621, ""collision_rod_late"": 0.0, ""collision_rod_mid"": 0.25396494963234567, ""collision_tblock_early"": 0.8246849160606544, ""collision_tblock_late"": 0.0, ""collision_tblock_mid"": 0.5606859032945989, ""fall"": 0.8704648648648649, ""timeout"": 0.9566159143617452}"
layout_basic,start_region=x_pos__y_mid|path_len_bin=long|num_obstacles_bin=2|max_blockage_bin=low|medhigh_count_bin=0|pair_side_mode=same_side|min_pair_dist_bin=far,True,2453,2273,180,0.07337953526294333,0.877981041726974,timeout,83,-3.4525838204163106,3.159804321239299,"{""collision"": 97, ""success"": 2273, ""timeout"": 83}","{""collision_rod_early"": 36, ""collision_rod_mid"": 6, ""collision_tblock_early"": 55, ""timeout"": 83}","{""collision_rod_early"": 1.3126072580509127, ""collision_rod_late"": 0.0, ""collision_rod_mid"": 1.7238142728815962, ""collision_tblock_early"": 0.6182129348069361, ""collision_tblock_late"": 0.0, ""collision_tblock_mid"": 0.0, ""fall"": 0.0, ""timeout"": 1.0444380420527735}"
layout_basic,start_region=x_neg__y_pos|path_len_bin=medium|num_obstacles_bin=2|max_blockage_bin=low|medhigh_count_bin=0|pair_side_mode=same_side|min_pair_dist_bin=far,True,343,318,25,0.0728862973760933,0.872079484676169,timeout,11,-2.9428834503460806,3.0058309037900877,"{""collision"": 14, ""success"": 318, ""timeout"": 11}","{""collision_rod_early"": 10, ""collision_rod_mid"": 1, ""collision_tblock_early"": 3, ""timeout"": 11}","{""collision_rod_early"": 2.607568516358025, ""collision_rod_late"": 0.0, ""collision_rod_mid"": 2.0546726974628546, ""collision_tblock_early"": 0.24115711567687476, ""collision_tblock_late"": 0.0, ""collision_tblock_mid"": 0.0, ""fall"": 0.0, ""timeout"": 0.9899213772422629}"
layout_basic,start_region=x_mid__y_pos|path_len_bin=long|num_obstacles_bin=2|max_blockage_bin=low|medhigh_count_bin=0|pair_side_mode=same_side|min_pair_dist_bin=very_close,True,2370,2198,172,0.07257383966244725,0.8683409498389075,timeout,85,-3.8053477621369125,3.2147679324894516,"{""collision"": 84, ""fall"": 3, ""success"": 2198, ""timeout"": 85}","{""collision_rod_early"": 11, ""collision_rod_mid"": 1, ""collision_tblock_early"": 71, ""collision_tblock_mid"": 1, ""fall"": 3, ""timeout"": 85}","{""collision_rod_early"": 0.41512050684467633, ""collision_rod_late"": 0.0, ""collision_rod_mid"": 0.29736402330369593, ""collision_tblock_early"": 0.8260055187171494, ""collision_tblock_late"": 0.0, ""collision_tblock_mid"": 0.6564993171487392, ""fall"": 1.0192151898734176, ""timeout"": 1.1070639721326498}"
layout_basic,start_region=x_pos__y_mid|path_len_bin=long|num_obstacles_bin=2|max_blockage_bin=low|medhigh_count_bin=0|pair_side_mode=same_side|min_pair_dist_bin=close,True,3760,3488,272,0.07234042553191489,0.8655481659824241,collision_tblock_early,133,-3.5192600528164686,3.081914893617021,"{""collision"": 159, ""fall"": 1, ""success"": 3488, ""timeout"": 112}","{""collision_rod_early"": 20, ""collision_rod_mid"": 3, ""collision_tblock_early"": 133, ""collision_tblock_late"": 1, ""collision_tblock_mid"": 2, ""fall"": 1, ""timeout"": 112}","{""collision_rod_early"": 0.47574255378234176, ""collision_rod_late"": 0.0, ""collision_rod_mid"": 0.5623027142790632, ""collision_tblock_early"": 0.9752966719914318, ""collision_tblock_late"": 1.586249014972419, ""collision_tblock_mid"": 0.8276081817247404, ""fall"": 0.2141436170212766, ""timeout"": 0.9194588884946513}"
layout_basic,start_region=x_neg__y_neg|path_len_bin=long|num_obstacles_bin=2|max_blockage_bin=low|medhigh_count_bin=0|pair_side_mode=same_side|min_pair_dist_bin=far,True,5232,4854,378,0.07224770642201835,0.8644387882737311,timeout,187,-3.5501747965155133,3.212538226299694,"{""collision"": 189, ""fall"": 2, ""success"": 4854, ""timeout"": 187}","{""collision_rod_early"": 69, ""collision_rod_late"": 2, ""collision_rod_mid"": 14, ""collision_tblock_early"": 96, ""collision_tblock_late"": 6, ""collision_tblock_mid"": 2, ""fall"": 2, ""timeout"": 187}","{""collision_rod_early"": 1.1795360106392465, ""collision_rod_late"": 1.4656691422746468, ""collision_rod_mid"": 1.8858062487034843, ""collision_tblock_early"": 0.5059137044475109, ""collision_tblock_late"": 6.839789330615019, ""collision_tblock_mid"": 0.5947642896186973, ""fall"": 0.30779051987767586, ""timeout"": 1.1032552658065053}"
layout_basic,start_region=x_neg__y_neg|path_len_bin=long|num_obstacles_bin=2|max_blockage_bin=low|medhigh_count_bin=0|pair_side_mode=same_side|min_pair_dist_bin=very_close,True,3181,2952,229,0.07198994027035524,0.861354634176159,timeout,105,-3.4389592672804494,3.1675573718956302,"{""collision"": 122, ""fall"": 2, ""success"": 2952, ""timeout"": 105}","{""collision_rod_early"": 14, ""collision_rod_late"": 1, ""collision_rod_mid"": 6, ""collision_tblock_early"": 98, ""collision_tblock_mid"": 3, ""fall"": 2, ""timeout"": 105}","{""collision_rod_early"": 0.3936354610358766, ""collision_rod_late"": 1.2053412374066255, ""collision_rod_mid"": 1.3293041217788606, ""collision_tblock_early"": 0.8494451730443747, ""collision_tblock_late"": 0.0, ""collision_tblock_mid"": 1.4673719411906747, ""fall"": 0.5062433197107827, ""timeout"": 1.0188910977502814}"
layout_basic,start_region=x_pos__y_pos|path_len_bin=medium|num_obstacles_bin=2|max_blockage_bin=low|medhigh_count_bin=0|pair_side_mode=opposite_side|min_pair_dist_bin=far,True,1265,1174,91,0.07193675889328063,0.8607183226939846,timeout,45,-2.773925425413001,2.86798418972332,"{""collision"": 45, ""fall"": 1, ""success"": 1174, ""timeout"": 45}","{""collision_rod_early"": 9, ""collision_rod_mid"": 1, ""collision_tblock_early"": 34, ""collision_tblock_mid"": 1, ""fall"": 1, ""timeout"": 45}","{""collision_rod_early"": 0.6363291707507686, ""collision_rod_late"": 0.0, ""collision_rod_mid"": 0.5571167867428927, ""collision_tblock_early"": 0.7410735923646149, ""collision_tblock_late"": 0.0, ""collision_tblock_mid"": 1.2299631475434878, ""fall"": 0.6365059288537549, ""timeout"": 1.0980550814038323}"
layout_basic,start_region=x_neg__y_mid|path_len_bin=long|num_obstacles_bin=2|max_blockage_bin=low|medhigh_count_bin=0|pair_side_mode=opposite_side|min_pair_dist_bin=far,True,11298,10489,809,0.07160559391042662,0.8567559566802484,timeout,456,-3.5068086585802027,3.253673216498495,"{""collision"": 311, ""fall"": 42, ""success"": 10489, ""timeout"": 456}","{""collision_rod_early"": 136, ""collision_rod_late"": 3, ""collision_rod_mid"": 23, ""collision_tblock_early"": 143, ""collision_tblock_late"": 1, ""collision_tblock_mid"": 5, ""fall"": 42, ""timeout"": 456}","{""collision_rod_early"": 1.0766317591703767, ""collision_rod_late"": 1.0181068710011885, ""collision_rod_mid"": 1.4347064002730099, ""collision_tblock_early"": 0.3489855244832428, ""collision_tblock_late"": 0.5279072664450607, ""collision_tblock_mid"": 0.6885746953631228, ""fall"": 2.9932342007434944, ""timeout"": 1.245849006032507}"
layout_basic,start_region=x_pos__y_pos|path_len_bin=medium|num_obstacles_bin=2|max_blockage_bin=low|medhigh_count_bin=0|pair_side_mode=same_side|min_pair_dist_bin=far,True,252,234,18,0.07142857142857142,0.8546378949826456,timeout,13,-2.8449809987750476,3.126984126984127,"{""collision"": 5, ""success"": 234, ""timeout"": 13}","{""collision_rod_early"": 2, ""collision_tblock_early"": 3, ""timeout"": 13}","{""collision_rod_early"": 0.7098380961196845, ""collision_rod_late"": 0.0, ""collision_rod_mid"": 0.0, ""collision_tblock_early"": 0.32824162967130177, ""collision_tblock_late"": 0.0, ""collision_tblock_mid"": 0.0, ""fall"": 0.0, ""timeout"": 1.5923735285437413}"
layout_basic,start_region=x_pos__y_mid|path_len_bin=medium|num_obstacles_bin=2|max_blockage_bin=low|medhigh_count_bin=0|pair_side_mode=opposite_side|min_pair_dist_bin=far,True,9004,8363,641,0.07119058196357174,0.8517903675671105,timeout,324,-2.8855982979114527,2.938804975566415,"{""collision"": 311, ""fall"": 6, ""success"": 8363, ""timeout"": 324}","{""collision_rod_early"": 99, ""collision_rod_late"": 3, ""collision_rod_mid"": 13, ""collision_tblock_early"": 191, ""collision_tblock_mid"": 5, ""fall"": 6, ""timeout"": 324}","{""collision_rod_early"": 0.9833985352062357, ""collision_rod_late"": 1.27749571618963, ""collision_rod_mid"": 1.0175239402473202, ""collision_tblock_early"": 0.584885462732826, ""collision_tblock_late"": 0.0, ""collision_tblock_mid"": 0.8640067645726967, ""fall"": 0.5365482007996446, ""timeout"": 1.11073808101134}"
layout_basic,start_region=x_neg__y_mid|path_len_bin=medium|num_obstacles_bin=2|max_blockage_bin=low|medhigh_count_bin=0|pair_side_mode=opposite_side|min_pair_dist_bin=far,True,8162,7583,579,0.07093849546679735,0.8487741701457151,timeout,386,-2.9149814328036645,3.1321979906885566,"{""collision"": 187, ""fall"": 6, ""success"": 7583, ""timeout"": 386}","{""collision_rod_early"": 102, ""collision_rod_late"": 1, ""collision_rod_mid"": 10, ""collision_tblock_early"": 68, ""collision_tblock_late"": 3, ""collision_tblock_mid"": 3, ""fall"": 6, ""timeout"": 386}","{""collision_rod_early"": 1.117721050150721, ""collision_rod_late"": 0.4697611463110115, ""collision_rod_mid"": 0.8634559363265858, ""collision_tblock_early"": 0.22971283860358685, ""collision_tblock_late"": 2.1922186827847203, ""collision_tblock_mid"": 0.5718831346394924, ""fall"": 0.5918990443518746, ""timeout"": 1.4597982948043164}"
layout_basic,start_region=x_mid__y_pos|path_len_bin=long|num_obstacles_bin=2|max_blockage_bin=low|medhigh_count_bin=0|pair_side_mode=same_side|min_pair_dist_bin=medium,True,1734,1611,123,0.07093425605536333,0.8487234458824198,timeout,58,-3.7186910358066894,3.232410611303345,"{""collision"": 63, ""fall"": 2, ""success"": 1611, ""timeout"": 58}","{""collision_rod_early"": 20, ""collision_rod_late"": 1, ""collision_rod_mid"": 2, ""collision_tblock_early"": 39, ""collision_tblock_late"": 1, ""fall"": 2, ""timeout"": 58}","{""collision_rod_early"": 1.0315986171981575, ""collision_rod_late"": 2.2111825122205744, ""collision_rod_mid"": 0.8128635931139092, ""collision_tblock_early"": 0.6201381653997604, ""collision_tblock_late"": 3.4396172412320047, ""collision_tblock_mid"": 0.0, ""fall"": 0.9286966551326413, ""timeout"": 1.0324785508470997}"
layout_basic,start_region=x_pos__y_mid|path_len_bin=long|num_obstacles_bin=2|max_blockage_bin=low|medhigh_count_bin=0|pair_side_mode=same_side|min_pair_dist_bin=medium,True,1787,1661,126,0.07050923335198657,0.8436380787629474,timeout,54,-3.455136071241284,3.0912143256855065,"{""collision"": 72, ""success"": 1661, ""timeout"": 54}","{""collision_rod_early"": 20, ""collision_rod_late"": 1, ""collision_rod_mid"": 1, ""collision_tblock_early"": 48, ""collision_tblock_late"": 1, ""collision_tblock_mid"": 1, ""timeout"": 54}","{""collision_rod_early"": 1.0010027992286543, ""collision_rod_late"": 2.145601833346657, ""collision_rod_mid"": 0.394377579871158, ""collision_tblock_early"": 0.7406101011945656, ""collision_tblock_late"": 3.3376028518725778, ""collision_tblock_mid"": 0.8706790048363247, ""fall"": 0.0, ""timeout"": 0.9327630741863558}"
layout_basic,start_region=x_mid__y_neg|path_len_bin=long|num_obstacles_bin=2|max_blockage_bin=low|medhigh_count_bin=0|pair_side_mode=opposite_side|min_pair_dist_bin=far,True,11216,10426,790,0.07043509272467903,0.8427509913077801,timeout,451,-3.2769374947212144,3.2260164051355207,"{""collision"": 335, ""fall"": 4, ""success"": 10426, ""timeout"": 451}","{""collision_rod_early"": 116, ""collision_rod_late"": 7, ""collision_rod_mid"": 22, ""collision_tblock_early"": 179, ""collision_tblock_late"": 3, ""collision_tblock_mid"": 8, ""fall"": 4, ""timeout"": 451}","{""collision_rod_early"": 0.9250172622044677, ""collision_rod_late"": 2.3929505468378505, ""collision_rod_mid"": 1.3823609285890428, ""collision_tblock_early"": 0.44003576531184857, ""collision_tblock_late"": 1.5953003645585668, ""collision_tblock_mid"": 1.1097741666494378, ""fall"": 0.2871540656205421, ""timeout"": 1.2411968908842674}"
layout_basic,start_region=x_mid__y_pos|path_len_bin=long|num_obstacles_bin=2|max_blockage_bin=low|medhigh_count_bin=0|pair_side_mode=center_involved|min_pair_dist_bin=far,True,523,487,36,0.06883365200764818,0.8235898643809818,timeout,17,-3.701912569610751,3.2638623326959846,"{""collision"": 18, ""fall"": 1, ""success"": 487, ""timeout"": 17}","{""collision_rod_early"": 7, ""collision_rod_mid"": 1, ""collision_tblock_early"": 9, ""collision_tblock_mid"": 1, ""fall"": 1, ""timeout"": 17}","{""collision_rod_early"": 1.1970883380068102, ""collision_rod_late"": 0.0, ""collision_rod_mid"": 1.3475195702289853, ""collision_tblock_early"": 0.474475472335572, ""collision_tblock_late"": 0.0, ""collision_tblock_mid"": 2.9749586647084363, ""fall"": 1.5395411089866158, ""timeout"": 1.0033428734051166}"
layout_basic,start_region=x_neg__y_mid|path_len_bin=medium|num_obstacles_bin=2|max_blockage_bin=low|medhigh_count_bin=0|pair_side_mode=same_side|min_pair_dist_bin=far,True,2859,2664,195,0.06820566631689402,0.8160760592174267,timeout,127,-3.0101405505202123,3.1161245190626095,"{""collision"": 66, ""fall"": 2, ""success"": 2664, ""timeout"": 127}","{""collision_rod_early"": 37, ""collision_rod_late"": 1, ""collision_tblock_early"": 24, ""collision_tblock_mid"": 4, ""fall"": 2, ""timeout"": 127}","{""collision_rod_early"": 1.1574904526442706, ""collision_rod_late"": 1.3410949549459519, ""collision_rod_mid"": 0.0, ""collision_tblock_early"": 0.23145684694555593, ""collision_tblock_late"": 0.0, ""collision_tblock_mid"": 2.176849781941255, ""fall"": 0.5632598810772999, ""timeout"": 1.3711712650338714}"
layout_basic,start_region=x_pos__y_mid|path_len_bin=long|num_obstacles_bin=2|max_blockage_bin=low|medhigh_count_bin=0|pair_side_mode=same_side|min_pair_dist_bin=very_close,True,2332,2178,154,0.0660377358490566,0.7901369217764083,collision_tblock_early,77,-3.4346199090135245,3.07590051457976,"{""collision"": 87, ""fall"": 1, ""success"": 2178, ""timeout"": 66}","{""collision_rod_early"": 8, ""collision_tblock_early"": 77, ""collision_tblock_late"": 1, ""collision_tblock_mid"": 1, ""fall"": 1, ""timeout"": 66}","{""collision_rod_early"": 0.30682538631588424, ""collision_rod_late"": 0.0, ""collision_rod_mid"": 0.0, ""collision_tblock_early"": 0.9104060294656859, ""collision_tblock_late"": 2.55758846324884, ""collision_tblock_mid"": 0.6671969904127409, ""fall"": 0.34527444253859346, ""timeout"": 0.8736098603621686}"
layout_basic,start_region=x_mid__y_pos|path_len_bin=medium|num_obstacles_bin=2|max_blockage_bin=low|medhigh_count_bin=0|pair_side_mode=opposite_side|min_pair_dist_bin=far,True,9071,8482,589,0.06493220152133172,0.7769092803469183,collision_tblock_early,231,-3.0606390697449264,2.9754161613934516,"{""collision"": 362, ""fall"": 3, ""success"": 8482, ""timeout"": 224}","{""collision_rod_early"": 110, ""collision_rod_late"": 2, ""collision_rod_mid"": 12, ""collision_tblock_early"": 231, ""collision_tblock_late"": 1, ""collision_tblock_mid"": 6, ""fall"": 3, ""timeout"": 224}","{""collision_rod_early"": 1.0845944231307274, ""collision_rod_late"": 0.8453732722280841, ""collision_rod_mid"": 0.9323153811880841, ""collision_tblock_early"": 0.702149772036373, ""collision_tblock_late"": 0.6575125450662876, ""collision_tblock_mid"": 1.0291500705385372, ""fall"": 0.26629258075184653, ""timeout"": 0.7622457106691409}"
layout_basic,start_region=x_neg__y_mid|path_len_bin=long|num_obstacles_bin=2|max_blockage_bin=low|medhigh_count_bin=0|pair_side_mode=center_involved|min_pair_dist_bin=far,True,867,813,54,0.06228373702422145,0.7452205866284662,timeout,30,-3.582628107564461,3.222606689734717,"{""collision"": 20, ""fall"": 4, ""success"": 813, ""timeout"": 30}","{""collision_rod_early"": 8, ""collision_rod_late"": 2, ""collision_rod_mid"": 2, ""collision_tblock_early"": 7, ""collision_tblock_mid"": 1, ""fall"": 4, ""timeout"": 30}","{""collision_rod_early"": 0.825278893758526, ""collision_rod_late"": 8.844730048882298, ""collision_rod_mid"": 1.6257271862278184, ""collision_tblock_early"": 0.22261370039991402, ""collision_tblock_late"": 0.0, ""collision_tblock_mid"": 1.794582908468872, ""fall"": 3.7147866205305653, ""timeout"": 1.0680812594969997}"
layout_basic,start_region=x_mid__y_pos|path_len_bin=medium|num_obstacles_bin=2|max_blockage_bin=low|medhigh_count_bin=0|pair_side_mode=same_side|min_pair_dist_bin=far,True,1976,1857,119,0.06022267206477733,0.7205600875714007,timeout,71,-2.9754991950424023,3.0936234817813766,"{""collision"": 47, ""fall"": 1, ""success"": 1857, ""timeout"": 71}","{""collision_rod_early"": 27, ""collision_rod_mid"": 3, ""collision_tblock_early"": 16, ""collision_tblock_mid"": 1, ""fall"": 1, ""timeout"": 71}","{""collision_rod_early"": 1.222099799088647, ""collision_rod_late"": 0.0, ""collision_rod_mid"": 1.0699687275755454, ""collision_tblock_early"": 0.22325746471570324, ""collision_tblock_late"": 0.0, ""collision_tblock_mid"": 0.7874004967826477, ""fall"": 0.4074797570850202, ""timeout"": 1.1091072552438734}"
layout_basic,start_region=x_mid__y_neg|path_len_bin=medium|num_obstacles_bin=2|max_blockage_bin=low|medhigh_count_bin=0|pair_side_mode=opposite_side|min_pair_dist_bin=far,True,8143,7656,487,0.059805968316345326,0.7155742561699224,timeout,288,-2.65708739969932,3.013631339801056,"{""collision"": 197, ""fall"": 2, ""success"": 7656, ""timeout"": 288}","{""collision_rod_early"": 95, ""collision_rod_late"": 4, ""collision_rod_mid"": 12, ""collision_tblock_early"": 77, ""collision_tblock_late"": 1, ""collision_tblock_mid"": 8, ""fall"": 2, ""timeout"": 288}","{""collision_rod_early"": 1.0434436952661947, ""collision_rod_late"": 1.8834289456910112, ""collision_rod_mid"": 1.038564757798982, ""collision_tblock_early"": 0.26072293512390765, ""collision_tblock_late"": 0.7324445899909487, ""collision_tblock_mid"": 1.528580013894154, ""fall"": 0.1977600392975562, ""timeout"": 1.091717295719689}"
layout_basic,start_region=x_mid__y_neg|path_len_bin=medium|num_obstacles_bin=2|max_blockage_bin=low|medhigh_count_bin=0|pair_side_mode=same_side|min_pair_dist_bin=medium,True,1579,1485,94,0.059531348955034834,0.7122884545897161,timeout,58,-2.4801119583217206,2.9474350854971503,"{""collision"": 36, ""success"": 1485, ""timeout"": 58}","{""collision_rod_early"": 13, ""collision_rod_mid"": 1, ""collision_tblock_early"": 19, ""collision_tblock_mid"": 3, ""timeout"": 58}","{""collision_rod_early"": 0.7363614955313765, ""collision_rod_late"": 0.0, ""collision_rod_mid"": 0.4463285213614689, ""collision_tblock_early"": 0.331775580085749, ""collision_tblock_late"": 0.0, ""collision_tblock_mid"": 2.9561178878578445, ""fall"": 0.0, ""timeout"": 1.133830150201945}"
layout_basic,start_region=x_pos__y_mid|path_len_bin=medium|num_obstacles_bin=2|max_blockage_bin=low|medhigh_count_bin=0|pair_side_mode=same_side|min_pair_dist_bin=close,True,2442,2297,145,0.059377559377559376,0.7104483729790215,timeout,74,-2.637397148786348,2.8755118755118754,"{""collision"": 71, ""success"": 2297, ""timeout"": 74}","{""collision_rod_early"": 16, ""collision_rod_mid"": 4, ""collision_tblock_early"": 47, ""collision_tblock_late"": 1, ""collision_tblock_mid"": 3, ""timeout"": 74}","{""collision_rod_early"": 0.5860088459366438, ""collision_rod_late"": 0.0, ""collision_rod_mid"": 1.1543861346924804, ""collision_tblock_early"": 0.5306707428101144, ""collision_tblock_late"": 2.4423817757151087, ""collision_tblock_mid"": 1.9114292157770418, ""fall"": 0.0, ""timeout"": 0.9353802545291906}"
layout_basic,start_region=x_mid__y_pos|path_len_bin=medium|num_obstacles_bin=2|max_blockage_bin=low|medhigh_count_bin=0|pair_side_mode=same_side|min_pair_dist_bin=very_close,True,1735,1632,103,0.05936599423631124,0.7103099968674209,timeout,56,-2.913020727973215,3.050720461095101,"{""collision"": 46, ""fall"": 1, ""success"": 1632, ""timeout"": 56}","{""collision_rod_early"": 13, ""collision_rod_late"": 1, ""collision_rod_mid"": 1, ""collision_tblock_early"": 28, ""collision_tblock_mid"": 3, ""fall"": 1, ""timeout"": 56}","{""collision_rod_early"": 0.6701526233106878, ""collision_rod_late"": 2.2099080554411965, ""collision_rod_mid"": 0.4061975419191696, ""collision_tblock_early"": 0.4449707855832287, ""collision_tblock_late"": 0.0, ""collision_tblock_mid"": 2.6903228501023264, ""fall"": 0.4640806916426513, ""timeout"": 0.9963012739884406}"
layout_basic,start_region=x_mid__y_neg|path_len_bin=long|num_obstacles_bin=2|max_blockage_bin=low|medhigh_count_bin=0|pair_side_mode=center_involved|min_pair_dist_bin=far,True,944,888,56,0.059322033898305086,0.7097840144771125,timeout,44,-3.1540580890281182,3.2309322033898304,"{""collision"": 12, ""success"": 888, ""timeout"": 44}","{""collision_rod_early"": 4, ""collision_rod_mid"": 1, ""collision_tblock_early"": 7, ""timeout"": 44}","{""collision_rod_early"": 0.37898135640288244, ""collision_rod_late"": 0.0, ""collision_rod_mid"": 0.7465601008789823, ""collision_tblock_early"": 0.2044555913630566, ""collision_tblock_late"": 0.0, ""collision_tblock_mid"": 0.0, ""fall"": 0.0, ""timeout"": 1.4387416626868483}"
layout_basic,start_region=x_neg__y_mid|path_len_bin=long|num_obstacles_bin=2|max_blockage_bin=low|medhigh_count_bin=0|pair_side_mode=same_side|min_pair_dist_bin=far,True,3564,3353,211,0.05920314253647587,0.7083614875922378,timeout,149,-3.3577303561548404,3.2617845117845117,"{""collision"": 55, ""fall"": 7, ""success"": 3353, ""timeout"": 149}","{""collision_rod_early"": 18, ""collision_rod_late"": 1, ""collision_rod_mid"": 1, ""collision_tblock_early"": 31, ""collision_tblock_late"": 1, ""collision_tblock_mid"": 3, ""fall"": 7, ""timeout"": 149}","{""collision_rod_early"": 0.45171515207616286, ""collision_rod_late"": 1.0758110202554647, ""collision_rod_mid"": 0.19774206936861932, ""collision_tblock_early"": 0.23982637588778616, ""collision_tblock_late"": 1.6734838092862783, ""collision_tblock_mid"": 1.3096829811805657, ""fall"": 1.5814421997755332, ""timeout"": 1.290478314118976}"
layout_basic,start_region=x_pos__y_mid|path_len_bin=medium|num_obstacles_bin=2|max_blockage_bin=low|medhigh_count_bin=0|pair_side_mode=same_side|min_pair_dist_bin=medium,True,1353,1273,80,0.059127864005912786,0.7074607852036683,timeout,42,-2.7739523483420157,2.936437546193644,"{""collision"": 37, ""fall"": 1, ""success"": 1273, ""timeout"": 42}","{""collision_rod_early"": 15, ""collision_rod_mid"": 2, ""collision_tblock_early"": 19, ""collision_tblock_mid"": 1, ""fall"": 1, ""timeout"": 42}","{""collision_rod_early"": 0.9915698460208452, ""collision_rod_late"": 0.0, ""collision_rod_mid"": 1.0417630971615066, ""collision_tblock_early"": 0.38719411748366417, ""collision_tblock_late"": 0.0, ""collision_tblock_mid"": 1.1499655444512282, ""fall"": 0.5951071692535107, ""timeout"": 0.9581944070786832}"
layout_basic,start_region=x_pos__y_mid|path_len_bin=medium|num_obstacles_bin=2|max_blockage_bin=low|medhigh_count_bin=0|pair_side_mode=same_side|min_pair_dist_bin=very_close,True,1738,1637,101,0.05811277330264672,0.6953152954576876,timeout,53,-2.7030495437877993,2.9067894131185272,"{""collision"": 47, ""fall"": 1, ""success"": 1637, ""timeout"": 53}","{""collision_rod_early"": 8, ""collision_rod_mid"": 1, ""collision_tblock_early"": 35, ""collision_tblock_late"": 1, ""collision_tblock_mid"": 2, ""fall"": 1, ""timeout"": 53}","{""collision_rod_early"": 0.41168975885422443, ""collision_rod_late"": 0.0, ""collision_rod_mid"": 0.40549639541413074, ""collision_tblock_early"": 0.5552533896626164, ""collision_tblock_late"": 3.431700976004773, ""collision_tblock_mid"": 1.790452683132925, ""fall"": 0.4632796317606444, ""timeout"": 0.9413003827224133}"
layout_basic,start_region=x_mid__y_neg|path_len_bin=long|num_obstacles_bin=2|max_blockage_bin=low|medhigh_count_bin=0|pair_side_mode=same_side|min_pair_dist_bin=close,True,3149,2967,182,0.057796125754207686,0.6915266295381967,timeout,99,-3.0479571489826487,3.0692283264528424,"{""collision"": 78, ""fall"": 5, ""success"": 2967, ""timeout"": 99}","{""collision_rod_early"": 14, ""collision_rod_mid"": 4, ""collision_tblock_early"": 57, ""collision_tblock_mid"": 3, ""fall"": 5, ""timeout"": 99}","{""collision_rod_early"": 0.3976355673404648, ""collision_rod_late"": 0.0, ""collision_rod_mid"": 0.8952083013398022, ""collision_tblock_early"": 0.4990857170105408, ""collision_tblock_late"": 0.0, ""collision_tblock_mid"": 1.482283310551774, ""fall"": 1.2784693553509052, ""timeout"": 0.9704310230380648}"
layout_basic,start_region=x_mid__y_neg|path_len_bin=medium|num_obstacles_bin=2|max_blockage_bin=low|medhigh_count_bin=0|pair_side_mode=center_involved|min_pair_dist_bin=far,True,575,542,33,0.057391304347826085,0.6866829695338823,timeout,23,-2.5957174921365938,3.0504347826086957,"{""collision"": 10, ""success"": 542, ""timeout"": 23}","{""collision_rod_early"": 5, ""collision_rod_mid"": 2, ""collision_tblock_early"": 3, ""timeout"": 23}","{""collision_rod_early"": 0.7777356531398284, ""collision_rod_late"": 0.0, ""collision_rod_mid"": 2.451313861668728, ""collision_tblock_early"": 0.14385546204724878, ""collision_tblock_late"": 0.0, ""collision_tblock_mid"": 0.0, ""fall"": 0.0, ""timeout"": 1.2347019359785318}"
layout_basic,start_region=x_mid__y_neg|path_len_bin=medium|num_obstacles_bin=2|max_blockage_bin=low|medhigh_count_bin=0|pair_side_mode=same_side|min_pair_dist_bin=far,True,2761,2604,157,0.05686345526982977,0.6803672919854602,timeout,105,-2.5719681816122524,3.0289750090546903,"{""collision"": 51, ""fall"": 1, ""success"": 2604, ""timeout"": 105}","{""collision_rod_early"": 33, ""collision_rod_mid"": 1, ""collision_tblock_early"": 14, ""collision_tblock_late"": 1, ""collision_tblock_mid"": 2, ""fall"": 1, ""timeout"": 105}","{""collision_rod_early"": 1.0689992045149035, ""collision_rod_late"": 0.0, ""collision_rod_mid"": 0.2552527110575007, ""collision_tblock_early"": 0.1398088216202285, ""collision_tblock_late"": 2.1601942398755147, ""collision_tblock_mid"": 1.1270578642828772, ""fall"": 0.2916262223831945, ""timeout"": 1.173883586361335}"
layout_basic,start_region=x_mid__y_neg|path_len_bin=long|num_obstacles_bin=2|max_blockage_bin=low|medhigh_count_bin=0|pair_side_mode=same_side|min_pair_dist_bin=medium,True,2029,1916,113,0.055692459339576145,0.6663564070293472,timeout,72,-3.1239094586503,3.138491867915229,"{""collision"": 41, ""success"": 1916, ""timeout"": 72}","{""collision_rod_early"": 13, ""collision_rod_mid"": 2, ""collision_tblock_early"": 24, ""collision_tblock_late"": 1, ""collision_tblock_mid"": 1, ""timeout"": 72}","{""collision_rod_early"": 0.5730482017959799, ""collision_rod_late"": 0.0, ""collision_rod_mid"": 0.6946798770130698, ""collision_tblock_early"": 0.3261385536803077, ""collision_tblock_late"": 2.9395250351386375, ""collision_tblock_mid"": 0.7668326178622533, ""fall"": 0.0, ""timeout"": 1.0953491792811025}"
layout_basic,start_region=x_mid__y_neg|path_len_bin=long|num_obstacles_bin=2|max_blockage_bin=low|medhigh_count_bin=0|pair_side_mode=same_side|min_pair_dist_bin=far,True,3752,3545,207,0.055170575692963755,0.6601121054530137,timeout,137,-3.162730674712124,3.166577825159915,"{""collision"": 66, ""fall"": 4, ""success"": 3545, ""timeout"": 137}","{""collision_rod_early"": 25, ""collision_rod_mid"": 5, ""collision_tblock_early"": 32, ""collision_tblock_late"": 2, ""collision_tblock_mid"": 2, ""fall"": 4, ""timeout"": 137}","{""collision_rod_early"": 0.5959461627870486, ""collision_rod_late"": 0.0, ""collision_rod_mid"": 0.9391694232805962, ""collision_tblock_early"": 0.2351581824510819, ""collision_tblock_late"": 3.1792624180683884, ""collision_tblock_mid"": 0.8293728047134926, ""fall"": 0.8584008528784649, ""timeout"": 1.1270933184238996}"
layout_basic,start_region=x_neg__y_mid|path_len_bin=long|num_obstacles_bin=2|max_blockage_bin=low|medhigh_count_bin=0|pair_side_mode=same_side|min_pair_dist_bin=very_close,True,1774,1677,97,0.05467869222096956,0.6542267538818675,timeout,68,-3.191064184644245,3.225479143179256,"{""collision"": 27, ""fall"": 2, ""success"": 1677, ""timeout"": 68}","{""collision_rod_early"": 6, ""collision_rod_mid"": 1, ""collision_tblock_early"": 19, ""collision_tblock_mid"": 1, ""fall"": 2, ""timeout"": 68}","{""collision_rod_early"": 0.3025014659901249, ""collision_rod_late"": 0.0, ""collision_rod_mid"": 0.39726760723210786, ""collision_tblock_early"": 0.2953064492420505, ""collision_tblock_late"": 0.0, ""collision_tblock_mid"": 0.8770594034061511, ""fall"": 0.9077564825253664, ""timeout"": 1.1831980220763834}"
layout_basic,start_region=x_mid__y_pos|path_len_bin=medium|num_obstacles_bin=2|max_blockage_bin=low|medhigh_count_bin=0|pair_side_mode=same_side|min_pair_dist_bin=close,True,2396,2266,130,0.05425709515859766,0.6491823743190381,timeout,72,-2.8707803440250745,3.033806343906511,"{""collision"": 58, ""success"": 2266, ""timeout"": 72}","{""collision_rod_early"": 11, ""collision_rod_mid"": 3, ""collision_tblock_early"": 40, ""collision_tblock_mid"": 4, ""timeout"": 72}","{""collision_rod_early"": 0.4106158602762449, ""collision_rod_late"": 0.0, ""collision_rod_mid"": 0.8824116050456084, ""collision_tblock_early"": 0.46030545730199246, ""collision_tblock_late"": 0.0, ""collision_tblock_mid"": 2.597501471857282, ""fall"": 0.0, ""timeout"": 0.9275724059938886}"
layout_basic,start_region=x_neg__y_pos|path_len_bin=medium|num_obstacles_bin=2|max_blockage_bin=low|medhigh_count_bin=0|pair_side_mode=same_side|min_pair_dist_bin=close,True,318,301,17,0.05345911949685535,0.6396346509618543,timeout,13,-2.564232991552596,3.056603773584906,"{""collision"": 4, ""success"": 301, ""timeout"": 13}","{""collision_rod_early"": 1, ""collision_tblock_early"": 3, ""timeout"": 13}","{""collision_rod_early"": 0.28125660412289394, ""collision_rod_late"": 0.0, ""collision_rod_mid"": 0.0, ""collision_tblock_early"": 0.2601160084187675, ""collision_tblock_late"": 0.0, ""collision_tblock_mid"": 0.0, ""fall"": 0.0, ""timeout"": 1.2618809094120216}"
layout_basic,start_region=x_mid__y_pos|path_len_bin=medium|num_obstacles_bin=2|max_blockage_bin=low|medhigh_count_bin=0|pair_side_mode=same_side|min_pair_dist_bin=medium,True,1428,1352,76,0.05322128851540616,0.6367890197909909,timeout,45,-2.8736249206266162,3.0294117647058822,"{""collision"": 31, ""success"": 1352, ""timeout"": 45}","{""collision_rod_early"": 9, ""collision_rod_mid"": 2, ""collision_tblock_early"": 18, ""collision_tblock_late"": 1, ""collision_tblock_mid"": 1, ""timeout"": 45}","{""collision_rod_early"": 0.5636949586832789, ""collision_rod_late"": 0.0, ""collision_rod_mid"": 0.9870486487811755, ""collision_tblock_early"": 0.3475499608284372, ""collision_tblock_late"": 4.176678078638863, ""collision_tblock_mid"": 1.0895681944275295, ""fall"": 0.0, ""timeout"": 0.9727168613276248}"
layout_basic,start_region=x_mid__y_neg|path_len_bin=long|num_obstacles_bin=2|max_blockage_bin=low|medhigh_count_bin=0|pair_side_mode=same_side|min_pair_dist_bin=very_close,True,1914,1814,100,0.0522466039707419,0.6251269869256552,timeout,51,-3.00817607906983,2.9968652037617556,"{""collision"": 45, ""fall"": 4, ""success"": 1814, ""timeout"": 51}","{""collision_rod_early"": 13, ""collision_tblock_early"": 30, ""collision_tblock_mid"": 2, ""fall"": 4, ""timeout"": 51}","{""collision_rod_early"": 0.6074789976196674, ""collision_rod_late"": 0.0, ""collision_rod_mid"": 0.0, ""collision_tblock_early"": 0.4321676628901152, ""collision_tblock_late"": 0.0, ""collision_tblock_mid"": 1.6258133559482886, ""fall"": 1.6827168234064787, ""timeout"": 0.8224895341549782}"
layout_basic,start_region=x_neg__y_neg|path_len_bin=medium|num_obstacles_bin=2|max_blockage_bin=low|medhigh_count_bin=0|pair_side_mode=same_side|min_pair_dist_bin=medium,True,174,165,9,0.05172413793103448,0.6188757170563985,timeout,6,-2.459263448776323,2.9942528735632186,"{""collision"": 3, ""success"": 165, ""timeout"": 6}","{""collision_rod_early"": 3, ""timeout"": 6}","{""collision_rod_early"": 1.5420620708806938, ""collision_rod_late"": 0.0, ""collision_rod_mid"": 0.0, ""collision_tblock_early"": 0.0, ""collision_tblock_late"": 0.0, ""collision_tblock_mid"": 0.0, ""fall"": 0.0, ""timeout"": 1.064398220671148}"
layout_basic,start_region=x_pos__y_neg|path_len_bin=medium|num_obstacles_bin=2|max_blockage_bin=low|medhigh_count_bin=0|pair_side_mode=same_side|min_pair_dist_bin=medium,True,174,165,9,0.05172413793103448,0.6188757170563985,timeout,6,-2.5911147853123992,2.9655172413793105,"{""collision"": 3, ""success"": 165, ""timeout"": 6}","{""collision_rod_early"": 1, ""collision_tblock_early"": 2, ""timeout"": 6}","{""collision_rod_early"": 0.5140206902935647, ""collision_rod_late"": 0.0, ""collision_rod_mid"": 0.0, ""collision_tblock_early"": 0.31692295278608446, ""collision_tblock_late"": 0.0, ""collision_tblock_mid"": 0.0, ""fall"": 0.0, ""timeout"": 1.064398220671148}"
layout_basic,start_region=x_neg__y_mid|path_len_bin=long|num_obstacles_bin=2|max_blockage_bin=low|medhigh_count_bin=0|pair_side_mode=same_side|min_pair_dist_bin=close,True,3178,3017,161,0.05066079295154185,0.6061528682476034,timeout,107,-3.119188666425338,3.1560730018879797,"{""collision"": 47, ""fall"": 7, ""success"": 3017, ""timeout"": 107}","{""collision_rod_early"": 15, ""collision_rod_mid"": 3, ""collision_tblock_early"": 28, ""collision_tblock_mid"": 1, ""fall"": 7, ""timeout"": 107}","{""collision_rod_early"": 0.42215040958659655, ""collision_rod_late"": 0.0, ""collision_rod_mid"": 0.6652794857423783, ""collision_tblock_early"": 0.24292772592413525, ""collision_tblock_late"": 0.0, ""collision_tblock_mid"": 0.4895857085092864, ""fall"": 1.7735242290748903, ""timeout"": 1.039278690604963}"
layout_basic,start_region=x_neg__y_mid|path_len_bin=long|num_obstacles_bin=2|max_blockage_bin=low|medhigh_count_bin=0|pair_side_mode=same_side|min_pair_dist_bin=medium,True,2050,1947,103,0.05024390243902439,0.6011648022268171,timeout,72,-3.0949016912188227,3.182439024390244,"{""collision"": 28, ""fall"": 3, ""success"": 1947, ""timeout"": 72}","{""collision_rod_early"": 10, ""collision_rod_late"": 1, ""collision_tblock_early"": 16, ""collision_tblock_late"": 1, ""fall"": 3, ""timeout"": 72}","{""collision_rod_early"": 0.436290732249172, ""collision_rod_late"": 1.8703368176538908, ""collision_rod_mid"": 0.0, ""collision_tblock_early"": 0.21519841476986812, ""collision_tblock_late"": 2.909412827461608, ""collision_tblock_mid"": 0.0, ""fall"": 1.1783121951219513, ""timeout"": 1.0841285291518814}"
layout_basic,start_region=x_neg__y_pos|path_len_bin=medium|num_obstacles_bin=2|max_blockage_bin=low|medhigh_count_bin=0|pair_side_mode=same_side|min_pair_dist_bin=very_close,True,219,208,11,0.0502283105022831,0.6009782457868833,timeout,6,-2.610799275008665,3.041095890410959,"{""collision"": 5, ""success"": 208, ""timeout"": 6}","{""collision_rod_early"": 1, ""collision_tblock_early"": 4, ""timeout"": 6}","{""collision_rod_early"": 0.4084000005072158, ""collision_rod_late"": 0.0, ""collision_rod_mid"": 0.0, ""collision_tblock_early"": 0.5036035962080246, ""collision_tblock_late"": 0.0, ""collision_tblock_mid"": 0.0, ""fall"": 0.0, ""timeout"": 0.8456862575195423}"
layout_basic,start_region=x_neg__y_neg|path_len_bin=medium|num_obstacles_bin=2|max_blockage_bin=low|medhigh_count_bin=0|pair_side_mode=same_side|min_pair_dist_bin=very_close,True,200,190,10,0.05,0.598246526487852,timeout,7,-2.8262873673533124,3.005,"{""collision"": 3, ""success"": 190, ""timeout"": 7}","{""collision_rod_early"": 3, ""timeout"": 7}","{""collision_rod_early"": 1.3415940016662038, ""collision_rod_late"": 0.0, ""collision_rod_mid"": 0.0, ""collision_tblock_early"": 0.0, ""collision_tblock_late"": 0.0, ""collision_tblock_mid"": 0.0, ""fall"": 0.0, ""timeout"": 1.0803641939812152}"
layout_basic,start_region=x_neg__y_neg|path_len_bin=medium|num_obstacles_bin=2|max_blockage_bin=low|medhigh_count_bin=0|pair_side_mode=same_side|min_pair_dist_bin=close,True,226,215,11,0.048672566371681415,0.5823638753421568,timeout,5,-2.78136526656189,2.9026548672566372,"{""collision"": 6, ""success"": 215, ""timeout"": 5}","{""collision_rod_early"": 2, ""collision_tblock_early"": 3, ""collision_tblock_mid"": 1, ""timeout"": 5}","{""collision_rod_early"": 0.7915008859387633, ""collision_rod_late"": 0.0, ""collision_rod_mid"": 0.0, ""collision_tblock_early"": 0.3660039410494161, ""collision_tblock_late"": 0.0, ""collision_tblock_mid"": 6.884528237356247, ""fall"": 0.0, ""timeout"": 0.6829103628199844}"
layout_basic,start_region=x_neg__y_mid|path_len_bin=medium|num_obstacles_bin=2|max_blockage_bin=low|medhigh_count_bin=0|pair_side_mode=same_side|min_pair_dist_bin=close,True,2119,2017,102,0.04813591316658802,0.5759428570246428,timeout,76,-2.663163728334153,3.0306748466257667,"{""collision"": 25, ""fall"": 1, ""success"": 2017, ""timeout"": 76}","{""collision_rod_early"": 9, ""collision_tblock_early"": 16, ""fall"": 1, ""timeout"": 76}","{""collision_rod_early"": 0.3798756021707042, ""collision_rod_late"": 0.0, ""collision_rod_mid"": 0.0, ""collision_tblock_early"": 0.20819101004163737, ""collision_tblock_late"": 0.0, ""collision_tblock_mid"": 0.0, ""fall"": 0.3799811231713072, ""timeout"": 1.107094704275229}"
layout_basic,start_region=x_neg__y_mid|path_len_bin=medium|num_obstacles_bin=2|max_blockage_bin=low|medhigh_count_bin=0|pair_side_mode=same_side|min_pair_dist_bin=very_close,True,1401,1334,67,0.04782298358315489,0.5721986762981597,timeout,41,-2.6073678365927284,2.9892933618843682,"{""collision"": 25, ""fall"": 1, ""success"": 1334, ""timeout"": 41}","{""collision_rod_early"": 7, ""collision_rod_late"": 1, ""collision_rod_mid"": 1, ""collision_tblock_early"": 15, ""collision_tblock_mid"": 1, ""fall"": 1, ""timeout"": 41}","{""collision_rod_early"": 0.4468788014115359, ""collision_rod_late"": 2.7367526596648655, ""collision_rod_mid"": 0.5030354998071087, ""collision_tblock_early"": 0.2952066048435691, ""collision_tblock_late"": 0.0, ""collision_tblock_mid"": 1.1105662966755976, ""fall"": 0.5747180585296218, ""timeout"": 0.903332965294786}"
layout_basic,start_region=x_pos__y_neg|path_len_bin=medium|num_obstacles_bin=2|max_blockage_bin=low|medhigh_count_bin=0|pair_side_mode=same_side|min_pair_dist_bin=close,True,306,292,14,0.0457516339869281,0.5474151222764659,timeout,7,-2.636502383322445,2.8627450980392157,"{""collision"": 7, ""success"": 292, ""timeout"": 7}","{""collision_rod_early"": 3, ""collision_tblock_early"": 4, ""timeout"": 7}","{""collision_rod_early"": 0.8768588246184339, ""collision_rod_late"": 0.0, ""collision_rod_mid"": 0.0, ""collision_tblock_early"": 0.3604221815998608, ""collision_tblock_late"": 0.0, ""collision_tblock_mid"": 0.0, ""fall"": 0.0, ""timeout"": 0.7061203882230165}"
layout_basic,start_region=x_mid__y_neg|path_len_bin=medium|num_obstacles_bin=2|max_blockage_bin=low|medhigh_count_bin=0|pair_side_mode=same_side|min_pair_dist_bin=close,True,2160,2062,98,0.04537037037037037,0.5428533295908287,timeout,63,-2.454978925147596,2.963888888888889,"{""collision"": 32, ""fall"": 3, ""success"": 2062, ""timeout"": 63}","{""collision_rod_early"": 16, ""collision_tblock_early"": 16, ""fall"": 3, ""timeout"": 63}","{""collision_rod_early"": 0.6625155563783723, ""collision_rod_late"": 0.0, ""collision_rod_mid"": 0.0, ""collision_tblock_early"": 0.20423923623992113, ""collision_tblock_late"": 0.0, ""collision_tblock_mid"": 0.0, ""fall"": 1.1183055555555554, ""timeout"": 0.900303494984346}"
layout_basic,start_region=x_pos__y_pos|path_len_bin=medium|num_obstacles_bin=2|max_blockage_bin=low|medhigh_count_bin=0|pair_side_mode=same_side|min_pair_dist_bin=close,True,317,303,14,0.04416403785488959,0.5284196448473141,timeout,6,-2.982269367477252,2.8864353312302837,"{""collision"": 8, ""success"": 303, ""timeout"": 6}","{""collision_rod_early"": 3, ""collision_rod_late"": 1, ""collision_tblock_early"": 4, ""timeout"": 6}","{""collision_rod_early"": 0.8464315467925576, ""collision_rod_late"": 12.095238095238095, ""collision_rod_mid"": 0.0, ""collision_tblock_early"": 0.34791541820049654, ""collision_tblock_late"": 0.0, ""collision_tblock_mid"": 0.0, ""fall"": 0.0, ""timeout"": 0.5842438182863715}"
layout_basic,start_region=x_neg__y_mid|path_len_bin=medium|num_obstacles_bin=2|max_blockage_bin=low|medhigh_count_bin=0|pair_side_mode=same_side|min_pair_dist_bin=medium,True,1665,1592,73,0.04384384384384384,0.5245885457491074,timeout,43,-2.6829469531885652,2.993993993993994,"{""collision"": 30, ""success"": 1592, ""timeout"": 43}","{""collision_rod_early"": 8, ""collision_rod_mid"": 1, ""collision_tblock_early"": 18, ""collision_tblock_late"": 1, ""collision_tblock_mid"": 2, ""timeout"": 43}","{""collision_rod_early"": 0.4297398203535388, ""collision_rod_late"": 0.0, ""collision_rod_mid"": 0.4232749160539095, ""collision_tblock_early"": 0.29807888532312815, ""collision_tblock_late"": 3.582159937715493, ""collision_tblock_mid"": 1.8689530109819965, ""fall"": 0.0, ""timeout"": 0.7971799286347877}"
layout_basic,start_region=x_mid__y_neg|path_len_bin=medium|num_obstacles_bin=2|max_blockage_bin=low|medhigh_count_bin=0|pair_side_mode=same_side|min_pair_dist_bin=very_close,True,1474,1410,64,0.04341926729986431,0.519508516895828,timeout,37,-2.4060567253981757,2.8975576662143827,"{""collision"": 26, ""fall"": 1, ""success"": 1410, ""timeout"": 37}","{""collision_rod_early"": 8, ""collision_rod_mid"": 1, ""collision_tblock_early"": 16, ""collision_tblock_mid"": 1, ""fall"": 1, ""timeout"": 37}","{""collision_rod_early"": 0.48542523805199594, ""collision_rod_late"": 0.0, ""collision_rod_mid"": 0.4781226154883034, ""collision_tblock_early"": 0.29929223221046786, ""collision_tblock_late"": 0.0, ""collision_tblock_mid"": 1.0555653878171722, ""fall"": 0.5462550881953867, ""timeout"": 0.7748299123338818}"
layout_basic,start_region=x_pos__y_pos|path_len_bin=medium|num_obstacles_bin=2|max_blockage_bin=low|medhigh_count_bin=0|pair_side_mode=same_side|min_pair_dist_bin=very_close,True,257,246,11,0.042801556420233464,0.5121176491335698,timeout,5,-2.8797993724769246,2.9494163424124515,"{""collision"": 6, ""success"": 246, ""timeout"": 5}","{""collision_rod_early"": 1, ""collision_tblock_early"": 2, ""collision_tblock_late"": 1, ""collision_tblock_mid"": 2, ""timeout"": 5}","{""collision_rod_early"": 0.34801400821432005, ""collision_rod_late"": 0.0, ""collision_rod_mid"": 0.0, ""collision_tblock_early"": 0.21457040383182374, ""collision_tblock_late"": 23.20737858481049, ""collision_tblock_mid"": 12.10819752250982, ""fall"": 0.0, ""timeout"": 0.6005359610790524}"
layout_basic,start_region=x_neg__y_neg|path_len_bin=long|num_obstacles_bin=2|max_blockage_bin=low|medhigh_count_bin=0|pair_side_mode=center_involved|min_pair_dist_bin=medium,True,120,115,5,0.041666666666666664,0.49853877207321,timeout,2,-3.3688763973999616,2.95,"{""collision"": 3, ""success"": 115, ""timeout"": 2}","{""collision_rod_early"": 2, ""collision_tblock_early"": 1, ""timeout"": 2}","{""collision_rod_early"": 1.4906600018513376, ""collision_rod_late"": 0.0, ""collision_rod_mid"": 0.0, ""collision_tblock_early"": 0.22976914076991126, ""collision_tblock_late"": 0.0, ""collision_tblock_mid"": 0.0, ""fall"": 0.0, ""timeout"": 0.5144591399910549}"
layout_basic,start_region=x_pos__y_neg|path_len_bin=medium|num_obstacles_bin=2|max_blockage_bin=low|medhigh_count_bin=0|pair_side_mode=same_side|min_pair_dist_bin=very_close,True,248,238,10,0.04032258064516129,0.4824568761998807,timeout,8,-2.4459026972230444,2.907258064516129,"{""collision"": 2, ""success"": 238, ""timeout"": 8}","{""collision_tblock_early"": 2, ""timeout"": 8}","{""collision_rod_early"": 0.0, ""collision_rod_late"": 0.0, ""collision_rod_mid"": 0.0, ""collision_tblock_early"": 0.22235723300313995, ""collision_tblock_late"": 0.0, ""collision_tblock_mid"": 0.0, ""fall"": 0.0, ""timeout"": 0.9957273677246223}"
layout_basic,start_region=x_pos__y_pos|path_len_bin=medium|num_obstacles_bin=2|max_blockage_bin=low|medhigh_count_bin=0|pair_side_mode=same_side|min_pair_dist_bin=medium,True,169,164,5,0.029585798816568046,0.3539920275076047,collision_rod_early,2,-2.978932929349493,2.8520710059171597,"{""collision"": 4, ""success"": 164, ""timeout"": 1}","{""collision_rod_early"": 2, ""collision_tblock_early"": 1, ""collision_tblock_mid"": 1, ""timeout"": 1}","{""collision_rod_early"": 1.058456806048287, ""collision_rod_late"": 0.0, ""collision_rod_mid"": 0.0, ""collision_tblock_early"": 0.16314968575378314, ""collision_tblock_late"": 0.0, ""collision_tblock_mid"": 9.206528885458651, ""fall"": 0.0, ""timeout"": 0.18264821538143958}"
layout_basic,start_region=x_pos__y_pos|path_len_bin=long|num_obstacles_bin=2|max_blockage_bin=medium|medhigh_count_bin=1|pair_side_mode=opposite_side|min_pair_dist_bin=medium,False,23,0,23,1.0,11.964930529757039,collision_tblock_early,23,-10.2841032023093,1.0,"{""collision"": 23}","{""collision_tblock_early"": 23}","{""collision_rod_early"": 0.0, ""collision_rod_late"": 0.0, ""collision_rod_mid"": 0.0, ""collision_tblock_early"": 27.572296892389346, ""collision_tblock_late"": 0.0, ""collision_tblock_mid"": 0.0, ""fall"": 0.0, ""timeout"": 0.0}"
layout_basic,start_region=x_neg__y_pos|path_len_bin=long|num_obstacles_bin=2|max_blockage_bin=medium|medhigh_count_bin=1|pair_side_mode=opposite_side|min_pair_dist_bin=medium,False,14,0,14,1.0,11.964930529757039,collision_tblock_early,14,-10.302152729977621,1.0,"{""collision"": 14}","{""collision_tblock_early"": 14}","{""collision_rod_early"": 0.0, ""collision_rod_late"": 0.0, ""collision_rod_mid"": 0.0, ""collision_tblock_early"": 27.57229689238935, ""collision_tblock_late"": 0.0, ""collision_tblock_mid"": 0.0, ""fall"": 0.0, ""timeout"": 0.0}"
layout_basic,start_region=x_pos__y_neg|path_len_bin=long|num_obstacles_bin=2|max_blockage_bin=medium|medhigh_count_bin=1|pair_side_mode=opposite_side|min_pair_dist_bin=medium,False,13,0,13,1.0,11.964930529757039,collision_tblock_early,12,-10.509614961445505,1.0769230769230769,"{""collision"": 13}","{""collision_rod_early"": 1, ""collision_tblock_early"": 12}","{""collision_rod_early"": 6.8799692393138665, ""collision_rod_late"": 0.0, ""collision_rod_mid"": 0.0, ""collision_tblock_early"": 25.451350977590167, ""collision_tblock_late"": 0.0, ""collision_tblock_mid"": 0.0, ""fall"": 0.0, ""timeout"": 0.0}"
layout_basic,start_region=x_neg__y_pos|path_len_bin=long|num_obstacles_bin=2|max_blockage_bin=medium|medhigh_count_bin=1|pair_side_mode=same_side|min_pair_dist_bin=very_close,False,6,0,6,1.0,11.964930529757039,collision_tblock_early,6,-11.431340658282737,1.3333333333333333,"{""collision"": 6}","{""collision_tblock_early"": 6}","{""collision_rod_early"": 0.0, ""collision_rod_late"": 0.0, ""collision_rod_mid"": 0.0, ""collision_tblock_early"": 27.57229689238935, ""collision_tblock_late"": 0.0, ""collision_tblock_mid"": 0.0, ""fall"": 0.0, ""timeout"": 0.0}"
layout_basic,start_region=x_neg__y_neg|path_len_bin=long|num_obstacles_bin=2|max_blockage_bin=medium|medhigh_count_bin=1|pair_side_mode=opposite_side|min_pair_dist_bin=far,False,6,0,6,1.0,11.964930529757039,collision_tblock_early,6,-10.29390814462153,1.0,"{""collision"": 6}","{""collision_tblock_early"": 6}","{""collision_rod_early"": 0.0, ""collision_rod_late"": 0.0, ""collision_rod_mid"": 0.0, ""collision_tblock_early"": 27.57229689238935, ""collision_tblock_late"": 0.0, ""collision_tblock_mid"": 0.0, ""fall"": 0.0, ""timeout"": 0.0}"
layout_basic,start_region=x_neg__y_neg|path_len_bin=long|num_obstacles_bin=2|max_blockage_bin=medium|medhigh_count_bin=1|pair_side_mode=opposite_side|min_pair_dist_bin=medium,False,4,0,4,1.0,11.964930529757039,collision_tblock_early,4,-10.297781085144853,1.0,"{""collision"": 4}","{""collision_tblock_early"": 4}","{""collision_rod_early"": 0.0, ""collision_rod_late"": 0.0, ""collision_rod_mid"": 0.0, ""collision_tblock_early"": 27.57229689238935, ""collision_tblock_late"": 0.0, ""collision_tblock_mid"": 0.0, ""fall"": 0.0, ""timeout"": 0.0}"
layout_basic,start_region=x_pos__y_mid|path_len_bin=long|num_obstacles_bin=2|max_blockage_bin=medium|medhigh_count_bin=1|pair_side_mode=opposite_side|min_pair_dist_bin=medium,False,4,0,4,1.0,11.964930529757039,collision_tblock_early,4,-10.234709017784525,1.0,"{""collision"": 4}","{""collision_tblock_early"": 4}","{""collision_rod_early"": 0.0, ""collision_rod_late"": 0.0, ""collision_rod_mid"": 0.0, ""collision_tblock_early"": 27.57229689238935, ""collision_tblock_late"": 0.0, ""collision_tblock_mid"": 0.0, ""fall"": 0.0, ""timeout"": 0.0}"
layout_basic,start_region=x_neg__y_neg|path_len_bin=long|num_obstacles_bin=2|max_blockage_bin=medium|medhigh_count_bin=1|pair_side_mode=same_side|min_pair_dist_bin=very_close,False,3,0,3,1.0,11.964930529757039,collision_tblock_early,3,-10.305955424752883,1.0,"{""collision"": 3}","{""collision_tblock_early"": 3}","{""collision_rod_early"": 0.0, ""collision_rod_late"": 0.0, ""collision_rod_mid"": 0.0, ""collision_tblock_early"": 27.57229689238935, ""collision_tblock_late"": 0.0, ""collision_tblock_mid"": 0.0, ""fall"": 0.0, ""timeout"": 0.0}"
layout_basic,start_region=x_neg__y_neg|path_len_bin=long|num_obstacles_bin=2|max_blockage_bin=medium|medhigh_count_bin=1|pair_side_mode=same_side|min_pair_dist_bin=close,False,2,0,2,1.0,11.964930529757039,collision_tblock_early,2,-10.306136664496028,1.0,"{""collision"": 2}","{""collision_tblock_early"": 2}","{""collision_rod_early"": 0.0, ""collision_rod_late"": 0.0, ""collision_rod_mid"": 0.0, ""collision_tblock_early"": 27.57229689238935, ""collision_tblock_late"": 0.0, ""collision_tblock_mid"": 0.0, ""fall"": 0.0, ""timeout"": 0.0}"
layout_basic,start_region=x_mid__y_pos|path_len_bin=long|num_obstacles_bin=2|max_blockage_bin=medium|medhigh_count_bin=1|pair_side_mode=opposite_side|min_pair_dist_bin=medium,False,2,0,2,1.0,11.964930529757039,collision_tblock_early,2,-10.243662862707867,1.0,"{""collision"": 2}","{""collision_tblock_early"": 2}","{""collision_rod_early"": 0.0, ""collision_rod_late"": 0.0, ""collision_rod_mid"": 0.0, ""collision_tblock_early"": 27.57229689238935, ""collision_tblock_late"": 0.0, ""collision_tblock_mid"": 0.0, ""fall"": 0.0, ""timeout"": 0.0}"
layout_basic,start_region=x_neg__y_neg|path_len_bin=long|num_obstacles_bin=2|max_blockage_bin=medium|medhigh_count_bin=1|pair_side_mode=same_side|min_pair_dist_bin=medium,False,2,0,2,1.0,11.964930529757039,collision_tblock_early,2,-10.30732420979512,1.0,"{""collision"": 2}","{""collision_tblock_early"": 2}","{""collision_rod_early"": 0.0, ""collision_rod_late"": 0.0, ""collision_rod_mid"": 0.0, ""collision_tblock_early"": 27.57229689238935, ""collision_tblock_late"": 0.0, ""collision_tblock_mid"": 0.0, ""fall"": 0.0, ""timeout"": 0.0}"
layout_basic,start_region=x_neg__y_neg|path_len_bin=long|num_obstacles_bin=2|max_blockage_bin=medium|medhigh_count_bin=1|pair_side_mode=same_side|min_pair_dist_bin=far,False,1,0,1,1.0,11.964930529757039,collision_tblock_early,1,-10.278971686015208,1.0,"{""collision"": 1}","{""collision_tblock_early"": 1}","{""collision_rod_early"": 0.0, ""collision_rod_late"": 0.0, ""collision_rod_mid"": 0.0, ""collision_tblock_early"": 27.57229689238935, ""collision_tblock_late"": 0.0, ""collision_tblock_mid"": 0.0, ""fall"": 0.0, ""timeout"": 0.0}"
layout_basic,start_region=x_neg__y_neg|path_len_bin=long|num_obstacles_bin=2|max_blockage_bin=medium|medhigh_count_bin=1|pair_side_mode=center_involved|min_pair_dist_bin=far,False,1,0,1,1.0,11.964930529757039,collision_tblock_early,1,-10.299384670076298,1.0,"{""collision"": 1}","{""collision_tblock_early"": 1}","{""collision_rod_early"": 0.0, ""collision_rod_late"": 0.0, ""collision_rod_mid"": 0.0, ""collision_tblock_early"": 27.57229689238935, ""collision_tblock_late"": 0.0, ""collision_tblock_mid"": 0.0, ""fall"": 0.0, ""timeout"": 0.0}"
layout_basic,start_region=x_pos__y_neg|path_len_bin=long|num_obstacles_bin=2|max_blockage_bin=low|medhigh_count_bin=0|pair_side_mode=opposite_side|min_pair_dist_bin=very_close,False,1,0,1,1.0,11.964930529757039,timeout,1,-5.275903078824207,9.0,"{""timeout"": 1}","{""timeout"": 1}","{""collision_rod_early"": 0.0, ""collision_rod_late"": 0.0, ""collision_rod_mid"": 0.0, ""collision_tblock_early"": 0.0, ""collision_tblock_late"": 0.0, ""collision_tblock_mid"": 0.0, ""fall"": 0.0, ""timeout"": 30.867548399463292}"
layout_basic,start_region=x_mid__y_neg|path_len_bin=long|num_obstacles_bin=2|max_blockage_bin=medium|medhigh_count_bin=1|pair_side_mode=same_side|min_pair_dist_bin=far,False,1,0,1,1.0,11.964930529757039,collision_tblock_early,1,-10.25873457206714,1.0,"{""collision"": 1}","{""collision_tblock_early"": 1}","{""collision_rod_early"": 0.0, ""collision_rod_late"": 0.0, ""collision_rod_mid"": 0.0, ""collision_tblock_early"": 27.57229689238935, ""collision_tblock_late"": 0.0, ""collision_tblock_mid"": 0.0, ""fall"": 0.0, ""timeout"": 0.0}"
layout_basic,start_region=x_mid__y_neg|path_len_bin=long|num_obstacles_bin=2|max_blockage_bin=medium|medhigh_count_bin=1|pair_side_mode=center_involved|min_pair_dist_bin=far,False,1,0,1,1.0,11.964930529757039,collision_tblock_early,1,-10.27277190313905,1.0,"{""collision"": 1}","{""collision_tblock_early"": 1}","{""collision_rod_early"": 0.0, ""collision_rod_late"": 0.0, ""collision_rod_mid"": 0.0, ""collision_tblock_early"": 27.57229689238935, ""collision_tblock_late"": 0.0, ""collision_tblock_mid"": 0.0, ""fall"": 0.0, ""timeout"": 0.0}"
layout_basic,start_region=x_neg__y_pos|path_len_bin=long|num_obstacles_bin=2|max_blockage_bin=medium|medhigh_count_bin=1|pair_side_mode=same_side|min_pair_dist_bin=medium,False,10,1,9,0.9,10.768437476781337,collision_tblock_early,9,-9.779298334877062,1.3,"{""collision"": 9, ""success"": 1}","{""collision_tblock_early"": 9}","{""collision_rod_early"": 0.0, ""collision_rod_late"": 0.0, ""collision_rod_mid"": 0.0, ""collision_tblock_early"": 24.815067203150416, ""collision_tblock_late"": 0.0, ""collision_tblock_mid"": 0.0, ""fall"": 0.0, ""timeout"": 0.0}"
layout_basic,start_region=x_neg__y_pos|path_len_bin=long|num_obstacles_bin=2|max_blockage_bin=medium|medhigh_count_bin=1|pair_side_mode=opposite_side|min_pair_dist_bin=far,False,60,7,53,0.8833333333333333,10.569021967952052,collision_tblock_early,53,-9.570959362421728,1.2833333333333334,"{""collision"": 53, ""success"": 7}","{""collision_tblock_early"": 53}","{""collision_rod_early"": 0.0, ""collision_rod_late"": 0.0, ""collision_rod_mid"": 0.0, ""collision_tblock_early"": 24.355528921610592, ""collision_tblock_late"": 0.0, ""collision_tblock_mid"": 0.0, ""fall"": 0.0, ""timeout"": 0.0}"
layout_basic,start_region=x_pos__y_pos|path_len_bin=long|num_obstacles_bin=2|max_blockage_bin=low|medhigh_count_bin=0|pair_side_mode=opposite_side|min_pair_dist_bin=medium,False,77,13,64,0.8311688311688312,9.944877323434422,collision_tblock_early,63,-9.301799307350459,1.4415584415584415,"{""collision"": 64, ""success"": 13}","{""collision_rod_early"": 1, ""collision_tblock_early"": 63}","{""collision_rod_early"": 1.1615532481958475, ""collision_rod_late"": 0.0, ""collision_rod_mid"": 0.0, ""collision_tblock_early"": 22.559152002864014, ""collision_tblock_late"": 0.0, ""collision_tblock_mid"": 0.0, ""fall"": 0.0, ""timeout"": 0.0}"
layout_basic,start_region=x_pos__y_pos|path_len_bin=long|num_obstacles_bin=2|max_blockage_bin=medium|medhigh_count_bin=1|pair_side_mode=same_side|min_pair_dist_bin=far,False,17,3,14,0.8235294117647058,9.853472200976386,collision_tblock_early,13,-9.46076839418539,1.4705882352941178,"{""collision"": 14, ""success"": 3}","{""collision_rod_early"": 1, ""collision_tblock_early"": 13}","{""collision_rod_early"": 5.261152947710603, ""collision_rod_late"": 0.0, ""collision_rod_mid"": 0.0, ""collision_tblock_early"": 21.084697623591854, ""collision_tblock_late"": 0.0, ""collision_tblock_mid"": 0.0, ""fall"": 0.0, ""timeout"": 0.0}"
layout_basic,start_region=x_pos__y_neg|path_len_bin=long|num_obstacles_bin=2|max_blockage_bin=medium|medhigh_count_bin=1|pair_side_mode=opposite_side|min_pair_dist_bin=far,False,55,11,44,0.8,9.571944423805633,collision_tblock_early,43,-9.422929031280885,1.6,"{""collision"": 44, ""success"": 11}","{""collision_rod_early"": 1, ""collision_tblock_early"": 43}","{""collision_rod_early"": 1.6261745474741864, ""collision_rod_late"": 0.0, ""collision_rod_mid"": 0.0, ""collision_tblock_early"": 21.556523024958945, ""collision_tblock_late"": 0.0, ""collision_tblock_mid"": 0.0, ""fall"": 0.0, ""timeout"": 0.0}"
layout_basic,start_region=x_pos__y_neg|path_len_bin=long|num_obstacles_bin=2|max_blockage_bin=medium|medhigh_count_bin=1|pair_side_mode=same_side|min_pair_dist_bin=far,False,10,2,8,0.8,9.571944423805633,collision_tblock_early,7,-9.35385420247724,1.7,"{""collision"": 8, ""success"": 2}","{""collision_rod_early"": 1, ""collision_tblock_early"": 7}","{""collision_rod_early"": 8.943960011108027, ""collision_rod_late"": 0.0, ""collision_rod_mid"": 0.0, ""collision_tblock_early"": 19.300607824672547, ""collision_tblock_late"": 0.0, ""collision_tblock_mid"": 0.0, ""fall"": 0.0, ""timeout"": 0.0}"
layout_basic,start_region=x_neg__y_pos|path_len_bin=long|num_obstacles_bin=2|max_blockage_bin=medium|medhigh_count_bin=1|pair_side_mode=same_side|min_pair_dist_bin=close,False,32,7,25,0.78125,9.347601976372687,collision_tblock_early,24,-8.780639148329303,1.46875,"{""collision"": 25, ""success"": 7}","{""collision_rod_early"": 1, ""collision_tblock_early"": 24}","{""collision_rod_early"": 2.794987503471258, ""collision_rod_late"": 0.0, ""collision_rod_mid"": 0.0, ""collision_tblock_early"": 20.67922266929201, ""collision_tblock_late"": 0.0, ""collision_tblock_mid"": 0.0, ""fall"": 0.0, ""timeout"": 0.0}"
layout_basic,start_region=x_mid__y_pos|path_len_bin=long|num_obstacles_bin=2|max_blockage_bin=medium|medhigh_count_bin=1|pair_side_mode=opposite_side|min_pair_dist_bin=far,False,12,3,9,0.75,8.97369789731778,collision_tblock_early,9,-10.596032241452532,1.9166666666666667,"{""collision"": 9, ""success"": 3}","{""collision_tblock_early"": 9}","{""collision_rod_early"": 0.0, ""collision_rod_late"": 0.0, ""collision_rod_mid"": 0.0, ""collision_tblock_early"": 20.679222669292013, ""collision_tblock_late"": 0.0, ""collision_tblock_mid"": 0.0, ""fall"": 0.0, ""timeout"": 0.0}"
layout_basic,start_region=x_pos__y_neg|path_len_bin=long|num_obstacles_bin=2|max_blockage_bin=medium|medhigh_count_bin=1|pair_side_mode=center_involved|min_pair_dist_bin=far,False,7,2,5,0.7142857142857143,8.546378949826458,collision_tblock_early,4,-8.803509121276722,2.142857142857143,"{""collision"": 5, ""success"": 2}","{""collision_rod_early"": 1, ""collision_tblock_early"": 4}","{""collision_rod_early"": 12.777085730154322, ""collision_rod_late"": 0.0, ""collision_rod_mid"": 0.0, ""collision_tblock_early"": 15.755598224222487, ""collision_tblock_late"": 0.0, ""collision_tblock_mid"": 0.0, ""fall"": 0.0, ""timeout"": 0.0}"
layout_basic,start_region=x_pos__y_pos|path_len_bin=long|num_obstacles_bin=2|max_blockage_bin=medium|medhigh_count_bin=1|pair_side_mode=opposite_side|min_pair_dist_bin=far,False,84,28,56,0.6666666666666666,7.976620353171359,collision_tblock_early,52,-8.529710780043155,1.8452380952380953,"{""collision"": 56, ""success"": 28}","{""collision_rod_early"": 3, ""collision_rod_mid"": 1, ""collision_tblock_early"": 52}","{""collision_rod_early"": 3.19427143253858, ""collision_rod_late"": 0.0, ""collision_rod_mid"": 8.389913514639991, ""collision_tblock_early"": 17.068564742907693, ""collision_tblock_late"": 0.0, ""collision_tblock_mid"": 0.0, ""fall"": 0.0, ""timeout"": 0.0}"
layout_basic,start_region=x_pos__y_pos|path_len_bin=long|num_obstacles_bin=2|max_blockage_bin=medium|medhigh_count_bin=1|pair_side_mode=same_side|min_pair_dist_bin=medium,False,27,11,16,0.5925925925925926,7.090329202818986,collision_tblock_early,15,-8.461555601282415,2.1481481481481484,"{""collision"": 15, ""success"": 11, ""timeout"": 1}","{""collision_tblock_early"": 15, ""timeout"": 1}","{""collision_rod_early"": 0.0, ""collision_rod_late"": 0.0, ""collision_rod_mid"": 0.0, ""collision_tblock_early"": 15.317942717994082, ""collision_tblock_late"": 0.0, ""collision_tblock_mid"": 0.0, ""fall"": 0.0, ""timeout"": 1.1432425333134553}"
layout_basic,start_region=x_neg__y_pos|path_len_bin=long|num_obstacles_bin=2|max_blockage_bin=medium|medhigh_count_bin=1|pair_side_mode=same_side|min_pair_dist_bin=far,False,12,5,7,0.5833333333333334,6.97954280902494,collision_tblock_early,6,-7.912314610816672,2.6666666666666665,"{""collision"": 6, ""success"": 5, ""timeout"": 1}","{""collision_tblock_early"": 6, ""timeout"": 1}","{""collision_rod_early"": 0.0, ""collision_rod_late"": 0.0, ""collision_rod_mid"": 0.0, ""collision_tblock_early"": 13.786148446194675, ""collision_tblock_late"": 0.0, ""collision_tblock_mid"": 0.0, ""fall"": 0.0, ""timeout"": 2.572295699955274}"
layout_basic,start_region=x_pos__y_mid|path_len_bin=long|num_obstacles_bin=2|max_blockage_bin=medium|medhigh_count_bin=1|pair_side_mode=opposite_side|min_pair_dist_bin=far,False,9,4,5,0.5555555555555556,6.6471836276428,collision_tblock_early,5,-6.872537197534196,1.7777777777777777,"{""collision"": 5, ""success"": 4}","{""collision_tblock_early"": 5}","{""collision_rod_early"": 0.0, ""collision_rod_late"": 0.0, ""collision_rod_mid"": 0.0, ""collision_tblock_early"": 15.317942717994082, ""collision_tblock_late"": 0.0, ""collision_tblock_mid"": 0.0, ""fall"": 0.0, ""timeout"": 0.0}"
layout_basic,start_region=x_pos__y_neg|path_len_bin=long|num_obstacles_bin=2|max_blockage_bin=medium|medhigh_count_bin=1|pair_side_mode=same_side|min_pair_dist_bin=medium,False,13,6,7,0.5384615384615384,6.442654900638406,collision_tblock_early,7,-7.234895390292427,2.0,"{""collision"": 7, ""success"": 6}","{""collision_tblock_early"": 7}","{""collision_rod_early"": 0.0, ""collision_rod_late"": 0.0, ""collision_rod_mid"": 0.0, ""collision_tblock_early"": 14.846621403594265, ""collision_tblock_late"": 0.0, ""collision_tblock_mid"": 0.0, ""fall"": 0.0, ""timeout"": 0.0}"
layout_basic,start_region=x_pos__y_neg|path_len_bin=long|num_obstacles_bin=2|max_blockage_bin=medium|medhigh_count_bin=1|pair_side_mode=same_side|min_pair_dist_bin=close,False,30,15,15,0.5,5.9824652648785195,collision_tblock_early,15,-7.727199411971093,2.2333333333333334,"{""collision"": 15, ""success"": 15}","{""collision_tblock_early"": 15}","{""collision_rod_early"": 0.0, ""collision_rod_late"": 0.0, ""collision_rod_mid"": 0.0, ""collision_tblock_early"": 13.786148446194675, ""collision_tblock_late"": 0.0, ""collision_tblock_mid"": 0.0, ""fall"": 0.0, ""timeout"": 0.0}"
layout_basic,start_region=x_pos__y_pos|path_len_bin=long|num_obstacles_bin=2|max_blockage_bin=medium|medhigh_count_bin=1|pair_side_mode=same_side|min_pair_dist_bin=very_close,False,14,7,7,0.5,5.9824652648785195,collision_tblock_early,6,-6.985092406294089,2.357142857142857,"{""collision"": 6, ""success"": 7, ""timeout"": 1}","{""collision_tblock_early"": 6, ""timeout"": 1}","{""collision_rod_early"": 0.0, ""collision_rod_late"": 0.0, ""collision_rod_mid"": 0.0, ""collision_tblock_early"": 11.816698668166863, ""collision_tblock_late"": 0.0, ""collision_tblock_mid"": 0.0, ""fall"": 0.0, ""timeout"": 2.2048248856759494}"
layout_basic,start_region=x_pos__y_pos|path_len_bin=medium|num_obstacles_bin=2|max_blockage_bin=low|medhigh_count_bin=0|pair_side_mode=opposite_side|min_pair_dist_bin=medium,False,2,1,1,0.5,5.9824652648785195,timeout,1,-5.119658151017445,6.0,"{""success"": 1, ""timeout"": 1}","{""timeout"": 1}","{""collision_rod_early"": 0.0, ""collision_rod_late"": 0.0, ""collision_rod_mid"": 0.0, ""collision_tblock_early"": 0.0, ""collision_tblock_late"": 0.0, ""collision_tblock_mid"": 0.0, ""fall"": 0.0, ""timeout"": 15.433774199731646}"
layout_basic,start_region=x_neg__y_pos|path_len_bin=medium|num_obstacles_bin=2|max_blockage_bin=low|medhigh_count_bin=0|pair_side_mode=center_involved|min_pair_dist_bin=close,False,2,1,1,0.5,5.9824652648785195,timeout,1,-6.268445361416238,6.0,"{""success"": 1, ""timeout"": 1}","{""timeout"": 1}","{""collision_rod_early"": 0.0, ""collision_rod_late"": 0.0, ""collision_rod_mid"": 0.0, ""collision_tblock_early"": 0.0, ""collision_tblock_late"": 0.0, ""collision_tblock_mid"": 0.0, ""fall"": 0.0, ""timeout"": 15.433774199731646}"
layout_basic,start_region=x_pos__y_mid|path_len_bin=long|num_obstacles_bin=2|max_blockage_bin=medium|medhigh_count_bin=1|pair_side_mode=same_side|min_pair_dist_bin=medium,False,2,1,1,0.5,5.9824652648785195,collision_tblock_early,1,-6.3278099980082825,2.0,"{""collision"": 1, ""success"": 1}","{""collision_tblock_early"": 1}","{""collision_rod_early"": 0.0, ""collision_rod_late"": 0.0, ""collision_rod_mid"": 0.0, ""collision_tblock_early"": 13.786148446194675, ""collision_tblock_late"": 0.0, ""collision_tblock_mid"": 0.0, ""fall"": 0.0, ""timeout"": 0.0}"
layout_basic,start_region=x_neg__y_mid|path_len_bin=long|num_obstacles_bin=2|max_blockage_bin=medium|medhigh_count_bin=1|pair_side_mode=opposite_side|min_pair_dist_bin=far,False,2,1,1,0.5,5.9824652648785195,collision_tblock_early,1,-7.2802210237139136,2.5,"{""collision"": 1, ""success"": 1}","{""collision_tblock_early"": 1}","{""collision_rod_early"": 0.0, ""collision_rod_late"": 0.0, ""collision_rod_mid"": 0.0, ""collision_tblock_early"": 13.786148446194675, ""collision_tblock_late"": 0.0, ""collision_tblock_mid"": 0.0, ""fall"": 0.0, ""timeout"": 0.0}"
layout_basic,start_region=x_pos__y_mid|path_len_bin=long|num_obstacles_bin=2|max_blockage_bin=medium|medhigh_count_bin=1|pair_side_mode=same_side|min_pair_dist_bin=far,False,2,1,1,0.5,5.9824652648785195,collision_tblock_early,1,-6.417249626868498,2.5,"{""collision"": 1, ""success"": 1}","{""collision_tblock_early"": 1}","{""collision_rod_early"": 0.0, ""collision_rod_late"": 0.0, ""collision_rod_mid"": 0.0, ""collision_tblock_early"": 13.786148446194675, ""collision_tblock_late"": 0.0, ""collision_tblock_mid"": 0.0, ""fall"": 0.0, ""timeout"": 0.0}"
layout_basic,start_region=x_neg__y_pos|path_len_bin=long|num_obstacles_bin=2|max_blockage_bin=medium|medhigh_count_bin=1|pair_side_mode=center_involved|min_pair_dist_bin=far,False,2,1,1,0.5,5.9824652648785195,collision_tblock_early,1,-5.910850594792985,1.5,"{""collision"": 1, ""success"": 1}","{""collision_tblock_early"": 1}","{""collision_rod_early"": 0.0, ""collision_rod_late"": 0.0, ""collision_rod_mid"": 0.0, ""collision_tblock_early"": 13.786148446194675, ""collision_tblock_late"": 0.0, ""collision_tblock_mid"": 0.0, ""fall"": 0.0, ""timeout"": 0.0}"
layout_basic,start_region=x_pos__y_pos|path_len_bin=long|num_obstacles_bin=2|max_blockage_bin=medium|medhigh_count_bin=1|pair_side_mode=same_side|min_pair_dist_bin=close,False,57,30,27,0.47368421052631576,5.667598671990177,collision_tblock_early,24,-7.411670249279286,2.263157894736842,"{""collision"": 27, ""success"": 30}","{""collision_rod_early"": 3, ""collision_tblock_early"": 24}","{""collision_rod_early"": 4.707347374267382, ""collision_rod_late"": 0.0, ""collision_rod_mid"": 0.0, ""collision_tblock_early"": 11.609388165216568, ""collision_tblock_late"": 0.0, ""collision_tblock_mid"": 0.0, ""fall"": 0.0, ""timeout"": 0.0}"
layout_basic,start_region=x_mid__y_pos|path_len_bin=long|num_obstacles_bin=2|max_blockage_bin=low|medhigh_count_bin=0|pair_side_mode=opposite_side|min_pair_dist_bin=medium,False,19,10,9,0.47368421052631576,5.667598671990176,collision_tblock_early,9,-6.33802410707331,1.9473684210526316,"{""collision"": 9, ""success"": 10}","{""collision_tblock_early"": 9}","{""collision_rod_early"": 0.0, ""collision_rod_late"": 0.0, ""collision_rod_mid"": 0.0, ""collision_tblock_early"": 13.06056168586864, ""collision_tblock_late"": 0.0, ""collision_tblock_mid"": 0.0, ""fall"": 0.0, ""timeout"": 0.0}"
layout_basic,start_region=x_pos__y_neg|path_len_bin=long|num_obstacles_bin=2|max_blockage_bin=medium|medhigh_count_bin=1|pair_side_mode=same_side|min_pair_dist_bin=very_close,False,12,7,5,0.4166666666666667,4.9853877207321,collision_tblock_early,5,-8.227285546591556,3.4166666666666665,"{""collision"": 5, ""success"": 7}","{""collision_tblock_early"": 5}","{""collision_rod_early"": 0.0, ""collision_rod_late"": 0.0, ""collision_rod_mid"": 0.0, ""collision_tblock_early"": 11.488457038495563, ""collision_tblock_late"": 0.0, ""collision_tblock_mid"": 0.0, ""fall"": 0.0, ""timeout"": 0.0}"
layout_basic,start_region=x_mid__y_pos|path_len_bin=long|num_obstacles_bin=2|max_blockage_bin=medium|medhigh_count_bin=1|pair_side_mode=same_side|min_pair_dist_bin=medium,False,5,3,2,0.4,4.785972211902816,collision_tblock_early,2,-5.963180048067396,2.2,"{""collision"": 2, ""success"": 3}","{""collision_tblock_early"": 2}","{""collision_rod_early"": 0.0, ""collision_rod_late"": 0.0, ""collision_rod_mid"": 0.0, ""collision_tblock_early"": 11.028918756955742, ""collision_tblock_late"": 0.0, ""collision_tblock_mid"": 0.0, ""fall"": 0.0, ""timeout"": 0.0}"
layout_basic,start_region=x_mid__y_pos|path_len_bin=long|num_obstacles_bin=2|max_blockage_bin=medium|medhigh_count_bin=1|pair_side_mode=same_side|min_pair_dist_bin=close,False,5,3,2,0.4,4.785972211902816,collision_tblock_early,2,-6.141980715183707,1.8,"{""collision"": 2, ""success"": 3}","{""collision_tblock_early"": 2}","{""collision_rod_early"": 0.0, ""collision_rod_late"": 0.0, ""collision_rod_mid"": 0.0, ""collision_tblock_early"": 11.028918756955742, ""collision_tblock_late"": 0.0, ""collision_tblock_mid"": 0.0, ""fall"": 0.0, ""timeout"": 0.0}"
layout_basic,start_region=x_mid__y_neg|path_len_bin=long|num_obstacles_bin=2|max_blockage_bin=medium|medhigh_count_bin=1|pair_side_mode=opposite_side|min_pair_dist_bin=far,False,3,2,1,0.3333333333333333,3.98831017658568,collision_rod_early,1,-7.7607438566907305,3.3333333333333335,"{""collision"": 1, ""success"": 2}","{""collision_rod_early"": 1}","{""collision_rod_early"": 29.813200037026753, ""collision_rod_late"": 0.0, ""collision_rod_mid"": 0.0, ""collision_tblock_early"": 0.0, ""collision_tblock_late"": 0.0, ""collision_tblock_mid"": 0.0, ""fall"": 0.0, ""timeout"": 0.0}"
layout_basic,start_region=x_mid__y_pos|path_len_bin=medium|num_obstacles_bin=2|max_blockage_bin=low|medhigh_count_bin=0|pair_side_mode=opposite_side|min_pair_dist_bin=close,False,7,5,2,0.2857142857142857,3.418551579930583,fall,1,-7.792568275535138,4.571428571428571,"{""fall"": 1, ""success"": 5, ""timeout"": 1}","{""fall"": 1, ""timeout"": 1}","{""collision_rod_early"": 0.0, ""collision_rod_late"": 0.0, ""collision_rod_mid"": 0.0, ""collision_tblock_early"": 0.0, ""collision_tblock_late"": 0.0, ""collision_tblock_mid"": 0.0, ""fall"": 115.02571428571429, ""timeout"": 4.409649771351899}"
layout_basic,start_region=x_pos__y_mid|path_len_bin=long|num_obstacles_bin=2|max_blockage_bin=medium|medhigh_count_bin=1|pair_side_mode=same_side|min_pair_dist_bin=close,False,8,6,2,0.25,2.9912326324392597,collision_tblock_early,2,-5.10895011072444,2.25,"{""collision"": 2, ""success"": 6}","{""collision_tblock_early"": 2}","{""collision_rod_early"": 0.0, ""collision_rod_late"": 0.0, ""collision_rod_mid"": 0.0, ""collision_tblock_early"": 6.893074223097337, ""collision_tblock_late"": 0.0, ""collision_tblock_mid"": 0.0, ""fall"": 0.0, ""timeout"": 0.0}"
layout_basic,start_region=x_pos__y_pos|path_len_bin=medium|num_obstacles_bin=2|max_blockage_bin=low|medhigh_count_bin=0|pair_side_mode=center_involved|min_pair_dist_bin=far,False,33,25,8,0.24242424242424243,2.90058921933504,collision_rod_early,7,-4.202835611666126,2.5454545454545454,"{""collision"": 7, ""success"": 25, ""timeout"": 1}","{""collision_rod_early"": 7, ""timeout"": 1}","{""collision_rod_early"": 18.97203638719884, ""collision_rod_late"": 0.0, ""collision_rod_mid"": 0.0, ""collision_tblock_early"": 0.0, ""collision_tblock_late"": 0.0, ""collision_tblock_mid"": 0.0, ""fall"": 0.0, ""timeout"": 0.9353802545291907}"
layout_basic,start_region=x_pos__y_mid|path_len_bin=long|num_obstacles_bin=2|max_blockage_bin=low|medhigh_count_bin=0|pair_side_mode=opposite_side|min_pair_dist_bin=medium,False,13,10,3,0.23076923076923078,2.7611378145593166,collision_tblock_early,3,-4.473964217926351,2.4615384615384617,"{""collision"": 3, ""success"": 10}","{""collision_tblock_early"": 3}","{""collision_rod_early"": 0.0, ""collision_rod_late"": 0.0, ""collision_rod_mid"": 0.0, ""collision_tblock_early"": 6.362837744397542, ""collision_tblock_late"": 0.0, ""collision_tblock_mid"": 0.0, ""fall"": 0.0, ""timeout"": 0.0}"
layout_basic,start_region=x_mid__y_pos|path_len_bin=medium|num_obstacles_bin=2|max_blockage_bin=low|medhigh_count_bin=0|pair_side_mode=center_involved|min_pair_dist_bin=medium,False,20,16,4,0.2,2.392986105951408,timeout,4,-4.8589934523539,4.35,"{""success"": 16, ""timeout"": 4}","{""timeout"": 4}","{""collision_rod_early"": 0.0, ""collision_rod_late"": 0.0, ""collision_rod_mid"": 0.0, ""collision_tblock_early"": 0.0, ""collision_tblock_late"": 0.0, ""collision_tblock_mid"": 0.0, ""fall"": 0.0, ""timeout"": 6.173509679892659}"
layout_basic,start_region=x_pos__y_mid|path_len_bin=medium|num_obstacles_bin=2|max_blockage_bin=low|medhigh_count_bin=0|pair_side_mode=center_involved|min_pair_dist_bin=very_close,False,5,4,1,0.2,2.392986105951408,collision_rod_mid,1,-4.6984032138676755,3.2,"{""collision"": 1, ""success"": 4}","{""collision_rod_mid"": 1}","{""collision_rod_early"": 0.0, ""collision_rod_late"": 0.0, ""collision_rod_mid"": 140.95054704595185, ""collision_tblock_early"": 0.0, ""collision_tblock_late"": 0.0, ""collision_tblock_mid"": 0.0, ""fall"": 0.0, ""timeout"": 0.0}"
layout_basic,start_region=x_pos__y_pos|path_len_bin=long|num_obstacles_bin=2|max_blockage_bin=low|medhigh_count_bin=0|pair_side_mode=center_involved|min_pair_dist_bin=close,False,6,5,1,0.16666666666666666,1.99415508829284,timeout,1,-15.54690074418466,4.166666666666667,"{""success"": 5, ""timeout"": 1}","{""timeout"": 1}","{""collision_rod_early"": 0.0, ""collision_rod_late"": 0.0, ""collision_rod_mid"": 0.0, ""collision_tblock_early"": 0.0, ""collision_tblock_late"": 0.0, ""collision_tblock_mid"": 0.0, ""fall"": 0.0, ""timeout"": 5.144591399910548}"
layout_basic,start_region=x_pos__y_mid|path_len_bin=long|num_obstacles_bin=2|max_blockage_bin=low|medhigh_count_bin=0|pair_side_mode=center_involved|min_pair_dist_bin=close,False,6,5,1,0.16666666666666666,1.99415508829284,timeout,1,-3.077139189882406,4.0,"{""success"": 5, ""timeout"": 1}","{""timeout"": 1}","{""collision_rod_early"": 0.0, ""collision_rod_late"": 0.0, ""collision_rod_mid"": 0.0, ""collision_tblock_early"": 0.0, ""collision_tblock_late"": 0.0, ""collision_tblock_mid"": 0.0, ""fall"": 0.0, ""timeout"": 5.144591399910548}"
layout_basic,start_region=x_mid__y_pos|path_len_bin=medium|num_obstacles_bin=2|max_blockage_bin=low|medhigh_count_bin=0|pair_side_mode=opposite_side|min_pair_dist_bin=medium,False,19,16,3,0.15789473684210525,1.8891995573300588,timeout,2,-3.67511538195209,3.3157894736842106,"{""collision"": 1, ""success"": 16, ""timeout"": 2}","{""collision_rod_early"": 1, ""timeout"": 2}","{""collision_rod_early"": 4.707347374267382, ""collision_rod_late"": 0.0, ""collision_rod_mid"": 0.0, ""collision_tblock_early"": 0.0, ""collision_tblock_late"": 0.0, ""collision_tblock_mid"": 0.0, ""fall"": 0.0, ""timeout"": 3.249215620996136}"
layout_basic,start_region=x_neg__y_pos|path_len_bin=medium|num_obstacles_bin=2|max_blockage_bin=low|medhigh_count_bin=0|pair_side_mode=center_involved|min_pair_dist_bin=far,False,64,54,10,0.15625,1.8695203952745376,collision_rod_early,7,-4.318788041444812,2.796875,"{""collision"": 9, ""success"": 54, ""timeout"": 1}","{""collision_rod_early"": 7, ""collision_rod_mid"": 1, ""collision_tblock_early"": 1, ""timeout"": 1}","{""collision_rod_early"": 9.782456262149402, ""collision_rod_late"": 0.0, ""collision_rod_mid"": 11.01176148796499, ""collision_tblock_early"": 0.4308171389435836, ""collision_tblock_late"": 0.0, ""collision_tblock_mid"": 0.0, ""fall"": 0.0, ""timeout"": 0.48230544374161394}"
layout_basic,start_region=x_pos__y_neg|path_len_bin=long|num_obstacles_bin=2|max_blockage_bin=low|medhigh_count_bin=0|pair_side_mode=opposite_side|min_pair_dist_bin=close,False,8,7,1,0.125,1.4956163162196299,timeout,1,-3.627959772445269,3.5,"{""success"": 7, ""timeout"": 1}","{""timeout"": 1}","{""collision_rod_early"": 0.0, ""collision_rod_late"": 0.0, ""collision_rod_mid"": 0.0, ""collision_tblock_early"": 0.0, ""collision_tblock_late"": 0.0, ""collision_tblock_mid"": 0.0, ""fall"": 0.0, ""timeout"": 3.8584435499329115}"
layout_basic,start_region=x_mid__y_neg|path_len_bin=long|num_obstacles_bin=2|max_blockage_bin=low|medhigh_count_bin=0|pair_side_mode=center_involved|min_pair_dist_bin=close,False,65,58,7,0.1076923076923077,1.2885309801276812,timeout,6,-3.3647690707934186,3.4615384615384617,"{""collision"": 1, ""success"": 58, ""timeout"": 6}","{""collision_tblock_late"": 1, ""timeout"": 6}","{""collision_rod_early"": 0.0, ""collision_rod_late"": 0.0, ""collision_rod_mid"": 0.0, ""collision_tblock_early"": 0.0, ""collision_tblock_late"": 91.75840455840455, ""collision_tblock_mid"": 0.0, ""fall"": 0.0, ""timeout"": 2.849312159950458}"
layout_basic,start_region=x_neg__y_pos|path_len_bin=long|num_obstacles_bin=2|max_blockage_bin=low|medhigh_count_bin=0|pair_side_mode=center_involved|min_pair_dist_bin=close,False,42,38,4,0.09523809523809523,1.1395171933101942,timeout,2,-3.414425008751705,3.0952380952380953,"{""collision"": 2, ""success"": 38, ""timeout"": 2}","{""collision_rod_early"": 1, ""collision_tblock_early"": 1, ""timeout"": 2}","{""collision_rod_early"": 2.129514288359054, ""collision_rod_late"": 0.0, ""collision_rod_mid"": 0.0, ""collision_tblock_early"": 0.6564832593426035, ""collision_tblock_late"": 0.0, ""collision_tblock_mid"": 0.0, ""fall"": 0.0, ""timeout"": 1.4698832571172995}"
layout_basic,start_region=x_neg__y_mid|path_len_bin=long|num_obstacles_bin=2|max_blockage_bin=low|medhigh_count_bin=0|pair_side_mode=center_involved|min_pair_dist_bin=very_close,False,25,23,2,0.08,0.9571944423805632,timeout,2,-3.072739668681231,3.16,"{""success"": 23, ""timeout"": 2}","{""timeout"": 2}","{""collision_rod_early"": 0.0, ""collision_rod_late"": 0.0, ""collision_rod_mid"": 0.0, ""collision_tblock_early"": 0.0, ""collision_tblock_late"": 0.0, ""collision_tblock_mid"": 0.0, ""fall"": 0.0, ""timeout"": 2.4694038719570632}"
layout_basic,start_region=x_neg__y_mid|path_len_bin=medium|num_obstacles_bin=2|max_blockage_bin=low|medhigh_count_bin=0|pair_side_mode=center_involved|min_pair_dist_bin=close,False,41,38,3,0.07317073170731707,0.8754827216895393,timeout,2,-3.18578087962441,3.1951219512195124,"{""collision"": 1, ""success"": 38, ""timeout"": 2}","{""collision_tblock_early"": 1, ""timeout"": 2}","{""collision_rod_early"": 0.0, ""collision_rod_late"": 0.0, ""collision_rod_mid"": 0.0, ""collision_tblock_early"": 0.6724950461558378, ""collision_tblock_late"": 0.0, ""collision_tblock_mid"": 0.0, ""fall"": 0.0, ""timeout"": 1.505734068266502}"
layout_basic,start_region=x_neg__y_mid|path_len_bin=long|num_obstacles_bin=2|max_blockage_bin=low|medhigh_count_bin=0|pair_side_mode=center_involved|min_pair_dist_bin=medium,False,70,65,5,0.07142857142857142,0.8546378949826458,timeout,3,-3.5073009651478633,3.3714285714285714,"{""collision"": 2, ""success"": 65, ""timeout"": 3}","{""collision_rod_early"": 2, ""timeout"": 3}","{""collision_rod_early"": 2.5554171460308646, ""collision_rod_late"": 0.0, ""collision_rod_mid"": 0.0, ""collision_tblock_early"": 0.0, ""collision_tblock_late"": 0.0, ""collision_tblock_mid"": 0.0, ""fall"": 0.0, ""timeout"": 1.3228949314055698}"
layout_basic,start_region=x_neg__y_neg|path_len_bin=long|num_obstacles_bin=2|max_blockage_bin=low|medhigh_count_bin=0|pair_side_mode=center_involved|min_pair_dist_bin=close,False,99,92,7,0.0707070707070707,0.8460051889727199,timeout,7,-3.589514229021739,3.5656565656565657,"{""success"": 92, ""timeout"": 7}","{""timeout"": 7}","{""collision_rod_early"": 0.0, ""collision_rod_late"": 0.0, ""collision_rod_mid"": 0.0, ""collision_tblock_early"": 0.0, ""collision_tblock_late"": 0.0, ""collision_tblock_mid"": 0.0, ""fall"": 0.0, ""timeout"": 2.1825539272347783}"
layout_basic,start_region=x_mid__y_neg|path_len_bin=medium|num_obstacles_bin=2|max_blockage_bin=low|medhigh_count_bin=0|pair_side_mode=opposite_side|min_pair_dist_bin=medium,False,87,81,6,0.06896551724137931,0.8251676227418647,timeout,3,-2.630791455328299,2.9310344827586206,"{""collision"": 3, ""success"": 81, ""timeout"": 3}","{""collision_rod_early"": 3, ""timeout"": 3}","{""collision_rod_early"": 3.0841241417613876, ""collision_rod_late"": 0.0, ""collision_rod_mid"": 0.0, ""collision_tblock_early"": 0.0, ""collision_tblock_late"": 0.0, ""collision_tblock_mid"": 0.0, ""fall"": 0.0, ""timeout"": 1.064398220671148}"
layout_basic,start_region=x_pos__y_neg|path_len_bin=long|num_obstacles_bin=2|max_blockage_bin=low|medhigh_count_bin=0|pair_side_mode=center_involved|min_pair_dist_bin=very_close,False,15,14,1,0.06666666666666667,0.797662035317136,timeout,1,-2.8994134450523683,3.2666666666666666,"{""success"": 14, ""timeout"": 1}","{""timeout"": 1}","{""collision_rod_early"": 0.0, ""collision_rod_late"": 0.0, ""collision_rod_mid"": 0.0, ""collision_tblock_early"": 0.0, ""collision_tblock_late"": 0.0, ""collision_tblock_mid"": 0.0, ""fall"": 0.0, ""timeout"": 2.0578365599642194}"
layout_basic,start_region=x_pos__y_neg|path_len_bin=medium|num_obstacles_bin=2|max_blockage_bin=low|medhigh_count_bin=0|pair_side_mode=center_involved|min_pair_dist_bin=far,False,83,78,5,0.060240963855421686,0.7207789475757254,collision_rod_early,2,-2.3621530139235527,2.7590361445783134,"{""collision"": 4, ""success"": 78, ""timeout"": 1}","{""collision_rod_early"": 2, ""collision_rod_mid"": 1, ""collision_tblock_early"": 1, ""timeout"": 1}","{""collision_rod_early"": 2.1551710870139824, ""collision_rod_late"": 0.0, ""collision_rod_mid"": 8.4909968099971, ""collision_tblock_early"": 0.3321963481010765, ""collision_tblock_late"": 0.0, ""collision_tblock_mid"": 0.0, ""fall"": 0.0, ""timeout"": 0.37189817348750953}"
layout_basic,start_region=x_neg__y_mid|path_len_bin=long|num_obstacles_bin=2|max_blockage_bin=low|medhigh_count_bin=0|pair_side_mode=opposite_side|min_pair_dist_bin=medium,False,87,82,5,0.05747126436781609,0.6876396856182206,timeout,5,-2.9921499206420417,3.218390804597701,"{""success"": 82, ""timeout"": 5}","{""timeout"": 5}","{""collision_rod_early"": 0.0, ""collision_rod_late"": 0.0, ""collision_rod_mid"": 0.0, ""collision_tblock_early"": 0.0, ""collision_tblock_late"": 0.0, ""collision_tblock_mid"": 0.0, ""fall"": 0.0, ""timeout"": 1.7739970344519134}"
layout_basic,start_region=x_pos__y_mid|path_len_bin=medium|num_obstacles_bin=2|max_blockage_bin=low|medhigh_count_bin=0|pair_side_mode=center_involved|min_pair_dist_bin=medium,False,19,18,1,0.05263157894736842,0.6297331857766862,collision_tblock_early,1,-3.1854481990341914,2.8947368421052633,"{""collision"": 1, ""success"": 18}","{""collision_tblock_early"": 1}","{""collision_rod_early"": 0.0, ""collision_rod_late"": 0.0, ""collision_rod_mid"": 0.0, ""collision_tblock_early"": 1.451173520652071, ""collision_tblock_late"": 0.0, ""collision_tblock_mid"": 0.0, ""fall"": 0.0, ""timeout"": 0.0}"
layout_basic,start_region=x_pos__y_neg|path_len_bin=long|num_obstacles_bin=2|max_blockage_bin=low|medhigh_count_bin=0|pair_side_mode=center_involved|min_pair_dist_bin=medium,False,59,56,3,0.05084745762711865,0.6083862981232393,timeout,3,-3.5527843766457585,3.3728813559322033,"{""success"": 56, ""timeout"": 3}","{""timeout"": 3}","{""collision_rod_early"": 0.0, ""collision_rod_late"": 0.0, ""collision_rod_mid"": 0.0, ""collision_tblock_early"": 0.0, ""collision_tblock_late"": 0.0, ""collision_tblock_mid"": 0.0, ""fall"": 0.0, ""timeout"": 1.5695363592947436}"
layout_basic,start_region=x_mid__y_pos|path_len_bin=long|num_obstacles_bin=2|max_blockage_bin=low|medhigh_count_bin=0|pair_side_mode=center_involved|min_pair_dist_bin=close,False,20,19,1,0.05,0.598246526487852,timeout,1,-3.4963454412086357,3.45,"{""success"": 19, ""timeout"": 1}","{""timeout"": 1}","{""collision_rod_early"": 0.0, ""collision_rod_late"": 0.0, ""collision_rod_mid"": 0.0, ""collision_tblock_early"": 0.0, ""collision_tblock_late"": 0.0, ""collision_tblock_mid"": 0.0, ""fall"": 0.0, ""timeout"": 1.5433774199731647}"
layout_basic,start_region=x_neg__y_pos|path_len_bin=long|num_obstacles_bin=2|max_blockage_bin=low|medhigh_count_bin=0|pair_side_mode=center_involved|min_pair_dist_bin=medium,False,44,42,2,0.045454545454545456,0.54386047862532,collision_rod_mid,1,-3.8509880636019447,3.25,"{""collision"": 1, ""success"": 42, ""timeout"": 1}","{""collision_rod_mid"": 1, ""timeout"": 1}","{""collision_rod_early"": 0.0, ""collision_rod_late"": 0.0, ""collision_rod_mid"": 16.017107618858166, ""collision_tblock_early"": 0.0, ""collision_tblock_late"": 0.0, ""collision_tblock_mid"": 0.0, ""fall"": 0.0, ""timeout"": 0.701535190896893}"
layout_basic,start_region=x_mid__y_neg|path_len_bin=long|num_obstacles_bin=2|max_blockage_bin=low|medhigh_count_bin=0|pair_side_mode=center_involved|min_pair_dist_bin=very_close,False,22,21,1,0.045454545454545456,0.54386047862532,fall,1,-5.042049934179618,3.227272727272727,"{""fall"": 1, ""success"": 21}","{""fall"": 1}","{""collision_rod_early"": 0.0, ""collision_rod_late"": 0.0, ""collision_rod_mid"": 0.0, ""collision_tblock_early"": 0.0, ""collision_tblock_late"": 0.0, ""collision_tblock_mid"": 0.0, ""fall"": 36.59909090909091, ""timeout"": 0.0}"
layout_basic,start_region=x_mid__y_pos|path_len_bin=long|num_obstacles_bin=2|max_blockage_bin=low|medhigh_count_bin=0|pair_side_mode=center_involved|min_pair_dist_bin=medium,False,23,22,1,0.043478260869565216,0.5202143708590017,timeout,1,-4.621298693045392,3.608695652173913,"{""success"": 22, ""timeout"": 1}","{""timeout"": 1}","{""collision_rod_early"": 0.0, ""collision_rod_late"": 0.0, ""collision_rod_mid"": 0.0, ""collision_tblock_early"": 0.0, ""collision_tblock_late"": 0.0, ""collision_tblock_mid"": 0.0, ""fall"": 0.0, ""timeout"": 1.3420673217157952}"
layout_basic,start_region=x_mid__y_neg|path_len_bin=long|num_obstacles_bin=2|max_blockage_bin=low|medhigh_count_bin=0|pair_side_mode=opposite_side|min_pair_dist_bin=close,False,24,23,1,0.041666666666666664,0.49853877207321,collision_tblock_early,1,-3.780756242281207,3.4583333333333335,"{""collision"": 1, ""success"": 23}","{""collision_tblock_early"": 1}","{""collision_rod_early"": 0.0, ""collision_rod_late"": 0.0, ""collision_rod_mid"": 0.0, ""collision_tblock_early"": 1.1488457038495563, ""collision_tblock_late"": 0.0, ""collision_tblock_mid"": 0.0, ""fall"": 0.0, ""timeout"": 0.0}"
layout_basic,start_region=x_mid__y_neg|path_len_bin=medium|num_obstacles_bin=2|max_blockage_bin=low|medhigh_count_bin=0|pair_side_mode=opposite_side|min_pair_dist_bin=close,False,25,24,1,0.04,0.4785972211902816,timeout,1,-2.2503501089200704,3.12,"{""success"": 24, ""timeout"": 1}","{""timeout"": 1}","{""collision_rod_early"": 0.0, ""collision_rod_late"": 0.0, ""collision_rod_mid"": 0.0, ""collision_tblock_early"": 0.0, ""collision_tblock_late"": 0.0, ""collision_tblock_mid"": 0.0, ""fall"": 0.0, ""timeout"": 1.2347019359785316}"
layout_basic,start_region=x_neg__y_mid|path_len_bin=long|num_obstacles_bin=2|max_blockage_bin=low|medhigh_count_bin=0|pair_side_mode=center_involved|min_pair_dist_bin=close,False,51,49,2,0.0392156862745098,0.46921296195125645,timeout,1,-3.2303086014205733,3.0,"{""collision"": 1, ""success"": 49, ""timeout"": 1}","{""collision_tblock_early"": 1, ""timeout"": 1}","{""collision_rod_early"": 0.0, ""collision_rod_late"": 0.0, ""collision_rod_mid"": 0.0, ""collision_tblock_early"": 0.5406332723997912, ""collision_tblock_late"": 0.0, ""collision_tblock_mid"": 0.0, ""fall"": 0.0, ""timeout"": 0.6052460470482999}"
layout_basic,start_region=x_neg__y_mid|path_len_bin=medium|num_obstacles_bin=2|max_blockage_bin=low|medhigh_count_bin=0|pair_side_mode=opposite_side|min_pair_dist_bin=close,False,26,25,1,0.038461538461538464,0.46018963575988614,timeout,1,-2.569402469801548,3.0384615384615383,"{""success"": 25, ""timeout"": 1}","{""timeout"": 1}","{""collision_rod_early"": 0.0, ""collision_rod_late"": 0.0, ""collision_rod_mid"": 0.0, ""collision_tblock_early"": 0.0, ""collision_tblock_late"": 0.0, ""collision_tblock_mid"": 0.0, ""fall"": 0.0, ""timeout"": 1.1872133999793575}"
layout_basic,start_region=x_mid__y_neg|path_len_bin=long|num_obstacles_bin=2|max_blockage_bin=low|medhigh_count_bin=0|pair_side_mode=center_involved|min_pair_dist_bin=medium,False,83,80,3,0.03614457831325301,0.43246736854543516,timeout,2,-3.229404656533409,3.2048192771084336,"{""collision"": 1, ""success"": 80, ""timeout"": 2}","{""collision_rod_mid"": 1, ""timeout"": 2}","{""collision_rod_early"": 0.0, ""collision_rod_late"": 0.0, ""collision_rod_mid"": 8.4909968099971, ""collision_tblock_early"": 0.0, ""collision_tblock_late"": 0.0, ""collision_tblock_mid"": 0.0, ""fall"": 0.0, ""timeout"": 0.7437963469750191}"
layout_basic,start_region=x_neg__y_mid|path_len_bin=medium|num_obstacles_bin=2|max_blockage_bin=low|medhigh_count_bin=0|pair_side_mode=opposite_side|min_pair_dist_bin=medium,False,83,80,3,0.03614457831325301,0.43246736854543516,collision_rod_early,2,-2.862260769329918,2.9397590361445785,"{""collision"": 3, ""success"": 80}","{""collision_rod_early"": 2, ""collision_tblock_early"": 1}","{""collision_rod_early"": 2.1551710870139824, ""collision_rod_late"": 0.0, ""collision_rod_mid"": 0.0, ""collision_tblock_early"": 0.3321963481010765, ""collision_tblock_late"": 0.0, ""collision_tblock_mid"": 0.0, ""fall"": 0.0, ""timeout"": 0.0}"
layout_basic,start_region=x_pos__y_mid|path_len_bin=long|num_obstacles_bin=2|max_blockage_bin=low|medhigh_count_bin=0|pair_side_mode=center_involved|min_pair_dist_bin=medium,False,28,27,1,0.03571428571428571,0.4273189474913229,collision_rod_mid,1,-3.8284771768930663,3.107142857142857,"{""collision"": 1, ""success"": 27}","{""collision_rod_mid"": 1}","{""collision_rod_early"": 0.0, ""collision_rod_late"": 0.0, ""collision_rod_mid"": 25.169740543919975, ""collision_tblock_early"": 0.0, ""collision_tblock_late"": 0.0, ""collision_tblock_mid"": 0.0, ""fall"": 0.0, ""timeout"": 0.0}"
layout_basic,start_region=x_neg__y_mid|path_len_bin=long|num_obstacles_bin=2|max_blockage_bin=low|medhigh_count_bin=0|pair_side_mode=opposite_side|min_pair_dist_bin=close,False,28,27,1,0.03571428571428571,0.4273189474913229,timeout,1,-3.668960575869936,3.4642857142857144,"{""success"": 27, ""timeout"": 1}","{""timeout"": 1}","{""collision_rod_early"": 0.0, ""collision_rod_late"": 0.0, ""collision_rod_mid"": 0.0, ""collision_tblock_early"": 0.0, ""collision_tblock_late"": 0.0, ""collision_tblock_mid"": 0.0, ""fall"": 0.0, ""timeout"": 1.1024124428379747}"
layout_basic,start_region=x_neg__y_neg|path_len_bin=long|num_obstacles_bin=2|max_blockage_bin=low|medhigh_count_bin=0|pair_side_mode=center_involved|min_pair_dist_bin=very_close,False,33,32,1,0.030303030303030304,0.36257365241688,timeout,1,-3.0235982965859374,3.121212121212121,"{""success"": 32, ""timeout"": 1}","{""timeout"": 1}","{""collision_rod_early"": 0.0, ""collision_rod_late"": 0.0, ""collision_rod_mid"": 0.0, ""collision_tblock_early"": 0.0, ""collision_tblock_late"": 0.0, ""collision_tblock_mid"": 0.0, ""fall"": 0.0, ""timeout"": 0.9353802545291907}"
layout_basic,start_region=x_neg__y_neg|path_len_bin=long|num_obstacles_bin=2|max_blockage_bin=low|medhigh_count_bin=0|pair_side_mode=opposite_side|min_pair_dist_bin=close,False,33,32,1,0.030303030303030304,0.36257365241688,timeout,1,-3.5170822237480657,3.3636363636363638,"{""success"": 32, ""timeout"": 1}","{""timeout"": 1}","{""collision_rod_early"": 0.0, ""collision_rod_late"": 0.0, ""collision_rod_mid"": 0.0, ""collision_tblock_early"": 0.0, ""collision_tblock_late"": 0.0, ""collision_tblock_mid"": 0.0, ""fall"": 0.0, ""timeout"": 0.9353802545291907}"
layout_basic,start_region=x_mid__y_neg|path_len_bin=medium|num_obstacles_bin=2|max_blockage_bin=low|medhigh_count_bin=0|pair_side_mode=center_involved|min_pair_dist_bin=close,False,37,36,1,0.02702702702702703,0.32337650080424435,timeout,1,-2.479285804692409,3.189189189189189,"{""success"": 36, ""timeout"": 1}","{""timeout"": 1}","{""collision_rod_early"": 0.0, ""collision_rod_late"": 0.0, ""collision_rod_mid"": 0.0, ""collision_tblock_early"": 0.0, ""collision_tblock_late"": 0.0, ""collision_tblock_mid"": 0.0, ""fall"": 0.0, ""timeout"": 0.8342580648503592}"
layout_basic,start_region=x_pos__y_neg|path_len_bin=long|num_obstacles_bin=2|max_blockage_bin=low|medhigh_count_bin=0|pair_side_mode=center_involved|min_pair_dist_bin=close,False,39,38,1,0.02564102564102564,0.30679309050659076,timeout,1,-2.839063666131305,2.9743589743589745,"{""success"": 38, ""timeout"": 1}","{""timeout"": 1}","{""collision_rod_early"": 0.0, ""collision_rod_late"": 0.0, ""collision_rod_mid"": 0.0, ""collision_tblock_early"": 0.0, ""collision_tblock_late"": 0.0, ""collision_tblock_mid"": 0.0, ""fall"": 0.0, ""timeout"": 0.7914755999862383}"
layout_basic,start_region=x_mid__y_neg|path_len_bin=long|num_obstacles_bin=2|max_blockage_bin=low|medhigh_count_bin=0|pair_side_mode=opposite_side|min_pair_dist_bin=medium,False,92,90,2,0.021739130434782608,0.26010718542950084,collision_rod_mid,1,-2.7934098009225936,2.9239130434782608,"{""collision"": 1, ""success"": 90, ""timeout"": 1}","{""collision_rod_mid"": 1, ""timeout"": 1}","{""collision_rod_early"": 0.0, ""collision_rod_late"": 0.0, ""collision_rod_mid"": 7.660355817714774, ""collision_tblock_early"": 0.0, ""collision_tblock_late"": 0.0, ""collision_tblock_mid"": 0.0, ""fall"": 0.0, ""timeout"": 0.3355168304289488}"
layout_basic,start_region=x_mid__y_neg|path_len_bin=medium|num_obstacles_bin=2|max_blockage_bin=low|medhigh_count_bin=0|pair_side_mode=center_involved|min_pair_dist_bin=medium,False,55,54,1,0.01818181818181818,0.217544191450128,collision_tblock_mid,1,-2.532202018185335,2.9454545454545453,"{""collision"": 1, ""success"": 54}","{""collision_tblock_mid"": 1}","{""collision_rod_early"": 0.0, ""collision_rod_late"": 0.0, ""collision_rod_mid"": 0.0, ""collision_tblock_early"": 0.0, ""collision_tblock_late"": 0.0, ""collision_tblock_mid"": 28.289152393500217, ""fall"": 0.0, ""timeout"": 0.0}"
layout_basic,start_region=x_neg__y_mid|path_len_bin=medium|num_obstacles_bin=2|max_blockage_bin=low|medhigh_count_bin=0|pair_side_mode=center_involved|min_pair_dist_bin=medium,False,64,63,1,0.015625,0.18695203952745373,timeout,1,-2.849203012829097,3.03125,"{""success"": 63, ""timeout"": 1}","{""timeout"": 1}","{""collision_rod_early"": 0.0, ""collision_rod_late"": 0.0, ""collision_rod_mid"": 0.0, ""collision_tblock_early"": 0.0, ""collision_tblock_late"": 0.0, ""collision_tblock_mid"": 0.0, ""fall"": 0.0, ""timeout"": 0.48230544374161394}"
layout_basic,start_region=x_mid__y_neg|path_len_bin=medium|num_obstacles_bin=2|max_blockage_bin=low|medhigh_count_bin=0|pair_side_mode=center_involved|min_pair_dist_bin=very_close,False,17,17,0,0.0,0.0,none,0,-1.877295693274394,2.823529411764706,"{""success"": 17}",{},"{""collision_rod_early"": 0.0, ""collision_rod_late"": 0.0, ""collision_rod_mid"": 0.0, ""collision_tblock_early"": 0.0, ""collision_tblock_late"": 0.0, ""collision_tblock_mid"": 0.0, ""fall"": 0.0, ""timeout"": 0.0}"
layout_basic,start_region=x_pos__y_mid|path_len_bin=medium|num_obstacles_bin=2|max_blockage_bin=low|medhigh_count_bin=0|pair_side_mode=opposite_side|min_pair_dist_bin=medium,False,16,16,0,0.0,0.0,none,0,-2.730428686701589,3.0,"{""success"": 16}",{},"{""collision_rod_early"": 0.0, ""collision_rod_late"": 0.0, ""collision_rod_mid"": 0.0, ""collision_tblock_early"": 0.0, ""collision_tblock_late"": 0.0, ""collision_tblock_mid"": 0.0, ""fall"": 0.0, ""timeout"": 0.0}"
layout_basic,start_region=x_neg__y_pos|path_len_bin=long|num_obstacles_bin=2|max_blockage_bin=low|medhigh_count_bin=0|pair_side_mode=center_involved|min_pair_dist_bin=very_close,False,16,16,0,0.0,0.0,none,0,-2.876471744862116,3.125,"{""success"": 16}",{},"{""collision_rod_early"": 0.0, ""collision_rod_late"": 0.0, ""collision_rod_mid"": 0.0, ""collision_tblock_early"": 0.0, ""collision_tblock_late"": 0.0, ""collision_tblock_mid"": 0.0, ""fall"": 0.0, ""timeout"": 0.0}"
layout_basic,start_region=x_pos__y_neg|path_len_bin=medium|num_obstacles_bin=2|max_blockage_bin=low|medhigh_count_bin=0|pair_side_mode=opposite_side|min_pair_dist_bin=medium,False,16,16,0,0.0,0.0,none,0,-2.3672185041842386,2.8125,"{""success"": 16}",{},"{""collision_rod_early"": 0.0, ""collision_rod_late"": 0.0, ""collision_rod_mid"": 0.0, ""collision_tblock_early"": 0.0, ""collision_tblock_late"": 0.0, ""collision_tblock_mid"": 0.0, ""fall"": 0.0, ""timeout"": 0.0}"
layout_basic,start_region=x_pos__y_pos|path_len_bin=long|num_obstacles_bin=2|max_blockage_bin=low|medhigh_count_bin=0|pair_side_mode=center_involved|min_pair_dist_bin=medium,False,12,12,0,0.0,0.0,none,0,-3.050136585242086,2.8333333333333335,"{""success"": 12}",{},"{""collision_rod_early"": 0.0, ""collision_rod_late"": 0.0, ""collision_rod_mid"": 0.0, ""collision_tblock_early"": 0.0, ""collision_tblock_late"": 0.0, ""collision_tblock_mid"": 0.0, ""fall"": 0.0, ""timeout"": 0.0}"
layout_basic,start_region=x_neg__y_neg|path_len_bin=medium|num_obstacles_bin=2|max_blockage_bin=low|medhigh_count_bin=0|pair_side_mode=center_involved|min_pair_dist_bin=medium,False,11,11,0,0.0,0.0,none,0,-1.29906562392773,2.4545454545454546,"{""success"": 11}",{},"{""collision_rod_early"": 0.0, ""collision_rod_late"": 0.0, ""collision_rod_mid"": 0.0, ""collision_tblock_early"": 0.0, ""collision_tblock_late"": 0.0, ""collision_tblock_mid"": 0.0, ""fall"": 0.0, ""timeout"": 0.0}"
layout_basic,start_region=x_neg__y_pos|path_len_bin=long|num_obstacles_bin=2|max_blockage_bin=low|medhigh_count_bin=0|pair_side_mode=opposite_side|min_pair_dist_bin=close,False,11,11,0,0.0,0.0,none,0,-2.4960513331621836,2.6363636363636362,"{""success"": 11}",{},"{""collision_rod_early"": 0.0, ""collision_rod_late"": 0.0, ""collision_rod_mid"": 0.0, ""collision_tblock_early"": 0.0, ""collision_tblock_late"": 0.0, ""collision_tblock_mid"": 0.0, ""fall"": 0.0, ""timeout"": 0.0}"
layout_basic,start_region=x_neg__y_mid|path_len_bin=medium|num_obstacles_bin=2|max_blockage_bin=low|medhigh_count_bin=0|pair_side_mode=center_involved|min_pair_dist_bin=very_close,False,9,9,0,0.0,0.0,none,0,-2.296376980690067,2.6666666666666665,"{""success"": 9}",{},"{""collision_rod_early"": 0.0, ""collision_rod_late"": 0.0, ""collision_rod_mid"": 0.0, ""collision_tblock_early"": 0.0, ""collision_tblock_late"": 0.0, ""collision_tblock_mid"": 0.0, ""fall"": 0.0, ""timeout"": 0.0}"
layout_basic,start_region=x_neg__y_neg|path_len_bin=medium|num_obstacles_bin=2|max_blockage_bin=low|medhigh_count_bin=0|pair_side_mode=opposite_side|min_pair_dist_bin=medium,False,9,9,0,0.0,0.0,none,0,-2.4354553586632584,3.3333333333333335,"{""success"": 9}",{},"{""collision_rod_early"": 0.0, ""collision_rod_late"": 0.0, ""collision_rod_mid"": 0.0, ""collision_tblock_early"": 0.0, ""collision_tblock_late"": 0.0, ""collision_tblock_mid"": 0.0, ""fall"": 0.0, ""timeout"": 0.0}"
layout_basic,start_region=x_mid__y_pos|path_len_bin=medium|num_obstacles_bin=2|max_blockage_bin=low|medhigh_count_bin=0|pair_side_mode=center_involved|min_pair_dist_bin=close,False,9,9,0,0.0,0.0,none,0,-2.55388026151184,3.0,"{""success"": 9}",{},"{""collision_rod_early"": 0.0, ""collision_rod_late"": 0.0, ""collision_rod_mid"": 0.0, ""collision_tblock_early"": 0.0, ""collision_tblock_late"": 0.0, ""collision_tblock_mid"": 0.0, ""fall"": 0.0, ""timeout"": 0.0}"
layout_basic,start_region=x_pos__y_mid|path_len_bin=medium|num_obstacles_bin=2|max_blockage_bin=low|medhigh_count_bin=0|pair_side_mode=center_involved|min_pair_dist_bin=close,False,7,7,0,0.0,0.0,none,0,-3.709278189644787,3.142857142857143,"{""success"": 7}",{},"{""collision_rod_early"": 0.0, ""collision_rod_late"": 0.0, ""collision_rod_mid"": 0.0, ""collision_tblock_early"": 0.0, ""collision_tblock_late"": 0.0, ""collision_tblock_mid"": 0.0, ""fall"": 0.0, ""timeout"": 0.0}"
layout_basic,start_region=x_neg__y_neg|path_len_bin=medium|num_obstacles_bin=2|max_blockage_bin=low|medhigh_count_bin=0|pair_side_mode=center_involved|min_pair_dist_bin=close,False,6,6,0,0.0,0.0,none,0,-4.03736095224498,3.5,"{""success"": 6}",{},"{""collision_rod_early"": 0.0, ""collision_rod_late"": 0.0, ""collision_rod_mid"": 0.0, ""collision_tblock_early"": 0.0, ""collision_tblock_late"": 0.0, ""collision_tblock_mid"": 0.0, ""fall"": 0.0, ""timeout"": 0.0}"
layout_basic,start_region=x_pos__y_mid|path_len_bin=long|num_obstacles_bin=2|max_blockage_bin=low|medhigh_count_bin=0|pair_side_mode=opposite_side|min_pair_dist_bin=close,False,6,6,0,0.0,0.0,none,0,-2.18558615316099,2.8333333333333335,"{""success"": 6}",{},"{""collision_rod_early"": 0.0, ""collision_rod_late"": 0.0, ""collision_rod_mid"": 0.0, ""collision_tblock_early"": 0.0, ""collision_tblock_late"": 0.0, ""collision_tblock_mid"": 0.0, ""fall"": 0.0, ""timeout"": 0.0}"
layout_basic,start_region=x_neg__y_pos|path_len_bin=medium|num_obstacles_bin=2|max_blockage_bin=low|medhigh_count_bin=0|pair_side_mode=opposite_side|min_pair_dist_bin=medium,False,6,6,0,0.0,0.0,none,0,-2.080882502354931,2.6666666666666665,"{""success"": 6}",{},"{""collision_rod_early"": 0.0, ""collision_rod_late"": 0.0, ""collision_rod_mid"": 0.0, ""collision_tblock_early"": 0.0, ""collision_tblock_late"": 0.0, ""collision_tblock_mid"": 0.0, ""fall"": 0.0, ""timeout"": 0.0}"
layout_basic,start_region=x_mid__y_pos|path_len_bin=long|num_obstacles_bin=2|max_blockage_bin=low|medhigh_count_bin=0|pair_side_mode=opposite_side|min_pair_dist_bin=close,False,6,6,0,0.0,0.0,none,0,-4.490516548582718,3.5,"{""success"": 6}",{},"{""collision_rod_early"": 0.0, ""collision_rod_late"": 0.0, ""collision_rod_mid"": 0.0, ""collision_tblock_early"": 0.0, ""collision_tblock_late"": 0.0, ""collision_tblock_mid"": 0.0, ""fall"": 0.0, ""timeout"": 0.0}"
layout_basic,start_region=x_neg__y_pos|path_len_bin=medium|num_obstacles_bin=2|max_blockage_bin=low|medhigh_count_bin=0|pair_side_mode=center_involved|min_pair_dist_bin=medium,False,6,6,0,0.0,0.0,none,0,-3.904207299759799,3.1666666666666665,"{""success"": 6}",{},"{""collision_rod_early"": 0.0, ""collision_rod_late"": 0.0, ""collision_rod_mid"": 0.0, ""collision_tblock_early"": 0.0, ""collision_tblock_late"": 0.0, ""collision_tblock_mid"": 0.0, ""fall"": 0.0, ""timeout"": 0.0}"
layout_basic,start_region=x_mid__y_pos|path_len_bin=medium|num_obstacles_bin=2|max_blockage_bin=low|medhigh_count_bin=0|pair_side_mode=center_involved|min_pair_dist_bin=very_close,False,5,5,0,0.0,0.0,none,0,-2.2794400346638293,2.8,"{""success"": 5}",{},"{""collision_rod_early"": 0.0, ""collision_rod_late"": 0.0, ""collision_rod_mid"": 0.0, ""collision_tblock_early"": 0.0, ""collision_tblock_late"": 0.0, ""collision_tblock_mid"": 0.0, ""fall"": 0.0, ""timeout"": 0.0}"
layout_basic,start_region=x_pos__y_neg|path_len_bin=medium|num_obstacles_bin=2|max_blockage_bin=low|medhigh_count_bin=0|pair_side_mode=center_involved|min_pair_dist_bin=medium,False,4,4,0,0.0,0.0,none,0,-1.90251045106337,3.0,"{""success"": 4}",{},"{""collision_rod_early"": 0.0, ""collision_rod_late"": 0.0, ""collision_rod_mid"": 0.0, ""collision_tblock_early"": 0.0, ""collision_tblock_late"": 0.0, ""collision_tblock_mid"": 0.0, ""fall"": 0.0, ""timeout"": 0.0}"
layout_basic,start_region=x_neg__y_mid|path_len_bin=medium|num_obstacles_bin=2|max_blockage_bin=low|medhigh_count_bin=0|pair_side_mode=opposite_side|min_pair_dist_bin=very_close,False,4,4,0,0.0,0.0,none,0,-1.5051432336311663,2.5,"{""success"": 4}",{},"{""collision_rod_early"": 0.0, ""collision_rod_late"": 0.0, ""collision_rod_mid"": 0.0, ""collision_tblock_early"": 0.0, ""collision_tblock_late"": 0.0, ""collision_tblock_mid"": 0.0, ""fall"": 0.0, ""timeout"": 0.0}"
layout_basic,start_region=x_pos__y_mid|path_len_bin=medium|num_obstacles_bin=2|max_blockage_bin=low|medhigh_count_bin=0|pair_side_mode=opposite_side|min_pair_dist_bin=close,False,4,4,0,0.0,0.0,none,0,-1.2510441628500297,2.25,"{""success"": 4}",{},"{""collision_rod_early"": 0.0, ""collision_rod_late"": 0.0, ""collision_rod_mid"": 0.0, ""collision_tblock_early"": 0.0, ""collision_tblock_late"": 0.0, ""collision_tblock_mid"": 0.0, ""fall"": 0.0, ""timeout"": 0.0}"
layout_basic,start_region=x_mid__y_pos|path_len_bin=long|num_obstacles_bin=2|max_blockage_bin=medium|medhigh_count_bin=1|pair_side_mode=same_side|min_pair_dist_bin=far,False,3,3,0,0.0,0.0,none,0,-4.650857655794813,4.0,"{""success"": 3}",{},"{""collision_rod_early"": 0.0, ""collision_rod_late"": 0.0, ""collision_rod_mid"": 0.0, ""collision_tblock_early"": 0.0, ""collision_tblock_late"": 0.0, ""collision_tblock_mid"": 0.0, ""fall"": 0.0, ""timeout"": 0.0}"
layout_basic,start_region=x_neg__y_pos|path_len_bin=medium|num_obstacles_bin=2|max_blockage_bin=low|medhigh_count_bin=0|pair_side_mode=opposite_side|min_pair_dist_bin=close,False,3,3,0,0.0,0.0,none,0,-2.451841513280969,2.3333333333333335,"{""success"": 3}",{},"{""collision_rod_early"": 0.0, ""collision_rod_late"": 0.0, ""collision_rod_mid"": 0.0, ""collision_tblock_early"": 0.0, ""collision_tblock_late"": 0.0, ""collision_tblock_mid"": 0.0, ""fall"": 0.0, ""timeout"": 0.0}"
layout_basic,start_region=x_pos__y_pos|path_len_bin=long|num_obstacles_bin=2|max_blockage_bin=low|medhigh_count_bin=0|pair_side_mode=center_involved|min_pair_dist_bin=very_close,False,3,3,0,0.0,0.0,none,0,-3.9145636618245576,3.6666666666666665,"{""success"": 3}",{},"{""collision_rod_early"": 0.0, ""collision_rod_late"": 0.0, ""collision_rod_mid"": 0.0, ""collision_tblock_early"": 0.0, ""collision_tblock_late"": 0.0, ""collision_tblock_mid"": 0.0, ""fall"": 0.0, ""timeout"": 0.0}"
layout_basic,start_region=x_pos__y_mid|path_len_bin=long|num_obstacles_bin=2|max_blockage_bin=low|medhigh_count_bin=0|pair_side_mode=center_involved|min_pair_dist_bin=very_close,False,3,3,0,0.0,0.0,none,0,-1.956299767000333,2.6666666666666665,"{""success"": 3}",{},"{""collision_rod_early"": 0.0, ""collision_rod_late"": 0.0, ""collision_rod_mid"": 0.0, ""collision_tblock_early"": 0.0, ""collision_tblock_late"": 0.0, ""collision_tblock_mid"": 0.0, ""fall"": 0.0, ""timeout"": 0.0}"
layout_basic,start_region=x_pos__y_mid|path_len_bin=long|num_obstacles_bin=2|max_blockage_bin=medium|medhigh_count_bin=1|pair_side_mode=same_side|min_pair_dist_bin=very_close,False,3,3,0,0.0,0.0,none,0,-3.2201950047032155,2.6666666666666665,"{""success"": 3}",{},"{""collision_rod_early"": 0.0, ""collision_rod_late"": 0.0, ""collision_rod_mid"": 0.0, ""collision_tblock_early"": 0.0, ""collision_tblock_late"": 0.0, ""collision_tblock_mid"": 0.0, ""fall"": 0.0, ""timeout"": 0.0}"
layout_basic,start_region=x_mid__y_pos|path_len_bin=long|num_obstacles_bin=2|max_blockage_bin=low|medhigh_count_bin=0|pair_side_mode=center_involved|min_pair_dist_bin=very_close,False,3,3,0,0.0,0.0,none,0,-2.2714645654599637,2.3333333333333335,"{""success"": 3}",{},"{""collision_rod_early"": 0.0, ""collision_rod_late"": 0.0, ""collision_rod_mid"": 0.0, ""collision_tblock_early"": 0.0, ""collision_tblock_late"": 0.0, ""collision_tblock_mid"": 0.0, ""fall"": 0.0, ""timeout"": 0.0}"
layout_basic,start_region=x_mid__y_neg|path_len_bin=long|num_obstacles_bin=2|max_blockage_bin=low|medhigh_count_bin=0|pair_side_mode=opposite_side|min_pair_dist_bin=very_close,False,2,2,0,0.0,0.0,none,0,-3.215204541472895,2.0,"{""success"": 2}",{},"{""collision_rod_early"": 0.0, ""collision_rod_late"": 0.0, ""collision_rod_mid"": 0.0, ""collision_tblock_early"": 0.0, ""collision_tblock_late"": 0.0, ""collision_tblock_mid"": 0.0, ""fall"": 0.0, ""timeout"": 0.0}"
layout_basic,start_region=x_pos__y_neg|path_len_bin=medium|num_obstacles_bin=2|max_blockage_bin=low|medhigh_count_bin=0|pair_side_mode=opposite_side|min_pair_dist_bin=close,False,2,2,0,0.0,0.0,none,0,-1.7735341781323495,3.0,"{""success"": 2}",{},"{""collision_rod_early"": 0.0, ""collision_rod_late"": 0.0, ""collision_rod_mid"": 0.0, ""collision_tblock_early"": 0.0, ""collision_tblock_late"": 0.0, ""collision_tblock_mid"": 0.0, ""fall"": 0.0, ""timeout"": 0.0}"
layout_basic,start_region=x_neg__y_neg|path_len_bin=medium|num_obstacles_bin=2|max_blockage_bin=low|medhigh_count_bin=0|pair_side_mode=opposite_side|min_pair_dist_bin=close,False,2,2,0,0.0,0.0,none,0,-2.4827791783690722,3.0,"{""success"": 2}",{},"{""collision_rod_early"": 0.0, ""collision_rod_late"": 0.0, ""collision_rod_mid"": 0.0, ""collision_tblock_early"": 0.0, ""collision_tblock_late"": 0.0, ""collision_tblock_mid"": 0.0, ""fall"": 0.0, ""timeout"": 0.0}"
layout_basic,start_region=x_pos__y_neg|path_len_bin=medium|num_obstacles_bin=2|max_blockage_bin=low|medhigh_count_bin=0|pair_side_mode=center_involved|min_pair_dist_bin=close,False,1,1,0,0.0,0.0,none,0,-4.566521695966008,3.0,"{""success"": 1}",{},"{""collision_rod_early"": 0.0, ""collision_rod_late"": 0.0, ""collision_rod_mid"": 0.0, ""collision_tblock_early"": 0.0, ""collision_tblock_late"": 0.0, ""collision_tblock_mid"": 0.0, ""fall"": 0.0, ""timeout"": 0.0}"
layout_basic,start_region=x_mid__y_pos|path_len_bin=long|num_obstacles_bin=2|max_blockage_bin=low|medhigh_count_bin=0|pair_side_mode=opposite_side|min_pair_dist_bin=very_close,False,1,1,0,0.0,0.0,none,0,-3.9100812269176224,4.0,"{""success"": 1}",{},"{""collision_rod_early"": 0.0, ""collision_rod_late"": 0.0, ""collision_rod_mid"": 0.0, ""collision_tblock_early"": 0.0, ""collision_tblock_late"": 0.0, ""collision_tblock_mid"": 0.0, ""fall"": 0.0, ""timeout"": 0.0}"
layout_basic,start_region=x_mid__y_neg|path_len_bin=long|num_obstacles_bin=2|max_blockage_bin=medium|medhigh_count_bin=1|pair_side_mode=same_side|min_pair_dist_bin=close,False,1,1,0,0.0,0.0,none,0,-5.6147748681279035,5.0,"{""success"": 1}",{},"{""collision_rod_early"": 0.0, ""collision_rod_late"": 0.0, ""collision_rod_mid"": 0.0, ""collision_tblock_early"": 0.0, ""collision_tblock_late"": 0.0, ""collision_tblock_mid"": 0.0, ""fall"": 0.0, ""timeout"": 0.0}"
layout_basic,start_region=x_pos__y_pos|path_len_bin=medium|num_obstacles_bin=2|max_blockage_bin=low|medhigh_count_bin=0|pair_side_mode=center_involved|min_pair_dist_bin=medium,False,1,1,0,0.0,0.0,none,0,-1.4115934004570874,3.0,"{""success"": 1}",{},"{""collision_rod_early"": 0.0, ""collision_rod_late"": 0.0, ""collision_rod_mid"": 0.0, ""collision_tblock_early"": 0.0, ""collision_tblock_late"": 0.0, ""collision_tblock_mid"": 0.0, ""fall"": 0.0, ""timeout"": 0.0}"
layout_basic,start_region=x_neg__y_neg|path_len_bin=medium|num_obstacles_bin=2|max_blockage_bin=low|medhigh_count_bin=0|pair_side_mode=center_involved|min_pair_dist_bin=very_close,False,1,1,0,0.0,0.0,none,0,-5.053267325462041,4.0,"{""success"": 1}",{},"{""collision_rod_early"": 0.0, ""collision_rod_late"": 0.0, ""collision_rod_mid"": 0.0, ""collision_tblock_early"": 0.0, ""collision_tblock_late"": 0.0, ""collision_tblock_mid"": 0.0, ""fall"": 0.0, ""timeout"": 0.0}"
layout_basic,start_region=x_mid__y_pos|path_len_bin=long|num_obstacles_bin=2|max_blockage_bin=medium|medhigh_count_bin=1|pair_side_mode=same_side|min_pair_dist_bin=very_close,False,1,1,0,0.0,0.0,none,0,-2.164016886220113,2.0,"{""success"": 1}",{},"{""collision_rod_early"": 0.0, ""collision_rod_late"": 0.0, ""collision_rod_mid"": 0.0, ""collision_tblock_early"": 0.0, ""collision_tblock_late"": 0.0, ""collision_tblock_mid"": 0.0, ""fall"": 0.0, ""timeout"": 0.0}"
layout_basic,start_region=x_mid__y_pos|path_len_bin=medium|num_obstacles_bin=2|max_blockage_bin=low|medhigh_count_bin=0|pair_side_mode=opposite_side|min_pair_dist_bin=very_close,False,1,1,0,0.0,0.0,none,0,-2.9514110319674076,3.0,"{""success"": 1}",{},"{""collision_rod_early"": 0.0, ""collision_rod_late"": 0.0, ""collision_rod_mid"": 0.0, ""collision_tblock_early"": 0.0, ""collision_tblock_late"": 0.0, ""collision_tblock_mid"": 0.0, ""fall"": 0.0, ""timeout"": 0.0}"
layout_basic,start_region=x_neg__y_pos|path_len_bin=long|num_obstacles_bin=2|max_blockage_bin=low|medhigh_count_bin=0|pair_side_mode=opposite_side|min_pair_dist_bin=very_close,False,1,1,0,0.0,0.0,none,0,-3.2264914582476294,3.0,"{""success"": 1}",{},"{""collision_rod_early"": 0.0, ""collision_rod_late"": 0.0, ""collision_rod_mid"": 0.0, ""collision_tblock_early"": 0.0, ""collision_tblock_late"": 0.0, ""collision_tblock_mid"": 0.0, ""fall"": 0.0, ""timeout"": 0.0}"
layout_basic,start_region=x_mid__y_pos|path_len_bin=long|num_obstacles_bin=2|max_blockage_bin=medium|medhigh_count_bin=1|pair_side_mode=center_involved|min_pair_dist_bin=far,False,1,1,0,0.0,0.0,none,0,-3.011268065215405,3.0,"{""success"": 1}",{},"{""collision_rod_early"": 0.0, ""collision_rod_late"": 0.0, ""collision_rod_mid"": 0.0, ""collision_tblock_early"": 0.0, ""collision_tblock_late"": 0.0, ""collision_tblock_mid"": 0.0, ""fall"": 0.0, ""timeout"": 0.0}"
layout_basic,start_region=x_neg__y_mid|path_len_bin=long|num_obstacles_bin=2|max_blockage_bin=low|medhigh_count_bin=0|pair_side_mode=opposite_side|min_pair_dist_bin=very_close,False,1,1,0,0.0,0.0,none,0,-2.1397617960652227,3.0,"{""success"": 1}",{},"{""collision_rod_early"": 0.0, ""collision_rod_late"": 0.0, ""collision_rod_mid"": 0.0, ""collision_tblock_early"": 0.0, ""collision_tblock_late"": 0.0, ""collision_tblock_mid"": 0.0, ""fall"": 0.0, ""timeout"": 0.0}"
layout_basic,start_region=x_mid__y_neg|path_len_bin=medium|num_obstacles_bin=2|max_blockage_bin=low|medhigh_count_bin=0|pair_side_mode=opposite_side|min_pair_dist_bin=very_close,False,1,1,0,0.0,0.0,none,0,-1.7566493763779214,2.0,"{""success"": 1}",{},"{""collision_rod_early"": 0.0, ""collision_rod_late"": 0.0, ""collision_rod_mid"": 0.0, ""collision_tblock_early"": 0.0, ""collision_tblock_late"": 0.0, ""collision_tblock_mid"": 0.0, ""fall"": 0.0, ""timeout"": 0.0}"
layout_basic,start_region=x_pos__y_pos|path_len_bin=medium|num_obstacles_bin=2|max_blockage_bin=low|medhigh_count_bin=0|pair_side_mode=center_involved|min_pair_dist_bin=very_close,False,1,1,0,0.0,0.0,none,0,-0.8720434183225645,2.0,"{""success"": 1}",{},"{""collision_rod_early"": 0.0, ""collision_rod_late"": 0.0, ""collision_rod_mid"": 0.0, ""collision_tblock_early"": 0.0, ""collision_tblock_late"": 0.0, ""collision_tblock_mid"": 0.0, ""fall"": 0.0, ""timeout"": 0.0}"
layout_path_conditioned,start_region=x_pos__y_pos|path_angle_bin=sector_0|path_len_bin=long|near_count_bin=1|medhigh_count_bin=0|pair_side_mode=opposite_side,True,286,209,77,0.2692307692307692,3.2213274503192033,collision_tblock_early,56,-5.571787533752672,3.006993006993007,"{""collision"": 63, ""success"": 209, ""timeout"": 14}","{""collision_rod_early"": 7, ""collision_tblock_early"": 56, ""timeout"": 14}","{""collision_rod_early"": 2.1890811215998665, ""collision_rod_late"": 0.0, ""collision_rod_mid"": 0.0, ""collision_tblock_early"": 5.398771419488824, ""collision_tblock_late"": 0.0, ""collision_tblock_mid"": 0.0, ""fall"": 0.0, ""timeout"": 1.5109988727010004}"
layout_path_conditioned,start_region=x_pos__y_pos|path_angle_bin=sector_1|path_len_bin=long|near_count_bin=1|medhigh_count_bin=0|pair_side_mode=opposite_side,True,285,216,69,0.24210526315789474,2.8967726545727572,collision_tblock_early,55,-5.288092544597332,2.814035087719298,"{""collision"": 59, ""fall"": 2, ""success"": 216, ""timeout"": 8}","{""collision_rod_early"": 4, ""collision_tblock_early"": 55, ""fall"": 2, ""timeout"": 8}","{""collision_rod_early"": 1.2552926331379686, ""collision_rod_late"": 0.0, ""collision_rod_mid"": 0.0, ""collision_tblock_early"": 5.320969575724261, ""collision_tblock_late"": 0.0, ""collision_tblock_mid"": 0.0, ""fall"": 5.650385964912281, ""timeout"": 0.866457498932303}"
layout_path_conditioned,start_region=x_pos__y_pos|path_angle_bin=sector_0|path_len_bin=long|near_count_bin=1|medhigh_count_bin=0|pair_side_mode=same_side,True,297,236,61,0.2053872053872054,2.4574436441588534,collision_tblock_early,37,-5.105094859649025,3.2053872053872055,"{""collision"": 45, ""success"": 236, ""timeout"": 16}","{""collision_rod_early"": 8, ""collision_tblock_early"": 37, ""timeout"": 16}","{""collision_rod_early"": 2.4091474777395354, ""collision_rod_late"": 0.0, ""collision_rod_mid"": 0.0, ""collision_tblock_early"": 3.4349326094895827, ""collision_tblock_late"": 0.0, ""collision_tblock_mid"": 0.0, ""fall"": 0.0, ""timeout"": 1.6628982302741167}"
layout_path_conditioned,start_region=x_pos__y_pos|path_angle_bin=sector_1|path_len_bin=long|near_count_bin=1|medhigh_count_bin=0|pair_side_mode=same_side,True,322,261,61,0.18944099378881987,2.266648330171365,collision_tblock_early,33,-5.191359347461354,3.139751552795031,"{""collision"": 45, ""success"": 261, ""timeout"": 16}","{""collision_rod_early"": 11, ""collision_rod_mid"": 1, ""collision_tblock_early"": 33, ""timeout"": 16}","{""collision_rod_early"": 3.0553900659064688, ""collision_rod_late"": 0.0, ""collision_rod_mid"": 2.1886730907756498, ""collision_tblock_early"": 2.8257322902138156, ""collision_tblock_late"": 0.0, ""collision_tblock_mid"": 0.0, ""fall"": 0.0, ""timeout"": 1.5337912248180519}"
layout_path_conditioned,start_region=x_neg__y_pos|path_angle_bin=sector_2|path_len_bin=long|near_count_bin=1|medhigh_count_bin=0|pair_side_mode=opposite_side,True,576,475,101,0.1753472222222222,2.0980173324747584,collision_tblock_early,64,-4.65909015641305,3.1041666666666665,"{""collision"": 77, ""fall"": 3, ""success"": 475, ""timeout"": 21}","{""collision_rod_early"": 12, ""collision_rod_late"": 1, ""collision_tblock_early"": 64, ""fall"": 3, ""timeout"": 21}","{""collision_rod_early"": 1.8633250023141719, ""collision_rod_late"": 6.6565806878306875, ""collision_rod_mid"": 0.0, ""collision_tblock_early"": 3.063588543598817, ""collision_tblock_late"": 0.0, ""collision_tblock_mid"": 0.0, ""fall"": 4.193645833333333, ""timeout"": 1.1253793687304325}"
layout_path_conditioned,start_region=x_pos__y_neg|path_angle_bin=sector_7|path_len_bin=long|near_count_bin=1|medhigh_count_bin=0|pair_side_mode=opposite_side,True,538,452,86,0.15985130111524162,1.9126097129351403,collision_tblock_early,55,-4.642855318547434,3.1728624535315983,"{""collision"": 65, ""success"": 452, ""timeout"": 21}","{""collision_rod_early"": 8, ""collision_tblock_early"": 55, ""collision_tblock_mid"": 2, ""timeout"": 21}","{""collision_rod_early"": 1.3299568789751712, ""collision_rod_late"": 0.0, ""collision_rod_mid"": 0.0, ""collision_tblock_early"": 2.818729236210807, ""collision_tblock_late"": 0.0, ""collision_tblock_mid"": 5.784027441050231, ""fall"": 0.0, ""timeout"": 1.2048671308340693}"
layout_path_conditioned,start_region=x_pos__y_neg|path_angle_bin=sector_6|path_len_bin=long|near_count_bin=1|medhigh_count_bin=0|pair_side_mode=opposite_side,True,596,502,94,0.15771812080536912,1.88708635872007,collision_tblock_early,54,-4.39733537025079,3.204697986577181,"{""collision"": 64, ""fall"": 2, ""success"": 502, ""timeout"": 28}","{""collision_rod_early"": 8, ""collision_rod_late"": 1, ""collision_tblock_early"": 54, ""collision_tblock_late"": 1, ""fall"": 2, ""timeout"": 28}","{""collision_rod_early"": 1.2005315451151712, ""collision_rod_late"": 6.433205496963886, ""collision_rod_mid"": 0.0, ""collision_tblock_early"": 2.498161127833934, ""collision_tblock_late"": 10.007208550832711, ""collision_tblock_mid"": 0.0, ""fall"": 2.7019463087248323, ""timeout"": 1.4501532805116983}"
layout_path_conditioned,start_region=x_pos__y_neg|path_angle_bin=sector_7|path_len_bin=long|near_count_bin=1|medhigh_count_bin=0|pair_side_mode=same_side,True,514,435,79,0.15369649805447472,1.8389679218887278,collision_tblock_early,41,-4.492902079963436,3.2140077821011674,"{""collision"": 60, ""success"": 435, ""timeout"": 19}","{""collision_rod_early"": 11, ""collision_rod_mid"": 8, ""collision_tblock_early"": 41, ""timeout"": 19}","{""collision_rod_early"": 1.9140770451787603, ""collision_rod_late"": 0.0, ""collision_rod_mid"": 10.968914167000143, ""collision_tblock_early"": 2.199346639276193, ""collision_tblock_late"": 0.0, ""collision_tblock_mid"": 0.0, ""fall"": 0.0, ""timeout"": 1.1410183260501996}"
layout_path_conditioned,start_region=x_neg__y_pos|path_angle_bin=sector_3|path_len_bin=long|near_count_bin=1|medhigh_count_bin=0|pair_side_mode=same_side,True,660,568,92,0.1393939393939394,1.6678388011176482,collision_tblock_early,48,-4.413234033891859,3.1151515151515152,"{""collision"": 66, ""fall"": 1, ""success"": 568, ""timeout"": 25}","{""collision_rod_early"": 17, ""collision_rod_mid"": 1, ""collision_tblock_early"": 48, ""fall"": 1, ""timeout"": 25}","{""collision_rod_early"": 2.303747275588431, ""collision_rod_late"": 0.0, ""collision_rod_mid"": 1.0678071745905444, ""collision_tblock_early"": 2.0052579558101344, ""collision_tblock_late"": 0.0, ""collision_tblock_mid"": 0.0, ""fall"": 1.2199696969696971, ""timeout"": 1.1692253181614884}"
layout_path_conditioned,start_region=x_mid__y_pos|path_angle_bin=sector_1|path_len_bin=medium|near_count_bin=1|medhigh_count_bin=0|pair_side_mode=opposite_side,True,109,94,15,0.13761467889908258,1.6465500729023448,timeout,6,-3.773556930624137,3.238532110091743,"{""collision"": 9, ""success"": 94, ""timeout"": 6}","{""collision_rod_early"": 4, ""collision_tblock_early"": 4, ""collision_tblock_mid"": 1, ""timeout"": 6}","{""collision_rod_early"": 3.282187160039643, ""collision_rod_late"": 0.0, ""collision_rod_mid"": 0.0, ""collision_tblock_early"": 1.011827408895022, ""collision_tblock_late"": 0.0, ""collision_tblock_mid"": 14.274342950848734, ""fall"": 0.0, ""timeout"": 1.6991311045576125}"
layout_path_conditioned,start_region=x_neg__y_pos|path_angle_bin=sector_2|path_len_bin=long|near_count_bin=1|medhigh_count_bin=0|pair_side_mode=same_side,True,589,508,81,0.13752122241086587,1.645431872513277,collision_tblock_early,50,-4.493022800520929,3.1494057724957556,"{""collision"": 59, ""fall"": 2, ""success"": 508, ""timeout"": 20}","{""collision_rod_early"": 7, ""collision_rod_late"": 1, ""collision_rod_mid"": 1, ""collision_tblock_early"": 50, ""fall"": 2, ""timeout"": 20}","{""collision_rod_early"": 1.0629494070926346, ""collision_rod_late"": 6.50966124989894, ""collision_rod_mid"": 1.1965241684715777, ""collision_tblock_early"": 2.3406024526646307, ""collision_tblock_late"": 0.0, ""collision_tblock_mid"": 0.0, ""fall"": 2.7340577249575553, ""timeout"": 1.0481340712890763}"
layout_path_conditioned,start_region=x_neg__y_pos|path_angle_bin=sector_3|path_len_bin=long|near_count_bin=1|medhigh_count_bin=0|pair_side_mode=opposite_side,True,641,560,81,0.12636505460218408,1.5119490997040879,collision_tblock_early,45,-4.321849876300146,3.0982839313572543,"{""collision"": 58, ""fall"": 4, ""success"": 560, ""timeout"": 19}","{""collision_rod_early"": 10, ""collision_rod_late"": 1, ""collision_rod_mid"": 1, ""collision_tblock_early"": 45, ""collision_tblock_mid"": 1, ""fall"": 4, ""timeout"": 19}","{""collision_rod_early"": 1.3953135742758231, ""collision_rod_late"": 5.98157640591338, ""collision_rod_mid"": 1.0994582452882362, ""collision_tblock_early"": 1.9356526679524506, ""collision_tblock_late"": 0.0, ""collision_tblock_mid"": 2.4273063676170237, ""fall"": 5.024524180967239, ""timeout"": 0.9149507325893956}"
layout_path_conditioned,start_region=x_pos__y_neg|path_angle_bin=sector_7|path_len_bin=long|near_count_bin=0|medhigh_count_bin=0|pair_side_mode=opposite_side,True,9392,8259,1133,0.12063458262350937,1.4433844005765255,collision_tblock_early,689,-4.170718405554043,3.095719761499148,"{""collision"": 871, ""fall"": 20, ""success"": 8259, ""timeout"": 242}","{""collision_rod_early"": 157, ""collision_rod_late"": 1, ""collision_rod_mid"": 15, ""collision_tblock_early"": 689, ""collision_tblock_late"": 1, ""collision_tblock_mid"": 8, ""fall"": 20, ""timeout"": 242}","{""collision_rod_early"": 1.4951040478534499, ""collision_rod_late"": 0.4082400421838241, ""collision_rod_mid"": 1.1255633548175457, ""collision_tblock_early"": 2.022712154903776, ""collision_tblock_late"": 0.635040065619282, ""collision_tblock_mid"": 1.3253010065098059, ""fall"": 1.7146081771720614, ""timeout"": 0.7953520775841266}"
layout_path_conditioned,start_region=x_neg__y_pos|path_angle_bin=sector_2|path_len_bin=long|near_count_bin=0|medhigh_count_bin=0|pair_side_mode=opposite_side,True,9361,8234,1127,0.12039312039312039,1.440495321764361,collision_tblock_early,662,-4.2640596851774,3.169639995726952,"{""collision"": 813, ""fall"": 37, ""success"": 8234, ""timeout"": 277}","{""collision_rod_early"": 135, ""collision_rod_late"": 1, ""collision_rod_mid"": 10, ""collision_tblock_early"": 662, ""collision_tblock_late"": 1, ""collision_tblock_mid"": 4, ""fall"": 37, ""timeout"": 277}","{""collision_rod_early"": 1.289856427197504, ""collision_rod_late"": 0.4095919748093661, ""collision_rod_mid"": 0.7528605226255307, ""collision_tblock_early"": 1.9498836174299485, ""collision_tblock_late"": 0.6371430719256805, ""collision_tblock_mid"": 0.6648449446181015, ""fall"": 3.1825296442687745, ""timeout"": 0.9133971698164012}"
layout_path_conditioned,start_region=x_pos__y_pos|path_angle_bin=sector_0|path_len_bin=long|near_count_bin=0|medhigh_count_bin=0|pair_side_mode=center_involved,True,220,194,26,0.11818181818181818,1.4140372444258318,collision_rod_early,11,-4.1877369000433875,3.109090909090909,"{""collision"": 19, ""success"": 194, ""timeout"": 7}","{""collision_rod_early"": 11, ""collision_tblock_early"": 8, ""timeout"": 7}","{""collision_rod_early"": 4.471980005554013, ""collision_rod_late"": 0.0, ""collision_rod_mid"": 0.0, ""collision_tblock_early"": 1.0026289779050672, ""collision_tblock_late"": 0.0, ""collision_tblock_mid"": 0.0, ""fall"": 0.0, ""timeout"": 0.9821492672556502}"
layout_path_conditioned,start_region=x_pos__y_neg|path_angle_bin=sector_6|path_len_bin=long|near_count_bin=1|medhigh_count_bin=0|pair_side_mode=same_side,True,663,585,78,0.11764705882352941,1.4076388858537692,collision_tblock_early,34,-3.8944340872542087,3.2277526395173455,"{""collision"": 43, ""fall"": 2, ""success"": 585, ""timeout"": 33}","{""collision_rod_early"": 7, ""collision_rod_late"": 1, ""collision_rod_mid"": 1, ""collision_tblock_early"": 34, ""fall"": 2, ""timeout"": 33}","{""collision_rod_early"": 0.9443095034352365, ""collision_rod_late"": 5.783092724269195, ""collision_rod_mid"": 1.0629754679181889, ""collision_tblock_early"": 1.413963943199454, ""collision_tblock_late"": 0.0, ""collision_tblock_mid"": 0.0, ""fall"": 2.4288989441930617, ""timeout"": 1.5363938117379918}"
layout_path_conditioned,start_region=x_pos__y_pos|path_angle_bin=sector_1|path_len_bin=long|near_count_bin=0|medhigh_count_bin=0|pair_side_mode=center_involved,True,218,193,25,0.11467889908256881,1.3721250607519542,collision_rod_early,11,-4.612200355154293,3.1788990825688073,"{""collision"": 18, ""success"": 193, ""timeout"": 7}","{""collision_rod_early"": 11, ""collision_tblock_early"": 7, ""timeout"": 7}","{""collision_rod_early"": 4.5130073450545085, ""collision_rod_late"": 0.0, ""collision_rod_mid"": 0.0, ""collision_tblock_early"": 0.8853489827831442, ""collision_tblock_late"": 0.0, ""collision_tblock_mid"": 0.0, ""fall"": 0.0, ""timeout"": 0.9911598109919406}"
layout_path_conditioned,start_region=x_pos__y_pos|path_angle_bin=sector_0|path_len_bin=long|near_count_bin=0|medhigh_count_bin=0|pair_side_mode=opposite_side,True,10097,8945,1152,0.11409329503813014,1.3651183490423007,collision_tblock_early,765,-4.051524011338338,2.979994057640883,"{""collision"": 867, ""fall"": 5, ""success"": 8945, ""timeout"": 280}","{""collision_rod_early"": 87, ""collision_rod_late"": 1, ""collision_rod_mid"": 8, ""collision_tblock_early"": 765, ""collision_tblock_late"": 1, ""collision_tblock_mid"": 5, ""fall"": 5, ""timeout"": 280}","{""collision_rod_early"": 0.7706492234984631, ""collision_rod_late"": 0.3797356121808929, ""collision_rod_mid"": 0.5583858454826259, ""collision_tblock_early"": 2.089017244991369, ""collision_tblock_late"": 0.5906998411702779, ""collision_tblock_mid"": 0.7704780537003625, ""fall"": 0.3987223927899376, ""timeout"": 0.8559882689759059}"
layout_path_conditioned,start_region=x_neg__y_pos|path_angle_bin=sector_2|path_len_bin=long|near_count_bin=0|medhigh_count_bin=0|pair_side_mode=center_involved,True,616,547,69,0.11201298701298701,1.3402276080409672,timeout,26,-4.360009738075872,3.2759740259740258,"{""collision"": 40, ""fall"": 3, ""success"": 547, ""timeout"": 26}","{""collision_rod_early"": 16, ""collision_rod_mid"": 3, ""collision_tblock_early"": 20, ""collision_tblock_mid"": 1, ""fall"": 3, ""timeout"": 26}","{""collision_rod_early"": 2.323106496391695, ""collision_rod_late"": 0.0, ""collision_rod_mid"": 3.4322373468981784, ""collision_tblock_early"": 0.8952044445580958, ""collision_tblock_late"": 0.0, ""collision_tblock_mid"": 2.5258171779910907, ""fall"": 3.9213311688311685, ""timeout"": 1.3028510688085158}"
layout_path_conditioned,start_region=x_pos__y_pos|path_angle_bin=sector_1|path_len_bin=long|near_count_bin=0|medhigh_count_bin=0|pair_side_mode=opposite_side,True,10135,9013,1122,0.1107054760730143,1.3245833304772963,collision_tblock_early,771,-4.0904680931174076,2.9232363098174643,"{""collision"": 896, ""fall"": 8, ""success"": 9013, ""timeout"": 218}","{""collision_rod_early"": 111, ""collision_rod_late"": 1, ""collision_rod_mid"": 7, ""collision_tblock_early"": 771, ""collision_tblock_late"": 1, ""collision_tblock_mid"": 5, ""fall"": 8, ""timeout"": 218}","{""collision_rod_early"": 0.9795555611573663, ""collision_rod_late"": 0.37831183780863104, ""collision_rod_mid"": 0.48675571254152095, ""collision_tblock_early"": 2.0975077359676555, ""collision_tblock_late"": 0.5884850810356483, ""collision_tblock_mid"": 0.7675892361334543, ""fall"": 0.6355638875185002, ""timeout"": 0.6639492403633939}"
layout_path_conditioned,start_region=x_pos__y_mid|path_angle_bin=sector_0|path_len_bin=medium|near_count_bin=1|medhigh_count_bin=0|pair_side_mode=opposite_side,True,100,89,11,0.11,1.3161423582732743,timeout,7,-3.4550384090992328,3.23,"{""collision"": 4, ""success"": 89, ""timeout"": 7}","{""collision_rod_early"": 2, ""collision_rod_mid"": 2, ""timeout"": 7}","{""collision_rod_early"": 1.788792002221605, ""collision_rod_late"": 0.0, ""collision_rod_mid"": 14.095054704595185, ""collision_tblock_early"": 0.0, ""collision_tblock_late"": 0.0, ""collision_tblock_mid"": 0.0, ""fall"": 0.0, ""timeout"": 2.1607283879624304}"
layout_path_conditioned,start_region=x_neg__y_pos|path_angle_bin=sector_3|path_len_bin=long|near_count_bin=0|medhigh_count_bin=0|pair_side_mode=opposite_side,True,9031,8081,950,0.10519322334182261,1.2586296094861242,collision_tblock_early,446,-3.9823857931742044,3.1722954268630272,"{""collision"": 603, ""fall"": 31, ""success"": 8081, ""timeout"": 316}","{""collision_rod_early"": 138, ""collision_rod_late"": 1, ""collision_rod_mid"": 7, ""collision_tblock_early"": 446, ""collision_tblock_late"": 1, ""collision_tblock_mid"": 10, ""fall"": 31, ""timeout"": 316}","{""collision_rod_early"": 1.3666996805812284, ""collision_rod_late"": 0.42455879483894093, ""collision_rod_mid"": 0.5462594559415695, ""collision_tblock_early"": 1.3616702927699755, ""collision_tblock_late"": 0.6604247919716859, ""collision_tblock_mid"": 1.7228472834043982, ""fall"": 2.7638777544015056, ""timeout"": 1.0800736678363858}"
layout_path_conditioned,start_region=x_neg__y_neg|path_angle_bin=sector_4|path_len_bin=long|near_count_bin=0|medhigh_count_bin=0|pair_side_mode=opposite_side,True,9179,8217,962,0.10480444492864147,1.2539779027809428,collision_tblock_early,397,-3.7598598615975436,3.1958819043468787,"{""collision"": 622, ""fall"": 7, ""success"": 8217, ""timeout"": 333}","{""collision_rod_early"": 182, ""collision_rod_late"": 7, ""collision_rod_mid"": 30, ""collision_tblock_early"": 397, ""collision_tblock_late"": 1, ""collision_tblock_mid"": 5, ""fall"": 7, ""timeout"": 333}","{""collision_rod_early"": 1.77339658135054, ""collision_rod_late"": 2.9239931728220214, ""collision_rod_mid"": 2.3033644249801477, ""collision_tblock_early"": 1.1925266223203586, ""collision_tblock_late"": 0.6497762606271158, ""collision_tblock_mid"": 0.8475342529918902, ""fall"": 0.6140385662926245, ""timeout"": 1.1198271725701359}"
layout_path_conditioned,start_region=x_neg__y_neg|path_angle_bin=sector_5|path_len_bin=long|near_count_bin=0|medhigh_count_bin=0|pair_side_mode=opposite_side,True,9297,8325,972,0.10454985479186835,1.250931749480891,collision_tblock_early,388,-3.7384154533320704,3.238786705388835,"{""collision"": 604, ""fall"": 8, ""success"": 8325, ""timeout"": 360}","{""collision_rod_early"": 157, ""collision_rod_late"": 6, ""collision_rod_mid"": 43, ""collision_tblock_early"": 388, ""collision_tblock_mid"": 10, ""fall"": 8, ""timeout"": 360}","{""collision_rod_early"": 1.510381544308874, ""collision_rod_late"": 2.4744694909264124, ""collision_rod_mid"": 3.2595856313735236, ""collision_tblock_early"": 1.150699278718626, ""collision_tblock_late"": 0.0, ""collision_tblock_mid"": 1.6735542450710037, ""fall"": 0.6928514574593956, ""timeout"": 1.1952584084980946}"
layout_path_conditioned,start_region=x_pos__y_neg|path_angle_bin=sector_6|path_len_bin=long|near_count_bin=0|medhigh_count_bin=0|pair_side_mode=opposite_side,True,9107,8157,950,0.10431536180959701,1.248126057238299,collision_tblock_early,497,-3.9792089697286994,3.1670143845393652,"{""collision"": 688, ""fall"": 23, ""success"": 8157, ""timeout"": 239}","{""collision_rod_early"": 171, ""collision_rod_late"": 3, ""collision_rod_mid"": 10, ""collision_tblock_early"": 497, ""collision_tblock_late"": 3, ""collision_tblock_mid"": 4, ""fall"": 23, ""timeout"": 239}","{""collision_rod_early"": 1.6793863642247417, ""collision_rod_late"": 1.263047263486486, ""collision_rod_mid"": 0.773858279597847, ""collision_tblock_early"": 1.5047141271019555, ""collision_tblock_late"": 1.964740187645645, ""collision_tblock_mid"": 0.683387891355007, ""fall"": 2.0335060942132426, ""timeout"": 0.8100740164128393}"
layout_path_conditioned,start_region=x_pos__y_mid|path_angle_bin=sector_7|path_len_bin=long|near_count_bin=1|medhigh_count_bin=0|pair_side_mode=opposite_side,True,214,192,22,0.102803738317757,1.2300395871712846,collision_tblock_early,9,-3.79799470757946,3.107476635514019,"{""collision"": 14, ""success"": 192, ""timeout"": 8}","{""collision_rod_early"": 1, ""collision_rod_mid"": 3, ""collision_tblock_early"": 9, ""collision_tblock_mid"": 1, ""timeout"": 8}","{""collision_rod_early"": 0.417942056593833, ""collision_rod_late"": 0.0, ""collision_rod_mid"": 9.879711241538681, ""collision_tblock_early"": 1.159582579586468, ""collision_tblock_late"": 0.0, ""collision_tblock_mid"": 7.270576549731365, ""fall"": 0.0, ""timeout"": 1.1539270429705903}"
layout_path_conditioned,start_region=x_neg__y_neg|path_angle_bin=sector_5|path_len_bin=long|near_count_bin=1|medhigh_count_bin=0|pair_side_mode=opposite_side,True,799,718,81,0.10137672090112641,1.212965422916546,collision_tblock_early,43,-3.6868330969017062,3.1551939924906134,"{""collision"": 58, ""success"": 718, ""timeout"": 23}","{""collision_rod_early"": 11, ""collision_rod_mid"": 3, ""collision_tblock_early"": 43, ""collision_tblock_late"": 1, ""timeout"": 23}","{""collision_rod_early"": 1.23133366861312, ""collision_rod_late"": 0.0, ""collision_rod_mid"": 2.6461304201367684, ""collision_tblock_early"": 1.4838657902036823, ""collision_tblock_late"": 7.464701246929032, ""collision_tblock_mid"": 0.0, ""fall"": 0.0, ""timeout"": 0.8885527073687807}"
layout_path_conditioned,start_region=x_neg__y_pos|path_angle_bin=sector_3|path_len_bin=long|near_count_bin=0|medhigh_count_bin=0|pair_side_mode=center_involved,True,608,547,61,0.10032894736842106,1.2004288853868081,timeout,23,-4.061969335845679,3.200657894736842,"{""collision"": 38, ""success"": 547, ""timeout"": 23}","{""collision_rod_early"": 18, ""collision_rod_mid"": 2, ""collision_tblock_early"": 18, ""timeout"": 23}","{""collision_rod_early"": 2.647882898025402, ""collision_rod_late"": 0.0, ""collision_rod_mid"": 2.318265576413682, ""collision_tblock_early"": 0.81628510536679, ""collision_tblock_late"": 0.0, ""collision_tblock_mid"": 0.0, ""fall"": 0.0, ""timeout"": 1.1676868637954863}"
layout_path_conditioned,start_region=x_mid__y_pos|path_angle_bin=sector_2|path_len_bin=long|near_count_bin=1|medhigh_count_bin=0|pair_side_mode=same_side,True,192,173,19,0.09895833333333333,1.1840295836738737,timeout,9,-4.0523896599532545,3.453125,"{""collision"": 10, ""success"": 173, ""timeout"": 9}","{""collision_rod_early"": 2, ""collision_rod_mid"": 2, ""collision_tblock_early"": 5, ""collision_tblock_late"": 1, ""timeout"": 9}","{""collision_rod_early"": 0.931662501157086, ""collision_rod_late"": 0.0, ""collision_rod_mid"": 7.341174325309993, ""collision_tblock_early"": 0.7180285649059727, ""collision_tblock_late"": 31.06404320987654, ""collision_tblock_mid"": 0.0, ""fall"": 0.0, ""timeout"": 1.4469163312248419}"
layout_path_conditioned,start_region=x_pos__y_mid|path_angle_bin=sector_7|path_len_bin=long|near_count_bin=0|medhigh_count_bin=0|pair_side_mode=opposite_side,True,5876,5295,581,0.09887678692988427,1.1830538866216542,collision_tblock_early,299,-3.8059999787334453,3.072498298162015,"{""collision"": 383, ""fall"": 3, ""success"": 5295, ""timeout"": 195}","{""collision_rod_early"": 69, ""collision_rod_late"": 3, ""collision_rod_mid"": 10, ""collision_tblock_early"": 299, ""collision_tblock_late"": 1, ""collision_tblock_mid"": 1, ""fall"": 3, ""timeout"": 195}","{""collision_rod_early"": 1.0502607909572053, ""collision_rod_late"": 1.9575512982592629, ""collision_rod_mid"": 1.1993749748634435, ""collision_tblock_early"": 1.4030151073560952, ""collision_tblock_late"": 1.0150265990973957, ""collision_tblock_mid"": 0.26478954759062495, ""fall"": 0.41108577263444523, ""timeout"": 1.0243655442299766}"
layout_path_conditioned,start_region=x_neg__y_neg|path_angle_bin=sector_5|path_len_bin=long|near_count_bin=1|medhigh_count_bin=0|pair_side_mode=same_side,True,746,674,72,0.09651474530831099,1.1547922227111351,timeout,34,-3.846835732510003,3.359249329758713,"{""collision"": 38, ""success"": 674, ""timeout"": 34}","{""collision_rod_early"": 8, ""collision_rod_mid"": 1, ""collision_tblock_early"": 27, ""collision_tblock_late"": 2, ""timeout"": 34}","{""collision_rod_early"": 0.9591378027997882, ""collision_rod_late"": 0.0, ""collision_rod_mid"": 0.9447087603616076, ""collision_tblock_early"": 0.9979249545502847, ""collision_tblock_late"": 15.990070499453875, ""collision_tblock_mid"": 0.0, ""fall"": 0.0, ""timeout"": 1.4068319645867988}"
layout_path_conditioned,start_region=x_pos__y_mid|path_angle_bin=sector_0|path_len_bin=long|near_count_bin=0|medhigh_count_bin=0|pair_side_mode=opposite_side,True,6085,5507,578,0.09498767460969597,1.136520927888179,collision_tblock_early,302,-3.6239877414776136,3.021035332785538,"{""collision"": 370, ""fall"": 1, ""success"": 5507, ""timeout"": 207}","{""collision_rod_early"": 54, ""collision_rod_late"": 2, ""collision_rod_mid"": 6, ""collision_tblock_early"": 302, ""collision_tblock_late"": 3, ""collision_tblock_mid"": 3, ""fall"": 1, ""timeout"": 207}","{""collision_rod_early"": 0.7937121456036703, ""collision_rod_late"": 1.2602105098407481, ""collision_rod_mid"": 0.6949082023629508, ""collision_tblock_early"": 1.3684196649961518, ""collision_tblock_late"": 2.9404911896284123, ""collision_tblock_mid"": 0.7670846581639337, ""fall"": 0.13232210353327856, ""timeout"": 1.050054645634988}"
layout_path_conditioned,start_region=x_mid__y_pos|path_angle_bin=sector_2|path_len_bin=long|near_count_bin=0|medhigh_count_bin=0|pair_side_mode=opposite_side,True,5971,5422,549,0.09194439792329594,1.1001083337525732,collision_tblock_early,332,-3.869339811330606,3.069670072014738,"{""collision"": 434, ""fall"": 6, ""success"": 5422, ""timeout"": 109}","{""collision_rod_early"": 87, ""collision_rod_late"": 3, ""collision_rod_mid"": 7, ""collision_tblock_early"": 332, ""collision_tblock_mid"": 5, ""fall"": 6, ""timeout"": 109}","{""collision_rod_early"": 1.303172870484673, ""collision_rod_late"": 1.9264062014020145, ""collision_rod_mid"": 0.8262048478660718, ""collision_tblock_early"": 1.5330769667180144, ""collision_tblock_late"": 0.0, ""collision_tblock_mid"": 1.3028834212380775, ""fall"": 0.8090906045888461, ""timeout"": 0.5634839684376987}"
layout_path_conditioned,start_region=x_neg__y_neg|path_angle_bin=sector_5|path_len_bin=medium|near_count_bin=0|medhigh_count_bin=0|pair_side_mode=opposite_side,True,550,500,50,0.09090909090909091,1.08772095725064,timeout,30,-2.7911596656550017,3.078181818181818,"{""collision"": 20, ""success"": 500, ""timeout"": 30}","{""collision_rod_early"": 8, ""collision_rod_mid"": 3, ""collision_tblock_early"": 9, ""timeout"": 30}","{""collision_rod_early"": 1.3009396379793492, ""collision_rod_late"": 0.0, ""collision_rod_mid"": 3.8441058285259597, ""collision_tblock_early"": 0.4511830400572803, ""collision_tblock_late"": 0.0, ""collision_tblock_mid"": 0.0, ""fall"": 0.0, ""timeout"": 1.6836844581525434}"
layout_path_conditioned,start_region=x_pos__y_mid|path_angle_bin=sector_7|path_len_bin=medium|near_count_bin=1|medhigh_count_bin=0|pair_side_mode=same_side,True,154,140,14,0.09090909090909091,1.0877209572506399,timeout,7,-3.145985880163424,3.012987012987013,"{""collision"": 7, ""success"": 140, ""timeout"": 7}","{""collision_rod_early"": 4, ""collision_rod_mid"": 2, ""collision_tblock_early"": 1, ""timeout"": 7}","{""collision_rod_early"": 2.323106496391695, ""collision_rod_late"": 0.0, ""collision_rod_mid"": 9.152632925061809, ""collision_tblock_early"": 0.17904088891161915, ""collision_tblock_late"": 0.0, ""collision_tblock_mid"": 0.0, ""fall"": 0.0, ""timeout"": 1.403070381793786}"
layout_path_conditioned,start_region=x_mid__y_pos|path_angle_bin=sector_1|path_len_bin=long|near_count_bin=0|medhigh_count_bin=0|pair_side_mode=opposite_side,True,6125,5577,548,0.08946938775510203,1.0704950090296912,collision_tblock_early,338,-3.8394787442389466,2.993469387755102,"{""collision"": 422, ""fall"": 5, ""success"": 5577, ""timeout"": 121}","{""collision_rod_early"": 69, ""collision_rod_late"": 2, ""collision_rod_mid"": 8, ""collision_tblock_early"": 338, ""collision_tblock_mid"": 5, ""fall"": 5, ""timeout"": 121}","{""collision_rod_early"": 1.0075644747207408, ""collision_rod_late"": 1.251980563654033, ""collision_rod_mid"": 0.920493368463359, ""collision_tblock_early"": 1.5215406285106285, ""collision_tblock_late"": 0.0, ""collision_tblock_mid"": 1.2701252095040916, ""fall"": 0.6572897959183674, ""timeout"": 0.609791568381234}"
layout_path_conditioned,start_region=x_mid__y_pos|path_angle_bin=sector_1|path_len_bin=medium|near_count_bin=0|medhigh_count_bin=0|pair_side_mode=center_involved,True,147,134,13,0.08843537414965986,1.0581231080737517,timeout,7,-2.9337099092791594,2.938775510204082,"{""collision"": 6, ""success"": 134, ""timeout"": 7}","{""collision_rod_early"": 5, ""collision_tblock_early"": 1, ""timeout"": 7}","{""collision_rod_early"": 3.0421632690843623, ""collision_rod_late"": 0.0, ""collision_rod_mid"": 0.0, ""collision_tblock_early"": 0.18756664552645816, ""collision_tblock_late"": 0.0, ""collision_tblock_mid"": 0.0, ""fall"": 0.0, ""timeout"": 1.4698832571172995}"
layout_path_conditioned,start_region=x_neg__y_neg|path_angle_bin=sector_4|path_len_bin=long|near_count_bin=1|medhigh_count_bin=0|pair_side_mode=opposite_side,True,741,676,65,0.08771929824561403,1.0495553096278105,timeout,30,-3.731732603941927,3.2213225371120107,"{""collision"": 35, ""success"": 676, ""timeout"": 30}","{""collision_rod_early"": 9, ""collision_rod_mid"": 2, ""collision_tblock_early"": 24, ""timeout"": 30}","{""collision_rod_early"": 1.0863109325232418, ""collision_rod_late"": 0.0, ""collision_rod_mid"": 1.9021666268009696, ""collision_tblock_early"": 0.8930298588628128, ""collision_tblock_late"": 0.0, ""collision_tblock_mid"": 0.0, ""fall"": 0.0, ""timeout"": 1.2496983157677446}"
layout_path_conditioned,start_region=x_pos__y_pos|path_angle_bin=sector_1|path_len_bin=medium|near_count_bin=0|medhigh_count_bin=0|pair_side_mode=opposite_side,True,619,565,54,0.08723747980613894,1.0437903854715351,timeout,29,-2.8905991333119276,2.9466882067851374,"{""collision"": 25, ""success"": 565, ""timeout"": 29}","{""collision_rod_early"": 3, ""collision_tblock_early"": 22, ""timeout"": 29}","{""collision_rod_early"": 0.43347140603108364, ""collision_rod_late"": 0.0, ""collision_rod_mid"": 0.0, ""collision_tblock_early"": 0.9799523935905746, ""collision_tblock_late"": 0.0, ""collision_tblock_mid"": 0.0, ""fall"": 0.0, ""timeout"": 1.4461371624950492}"
layout_path_conditioned,start_region=x_mid__y_pos|path_angle_bin=sector_2|path_len_bin=medium|near_count_bin=1|medhigh_count_bin=0|pair_side_mode=opposite_side,True,172,157,15,0.0872093023255814,1.0434532438741604,timeout,6,-3.2239819416847193,3.0697674418604652,"{""collision"": 8, ""fall"": 1, ""success"": 157, ""timeout"": 6}","{""collision_rod_early"": 6, ""collision_rod_mid"": 1, ""collision_tblock_early"": 1, ""fall"": 1, ""timeout"": 6}","{""collision_rod_early"": 3.1199860503865207, ""collision_rod_late"": 0.0, ""collision_rod_mid"": 4.097399623428833, ""collision_tblock_early"": 0.16030405169993808, ""collision_tblock_late"": 0.0, ""collision_tblock_mid"": 0.0, ""fall"": 4.681279069767442, ""timeout"": 1.0767749441673242}"
layout_path_conditioned,start_region=x_pos__y_mid|path_angle_bin=sector_7|path_len_bin=long|near_count_bin=0|medhigh_count_bin=0|pair_side_mode=center_involved,True,356,325,31,0.08707865168539326,1.0418900180406412,timeout,16,-3.8945783797459566,3.258426966292135,"{""collision"": 15, ""success"": 325, ""timeout"": 16}","{""collision_rod_early"": 4, ""collision_rod_late"": 1, ""collision_rod_mid"": 3, ""collision_tblock_early"": 7, ""timeout"": 16}","{""collision_rod_early"": 1.0049393270907894, ""collision_rod_late"": 10.77019796682718, ""collision_rod_mid"": 5.938927544071005, ""collision_tblock_early"": 0.5421519051874311, ""collision_tblock_late"": 0.0, ""collision_tblock_mid"": 0.0, ""fall"": 0.0, ""timeout"": 1.387305546043294}"
layout_path_conditioned,start_region=x_mid__y_pos|path_angle_bin=sector_1|path_len_bin=long|near_count_bin=1|medhigh_count_bin=0|pair_side_mode=opposite_side,True,163,149,14,0.08588957055214724,1.0276627448871076,timeout,8,-3.809031228627505,3.2515337423312882,"{""collision"": 6, ""success"": 149, ""timeout"": 8}","{""collision_rod_early"": 3, ""collision_tblock_early"": 3, ""timeout"": 8}","{""collision_rod_early"": 1.646127609406385, ""collision_rod_late"": 0.0, ""collision_rod_mid"": 0.0, ""collision_tblock_early"": 0.507465586976491, ""collision_tblock_late"": 0.0, ""collision_tblock_mid"": 0.0, ""fall"": 0.0, ""timeout"": 1.5149717005871552}"
layout_path_conditioned,start_region=x_neg__y_neg|path_angle_bin=sector_4|path_len_bin=long|near_count_bin=1|medhigh_count_bin=0|pair_side_mode=same_side,True,747,683,64,0.0856760374832664,1.0251078365521427,timeout,25,-3.672936634427046,3.1967871485943773,"{""collision"": 38, ""fall"": 1, ""success"": 683, ""timeout"": 25}","{""collision_rod_early"": 11, ""collision_rod_mid"": 1, ""collision_tblock_early"": 25, ""collision_tblock_mid"": 1, ""fall"": 1, ""timeout"": 25}","{""collision_rod_early"": 1.3170489976196558, ""collision_rod_late"": 0.0, ""collision_rod_mid"": 0.9434440899996778, ""collision_tblock_early"": 0.9227676336141013, ""collision_tblock_late"": 0.0, ""collision_tblock_mid"": 2.0828693194678873, ""fall"": 1.077884872824632, ""timeout"": 1.0330504819097488}"
layout_path_conditioned,start_region=x_neg__y_pos|path_angle_bin=sector_2|path_len_bin=long|near_count_bin=0|medhigh_count_bin=0|pair_side_mode=same_side,True,7830,7165,665,0.08492975734355045,1.0161786465247038,collision_tblock_early,353,-3.9755300746302993,3.2049808429118776,"{""collision"": 415, ""fall"": 16, ""success"": 7165, ""timeout"": 234}","{""collision_rod_early"": 54, ""collision_rod_late"": 2, ""collision_rod_mid"": 4, ""collision_tblock_early"": 353, ""collision_tblock_mid"": 2, ""fall"": 16, ""timeout"": 234}","{""collision_rod_early"": 0.6168248283522776, ""collision_rod_late"": 0.9793589977498023, ""collision_rod_mid"": 0.360026940091831, ""collision_tblock_early"": 1.2430422481498646, ""collision_tblock_late"": 0.0, ""collision_tblock_mid"": 0.39742104256513716, ""fall"": 1.645323116219668, ""timeout"": 0.9224784579149949}"
layout_path_conditioned,start_region=x_pos__y_mid|path_angle_bin=sector_0|path_len_bin=medium|near_count_bin=0|medhigh_count_bin=0|pair_side_mode=center_involved,True,142,130,12,0.08450704225352113,1.011120889838623,timeout,7,-2.9121908049768237,3.084507042253521,"{""collision"": 5, ""success"": 130, ""timeout"": 7}","{""collision_rod_early"": 1, ""collision_rod_mid"": 1, ""collision_tblock_early"": 3, ""timeout"": 7}","{""collision_rod_early"": 0.6298563388104244, ""collision_rod_late"": 0.0, ""collision_rod_mid"": 4.963047431195488, ""collision_tblock_early"": 0.582513314627944, ""collision_tblock_late"": 0.0, ""collision_tblock_mid"": 0.0, ""fall"": 0.0, ""timeout"": 1.5216397098326977}"
layout_path_conditioned,start_region=x_neg__y_neg|path_angle_bin=sector_5|path_len_bin=long|near_count_bin=0|medhigh_count_bin=0|pair_side_mode=center_involved,True,1020,935,85,0.08333333333333333,0.99707754414642,timeout,47,-3.8073671201431956,3.4009803921568627,"{""collision"": 36, ""fall"": 2, ""success"": 935, ""timeout"": 47}","{""collision_rod_early"": 14, ""collision_rod_mid"": 2, ""collision_tblock_early"": 19, ""collision_tblock_mid"": 1, ""fall"": 2, ""timeout"": 47}","{""collision_rod_early"": 1.2276023544658075, ""collision_rod_late"": 0.0, ""collision_rod_mid"": 1.3818681082936457, ""collision_tblock_early"": 0.5136016087798015, ""collision_tblock_late"": 0.0, ""collision_tblock_mid"": 1.5253954721985412, ""fall"": 1.5787843137254902, ""timeout"": 1.4223282105635047}"
layout_path_conditioned,start_region=x_neg__y_neg|path_angle_bin=sector_4|path_len_bin=medium|near_count_bin=0|medhigh_count_bin=0|pair_side_mode=opposite_side,True,580,532,48,0.08275862068965517,0.9902011472902378,timeout,18,-2.7932332230524057,2.946551724137931,"{""collision"": 30, ""success"": 532, ""timeout"": 18}","{""collision_rod_early"": 14, ""collision_rod_late"": 2, ""collision_rod_mid"": 1, ""collision_tblock_early"": 13, ""timeout"": 18}","{""collision_rod_early"": 2.1588868992329715, ""collision_rod_late"": 13.22134646962233, ""collision_rod_mid"": 1.2150909228099298, ""collision_tblock_early"": 0.6179997579328648, ""collision_tblock_late"": 0.0, ""collision_tblock_mid"": 0.0, ""fall"": 0.0, ""timeout"": 0.9579583986040332}"
layout_path_conditioned,start_region=x_mid__y_neg|path_angle_bin=sector_6|path_len_bin=long|near_count_bin=1|medhigh_count_bin=0|pair_side_mode=opposite_side,True,341,313,28,0.08211143695014662,0.9824576388070296,timeout,18,-3.3893193074286287,3.3313782991202348,"{""collision"": 10, ""success"": 313, ""timeout"": 18}","{""collision_rod_early"": 2, ""collision_tblock_early"": 8, ""timeout"": 18}","{""collision_rod_early"": 0.5245724346690924, ""collision_rod_late"": 0.0, ""collision_rod_mid"": 0.0, ""collision_tblock_early"": 0.6468574051000434, ""collision_tblock_late"": 0.0, ""collision_tblock_mid"": 0.0, ""fall"": 0.0, ""timeout"": 1.6293720562766547}"
layout_path_conditioned,start_region=x_mid__y_pos|path_angle_bin=sector_2|path_len_bin=medium|near_count_bin=0|medhigh_count_bin=0|pair_side_mode=center_involved,True,220,202,18,0.08181818181818182,0.978948861525576,timeout,12,-3.116532223797483,3.2181818181818183,"{""collision"": 6, ""success"": 202, ""timeout"": 12}","{""collision_rod_early"": 4, ""collision_tblock_early"": 2, ""timeout"": 12}","{""collision_rod_early"": 1.6261745474741864, ""collision_rod_late"": 0.0, ""collision_rod_mid"": 0.0, ""collision_tblock_early"": 0.2506572444762668, ""collision_tblock_late"": 0.0, ""collision_tblock_mid"": 0.0, ""fall"": 0.0, ""timeout"": 1.6836844581525432}"
layout_path_conditioned,start_region=x_pos__y_mid|path_angle_bin=sector_7|path_len_bin=long|near_count_bin=1|medhigh_count_bin=0|pair_side_mode=same_side,True,234,215,19,0.0811965811965812,0.9715114532708707,timeout,6,-3.5326544220692666,3.123931623931624,"{""collision"": 13, ""success"": 215, ""timeout"": 6}","{""collision_rod_early"": 5, ""collision_rod_mid"": 2, ""collision_tblock_early"": 6, ""timeout"": 6}","{""collision_rod_early"": 1.911102566476074, ""collision_rod_late"": 0.0, ""collision_rod_mid"": 6.023527651536404, ""collision_tblock_early"": 0.7069819715997269, ""collision_tblock_late"": 0.0, ""collision_tblock_mid"": 0.0, ""fall"": 0.0, ""timeout"": 0.7914755999862383}"
layout_path_conditioned,start_region=x_pos__y_pos|path_angle_bin=sector_0|path_len_bin=long|near_count_bin=0|medhigh_count_bin=0|pair_side_mode=same_side,True,8042,7392,650,0.08082566525739866,0.9670734698261721,collision_tblock_early,353,-3.886582810056285,3.0553344939069884,"{""collision"": 431, ""fall"": 3, ""success"": 7392, ""timeout"": 216}","{""collision_rod_early"": 63, ""collision_rod_late"": 1, ""collision_rod_mid"": 8, ""collision_tblock_early"": 353, ""collision_tblock_late"": 1, ""collision_tblock_mid"": 5, ""fall"": 3, ""timeout"": 216}","{""collision_rod_early"": 0.7006583943046575, ""collision_rod_late"": 0.47677076301796517, ""collision_rod_mid"": 0.7010721066697432, ""collision_tblock_early"": 1.2102736636425566, ""collision_tblock_late"": 0.7416434091390569, ""collision_tblock_mid"": 0.9673609684422483, ""fall"": 0.3003655807013181, ""timeout"": 0.8290711830743684}"
layout_path_conditioned,start_region=x_neg__y_mid|path_angle_bin=sector_3|path_len_bin=medium|near_count_bin=0|medhigh_count_bin=0|pair_side_mode=center_involved,True,310,285,25,0.08064516129032258,0.9649137523997614,collision_rod_early,12,-3.1723488566737803,3.132258064516129,"{""collision"": 13, ""fall"": 1, ""success"": 285, ""timeout"": 11}","{""collision_rod_early"": 12, ""collision_tblock_early"": 1, ""fall"": 1, ""timeout"": 11}","{""collision_rod_early"": 3.46217806881601, ""collision_rod_late"": 0.0, ""collision_rod_mid"": 0.0, ""collision_tblock_early"": 0.08894289320125598, ""collision_tblock_late"": 0.0, ""collision_tblock_mid"": 0.0, ""fall"": 2.5973548387096774, ""timeout"": 1.0953001044970845}"
layout_path_conditioned,start_region=x_pos__y_neg|path_angle_bin=sector_7|path_len_bin=medium|near_count_bin=0|medhigh_count_bin=0|pair_side_mode=opposite_side,True,559,514,45,0.08050089445438283,0.9631876097299943,timeout,22,-2.9921231822215115,2.9463327370304113,"{""collision"": 23, ""success"": 514, ""timeout"": 22}","{""collision_rod_early"": 11, ""collision_tblock_early"": 11, ""collision_tblock_mid"": 1, ""timeout"": 22}","{""collision_rod_early"": 1.7599921309872681, ""collision_rod_late"": 0.0, ""collision_rod_mid"": 0.0, ""collision_tblock_early"": 0.5425675595997904, ""collision_tblock_late"": 0.0, ""collision_tblock_mid"": 2.7833691979293596, ""fall"": 0.0, ""timeout"": 1.2148230139323657}"
layout_path_conditioned,start_region=x_pos__y_neg|path_angle_bin=sector_7|path_len_bin=long|near_count_bin=0|medhigh_count_bin=0|pair_side_mode=same_side,True,7856,7230,626,0.07968431771894094,0.9534173258182163,collision_tblock_early,321,-3.814109318047897,3.156568228105906,"{""collision"": 406, ""fall"": 9, ""success"": 7230, ""timeout"": 211}","{""collision_rod_early"": 65, ""collision_rod_mid"": 7, ""collision_tblock_early"": 321, ""collision_tblock_late"": 2, ""collision_tblock_mid"": 11, ""fall"": 9, ""timeout"": 211}","{""collision_rod_early"": 0.740017057945547, ""collision_rod_late"": 0.0, ""collision_rod_mid"": 0.6279619585804882, ""collision_tblock_early"": 1.1266175283168256, ""collision_tblock_late"": 1.5184053707475296, ""collision_tblock_mid"": 2.1785816188986296, ""fall"": 0.9224312627291242, ""timeout"": 0.8290545713195971}"
layout_path_conditioned,start_region=x_neg__y_pos|path_angle_bin=sector_2|path_len_bin=medium|near_count_bin=0|medhigh_count_bin=0|pair_side_mode=opposite_side,True,556,512,44,0.07913669064748201,0.946865005951996,timeout,18,-3.293396971247081,3.052158273381295,"{""collision"": 26, ""success"": 512, ""timeout"": 18}","{""collision_rod_early"": 11, ""collision_rod_mid"": 1, ""collision_tblock_early"": 13, ""collision_tblock_mid"": 1, ""timeout"": 18}","{""collision_rod_early"": 1.769488491406264, ""collision_rod_late"": 0.0, ""collision_rod_mid"": 1.2675408907010057, ""collision_tblock_early"": 0.6446760064767294, ""collision_tblock_late"": 0.0, ""collision_tblock_mid"": 2.7983873770548775, ""fall"": 0.0, ""timeout"": 0.9993091208459338}"
layout_path_conditioned,start_region=x_mid__y_pos|path_angle_bin=sector_2|path_len_bin=long|near_count_bin=0|medhigh_count_bin=0|pair_side_mode=same_side,True,4808,4428,380,0.07903494176372712,0.9456475876263883,timeout,174,-3.7212310988751507,3.2510399334442597,"{""collision"": 197, ""fall"": 9, ""success"": 4428, ""timeout"": 174}","{""collision_rod_early"": 35, ""collision_rod_mid"": 3, ""collision_tblock_early"": 158, ""collision_tblock_late"": 1, ""fall"": 9, ""timeout"": 174}","{""collision_rod_early"": 0.6510786197769985, ""collision_rod_late"": 0.0, ""collision_rod_mid"": 0.4397375635793007, ""collision_tblock_early"": 0.9060779760810144, ""collision_tblock_late"": 1.2404942379983976, ""collision_tblock_mid"": 0.0, ""fall"": 1.5072004991680532, ""timeout"": 1.117086818117016}"
layout_path_conditioned,start_region=x_pos__y_pos|path_angle_bin=sector_1|path_len_bin=long|near_count_bin=0|medhigh_count_bin=0|pair_side_mode=same_side,True,7808,7192,616,0.07889344262295082,0.9439545602369797,collision_tblock_early,338,-3.9324248120587266,3.0470030737704916,"{""collision"": 413, ""fall"": 7, ""success"": 7192, ""timeout"": 196}","{""collision_rod_early"": 63, ""collision_rod_mid"": 6, ""collision_tblock_early"": 338, ""collision_tblock_late"": 1, ""collision_tblock_mid"": 5, ""fall"": 7, ""timeout"": 196}","{""collision_rod_early"": 0.7216566095028247, ""collision_rod_late"": 0.0, ""collision_rod_mid"": 0.5415620403917207, ""collision_tblock_early"": 1.1935753521551742, ""collision_tblock_late"": 0.7638699149969641, ""collision_tblock_mid"": 0.9963520630395185, ""fall"": 0.7218570696721313, ""timeout"": 0.7748513686340683}"
layout_path_conditioned,start_region=x_neg__y_pos|path_angle_bin=sector_2|path_len_bin=medium|near_count_bin=0|medhigh_count_bin=0|pair_side_mode=same_side,True,484,446,38,0.07851239669421488,0.9393953721710072,timeout,21,-2.8564200037073637,3.0578512396694215,"{""collision"": 17, ""success"": 446, ""timeout"": 21}","{""collision_rod_early"": 6, ""collision_rod_mid"": 1, ""collision_tblock_early"": 10, ""timeout"": 21}","{""collision_rod_early"": 1.1087553732778543, ""collision_rod_late"": 0.0, ""collision_rod_mid"": 1.4561006926234694, ""collision_tblock_early"": 0.5696755556278791, ""collision_tblock_late"": 0.0, ""collision_tblock_mid"": 0.0, ""fall"": 0.0, ""timeout"": 1.339294455348614}"
layout_path_conditioned,start_region=x_neg__y_mid|path_angle_bin=sector_4|path_len_bin=long|near_count_bin=0|medhigh_count_bin=0|pair_side_mode=opposite_side,True,5612,5172,440,0.07840342124019957,0.9380914884342653,timeout,246,-3.5088125786007245,3.2496436208125448,"{""collision"": 177, ""fall"": 17, ""success"": 5172, ""timeout"": 246}","{""collision_rod_early"": 67, ""collision_rod_late"": 2, ""collision_rod_mid"": 19, ""collision_tblock_early"": 85, ""collision_tblock_mid"": 4, ""fall"": 17, ""timeout"": 246}","{""collision_rod_early"": 1.0677928024665675, ""collision_rod_late"": 1.3664256864541966, ""collision_rod_mid"": 2.3860124678127983, ""collision_tblock_early"": 0.4176131924185842, ""collision_tblock_late"": 0.0, ""collision_tblock_mid"": 1.1089831658178988, ""fall"": 2.4390698503207413, ""timeout"": 1.3530678735331378}"
layout_path_conditioned,start_region=x_pos__y_mid|path_angle_bin=sector_0|path_len_bin=long|near_count_bin=0|medhigh_count_bin=0|pair_side_mode=center_involved,True,194,179,15,0.07731958762886598,0.9251234945688431,timeout,9,-3.653744331629134,3.3556701030927836,"{""collision"": 6, ""success"": 179, ""timeout"": 9}","{""collision_rod_early"": 2, ""collision_tblock_early"": 3, ""collision_tblock_mid"": 1, ""timeout"": 9}","{""collision_rod_early"": 0.9220577331039201, ""collision_rod_late"": 0.0, ""collision_rod_mid"": 0.0, ""collision_tblock_early"": 0.42637572514004146, ""collision_tblock_late"": 0.0, ""collision_tblock_mid"": 8.020120523930474, ""fall"": 0.0, ""timeout"": 1.4319996680163383}"
layout_path_conditioned,start_region=x_neg__y_pos|path_angle_bin=sector_3|path_len_bin=long|near_count_bin=0|medhigh_count_bin=0|pair_side_mode=same_side,True,7963,7350,613,0.07698103729750094,0.9210727633732344,timeout,258,-3.6863678388946974,3.1781991711666455,"{""collision"": 333, ""fall"": 22, ""success"": 7350, ""timeout"": 258}","{""collision_rod_early"": 70, ""collision_rod_late"": 2, ""collision_rod_mid"": 5, ""collision_tblock_early"": 253, ""collision_tblock_mid"": 3, ""fall"": 22, ""timeout"": 258}","{""collision_rod_early"": 0.7862328278005297, ""collision_rod_late"": 0.9630015009896963, ""collision_rod_mid"": 0.442517101111239, ""collision_tblock_early"": 0.8760255071925789, ""collision_tblock_late"": 0.0, ""collision_tblock_mid"": 0.5861748266893804, ""fall"": 2.2245334672861987, ""timeout"": 1.0001039164964873}"
layout_path_conditioned,start_region=x_mid__y_pos|path_angle_bin=sector_1|path_len_bin=medium|near_count_bin=1|medhigh_count_bin=0|pair_side_mode=same_side,True,118,109,9,0.07627118644067797,0.912579447184859,collision_rod_early,5,-2.766268669965956,3.0847457627118646,"{""collision"": 5, ""success"": 109, ""timeout"": 4}","{""collision_rod_early"": 5, ""timeout"": 4}","{""collision_rod_early"": 3.789813564028824, ""collision_rod_late"": 0.0, ""collision_rod_mid"": 0.0, ""collision_tblock_early"": 0.0, ""collision_tblock_late"": 0.0, ""collision_tblock_mid"": 0.0, ""fall"": 0.0, ""timeout"": 1.0463575728631624}"
layout_path_conditioned,start_region=x_neg__y_mid|path_angle_bin=sector_4|path_len_bin=medium|near_count_bin=0|medhigh_count_bin=0|pair_side_mode=opposite_side,True,4172,3854,318,0.07622243528283797,0.9119961429680581,timeout,210,-2.915516362172118,3.094439117929051,"{""collision"": 106, ""fall"": 2, ""success"": 3854, ""timeout"": 210}","{""collision_rod_early"": 49, ""collision_rod_late"": 1, ""collision_rod_mid"": 8, ""collision_tblock_early"": 45, ""collision_tblock_mid"": 3, ""fall"": 2, ""timeout"": 210}","{""collision_rod_early"": 1.0504651019757747, ""collision_rod_late"": 0.9190293567091266, ""collision_rod_mid"": 1.3513954654453677, ""collision_tblock_early"": 0.2974001342659446, ""collision_tblock_late"": 0.0, ""collision_tblock_mid"": 1.118818347298067, ""fall"": 0.38599232981783316, ""timeout"": 1.5537356576911052}"
layout_path_conditioned,start_region=x_pos__y_mid|path_angle_bin=sector_7|path_len_bin=medium|near_count_bin=1|medhigh_count_bin=0|pair_side_mode=opposite_side,True,172,159,13,0.0755813953488372,0.9043261446909391,timeout,9,-2.9668495040361793,3.063953488372093,"{""collision"": 4, ""success"": 159, ""timeout"": 9}","{""collision_rod_early"": 2, ""collision_rod_mid"": 1, ""collision_tblock_early"": 1, ""timeout"": 9}","{""collision_rod_early"": 1.0399953501288401, ""collision_rod_late"": 0.0, ""collision_rod_mid"": 4.097399623428833, ""collision_tblock_early"": 0.16030405169993808, ""collision_tblock_late"": 0.0, ""collision_tblock_mid"": 0.0, ""fall"": 0.0, ""timeout"": 1.615162416250986}"
layout_path_conditioned,start_region=x_pos__y_neg|path_angle_bin=sector_7|path_len_bin=long|near_count_bin=0|medhigh_count_bin=0|pair_side_mode=center_involved,True,559,517,42,0.07513416815742398,0.8989751024146613,timeout,19,-3.6288971967456725,3.2075134168157424,"{""collision"": 23, ""success"": 517, ""timeout"": 19}","{""collision_rod_early"": 8, ""collision_rod_late"": 1, ""collision_tblock_early"": 14, ""timeout"": 19}","{""collision_rod_early"": 1.2799942770816495, ""collision_rod_late"": 6.859016952040207, ""collision_rod_mid"": 0.0, ""collision_tblock_early"": 0.6905405303997333, ""collision_tblock_late"": 0.0, ""collision_tblock_mid"": 0.0, ""fall"": 0.0, ""timeout"": 1.0491653302143158}"
layout_path_conditioned,start_region=x_pos__y_neg|path_angle_bin=sector_6|path_len_bin=long|near_count_bin=0|medhigh_count_bin=0|pair_side_mode=center_involved,True,639,591,48,0.07511737089201878,0.8987741243009982,timeout,29,-3.895743904492217,3.3693270735524257,"{""collision"": 19, ""success"": 591, ""timeout"": 29}","{""collision_rod_early"": 8, ""collision_rod_mid"": 2, ""collision_tblock_early"": 9, ""timeout"": 29}","{""collision_rod_early"": 1.1197446023296433, ""collision_rod_late"": 0.0, ""collision_rod_mid"": 2.2057988583091057, ""collision_tblock_early"": 0.3883422097519627, ""collision_tblock_late"": 0.0, ""collision_tblock_mid"": 0.0, ""fall"": 0.0, ""timeout"": 1.4008746534967693}"
layout_path_conditioned,start_region=x_neg__y_mid|path_angle_bin=sector_4|path_len_bin=medium|near_count_bin=0|medhigh_count_bin=0|pair_side_mode=center_involved,True,323,299,24,0.07430340557275542,0.8890350858023808,timeout,15,-2.850972120760295,3.0464396284829722,"{""collision"": 9, ""success"": 299, ""timeout"": 15}","{""collision_rod_early"": 5, ""collision_rod_mid"": 1, ""collision_tblock_early"": 3, ""timeout"": 15}","{""collision_rod_early"": 1.3845139336080536, ""collision_rod_late"": 0.0, ""collision_rod_mid"": 2.18189701309523, ""collision_tblock_early"": 0.25608944482095375, ""collision_tblock_late"": 0.0, ""collision_tblock_mid"": 0.0, ""fall"": 0.0, ""timeout"": 1.4334774798512366}"
layout_path_conditioned,start_region=x_neg__y_neg|path_angle_bin=sector_5|path_len_bin=long|near_count_bin=0|medhigh_count_bin=0|pair_side_mode=same_side,True,7239,6703,536,0.07404337615692776,0.8859238519063094,timeout,248,-3.46551700874746,3.193673159276143,"{""collision"": 284, ""fall"": 4, ""success"": 6703, ""timeout"": 248}","{""collision_rod_early"": 72, ""collision_rod_late"": 3, ""collision_rod_mid"": 25, ""collision_tblock_early"": 175, ""collision_tblock_late"": 4, ""collision_tblock_mid"": 5, ""fall"": 4, ""timeout"": 248}","{""collision_rod_early"": 0.8895774565544659, ""collision_rod_late"": 1.5889724310776943, ""collision_rod_mid"": 2.4338746209067526, ""collision_tblock_early"": 0.6665495173598752, ""collision_tblock_late"": 3.295646523716699, ""collision_tblock_mid"": 1.074667344690228, ""fall"": 0.4449122807017544, ""timeout"": 1.0574874986969052}"
layout_path_conditioned,start_region=x_mid__y_pos|path_angle_bin=sector_1|path_len_bin=long|near_count_bin=1|medhigh_count_bin=0|pair_side_mode=same_side,True,190,176,14,0.07368421052631578,0.8816264600873608,timeout,8,-3.864794552186073,3.2578947368421054,"{""collision"": 6, ""success"": 176, ""timeout"": 8}","{""collision_rod_early"": 4, ""collision_tblock_early"": 2, ""timeout"": 8}","{""collision_rod_early"": 1.8829389497069526, ""collision_rod_late"": 0.0, ""collision_rod_mid"": 0.0, ""collision_tblock_early"": 0.2902347041304142, ""collision_tblock_late"": 0.0, ""collision_tblock_mid"": 0.0, ""fall"": 0.0, ""timeout"": 1.2996862483984544}"
layout_path_conditioned,start_region=x_pos__y_mid|path_angle_bin=sector_7|path_len_bin=long|near_count_bin=0|medhigh_count_bin=0|pair_side_mode=same_side,True,4868,4510,358,0.07354149548069022,0.8799188844808997,collision_tblock_early,158,-3.5220095145677868,3.081758422350041,"{""collision"": 210, ""success"": 4510, ""timeout"": 148}","{""collision_rod_early"": 48, ""collision_tblock_early"": 158, ""collision_tblock_late"": 1, ""collision_tblock_mid"": 3, ""timeout"": 148}","{""collision_rod_early"": 0.881902384004078, ""collision_rod_late"": 0.0, ""collision_rod_mid"": 0.0, ""collision_tblock_early"": 0.8949102113799337, ""collision_tblock_late"": 1.2252046623451718, ""collision_tblock_mid"": 0.9588558227049171, ""fall"": 0.0, ""timeout"": 0.9384546349877911}"
layout_path_conditioned,start_region=x_mid__y_neg|path_angle_bin=sector_5|path_len_bin=long|near_count_bin=0|medhigh_count_bin=0|pair_side_mode=center_involved,True,574,532,42,0.07317073170731707,0.8754827216895394,timeout,31,-3.3974945724864227,3.362369337979094,"{""collision"": 11, ""success"": 532, ""timeout"": 31}","{""collision_rod_early"": 3, ""collision_rod_mid"": 1, ""collision_tblock_early"": 6, ""collision_tblock_late"": 1, ""timeout"": 31}","{""collision_rod_early"": 0.4674543559812557, ""collision_rod_late"": 0.0, ""collision_rod_mid"": 1.2277922216546329, ""collision_tblock_early"": 0.2882121626382162, ""collision_tblock_late"": 10.39076009807717, ""collision_tblock_mid"": 0.0, ""fall"": 0.0, ""timeout"": 1.667062718437913}"
layout_path_conditioned,start_region=x_mid__y_pos|path_angle_bin=sector_2|path_len_bin=medium|near_count_bin=0|medhigh_count_bin=0|pair_side_mode=opposite_side,True,4266,3959,307,0.07196436943272386,0.8610486808803121,collision_tblock_early,130,-3.2239188265406664,3.017580872011252,"{""collision"": 202, ""fall"": 2, ""success"": 3959, ""timeout"": 103}","{""collision_rod_early"": 61, ""collision_rod_late"": 1, ""collision_rod_mid"": 6, ""collision_tblock_early"": 130, ""collision_tblock_mid"": 4, ""fall"": 2, ""timeout"": 103}","{""collision_rod_early"": 1.2789066119962251, ""collision_rod_late"": 0.8987788270488692, ""collision_rod_mid"": 0.9912134110123197, ""collision_tblock_early"": 0.8402247060503084, ""collision_tblock_late"": 0.0, ""collision_tblock_mid"": 1.4588873714416428, ""fall"": 0.3774871073605251, ""timeout"": 0.7452783603245944}"
layout_path_conditioned,start_region=x_pos__y_mid|path_angle_bin=sector_7|path_len_bin=medium|near_count_bin=0|medhigh_count_bin=0|pair_side_mode=opposite_side,True,4261,3956,305,0.07157944144567004,0.8564430442562537,timeout,129,-2.9812965368151274,2.930298052100446,"{""collision"": 173, ""fall"": 3, ""success"": 3956, ""timeout"": 129}","{""collision_rod_early"": 54, ""collision_rod_late"": 1, ""collision_rod_mid"": 6, ""collision_tblock_early"": 110, ""collision_tblock_mid"": 2, ""fall"": 3, ""timeout"": 129}","{""collision_rod_early"": 1.133475335836267, ""collision_rod_late"": 0.8998334842033504, ""collision_rod_mid"": 0.9923765340010692, ""collision_tblock_early"": 0.711793630171985, ""collision_tblock_late"": 0.0, ""collision_tblock_mid"": 0.7302996393534438, ""fall"": 0.5668950950481108, ""timeout"": 0.9345021693336693}"
layout_path_conditioned,start_region=x_mid__y_neg|path_angle_bin=sector_6|path_len_bin=long|near_count_bin=0|medhigh_count_bin=0|pair_side_mode=opposite_side,True,5068,4706,362,0.07142857142857142,0.8546378949826456,timeout,189,-3.3506701410359185,3.18646408839779,"{""collision"": 171, ""fall"": 2, ""success"": 4706, ""timeout"": 189}","{""collision_rod_early"": 57, ""collision_rod_late"": 3, ""collision_rod_mid"": 11, ""collision_tblock_early"": 98, ""collision_tblock_late"": 1, ""collision_tblock_mid"": 1, ""fall"": 2, ""timeout"": 189}","{""collision_rod_early"": 1.005930782622647, ""collision_rod_late"": 2.2696470853534785, ""collision_rod_mid"": 1.5296527402382305, ""collision_tblock_early"": 0.5331659620075289, ""collision_tblock_late"": 1.1768540442573592, ""collision_tblock_mid"": 0.30700540284974587, ""fall"": 0.31775059194948696, ""timeout"": 1.1511378546761173}"
layout_path_conditioned,start_region=x_neg__y_mid|path_angle_bin=sector_4|path_len_bin=medium|near_count_bin=1|medhigh_count_bin=0|pair_side_mode=opposite_side,True,238,221,17,0.07142857142857142,0.8546378949826456,timeout,9,-2.804340623184144,2.903361344537815,"{""collision"": 8, ""success"": 221, ""timeout"": 9}","{""collision_rod_early"": 6, ""collision_tblock_early"": 2, ""timeout"": 9}","{""collision_rod_early"": 2.2547798347331156, ""collision_rod_late"": 0.0, ""collision_rod_mid"": 0.0, ""collision_tblock_early"": 0.2316999738856248, ""collision_tblock_late"": 0.0, ""collision_tblock_mid"": 0.0, ""fall"": 0.0, ""timeout"": 1.1672602335931497}"
layout_path_conditioned,start_region=x_neg__y_mid|path_angle_bin=sector_3|path_len_bin=medium|near_count_bin=1|medhigh_count_bin=0|pair_side_mode=opposite_side,True,210,195,15,0.07142857142857142,0.8546378949826455,timeout,6,-3.0228678851063586,3.0714285714285716,"{""collision"": 9, ""success"": 195, ""timeout"": 6}","{""collision_rod_early"": 5, ""collision_tblock_early"": 4, ""timeout"": 6}","{""collision_rod_early"": 2.1295142883590534, ""collision_rod_late"": 0.0, ""collision_rod_mid"": 0.0, ""collision_tblock_early"": 0.5251866074740829, ""collision_tblock_late"": 0.0, ""collision_tblock_mid"": 0.0, ""fall"": 0.0, ""timeout"": 0.8819299542703798}"
layout_path_conditioned,start_region=x_mid__y_pos|path_angle_bin=sector_2|path_len_bin=long|near_count_bin=1|medhigh_count_bin=0|pair_side_mode=opposite_side,True,197,183,14,0.07106598984771574,0.8502996315563379,timeout,8,-3.492827576829466,3.2233502538071064,"{""collision"": 6, ""success"": 183, ""timeout"": 8}","{""collision_rod_early"": 2, ""collision_tblock_early"": 4, ""timeout"": 8}","{""collision_rod_early"": 0.9080162447825407, ""collision_rod_late"": 0.0, ""collision_rod_mid"": 0.0, ""collision_tblock_early"": 0.5598435917236416, ""collision_tblock_late"": 0.0, ""collision_tblock_mid"": 0.0, ""fall"": 0.0, ""timeout"": 1.2535045035315042}"
layout_path_conditioned,start_region=x_mid__y_pos|path_angle_bin=sector_1|path_len_bin=long|near_count_bin=0|medhigh_count_bin=0|pair_side_mode=center_involved,True,198,184,14,0.0707070707070707,0.8460051889727199,timeout,8,-3.8036900647412706,3.323232323232323,"{""collision"": 6, ""success"": 184, ""timeout"": 8}","{""collision_rod_early"": 1, ""collision_tblock_early"": 5, ""timeout"": 8}","{""collision_rod_early"": 0.4517151520761629, ""collision_rod_late"": 0.0, ""collision_rod_mid"": 0.0, ""collision_tblock_early"": 0.6962701235451856, ""collision_tblock_late"": 0.0, ""collision_tblock_mid"": 0.0, ""fall"": 0.0, ""timeout"": 1.2471736727055875}"
layout_path_conditioned,start_region=x_mid__y_pos|path_angle_bin=sector_1|path_len_bin=long|near_count_bin=0|medhigh_count_bin=0|pair_side_mode=same_side,True,4936,4590,346,0.07009724473257699,0.8387086635526613,timeout,173,-3.7281390313954,3.2019854132901133,"{""collision"": 167, ""fall"": 6, ""success"": 4590, ""timeout"": 173}","{""collision_rod_early"": 24, ""collision_rod_late"": 1, ""collision_rod_mid"": 6, ""collision_tblock_early"": 134, ""collision_tblock_late"": 1, ""collision_tblock_mid"": 1, ""fall"": 6, ""timeout"": 173}","{""collision_rod_early"": 0.4348764997297257, ""collision_rod_late"": 0.776780890638265, ""collision_rod_mid"": 0.8566686408789619, ""collision_tblock_early"": 0.7485185947285602, ""collision_tblock_late"": 1.2083258298817456, ""collision_tblock_mid"": 0.3152154338821945, ""fall"": 0.9787439222042139, ""timeout"": 1.0818650472259217}"
layout_path_conditioned,start_region=x_pos__y_neg|path_angle_bin=sector_6|path_len_bin=long|near_count_bin=0|medhigh_count_bin=0|pair_side_mode=same_side,True,8043,7482,561,0.06975009324878777,0.8345550201658211,collision_tblock_early,283,-3.569769949835245,3.132786273778441,"{""collision"": 342, ""fall"": 16, ""success"": 7482, ""timeout"": 203}","{""collision_rod_early"": 46, ""collision_rod_late"": 3, ""collision_rod_mid"": 4, ""collision_tblock_early"": 283, ""collision_tblock_mid"": 6, ""fall"": 16, ""timeout"": 203}","{""collision_rod_early"": 0.5115282363682322, ""collision_rod_late"": 1.430134455871121, ""collision_rod_mid"": 0.35049247058548266, ""collision_tblock_early"": 0.9701554172008189, ""collision_tblock_late"": 0.0, ""collision_tblock_mid"": 1.1606888337504753, ""fall"": 1.6017505905756557, ""timeout"": 0.7790765044250961}"
layout_path_conditioned,start_region=x_neg__y_neg|path_angle_bin=sector_4|path_len_bin=long|near_count_bin=0|medhigh_count_bin=0|pair_side_mode=same_side,True,7205,6704,501,0.0695350451075642,0.8319819840955277,timeout,242,-3.5437991243981966,3.196391394864677,"{""collision"": 248, ""fall"": 11, ""success"": 6704, ""timeout"": 242}","{""collision_rod_early"": 59, ""collision_rod_late"": 2, ""collision_rod_mid"": 18, ""collision_tblock_early"": 164, ""collision_tblock_late"": 1, ""collision_tblock_mid"": 4, ""fall"": 11, ""timeout"": 242}","{""collision_rod_early"": 0.7323992236715802, ""collision_rod_late"": 1.064313803245101, ""collision_rod_mid"": 1.7606591581034932, ""collision_tblock_early"": 0.6275998182306528, ""collision_tblock_late"": 0.8277996247461896, ""collision_tblock_mid"": 0.8637909127786326, ""fall"": 1.2292824427480917, ""timeout"": 1.0367726179972405}"
layout_path_conditioned,start_region=x_pos__y_mid|path_angle_bin=sector_0|path_len_bin=medium|near_count_bin=0|medhigh_count_bin=0|pair_side_mode=opposite_side,True,4491,4179,312,0.06947227788911156,0.8312309786871958,timeout,179,-2.7770010267334397,2.935203740814963,"{""collision"": 130, ""fall"": 3, ""success"": 4179, ""timeout"": 179}","{""collision_rod_early"": 41, ""collision_rod_late"": 2, ""collision_rod_mid"": 4, ""collision_tblock_early"": 80, ""collision_tblock_mid"": 3, ""fall"": 3, ""timeout"": 179}","{""collision_rod_early"": 0.8165271887228436, ""collision_rod_late"": 1.707499655395447, ""collision_rod_mid"": 0.6277022803204269, ""collision_tblock_early"": 0.491156479935682, ""collision_tblock_late"": 0.0, ""collision_tblock_mid"": 1.0393476163276634, ""fall"": 0.5378623914495657, ""timeout"": 1.2303030869525562}"
layout_path_conditioned,start_region=x_mid__y_neg|path_angle_bin=sector_5|path_len_bin=long|near_count_bin=0|medhigh_count_bin=0|pair_side_mode=opposite_side,True,5500,5119,381,0.06927272727272728,0.8288433694249876,timeout,231,-3.1935138587737084,3.2538181818181817,"{""collision"": 148, ""fall"": 2, ""success"": 5119, ""timeout"": 231}","{""collision_rod_early"": 55, ""collision_rod_late"": 3, ""collision_rod_mid"": 12, ""collision_tblock_early"": 69, ""collision_tblock_late"": 2, ""collision_tblock_mid"": 7, ""fall"": 2, ""timeout"": 231}","{""collision_rod_early"": 0.8943960011108025, ""collision_rod_late"": 2.091376623376623, ""collision_rod_mid"": 1.5376423314103838, ""collision_tblock_early"": 0.3459069973772482, ""collision_tblock_late"": 2.1688350168350166, ""collision_tblock_mid"": 1.9802406675450153, ""fall"": 0.29279272727272726, ""timeout"": 1.2964370327774581}"
layout_path_conditioned,start_region=x_pos__y_mid|path_angle_bin=sector_0|path_len_bin=medium|near_count_bin=0|medhigh_count_bin=0|pair_side_mode=same_side,True,3634,3384,250,0.06879471656576774,0.8231240045237369,timeout,125,-2.8031982590693,2.9430379746835444,"{""collision"": 123, ""fall"": 2, ""success"": 3384, ""timeout"": 125}","{""collision_rod_early"": 38, ""collision_rod_mid"": 7, ""collision_tblock_early"": 71, ""collision_tblock_late"": 3, ""collision_tblock_mid"": 4, ""fall"": 2, ""timeout"": 125}","{""collision_rod_early"": 0.9352517347884011, ""collision_rod_late"": 0.0, ""collision_rod_mid"": 1.3575314107342638, ""collision_tblock_early"": 0.5386992513372713, ""collision_tblock_late"": 4.923744878615544, ""collision_tblock_mid"": 1.7126069143010587, ""fall"": 0.443137039075399, ""timeout"": 1.0617621216105975}"
layout_path_conditioned,start_region=x_pos__y_mid|path_angle_bin=sector_0|path_len_bin=long|near_count_bin=0|medhigh_count_bin=0|pair_side_mode=same_side,True,5015,4673,342,0.06819541375872383,0.815953388071168,timeout,155,-3.4232573474217833,3.1098703888334995,"{""collision"": 185, ""fall"": 2, ""success"": 4673, ""timeout"": 155}","{""collision_rod_early"": 30, ""collision_rod_late"": 1, ""collision_rod_mid"": 7, ""collision_tblock_early"": 144, ""collision_tblock_late"": 2, ""collision_tblock_mid"": 1, ""fall"": 2, ""timeout"": 155}","{""collision_rod_early"": 0.5350325031570105, ""collision_rod_late"": 0.7645444618525375, ""collision_rod_mid"": 0.9837027211581885, ""collision_tblock_early"": 0.7917070294125756, ""collision_tblock_late"": 2.3785827702078945, ""collision_tblock_mid"": 0.31024992654885586, ""fall"": 0.3211086739780658, ""timeout"": 0.9540319046693541}"
layout_path_conditioned,start_region=x_neg__y_mid|path_angle_bin=sector_3|path_len_bin=long|near_count_bin=0|medhigh_count_bin=0|pair_side_mode=opposite_side,True,5039,4696,343,0.06806906132169081,0.8144415899398024,timeout,191,-3.536715481947312,3.2736654098035323,"{""collision"": 128, ""fall"": 24, ""success"": 4696, ""timeout"": 191}","{""collision_rod_early"": 67, ""collision_rod_late"": 1, ""collision_rod_mid"": 3, ""collision_tblock_early"": 55, ""collision_tblock_late"": 1, ""collision_tblock_mid"": 1, ""fall"": 24, ""timeout"": 191}","{""collision_rod_early"": 1.1892147663112478, ""collision_rod_late"": 0.7609030514368874, ""collision_rod_mid"": 0.4195789255188088, ""collision_tblock_early"": 0.30094787241147336, ""collision_tblock_late"": 1.1836269689018248, ""collision_tblock_mid"": 0.3087722527569978, ""fall"": 3.8349513792419128, ""timeout"": 1.1700142378046217}"
layout_path_conditioned,start_region=x_pos__y_mid|path_angle_bin=sector_7|path_len_bin=medium|near_count_bin=0|medhigh_count_bin=0|pair_side_mode=center_involved,True,221,206,15,0.06787330316742081,0.8120993572233284,timeout,6,-2.715606107705811,2.8868778280542986,"{""collision"": 9, ""success"": 206, ""timeout"": 6}","{""collision_rod_early"": 2, ""collision_rod_mid"": 1, ""collision_tblock_early"": 5, ""collision_tblock_mid"": 1, ""timeout"": 6}","{""collision_rod_early"": 0.8094081458016312, ""collision_rod_late"": 0.0, ""collision_rod_mid"": 3.1889264037545666, ""collision_tblock_early"": 0.623807621999759, ""collision_tblock_late"": 0.0, ""collision_tblock_mid"": 7.040286794762498, ""fall"": 0.0, ""timeout"": 0.8380329882207228}"
layout_path_conditioned,start_region=x_mid__y_neg|path_angle_bin=sector_5|path_len_bin=medium|near_count_bin=0|medhigh_count_bin=0|pair_side_mode=opposite_side,True,4239,3955,284,0.06699693323897146,0.8016136519110637,timeout,164,-2.649384990635915,2.978768577494692,"{""collision"": 120, ""success"": 3955, ""timeout"": 164}","{""collision_rod_early"": 60, ""collision_rod_late"": 3, ""collision_rod_mid"": 10, ""collision_tblock_early"": 40, ""collision_tblock_mid"": 7, ""timeout"": 164}","{""collision_rod_early"": 1.2659532924427495, ""collision_rod_late"": 2.713510598860917, ""collision_rod_mid"": 1.6625447870482644, ""collision_tblock_early"": 0.2601773710062689, ""collision_tblock_late"": 0.0, ""collision_tblock_mid"": 2.569314383462511, ""fall"": 0.0, ""timeout"": 1.19421513034017}"
layout_path_conditioned,start_region=x_neg__y_mid|path_angle_bin=sector_3|path_len_bin=long|near_count_bin=0|medhigh_count_bin=0|pair_side_mode=center_involved,True,513,479,34,0.06627680311890838,0.7929973450521235,timeout,22,-3.565180557698219,3.331384015594542,"{""collision"": 9, ""fall"": 3, ""success"": 479, ""timeout"": 22}","{""collision_rod_early"": 7, ""collision_rod_late"": 1, ""collision_tblock_early"": 1, ""fall"": 3, ""timeout"": 22}","{""collision_rod_early"": 1.2204233933285804, ""collision_rod_late"": 7.474055509143228, ""collision_rod_mid"": 0.0, ""collision_tblock_early"": 0.05374716743155819, ""collision_tblock_late"": 0.0, ""collision_tblock_mid"": 0.0, ""fall"": 4.708654970760234, ""timeout"": 1.323754512257685}"
layout_path_conditioned,start_region=x_mid__y_pos|path_angle_bin=sector_2|path_len_bin=long|near_count_bin=0|medhigh_count_bin=0|pair_side_mode=center_involved,True,366,342,24,0.06557377049180328,0.7845856085086583,timeout,11,-3.695388024828195,3.26775956284153,"{""collision"": 12, ""fall"": 1, ""success"": 342, ""timeout"": 11}","{""collision_rod_early"": 6, ""collision_rod_mid"": 1, ""collision_tblock_early"": 4, ""collision_tblock_mid"": 1, ""fall"": 1, ""timeout"": 11}","{""collision_rod_early"": 1.4662229526406598, ""collision_rod_late"": 0.0, ""collision_rod_mid"": 1.9255539213927848, ""collision_tblock_early"": 0.3013365780589, ""collision_tblock_late"": 0.0, ""collision_tblock_mid"": 4.2511021356352785, ""fall"": 2.199945355191257, ""timeout"": 0.9277132032625579}"
layout_path_conditioned,start_region=x_pos__y_mid|path_angle_bin=sector_0|path_len_bin=long|near_count_bin=1|medhigh_count_bin=0|pair_side_mode=opposite_side,True,168,157,11,0.06547619047619048,0.7834180704007586,collision_tblock_early,5,-3.5584991947487916,3.1845238095238093,"{""collision"": 7, ""success"": 157, ""timeout"": 4}","{""collision_rod_early"": 2, ""collision_tblock_early"": 5, ""timeout"": 4}","{""collision_rod_early"": 1.064757144179527, ""collision_rod_late"": 0.0, ""collision_rod_mid"": 0.0, ""collision_tblock_early"": 0.8206040741782544, ""collision_tblock_late"": 0.0, ""collision_tblock_mid"": 0.0, ""fall"": 0.0, ""timeout"": 0.7349416285586498}"
layout_path_conditioned,start_region=x_pos__y_neg|path_angle_bin=sector_6|path_len_bin=medium|near_count_bin=0|medhigh_count_bin=0|pair_side_mode=same_side,True,513,480,33,0.06432748538011696,0.7696738937270611,timeout,23,-2.721872644221123,3.042884990253411,"{""collision"": 10, ""success"": 480, ""timeout"": 23}","{""collision_rod_early"": 4, ""collision_tblock_early"": 6, ""timeout"": 23}","{""collision_rod_early"": 0.6973847961877603, ""collision_rod_late"": 0.0, ""collision_rod_mid"": 0.0, ""collision_tblock_early"": 0.3224830045893491, ""collision_tblock_late"": 0.0, ""collision_tblock_mid"": 0.0, ""fall"": 0.0, ""timeout"": 1.3839251719057617}"
layout_path_conditioned,start_region=x_neg__y_mid|path_angle_bin=sector_3|path_len_bin=medium|near_count_bin=0|medhigh_count_bin=0|pair_side_mode=opposite_side,True,3649,3417,232,0.0635790627569197,0.7607190690336073,timeout,162,-2.9096071154837406,3.1893669498492736,"{""collision"": 66, ""fall"": 4, ""success"": 3417, ""timeout"": 162}","{""collision_rod_early"": 43, ""collision_rod_mid"": 2, ""collision_tblock_early"": 18, ""collision_tblock_late"": 3, ""fall"": 4, ""timeout"": 162}","{""collision_rod_early"": 1.053960757680584, ""collision_rod_late"": 0.0, ""collision_rod_mid"": 0.38627171018348, ""collision_tblock_early"": 0.13601023405398968, ""collision_tblock_late"": 4.903504765384732, ""collision_tblock_mid"": 0.0, ""fall"": 0.8826308577692519, ""timeout"": 1.3703871857256928}"
layout_path_conditioned,start_region=x_mid__y_pos|path_angle_bin=sector_2|path_len_bin=medium|near_count_bin=0|medhigh_count_bin=0|pair_side_mode=same_side,True,3603,3375,228,0.06328059950041633,0.7571479769038594,timeout,133,-2.9621209147313454,3.0788232028864835,"{""collision"": 95, ""success"": 3375, ""timeout"": 133}","{""collision_rod_early"": 33, ""collision_rod_late"": 1, ""collision_rod_mid"": 4, ""collision_tblock_early"": 50, ""collision_tblock_late"": 1, ""collision_tblock_mid"": 6, ""timeout"": 133}","{""collision_rod_early"": 0.819180350725964, ""collision_rod_late"": 1.0641661049654387, ""collision_rod_mid"": 0.7824065892087253, ""collision_tblock_early"": 0.38262970985830347, ""collision_tblock_late"": 1.6553694966129047, ""collision_tblock_mid"": 2.5910131251332422, ""fall"": 0.0, ""timeout"": 1.1394348978985895}"
layout_path_conditioned,start_region=x_pos__y_neg|path_angle_bin=sector_7|path_len_bin=medium|near_count_bin=0|medhigh_count_bin=0|pair_side_mode=same_side,True,491,460,31,0.06313645621181263,0.7554233124693855,collision_rod_early,12,-2.7084354340804477,2.8676171079429733,"{""collision"": 20, ""success"": 460, ""timeout"": 11}","{""collision_rod_early"": 12, ""collision_rod_mid"": 1, ""collision_tblock_early"": 7, ""timeout"": 11}","{""collision_rod_early"": 2.185896540393, ""collision_rod_late"": 0.0, ""collision_rod_mid"": 1.4353416196125444, ""collision_tblock_early"": 0.39308773573671174, ""collision_tblock_late"": 0.0, ""collision_tblock_mid"": 0.0, ""fall"": 0.0, ""timeout"": 0.6915336708637397}"
layout_path_conditioned,start_region=x_pos__y_neg|path_angle_bin=sector_6|path_len_bin=medium|near_count_bin=0|medhigh_count_bin=0|pair_side_mode=opposite_side,True,524,491,33,0.06297709923664122,0.7535166173320272,collision_tblock_early,13,-2.6330322227902268,2.868320610687023,"{""collision"": 22, ""fall"": 1, ""success"": 491, ""timeout"": 10}","{""collision_rod_early"": 8, ""collision_rod_mid"": 1, ""collision_tblock_early"": 13, ""fall"": 1, ""timeout"": 10}","{""collision_rod_early"": 1.3654900780317596, ""collision_rod_late"": 0.0, ""collision_rod_mid"": 1.3449479679957237, ""collision_tblock_early"": 0.684045533589812, ""collision_tblock_late"": 0.0, ""collision_tblock_mid"": 0.0, ""fall"": 1.5366030534351145, ""timeout"": 0.5890753511347957}"
layout_path_conditioned,start_region=x_neg__y_pos|path_angle_bin=sector_3|path_len_bin=medium|near_count_bin=0|medhigh_count_bin=0|pair_side_mode=opposite_side,True,559,524,35,0.0626118067978533,0.7491459186788845,timeout,17,-3.086673033963373,3.103756708407871,"{""collision"": 18, ""success"": 524, ""timeout"": 17}","{""collision_rod_early"": 8, ""collision_rod_mid"": 1, ""collision_tblock_early"": 9, ""timeout"": 17}","{""collision_rod_early"": 1.2799942770816495, ""collision_rod_late"": 0.0, ""collision_rod_mid"": 1.2607383456704102, ""collision_tblock_early"": 0.44391891239982856, ""collision_tblock_late"": 0.0, ""collision_tblock_mid"": 0.0, ""fall"": 0.0, ""timeout"": 0.9387268744022826}"
layout_path_conditioned,start_region=x_mid__y_neg|path_angle_bin=sector_5|path_len_bin=medium|near_count_bin=0|medhigh_count_bin=0|pair_side_mode=center_involved,True,356,334,22,0.06179775280898876,0.7394058192546485,timeout,15,-2.6864224948562203,3.0646067415730336,"{""collision"": 7, ""success"": 334, ""timeout"": 15}","{""collision_rod_early"": 4, ""collision_rod_mid"": 2, ""collision_tblock_early"": 1, ""timeout"": 15}","{""collision_rod_early"": 1.0049393270907894, ""collision_rod_late"": 0.0, ""collision_rod_mid"": 3.95928502938067, ""collision_tblock_early"": 0.077450272169633, ""collision_tblock_late"": 0.0, ""collision_tblock_mid"": 0.0, ""fall"": 0.0, ""timeout"": 1.3005989494155883}"
layout_path_conditioned,start_region=x_pos__y_mid|path_angle_bin=sector_7|path_len_bin=medium|near_count_bin=0|medhigh_count_bin=0|pair_side_mode=same_side,True,3555,3336,219,0.06160337552742616,0.7370801085841889,timeout,108,-2.721056146351814,2.8787623066104078,"{""collision"": 110, ""fall"": 1, ""success"": 3336, ""timeout"": 108}","{""collision_rod_early"": 41, ""collision_rod_late"": 1, ""collision_rod_mid"": 4, ""collision_tblock_early"": 62, ""collision_tblock_mid"": 2, ""fall"": 1, ""timeout"": 108}","{""collision_rod_early"": 1.031511562462529, ""collision_rod_late"": 1.078534592458643, ""collision_rod_mid"": 0.7929707288098556, ""collision_tblock_early"": 0.4808670625395611, ""collision_tblock_late"": 0.0, ""collision_tblock_mid"": 0.8753324228649856, ""fall"": 0.22649226441631504, ""timeout"": 0.9377483058064797}"
layout_path_conditioned,start_region=x_neg__y_neg|path_angle_bin=sector_4|path_len_bin=medium|near_count_bin=0|medhigh_count_bin=0|pair_side_mode=same_side,True,456,428,28,0.06140350877192982,0.7346887167394673,timeout,17,-2.788002281840992,2.9802631578947367,"{""collision"": 11, ""success"": 428, ""timeout"": 17}","{""collision_rod_early"": 7, ""collision_tblock_early"": 4, ""timeout"": 17}","{""collision_rod_early"": 1.372976317494653, ""collision_rod_late"": 0.0, ""collision_rod_mid"": 0.0, ""collision_tblock_early"": 0.24186225344201187, ""collision_tblock_late"": 0.0, ""collision_tblock_mid"": 0.0, ""fall"": 0.0, ""timeout"": 1.150763865769465}"
layout_path_conditioned,start_region=x_pos__y_mid|path_angle_bin=sector_0|path_len_bin=long|near_count_bin=1|medhigh_count_bin=0|pair_side_mode=same_side,True,213,200,13,0.06103286384976526,0.7302539759945611,timeout,6,-3.467537953418899,3.2816901408450705,"{""collision"": 7, ""success"": 200, ""timeout"": 6}","{""collision_rod_early"": 1, ""collision_rod_mid"": 1, ""collision_tblock_early"": 5, ""timeout"": 6}","{""collision_rod_early"": 0.41990422587361625, ""collision_rod_late"": 0.0, ""collision_rod_mid"": 3.308698287463659, ""collision_tblock_early"": 0.6472370162532711, ""collision_tblock_late"": 0.0, ""collision_tblock_mid"": 0.0, ""fall"": 0.0, ""timeout"": 0.8695084056186844}"
layout_path_conditioned,start_region=x_pos__y_pos|path_angle_bin=sector_0|path_len_bin=medium|near_count_bin=0|medhigh_count_bin=0|pair_side_mode=same_side,True,499,469,30,0.06012024048096192,0.7193345007869962,timeout,13,-2.9049154912778157,2.881763527054108,"{""collision"": 17, ""success"": 469, ""timeout"": 13}","{""collision_rod_early"": 7, ""collision_rod_late"": 1, ""collision_tblock_early"": 8, ""collision_tblock_late"": 1, ""timeout"": 13}","{""collision_rod_early"": 1.2546637290131497, ""collision_rod_late"": 7.683748449279511, ""collision_rod_mid"": 0.0, ""collision_tblock_early"": 0.4420408319421138, ""collision_tblock_late"": 11.952497587768127, ""collision_tblock_mid"": 0.0, ""fall"": 0.0, ""timeout"": 0.8041645875611679}"
layout_path_conditioned,start_region=x_neg__y_neg|path_angle_bin=sector_4|path_len_bin=long|near_count_bin=0|medhigh_count_bin=0|pair_side_mode=center_involved,True,1084,1019,65,0.05996309963099631,0.7174543214337709,timeout,37,-3.4138200307161015,3.2167896678966788,"{""collision"": 28, ""success"": 1019, ""timeout"": 37}","{""collision_rod_early"": 12, ""collision_rod_mid"": 1, ""collision_tblock_early"": 15, ""timeout"": 37}","{""collision_rod_early"": 0.9901062742924013, ""collision_rod_late"": 0.0, ""collision_rod_mid"": 0.6501408996584495, ""collision_tblock_early"": 0.3815354736031737, ""collision_tblock_late"": 0.0, ""collision_tblock_mid"": 0.0, ""fall"": 0.0, ""timeout"": 1.053597131715998}"
layout_path_conditioned,start_region=x_neg__y_mid|path_angle_bin=sector_4|path_len_bin=medium|near_count_bin=0|medhigh_count_bin=0|pair_side_mode=same_side,True,3536,3327,209,0.05910633484162896,0.7072031902486485,timeout,137,-2.8240797783788656,3.054864253393665,"{""collision"": 70, ""fall"": 2, ""success"": 3327, ""timeout"": 137}","{""collision_rod_early"": 27, ""collision_rod_late"": 2, ""collision_rod_mid"": 2, ""collision_tblock_early"": 35, ""collision_tblock_mid"": 4, ""fall"": 2, ""timeout"": 137}","{""collision_rod_early"": 0.6829381230201264, ""collision_rod_late"": 2.168659771600948, ""collision_rod_mid"": 0.3986158004693208, ""collision_tblock_early"": 0.2729158346248946, ""collision_tblock_late"": 0.0, ""collision_tblock_mid"": 1.7600716986906244, ""fall"": 0.4554185520361991, ""timeout"": 1.1959429102733232}"
layout_path_conditioned,start_region=x_mid__y_neg|path_angle_bin=sector_6|path_len_bin=medium|near_count_bin=1|medhigh_count_bin=0|pair_side_mode=same_side,True,254,239,15,0.05905511811023622,0.7065903856155732,timeout,8,-2.5447565623055524,3.015748031496063,"{""collision"": 6, ""fall"": 1, ""success"": 239, ""timeout"": 8}","{""collision_rod_early"": 3, ""collision_tblock_early"": 3, ""fall"": 1, ""timeout"": 8}","{""collision_rod_early"": 1.0563732296584283, ""collision_rod_late"": 0.0, ""collision_rod_mid"": 0.0, ""collision_tblock_early"": 0.3256570499101104, ""collision_tblock_late"": 0.0, ""collision_tblock_mid"": 0.0, ""fall"": 3.1700000000000004, ""timeout"": 0.9722062488019935}"
layout_path_conditioned,start_region=x_neg__y_mid|path_angle_bin=sector_4|path_len_bin=medium|near_count_bin=1|medhigh_count_bin=0|pair_side_mode=same_side,True,239,225,14,0.058577405857740586,0.7008745917012492,timeout,8,-2.7346565439531205,3.00836820083682,"{""collision"": 6, ""success"": 225, ""timeout"": 8}","{""collision_rod_early"": 3, ""collision_tblock_early"": 2, ""collision_tblock_mid"": 1, ""timeout"": 8}","{""collision_rod_early"": 1.1226728047415933, ""collision_rod_late"": 0.0, ""collision_rod_mid"": 0.0, ""collision_tblock_early"": 0.23073051792794436, ""collision_tblock_late"": 0.0, ""collision_tblock_mid"": 6.510055990136034, ""fall"": 0.0, ""timeout"": 1.0332233773878927}"
layout_path_conditioned,start_region=x_neg__y_mid|path_angle_bin=sector_4|path_len_bin=long|near_count_bin=0|medhigh_count_bin=0|pair_side_mode=center_involved,True,479,451,28,0.05845511482254697,0.6994113879607455,timeout,14,-3.5103550307329368,3.1106471816283925,"{""collision"": 13, ""fall"": 1, ""success"": 451, ""timeout"": 14}","{""collision_rod_early"": 3, ""collision_rod_late"": 1, ""collision_rod_mid"": 2, ""collision_tblock_early"": 6, ""collision_tblock_mid"": 1, ""fall"": 1, ""timeout"": 14}","{""collision_rod_early"": 0.5601645100902729, ""collision_rod_late"": 8.004573019186797, ""collision_rod_mid"": 2.942600147097116, ""collision_tblock_early"": 0.3453732387355659, ""collision_tblock_late"": 0.0, ""collision_tblock_mid"": 3.248232529525077, ""fall"": 1.6809603340292274, ""timeout"": 0.9021830429905764}"
layout_path_conditioned,start_region=x_mid__y_neg|path_angle_bin=sector_5|path_len_bin=long|near_count_bin=0|medhigh_count_bin=0|pair_side_mode=same_side,True,4720,4445,275,0.05826271186440678,0.6971092999328784,timeout,171,-3.1015497595709784,3.13114406779661,"{""collision"": 101, ""fall"": 3, ""success"": 4445, ""timeout"": 171}","{""collision_rod_early"": 33, ""collision_rod_mid"": 4, ""collision_tblock_early"": 61, ""collision_tblock_late"": 1, ""collision_tblock_mid"": 2, ""fall"": 3, ""timeout"": 171}","{""collision_rod_early"": 0.625319238064756, ""collision_rod_late"": 0.0, ""collision_rod_mid"": 0.5972480807031858, ""collision_tblock_early"": 0.35633688780418443, ""collision_tblock_late"": 1.2636220966729441, ""collision_tblock_mid"": 0.6592810939163187, ""fall"": 0.5117669491525424, ""timeout"": 1.1182946559975049}"
layout_path_conditioned,start_region=x_mid__y_pos|path_angle_bin=sector_1|path_len_bin=medium|near_count_bin=0|medhigh_count_bin=0|pair_side_mode=opposite_side,True,4547,4290,257,0.056520782933802506,0.6762672412904243,timeout,112,-2.8927954980431134,2.928524301737409,"{""collision"": 144, ""fall"": 1, ""success"": 4290, ""timeout"": 112}","{""collision_rod_early"": 40, ""collision_rod_late"": 1, ""collision_rod_mid"": 5, ""collision_tblock_early"": 96, ""collision_tblock_late"": 1, ""collision_tblock_mid"": 1, ""fall"": 1, ""timeout"": 112}","{""collision_rod_early"": 0.7868009686481658, ""collision_rod_late"": 0.8432352047922753, ""collision_rod_mid"": 0.7749645208156578, ""collision_tblock_early"": 0.582128986511849, ""collision_tblock_late"": 1.3116992074546505, ""collision_tblock_mid"": 0.3421824019446914, ""fall"": 0.17707939300637782, ""timeout"": 0.7603178844820516}"
layout_path_conditioned,start_region=x_neg__y_mid|path_angle_bin=sector_3|path_len_bin=medium|near_count_bin=1|medhigh_count_bin=0|pair_side_mode=same_side,True,251,237,14,0.055776892430278883,0.6673666430940182,timeout,10,-2.948380937858594,3.0756972111553784,"{""collision"": 4, ""success"": 237, ""timeout"": 10}","{""collision_rod_early"": 4, ""timeout"": 10}","{""collision_rod_early"": 1.425332272686538, ""collision_rod_late"": 0.0, ""collision_rod_mid"": 0.0, ""collision_tblock_early"": 0.0, ""collision_tblock_late"": 0.0, ""collision_tblock_mid"": 0.0, ""fall"": 0.0, ""timeout"": 1.2297828047594939}"
layout_path_conditioned,start_region=x_neg__y_mid|path_angle_bin=sector_3|path_len_bin=long|near_count_bin=0|medhigh_count_bin=0|pair_side_mode=same_side,True,5180,4892,288,0.055598455598455596,0.6652316587973026,timeout,210,-3.201447719409836,3.2521235521235523,"{""collision"": 74, ""fall"": 4, ""success"": 4892, ""timeout"": 210}","{""collision_rod_early"": 25, ""collision_rod_late"": 1, ""collision_rod_mid"": 2, ""collision_tblock_early"": 43, ""collision_tblock_late"": 1, ""collision_tblock_mid"": 2, ""fall"": 4, ""timeout"": 210}","{""collision_rod_early"": 0.4316583016944027, ""collision_rod_late"": 0.740191211619783, ""collision_rod_mid"": 0.27210530317751325, ""collision_tblock_early"": 0.22888200123025906, ""collision_tblock_late"": 1.1514085514085513, ""collision_tblock_mid"": 0.6007348963870702, ""fall"": 0.6217606177606178, ""timeout"": 1.2513870972755388}"
layout_path_conditioned,start_region=x_pos__y_pos|path_angle_bin=sector_0|path_len_bin=medium|near_count_bin=0|medhigh_count_bin=0|pair_side_mode=opposite_side,True,614,580,34,0.05537459283387622,0.662553156370911,timeout,16,-2.6347656902544294,2.788273615635179,"{""collision"": 17, ""fall"": 1, ""success"": 580, ""timeout"": 16}","{""collision_rod_early"": 3, ""collision_rod_mid"": 1, ""collision_tblock_early"": 12, ""collision_tblock_mid"": 1, ""fall"": 1, ""timeout"": 16}","{""collision_rod_early"": 0.43700130347433347, ""collision_rod_late"": 0.0, ""collision_rod_mid"": 1.147805757703191, ""collision_tblock_early"": 0.5388722519685215, ""collision_tblock_late"": 0.0, ""collision_tblock_mid"": 2.5340445955089774, ""fall"": 1.3113680781758958, ""timeout"": 0.8043660820707047}"
layout_path_conditioned,start_region=x_mid__y_neg|path_angle_bin=sector_6|path_len_bin=long|near_count_bin=0|medhigh_count_bin=0|pair_side_mode=same_side,True,5340,5048,292,0.05468164794007491,0.6542621188556283,timeout,166,-3.0933542114173895,3.0709737827715355,"{""collision"": 116, ""fall"": 10, ""success"": 5048, ""timeout"": 166}","{""collision_rod_early"": 31, ""collision_rod_mid"": 5, ""collision_tblock_early"": 74, ""collision_tblock_mid"": 6, ""fall"": 10, ""timeout"": 166}","{""collision_rod_early"": 0.5192186523302411, ""collision_rod_late"": 0.0, ""collision_rod_mid"": 0.6598808382301117, ""collision_tblock_early"": 0.3820880093701895, ""collision_tblock_late"": 0.0, ""collision_tblock_mid"": 1.7482060467893394, ""fall"": 1.5078277153558053, ""timeout"": 0.9595530026799451}"
layout_path_conditioned,start_region=x_mid__y_pos|path_angle_bin=sector_2|path_len_bin=medium|near_count_bin=1|medhigh_count_bin=0|pair_side_mode=same_side,True,165,156,9,0.05454545454545454,0.652632574350384,collision_rod_early,4,-3.1981813296238037,3.066666666666667,"{""collision"": 5, ""success"": 156, ""timeout"": 4}","{""collision_rod_early"": 4, ""collision_tblock_early"": 1, ""timeout"": 4}","{""collision_rod_early"": 2.1682327299655824, ""collision_rod_late"": 0.0, ""collision_rod_mid"": 0.0, ""collision_tblock_early"": 0.16710482965084456, ""collision_tblock_late"": 0.0, ""collision_tblock_mid"": 0.0, ""fall"": 0.0, ""timeout"": 0.7483042036233526}"
layout_path_conditioned,start_region=x_neg__y_mid|path_angle_bin=sector_4|path_len_bin=long|near_count_bin=0|medhigh_count_bin=0|pair_side_mode=same_side,True,4627,4375,252,0.05446293494704992,0.6516452330881292,timeout,165,-3.2046589849998455,3.170088610330668,"{""collision"": 74, ""fall"": 13, ""success"": 4375, ""timeout"": 165}","{""collision_rod_early"": 20, ""collision_rod_late"": 1, ""collision_rod_mid"": 3, ""collision_tblock_early"": 47, ""collision_tblock_mid"": 3, ""fall"": 13, ""timeout"": 165}","{""collision_rod_early"": 0.3865986605190415, ""collision_rod_late"": 0.8286558193625407, ""collision_rod_mid"": 0.45693931395921283, ""collision_tblock_early"": 0.28007303953799423, ""collision_tblock_late"": 0.0, ""collision_tblock_mid"": 1.00879838878918, ""fall"": 2.2622303868597364, ""timeout"": 1.1007446479168885}"
layout_path_conditioned,start_region=x_mid__y_neg|path_angle_bin=sector_6|path_len_bin=medium|near_count_bin=0|medhigh_count_bin=0|pair_side_mode=opposite_side,True,3552,3362,190,0.05349099099099099,0.6400159911750669,timeout,114,-2.687561911124781,3.0548986486486487,"{""collision"": 74, ""fall"": 2, ""success"": 3362, ""timeout"": 114}","{""collision_rod_early"": 35, ""collision_rod_late"": 1, ""collision_rod_mid"": 2, ""collision_tblock_early"": 34, ""collision_tblock_late"": 1, ""collision_tblock_mid"": 1, ""fall"": 2, ""timeout"": 114}","{""collision_rod_early"": 0.8813023659594058, ""collision_rod_late"": 1.079445516945517, ""collision_rod_mid"": 0.39682023380054016, ""collision_tblock_early"": 0.2639240130465197, ""collision_tblock_late"": 1.6791374708041376, ""collision_tblock_mid"": 0.4380358619489054, ""fall"": 0.45336711711711714, ""timeout"": 0.9906814520098017}"
layout_path_conditioned,start_region=x_mid__y_neg|path_angle_bin=sector_5|path_len_bin=long|near_count_bin=1|medhigh_count_bin=0|pair_side_mode=opposite_side,True,413,391,22,0.053268765133171914,0.637357074224346,timeout,14,-3.3256928670829735,3.208232445520581,"{""collision"": 8, ""success"": 391, ""timeout"": 14}","{""collision_rod_early"": 2, ""collision_rod_late"": 1, ""collision_tblock_early"": 5, ""timeout"": 14}","{""collision_rod_early"": 0.4331215501747228, ""collision_rod_late"": 9.283754179637956, ""collision_rod_mid"": 0.0, ""collision_tblock_early"": 0.33380504712335773, ""collision_tblock_late"": 0.0, ""collision_tblock_mid"": 0.0, ""fall"": 0.0, ""timeout"": 1.0463575728631624}"
layout_path_conditioned,start_region=x_neg__y_mid|path_angle_bin=sector_3|path_len_bin=long|near_count_bin=1|medhigh_count_bin=0|pair_side_mode=same_side,True,339,321,18,0.05309734513274336,0.6353060458278075,timeout,11,-3.4800074938550143,3.2123893805309733,"{""collision"": 5, ""fall"": 2, ""success"": 321, ""timeout"": 11}","{""collision_rod_early"": 1, ""collision_tblock_early"": 3, ""collision_tblock_late"": 1, ""fall"": 2, ""timeout"": 11}","{""collision_rod_early"": 0.2638336286462544, ""collision_rod_late"": 0.0, ""collision_rod_mid"": 0.0, ""collision_tblock_early"": 0.24400262736627742, ""collision_tblock_late"": 17.593794384354855, ""collision_tblock_mid"": 0.0, ""fall"": 4.750324483775811, ""timeout"": 1.0016018654693104}"
layout_path_conditioned,start_region=x_mid__y_neg|path_angle_bin=sector_5|path_len_bin=medium|near_count_bin=0|medhigh_count_bin=0|pair_side_mode=same_side,True,3442,3261,181,0.052585705984892504,0.6291843189674678,timeout,121,-2.523501222899669,2.9953515398024404,"{""collision"": 59, ""fall"": 1, ""success"": 3261, ""timeout"": 121}","{""collision_rod_early"": 35, ""collision_rod_mid"": 2, ""collision_tblock_early"": 20, ""collision_tblock_mid"": 2, ""fall"": 1, ""timeout"": 121}","{""collision_rod_early"": 0.909467171379375, ""collision_rod_late"": 0.0, ""collision_rod_mid"": 0.40950187985459574, ""collision_tblock_early"": 0.16021090582445874, ""collision_tblock_late"": 0.0, ""collision_tblock_mid"": 0.904069367601692, ""fall"": 0.23392794886693782, ""timeout"": 1.0851171866168097}"
layout_path_conditioned,start_region=x_mid__y_neg|path_angle_bin=sector_5|path_len_bin=medium|near_count_bin=1|medhigh_count_bin=0|pair_side_mode=same_side,True,286,271,15,0.05244755244755245,0.6275313214907537,timeout,10,-2.34847698744155,2.958041958041958,"{""collision"": 5, ""success"": 271, ""timeout"": 10}","{""collision_rod_early"": 3, ""collision_tblock_early"": 2, ""timeout"": 10}","{""collision_rod_early"": 0.9381776235427999, ""collision_rod_late"": 0.0, ""collision_rod_mid"": 0.0, ""collision_tblock_early"": 0.19281326498174373, ""collision_tblock_late"": 0.0, ""collision_tblock_mid"": 0.0, ""fall"": 0.0, ""timeout"": 1.0792849090721433}"
layout_path_conditioned,start_region=x_neg__y_neg|path_angle_bin=sector_5|path_len_bin=medium|near_count_bin=0|medhigh_count_bin=0|pair_side_mode=same_side,True,408,387,21,0.051470588235294115,0.6158420125610241,timeout,11,-2.5215828578685553,2.928921568627451,"{""collision"": 10, ""success"": 387, ""timeout"": 11}","{""collision_rod_early"": 6, ""collision_tblock_early"": 3, ""collision_tblock_mid"": 1, ""timeout"": 11}","{""collision_rod_early"": 1.3152882369276508, ""collision_rod_late"": 0.0, ""collision_rod_mid"": 0.0, ""collision_tblock_early"": 0.20273747714992166, ""collision_tblock_late"": 0.0, ""collision_tblock_mid"": 3.813488680496353, ""fall"": 0.0, ""timeout"": 0.8322133146914122}"
layout_path_conditioned,start_region=x_mid__y_neg|path_angle_bin=sector_6|path_len_bin=medium|near_count_bin=0|medhigh_count_bin=0|pair_side_mode=same_side,True,3990,3788,202,0.0506265664160401,0.6057433501280507,timeout,124,-2.47065701717179,2.9478696741854638,"{""collision"": 75, ""fall"": 3, ""success"": 3788, ""timeout"": 124}","{""collision_rod_early"": 29, ""collision_rod_mid"": 1, ""collision_tblock_early"": 40, ""collision_tblock_late"": 1, ""collision_tblock_mid"": 4, ""fall"": 3, ""timeout"": 124}","{""collision_rod_early"": 0.650062256446448, ""collision_rod_late"": 0.0, ""collision_rod_mid"": 0.1766297582029472, ""collision_tblock_early"": 0.27641400393372784, ""collision_tblock_late"": 1.4948111018286456, ""collision_tblock_mid"": 1.5598028888646738, ""fall"": 0.6053984962406015, ""timeout"": 0.959292230960764}"
layout_path_conditioned,start_region=x_mid__y_pos|path_angle_bin=sector_1|path_len_bin=medium|near_count_bin=0|medhigh_count_bin=0|pair_side_mode=same_side,True,3649,3467,182,0.049876678542066316,0.5967709938108472,timeout,103,-2.8470710290915973,3.024938339271033,"{""collision"": 77, ""fall"": 2, ""success"": 3467, ""timeout"": 103}","{""collision_rod_early"": 18, ""collision_rod_mid"": 5, ""collision_tblock_early"": 51, ""collision_tblock_mid"": 3, ""fall"": 2, ""timeout"": 103}","{""collision_rod_early"": 0.44119287530815143, ""collision_rod_late"": 0.0, ""collision_rod_mid"": 0.9656792754587, ""collision_tblock_early"": 0.3853623298196374, ""collision_tblock_late"": 0.0, ""collision_tblock_mid"": 1.2791751561873217, ""fall"": 0.44131542888462594, ""timeout"": 0.8712955563564592}"
layout_path_conditioned,start_region=x_neg__y_mid|path_angle_bin=sector_3|path_len_bin=medium|near_count_bin=0|medhigh_count_bin=0|pair_side_mode=same_side,True,4012,3812,200,0.049850448654037885,0.5964571550227836,timeout,132,-2.7362900608672542,3.0398803589232304,"{""collision"": 66, ""fall"": 2, ""success"": 3812, ""timeout"": 132}","{""collision_rod_early"": 27, ""collision_tblock_early"": 36, ""collision_tblock_late"": 1, ""collision_tblock_mid"": 2, ""fall"": 2, ""timeout"": 132}","{""collision_rod_early"": 0.6019115660516368, ""collision_rod_late"": 0.0, ""collision_rod_mid"": 0.0, ""collision_tblock_early"": 0.24740844669142986, ""collision_tblock_late"": 1.4866142313799342, ""collision_tblock_mid"": 0.7756248163721395, ""fall"": 0.40138584247258224, ""timeout"": 1.015582350131893}"
layout_path_conditioned,start_region=x_mid__y_neg|path_angle_bin=sector_5|path_len_bin=medium|near_count_bin=1|medhigh_count_bin=0|pair_side_mode=opposite_side,True,241,229,12,0.04979253112033195,0.5957641757555372,timeout,9,-2.458496521510337,2.987551867219917,"{""collision"": 3, ""success"": 229, ""timeout"": 9}","{""collision_rod_early"": 2, ""collision_tblock_early"": 1, ""timeout"": 9}","{""collision_rod_early"": 0.742237345320168, ""collision_rod_late"": 0.0, ""collision_rod_mid"": 0.0, ""collision_tblock_early"": 0.11440787092277739, ""collision_tblock_late"": 0.0, ""collision_tblock_mid"": 0.0, ""fall"": 0.0, ""timeout"": 1.1527300232164714}"
layout_path_conditioned,start_region=x_neg__y_mid|path_angle_bin=sector_4|path_len_bin=long|near_count_bin=1|medhigh_count_bin=0|pair_side_mode=opposite_side,True,381,363,18,0.047244094488188976,0.5652723084924586,timeout,15,-3.488303343050636,3.215223097112861,"{""collision"": 3, ""success"": 363, ""timeout"": 15}","{""collision_rod_mid"": 1, ""collision_tblock_early"": 2, ""timeout"": 15}","{""collision_rod_early"": 0.0, ""collision_rod_late"": 0.0, ""collision_rod_mid"": 1.849744711889132, ""collision_tblock_early"": 0.14473646662671574, ""collision_tblock_late"": 0.0, ""collision_tblock_mid"": 0.0, ""fall"": 0.0, ""timeout"": 1.2152578110024919}"
layout_path_conditioned,start_region=x_mid__y_neg|path_angle_bin=sector_5|path_len_bin=long|near_count_bin=1|medhigh_count_bin=0|pair_side_mode=same_side,True,408,389,19,0.04656862745098039,0.557190392317117,timeout,11,-2.9596319679189027,3.1372549019607843,"{""collision"": 8, ""success"": 389, ""timeout"": 11}","{""collision_rod_early"": 1, ""collision_rod_mid"": 2, ""collision_tblock_early"": 5, ""timeout"": 11}","{""collision_rod_early"": 0.21921470615460847, ""collision_rod_late"": 0.0, ""collision_rod_mid"": 3.454670270734114, ""collision_tblock_early"": 0.33789579524986946, ""collision_tblock_late"": 0.0, ""collision_tblock_mid"": 0.0, ""fall"": 0.0, ""timeout"": 0.8322133146914122}"
layout_path_conditioned,start_region=x_neg__y_pos|path_angle_bin=sector_3|path_len_bin=medium|near_count_bin=0|medhigh_count_bin=0|pair_side_mode=same_side,True,533,509,24,0.0450281425891182,0.5387585979627936,timeout,17,-2.590749298511578,3.0431519699812384,"{""collision"": 7, ""success"": 509, ""timeout"": 17}","{""collision_rod_early"": 2, ""collision_tblock_early"": 4, ""collision_tblock_mid"": 1, ""timeout"": 17}","{""collision_rod_early"": 0.33560825557628615, ""collision_rod_late"": 0.0, ""collision_rod_mid"": 0.0, ""collision_tblock_early"": 0.20692155266333473, ""collision_tblock_late"": 0.0, ""collision_tblock_mid"": 2.919143305145426, ""fall"": 0.0, ""timeout"": 0.9845184292511745}"
layout_path_conditioned,start_region=x_mid__y_neg|path_angle_bin=sector_6|path_len_bin=long|near_count_bin=0|medhigh_count_bin=0|pair_side_mode=center_involved,True,517,494,23,0.04448742746615087,0.5322889790801004,timeout,20,-2.928217632866535,3.1005802707930368,"{""collision"": 3, ""success"": 494, ""timeout"": 20}","{""collision_rod_early"": 1, ""collision_rod_mid"": 1, ""collision_tblock_early"": 1, ""timeout"": 20}","{""collision_rod_early"": 0.17299729228448793, ""collision_rod_late"": 0.0, ""collision_rod_mid"": 1.3631580952219715, ""collision_tblock_early"": 0.053331328611971665, ""collision_tblock_late"": 0.0, ""collision_tblock_mid"": 0.0, ""fall"": 0.0, ""timeout"": 1.1941024525904562}"
layout_path_conditioned,start_region=x_mid__y_neg|path_angle_bin=sector_6|path_len_bin=medium|near_count_bin=0|medhigh_count_bin=0|pair_side_mode=center_involved,True,320,307,13,0.040625,0.4860753027713798,timeout,9,-2.4417723545990784,3.015625,"{""collision"": 4, ""success"": 307, ""timeout"": 9}","{""collision_rod_early"": 1, ""collision_tblock_early"": 2, ""collision_tblock_mid"": 1, ""timeout"": 9}","{""collision_rod_early"": 0.27949875034712585, ""collision_rod_late"": 0.0, ""collision_rod_mid"": 0.0, ""collision_tblock_early"": 0.17232685557743346, ""collision_tblock_late"": 0.0, ""collision_tblock_mid"": 4.862198067632851, ""fall"": 0.0, ""timeout"": 0.8681497987349052}"
layout_path_conditioned,start_region=x_mid__y_neg|path_angle_bin=sector_6|path_len_bin=long|near_count_bin=1|medhigh_count_bin=0|pair_side_mode=same_side,True,370,355,15,0.04054054054054054,0.4850647512063665,timeout,10,-3.165146584731639,3.1594594594594594,"{""collision"": 5, ""success"": 355, ""timeout"": 10}","{""collision_tblock_early"": 3, ""collision_tblock_late"": 2, ""timeout"": 10}","{""collision_rod_early"": 0.0, ""collision_rod_late"": 0.0, ""collision_rod_mid"": 0.0, ""collision_tblock_early"": 0.22355916399234607, ""collision_tblock_late"": 32.239439439439444, ""collision_tblock_mid"": 0.0, ""fall"": 0.0, ""timeout"": 0.8342580648503594}"
layout_path_conditioned,start_region=x_pos__y_mid|path_angle_bin=sector_0|path_len_bin=medium|near_count_bin=1|medhigh_count_bin=0|pair_side_mode=same_side,True,129,124,5,0.03875968992248062,0.4637569972774047,collision_rod_early,3,-2.397959187513873,2.751937984496124,"{""collision"": 3, ""success"": 124, ""timeout"": 2}","{""collision_rod_early"": 3, ""timeout"": 2}","{""collision_rod_early"": 2.0799907002576803, ""collision_rod_late"": 0.0, ""collision_rod_mid"": 0.0, ""collision_tblock_early"": 0.0, ""collision_tblock_late"": 0.0, ""collision_tblock_mid"": 0.0, ""fall"": 0.0, ""timeout"": 0.4785666418521441}"
layout_path_conditioned,start_region=x_neg__y_mid|path_angle_bin=sector_3|path_len_bin=long|near_count_bin=1|medhigh_count_bin=0|pair_side_mode=opposite_side,True,370,356,14,0.03783783783783784,0.4527271011259421,timeout,10,-2.9785249864544197,3.0864864864864865,"{""collision"": 3, ""fall"": 1, ""success"": 356, ""timeout"": 10}","{""collision_rod_early"": 2, ""collision_tblock_early"": 1, ""fall"": 1, ""timeout"": 10}","{""collision_rod_early"": 0.4834572978977312, ""collision_rod_late"": 0.0, ""collision_rod_mid"": 0.0, ""collision_tblock_early"": 0.07451972133078204, ""collision_tblock_late"": 0.0, ""collision_tblock_mid"": 0.0, ""fall"": 2.1761621621621625, ""timeout"": 0.8342580648503594}"
layout_path_conditioned,start_region=x_mid__y_neg|path_angle_bin=sector_6|path_len_bin=medium|near_count_bin=1|medhigh_count_bin=0|pair_side_mode=opposite_side,True,220,212,8,0.03636363636363636,0.435088382900256,timeout,5,-2.4814997370938703,3.022727272727273,"{""collision"": 3, ""success"": 212, ""timeout"": 5}","{""collision_rod_early"": 1, ""collision_tblock_early"": 2, ""timeout"": 5}","{""collision_rod_early"": 0.4065436368685466, ""collision_rod_late"": 0.0, ""collision_rod_mid"": 0.0, ""collision_tblock_early"": 0.2506572444762668, ""collision_tblock_late"": 0.0, ""collision_tblock_mid"": 0.0, ""fall"": 0.0, ""timeout"": 0.701535190896893}"
layout_path_conditioned,start_region=x_pos__y_pos|path_angle_bin=sector_1|path_len_bin=medium|near_count_bin=0|medhigh_count_bin=0|pair_side_mode=same_side,True,468,452,16,0.03418803418803419,0.4090574540087877,timeout,10,-2.950477019716213,3.0085470085470085,"{""collision"": 6, ""success"": 452, ""timeout"": 10}","{""collision_rod_early"": 1, ""collision_tblock_early"": 2, ""collision_tblock_mid"": 3, ""timeout"": 10}","{""collision_rod_early"": 0.1911102566476074, ""collision_rod_late"": 0.0, ""collision_rod_mid"": 0.0, ""collision_tblock_early"": 0.11783032859995449, ""collision_tblock_late"": 0.0, ""collision_tblock_mid"": 9.97373962591354, ""fall"": 0.0, ""timeout"": 0.659562999988532}"
layout_path_conditioned,start_region=x_neg__y_mid|path_angle_bin=sector_4|path_len_bin=long|near_count_bin=1|medhigh_count_bin=0|pair_side_mode=same_side,True,417,403,14,0.03357314148681055,0.40170030555539227,timeout,10,-3.0806691761182416,3.0887290167865706,"{""collision"": 4, ""success"": 403, ""timeout"": 10}","{""collision_rod_early"": 3, ""collision_tblock_early"": 1, ""timeout"": 10}","{""collision_rod_early"": 0.6434503605113688, ""collision_rod_late"": 0.0, ""collision_rod_mid"": 0.0, ""collision_tblock_early"": 0.06612061604889533, ""collision_tblock_late"": 0.0, ""collision_tblock_mid"": 0.0, ""fall"": 0.0, ""timeout"": 0.7402289784043956}"
layout_path_conditioned,start_region=x_neg__y_neg|path_angle_bin=sector_4|path_len_bin=long|near_count_bin=1|medhigh_count_bin=1|pair_side_mode=opposite_side,False,7,0,7,1.0,11.964930529757039,collision_tblock_early,7,-10.307011307735774,1.0,"{""collision"": 7}","{""collision_tblock_early"": 7}","{""collision_rod_early"": 0.0, ""collision_rod_late"": 0.0, ""collision_rod_mid"": 0.0, ""collision_tblock_early"": 27.57229689238935, ""collision_tblock_late"": 0.0, ""collision_tblock_mid"": 0.0, ""fall"": 0.0, ""timeout"": 0.0}"
layout_path_conditioned,start_region=x_neg__y_neg|path_angle_bin=sector_4|path_len_bin=long|near_count_bin=1|medhigh_count_bin=1|pair_side_mode=same_side,False,4,0,4,1.0,11.964930529757039,collision_tblock_early,4,-10.313340280427159,1.0,"{""collision"": 4}","{""collision_tblock_early"": 4}","{""collision_rod_early"": 0.0, ""collision_rod_late"": 0.0, ""collision_rod_mid"": 0.0, ""collision_tblock_early"": 27.57229689238935, ""collision_tblock_late"": 0.0, ""collision_tblock_mid"": 0.0, ""fall"": 0.0, ""timeout"": 0.0}"
layout_path_conditioned,start_region=x_neg__y_pos|path_angle_bin=sector_3|path_len_bin=long|near_count_bin=2|medhigh_count_bin=1|pair_side_mode=opposite_side,False,4,0,4,1.0,11.964930529757039,collision_tblock_early,4,-10.32118263968124,1.0,"{""collision"": 4}","{""collision_tblock_early"": 4}","{""collision_rod_early"": 0.0, ""collision_rod_late"": 0.0, ""collision_rod_mid"": 0.0, ""collision_tblock_early"": 27.57229689238935, ""collision_tblock_late"": 0.0, ""collision_tblock_mid"": 0.0, ""fall"": 0.0, ""timeout"": 0.0}"
layout_path_conditioned,start_region=x_neg__y_neg|path_angle_bin=sector_5|path_len_bin=long|near_count_bin=1|medhigh_count_bin=1|pair_side_mode=opposite_side,False,3,0,3,1.0,11.964930529757039,collision_tblock_early,3,-10.268498018052725,1.0,"{""collision"": 3}","{""collision_tblock_early"": 3}","{""collision_rod_early"": 0.0, ""collision_rod_late"": 0.0, ""collision_rod_mid"": 0.0, ""collision_tblock_early"": 27.57229689238935, ""collision_tblock_late"": 0.0, ""collision_tblock_mid"": 0.0, ""fall"": 0.0, ""timeout"": 0.0}"
layout_path_conditioned,start_region=x_neg__y_neg|path_angle_bin=sector_5|path_len_bin=long|near_count_bin=1|medhigh_count_bin=1|pair_side_mode=same_side,False,3,0,3,1.0,11.964930529757039,collision_tblock_early,3,-10.274933833701615,1.0,"{""collision"": 3}","{""collision_tblock_early"": 3}","{""collision_rod_early"": 0.0, ""collision_rod_late"": 0.0, ""collision_rod_mid"": 0.0, ""collision_tblock_early"": 27.57229689238935, ""collision_tblock_late"": 0.0, ""collision_tblock_mid"": 0.0, ""fall"": 0.0, ""timeout"": 0.0}"
layout_path_conditioned,start_region=x_pos__y_neg|path_angle_bin=sector_6|path_len_bin=long|near_count_bin=2|medhigh_count_bin=1|pair_side_mode=opposite_side,False,3,0,3,1.0,11.964930529757039,collision_tblock_early,3,-11.315738140176881,1.3333333333333333,"{""collision"": 3}","{""collision_tblock_early"": 3}","{""collision_rod_early"": 0.0, ""collision_rod_late"": 0.0, ""collision_rod_mid"": 0.0, ""collision_tblock_early"": 27.57229689238935, ""collision_tblock_late"": 0.0, ""collision_tblock_mid"": 0.0, ""fall"": 0.0, ""timeout"": 0.0}"
layout_path_conditioned,start_region=x_neg__y_pos|path_angle_bin=sector_3|path_len_bin=long|near_count_bin=0|medhigh_count_bin=1|pair_side_mode=opposite_side,False,2,0,2,1.0,11.964930529757039,collision_tblock_early,2,-11.784218141724484,1.5,"{""collision"": 2}","{""collision_tblock_early"": 2}","{""collision_rod_early"": 0.0, ""collision_rod_late"": 0.0, ""collision_rod_mid"": 0.0, ""collision_tblock_early"": 27.57229689238935, ""collision_tblock_late"": 0.0, ""collision_tblock_mid"": 0.0, ""fall"": 0.0, ""timeout"": 0.0}"
layout_path_conditioned,start_region=x_pos__y_neg|path_angle_bin=sector_6|path_len_bin=long|near_count_bin=1|medhigh_count_bin=1|pair_side_mode=center_involved,False,2,0,2,1.0,11.964930529757039,collision_tblock_early,2,-10.302103355498666,1.0,"{""collision"": 2}","{""collision_tblock_early"": 2}","{""collision_rod_early"": 0.0, ""collision_rod_late"": 0.0, ""collision_rod_mid"": 0.0, ""collision_tblock_early"": 27.57229689238935, ""collision_tblock_late"": 0.0, ""collision_tblock_mid"": 0.0, ""fall"": 0.0, ""timeout"": 0.0}"
layout_path_conditioned,start_region=x_neg__y_pos|path_angle_bin=sector_2|path_len_bin=long|near_count_bin=0|medhigh_count_bin=1|pair_side_mode=opposite_side,False,2,0,2,1.0,11.964930529757039,collision_tblock_early,2,-10.32043390083767,1.0,"{""collision"": 2}","{""collision_tblock_early"": 2}","{""collision_rod_early"": 0.0, ""collision_rod_late"": 0.0, ""collision_rod_mid"": 0.0, ""collision_tblock_early"": 27.57229689238935, ""collision_tblock_late"": 0.0, ""collision_tblock_mid"": 0.0, ""fall"": 0.0, ""timeout"": 0.0}"
layout_path_conditioned,start_region=x_pos__y_mid|path_angle_bin=sector_0|path_len_bin=long|near_count_bin=1|medhigh_count_bin=1|pair_side_mode=opposite_side,False,2,0,2,1.0,11.964930529757039,collision_tblock_early,2,-10.237333589722155,1.0,"{""collision"": 2}","{""collision_tblock_early"": 2}","{""collision_rod_early"": 0.0, ""collision_rod_late"": 0.0, ""collision_rod_mid"": 0.0, ""collision_tblock_early"": 27.57229689238935, ""collision_tblock_late"": 0.0, ""collision_tblock_mid"": 0.0, ""fall"": 0.0, ""timeout"": 0.0}"
layout_path_conditioned,start_region=x_neg__y_pos|path_angle_bin=sector_2|path_len_bin=long|near_count_bin=2|medhigh_count_bin=1|pair_side_mode=same_side,False,1,0,1,1.0,11.964930529757039,timeout,1,-20.341022678678502,9.0,"{""timeout"": 1}","{""timeout"": 1}","{""collision_rod_early"": 0.0, ""collision_rod_late"": 0.0, ""collision_rod_mid"": 0.0, ""collision_tblock_early"": 0.0, ""collision_tblock_late"": 0.0, ""collision_tblock_mid"": 0.0, ""fall"": 0.0, ""timeout"": 30.867548399463292}"
layout_path_conditioned,start_region=x_neg__y_neg|path_angle_bin=sector_4|path_len_bin=long|near_count_bin=1|medhigh_count_bin=1|pair_side_mode=center_involved,False,1,0,1,1.0,11.964930529757039,collision_tblock_early,1,-10.299384670076298,1.0,"{""collision"": 1}","{""collision_tblock_early"": 1}","{""collision_rod_early"": 0.0, ""collision_rod_late"": 0.0, ""collision_rod_mid"": 0.0, ""collision_tblock_early"": 27.57229689238935, ""collision_tblock_late"": 0.0, ""collision_tblock_mid"": 0.0, ""fall"": 0.0, ""timeout"": 0.0}"
layout_path_conditioned,start_region=x_mid__y_neg|path_angle_bin=sector_5|path_len_bin=long|near_count_bin=1|medhigh_count_bin=1|pair_side_mode=same_side,False,1,0,1,1.0,11.964930529757039,collision_tblock_early,1,-10.25873457206714,1.0,"{""collision"": 1}","{""collision_tblock_early"": 1}","{""collision_rod_early"": 0.0, ""collision_rod_late"": 0.0, ""collision_rod_mid"": 0.0, ""collision_tblock_early"": 27.57229689238935, ""collision_tblock_late"": 0.0, ""collision_tblock_mid"": 0.0, ""fall"": 0.0, ""timeout"": 0.0}"
layout_path_conditioned,start_region=x_neg__y_mid|path_angle_bin=sector_4|path_len_bin=long|near_count_bin=0|medhigh_count_bin=1|pair_side_mode=opposite_side,False,1,0,1,1.0,11.964930529757039,collision_tblock_early,1,-10.288848706073404,1.0,"{""collision"": 1}","{""collision_tblock_early"": 1}","{""collision_rod_early"": 0.0, ""collision_rod_late"": 0.0, ""collision_rod_mid"": 0.0, ""collision_tblock_early"": 27.57229689238935, ""collision_tblock_late"": 0.0, ""collision_tblock_mid"": 0.0, ""fall"": 0.0, ""timeout"": 0.0}"
layout_path_conditioned,start_region=x_mid__y_neg|path_angle_bin=sector_5|path_len_bin=long|near_count_bin=0|medhigh_count_bin=1|pair_side_mode=center_involved,False,1,0,1,1.0,11.964930529757039,collision_tblock_early,1,-10.27277190313905,1.0,"{""collision"": 1}","{""collision_tblock_early"": 1}","{""collision_rod_early"": 0.0, ""collision_rod_late"": 0.0, ""collision_rod_mid"": 0.0, ""collision_tblock_early"": 27.57229689238935, ""collision_tblock_late"": 0.0, ""collision_tblock_mid"": 0.0, ""fall"": 0.0, ""timeout"": 0.0}"
layout_path_conditioned,start_region=x_pos__y_pos|path_angle_bin=sector_0|path_len_bin=long|near_count_bin=2|medhigh_count_bin=0|pair_side_mode=opposite_side,False,1,0,1,1.0,11.964930529757039,collision_tblock_early,1,-10.315617974269529,1.0,"{""collision"": 1}","{""collision_tblock_early"": 1}","{""collision_rod_early"": 0.0, ""collision_rod_late"": 0.0, ""collision_rod_mid"": 0.0, ""collision_tblock_early"": 27.57229689238935, ""collision_tblock_late"": 0.0, ""collision_tblock_mid"": 0.0, ""fall"": 0.0, ""timeout"": 0.0}"
layout_path_conditioned,start_region=x_neg__y_neg|path_angle_bin=sector_4|path_len_bin=long|near_count_bin=2|medhigh_count_bin=1|pair_side_mode=same_side,False,1,0,1,1.0,11.964930529757039,collision_tblock_early,1,-10.345597086042673,1.0,"{""collision"": 1}","{""collision_tblock_early"": 1}","{""collision_rod_early"": 0.0, ""collision_rod_late"": 0.0, ""collision_rod_mid"": 0.0, ""collision_tblock_early"": 27.57229689238935, ""collision_tblock_late"": 0.0, ""collision_tblock_mid"": 0.0, ""fall"": 0.0, ""timeout"": 0.0}"
layout_path_conditioned,start_region=x_pos__y_neg|path_angle_bin=sector_7|path_len_bin=long|near_count_bin=2|medhigh_count_bin=1|pair_side_mode=same_side,False,1,0,1,1.0,11.964930529757039,collision_tblock_early,1,-10.299074481719757,1.0,"{""collision"": 1}","{""collision_tblock_early"": 1}","{""collision_rod_early"": 0.0, ""collision_rod_late"": 0.0, ""collision_rod_mid"": 0.0, ""collision_tblock_early"": 27.57229689238935, ""collision_tblock_late"": 0.0, ""collision_tblock_mid"": 0.0, ""fall"": 0.0, ""timeout"": 0.0}"
layout_path_conditioned,start_region=x_pos__y_neg|path_angle_bin=sector_6|path_len_bin=long|near_count_bin=0|medhigh_count_bin=1|pair_side_mode=same_side,False,1,0,1,1.0,11.964930529757039,collision_tblock_early,1,-10.307616229826808,1.0,"{""collision"": 1}","{""collision_tblock_early"": 1}","{""collision_rod_early"": 0.0, ""collision_rod_late"": 0.0, ""collision_rod_mid"": 0.0, ""collision_tblock_early"": 27.57229689238935, ""collision_tblock_late"": 0.0, ""collision_tblock_mid"": 0.0, ""fall"": 0.0, ""timeout"": 0.0}"
layout_path_conditioned,start_region=x_pos__y_pos|path_angle_bin=sector_1|path_len_bin=long|near_count_bin=2|medhigh_count_bin=1|pair_side_mode=same_side,False,1,0,1,1.0,11.964930529757039,collision_tblock_early,1,-10.341816440336725,1.0,"{""collision"": 1}","{""collision_tblock_early"": 1}","{""collision_rod_early"": 0.0, ""collision_rod_late"": 0.0, ""collision_rod_mid"": 0.0, ""collision_tblock_early"": 27.57229689238935, ""collision_tblock_late"": 0.0, ""collision_tblock_mid"": 0.0, ""fall"": 0.0, ""timeout"": 0.0}"
layout_path_conditioned,start_region=x_pos__y_pos|path_angle_bin=sector_1|path_len_bin=long|near_count_bin=2|medhigh_count_bin=1|pair_side_mode=opposite_side,False,1,0,1,1.0,11.964930529757039,collision_tblock_early,1,-10.24550620920876,1.0,"{""collision"": 1}","{""collision_tblock_early"": 1}","{""collision_rod_early"": 0.0, ""collision_rod_late"": 0.0, ""collision_rod_mid"": 0.0, ""collision_tblock_early"": 27.57229689238935, ""collision_tblock_late"": 0.0, ""collision_tblock_mid"": 0.0, ""fall"": 0.0, ""timeout"": 0.0}"
layout_path_conditioned,start_region=x_pos__y_neg|path_angle_bin=sector_6|path_len_bin=long|near_count_bin=0|medhigh_count_bin=1|pair_side_mode=opposite_side,False,1,0,1,1.0,11.964930529757039,collision_tblock_early,1,-10.375659785609537,1.0,"{""collision"": 1}","{""collision_tblock_early"": 1}","{""collision_rod_early"": 0.0, ""collision_rod_late"": 0.0, ""collision_rod_mid"": 0.0, ""collision_tblock_early"": 27.57229689238935, ""collision_tblock_late"": 0.0, ""collision_tblock_mid"": 0.0, ""fall"": 0.0, ""timeout"": 0.0}"
layout_path_conditioned,start_region=x_pos__y_mid|path_angle_bin=sector_7|path_len_bin=long|near_count_bin=1|medhigh_count_bin=1|pair_side_mode=opposite_side,False,1,0,1,1.0,11.964930529757039,collision_tblock_early,1,-10.283125986340744,1.0,"{""collision"": 1}","{""collision_tblock_early"": 1}","{""collision_rod_early"": 0.0, ""collision_rod_late"": 0.0, ""collision_rod_mid"": 0.0, ""collision_tblock_early"": 27.57229689238935, ""collision_tblock_late"": 0.0, ""collision_tblock_mid"": 0.0, ""fall"": 0.0, ""timeout"": 0.0}"
layout_path_conditioned,start_region=x_neg__y_pos|path_angle_bin=sector_3|path_len_bin=long|near_count_bin=1|medhigh_count_bin=1|pair_side_mode=opposite_side,False,26,2,24,0.9230769230769231,11.044551258237266,collision_tblock_early,24,-9.852870855217812,1.1538461538461537,"{""collision"": 24, ""success"": 2}","{""collision_tblock_early"": 24}","{""collision_rod_early"": 0.0, ""collision_rod_late"": 0.0, ""collision_rod_mid"": 0.0, ""collision_tblock_early"": 25.451350977590167, ""collision_tblock_late"": 0.0, ""collision_tblock_mid"": 0.0, ""fall"": 0.0, ""timeout"": 0.0}"
layout_path_conditioned,start_region=x_pos__y_neg|path_angle_bin=sector_6|path_len_bin=long|near_count_bin=1|medhigh_count_bin=1|pair_side_mode=opposite_side,False,33,3,30,0.9090909090909091,10.877209572506398,collision_tblock_early,29,-9.869940343893674,1.303030303030303,"{""collision"": 30, ""success"": 3}","{""collision_rod_early"": 1, ""collision_tblock_early"": 29}","{""collision_rod_early"": 2.7102909124569776, ""collision_rod_late"": 0.0, ""collision_rod_mid"": 0.0, ""collision_tblock_early"": 24.23020029937246, ""collision_tblock_late"": 0.0, ""collision_tblock_mid"": 0.0, ""fall"": 0.0, ""timeout"": 0.0}"
layout_path_conditioned,start_region=x_neg__y_pos|path_angle_bin=sector_2|path_len_bin=long|near_count_bin=1|medhigh_count_bin=1|pair_side_mode=opposite_side,False,36,4,32,0.8888888888888888,10.63549380422848,collision_tblock_early,32,-9.556858229232926,1.3055555555555556,"{""collision"": 32, ""success"": 4}","{""collision_tblock_early"": 32}","{""collision_rod_early"": 0.0, ""collision_rod_late"": 0.0, ""collision_rod_mid"": 0.0, ""collision_tblock_early"": 24.508708348790535, ""collision_tblock_late"": 0.0, ""collision_tblock_mid"": 0.0, ""fall"": 0.0, ""timeout"": 0.0}"
layout_path_conditioned,start_region=x_neg__y_pos|path_angle_bin=sector_3|path_len_bin=long|near_count_bin=1|medhigh_count_bin=1|pair_side_mode=same_side,False,26,4,22,0.8461538461538461,10.124171986717496,collision_tblock_early,21,-9.446529197876691,1.5384615384615385,"{""collision"": 22, ""success"": 4}","{""collision_rod_early"": 1, ""collision_tblock_early"": 21}","{""collision_rod_early"": 3.4399846196569333, ""collision_rod_late"": 0.0, ""collision_rod_mid"": 0.0, ""collision_tblock_early"": 22.269932105391398, ""collision_tblock_late"": 0.0, ""collision_tblock_mid"": 0.0, ""fall"": 0.0, ""timeout"": 0.0}"
layout_path_conditioned,start_region=x_mid__y_pos|path_angle_bin=sector_1|path_len_bin=long|near_count_bin=0|medhigh_count_bin=1|pair_side_mode=opposite_side,False,6,1,5,0.8333333333333334,9.9707754414642,collision_tblock_early,5,-10.650351824480213,1.6666666666666667,"{""collision"": 5, ""success"": 1}","{""collision_tblock_early"": 5}","{""collision_rod_early"": 0.0, ""collision_rod_late"": 0.0, ""collision_rod_mid"": 0.0, ""collision_tblock_early"": 22.976914076991125, ""collision_tblock_late"": 0.0, ""collision_tblock_mid"": 0.0, ""fall"": 0.0, ""timeout"": 0.0}"
layout_path_conditioned,start_region=x_pos__y_pos|path_angle_bin=sector_1|path_len_bin=long|near_count_bin=1|medhigh_count_bin=1|pair_side_mode=opposite_side,False,40,8,32,0.8,9.571944423805633,collision_tblock_early,31,-9.4397283970831,1.425,"{""collision"": 32, ""success"": 8}","{""collision_rod_early"": 1, ""collision_tblock_early"": 31}","{""collision_rod_early"": 2.2359900027770068, ""collision_rod_late"": 0.0, ""collision_rod_mid"": 0.0, ""collision_tblock_early"": 21.368530091601748, ""collision_tblock_late"": 0.0, ""collision_tblock_mid"": 0.0, ""fall"": 0.0, ""timeout"": 0.0}"
layout_path_conditioned,start_region=x_mid__y_pos|path_angle_bin=sector_1|path_len_bin=long|near_count_bin=1|medhigh_count_bin=1|pair_side_mode=opposite_side,False,5,1,4,0.8,9.571944423805633,collision_tblock_early,4,-9.612353121129697,1.6,"{""collision"": 4, ""success"": 1}","{""collision_tblock_early"": 4}","{""collision_rod_early"": 0.0, ""collision_rod_late"": 0.0, ""collision_rod_mid"": 0.0, ""collision_tblock_early"": 22.057837513911483, ""collision_tblock_late"": 0.0, ""collision_tblock_mid"": 0.0, ""fall"": 0.0, ""timeout"": 0.0}"
layout_path_conditioned,start_region=x_neg__y_pos|path_angle_bin=sector_2|path_len_bin=long|near_count_bin=1|medhigh_count_bin=1|pair_side_mode=same_side,False,29,6,23,0.7931034482758621,9.489427661531446,collision_tblock_early,23,-8.978144894566215,1.4827586206896552,"{""collision"": 23, ""success"": 6}","{""collision_tblock_early"": 23}","{""collision_rod_early"": 0.0, ""collision_rod_late"": 0.0, ""collision_rod_mid"": 0.0, ""collision_tblock_early"": 21.86768374223983, ""collision_tblock_late"": 0.0, ""collision_tblock_mid"": 0.0, ""fall"": 0.0, ""timeout"": 0.0}"
layout_path_conditioned,start_region=x_pos__y_pos|path_angle_bin=sector_0|path_len_bin=long|near_count_bin=1|medhigh_count_bin=1|pair_side_mode=opposite_side,False,49,11,38,0.7755102040816326,9.27892571695444,collision_tblock_early,35,-9.285837406596023,1.7142857142857142,"{""collision"": 38, ""success"": 11}","{""collision_rod_early"": 2, ""collision_rod_mid"": 1, ""collision_tblock_early"": 35}","{""collision_rod_early"": 3.6505959229012355, ""collision_rod_late"": 0.0, ""collision_rod_mid"": 14.382708882239987, ""collision_tblock_early"": 19.69449778027811, ""collision_tblock_late"": 0.0, ""collision_tblock_mid"": 0.0, ""fall"": 0.0, ""timeout"": 0.0}"
layout_path_conditioned,start_region=x_neg__y_pos|path_angle_bin=sector_2|path_len_bin=long|near_count_bin=2|medhigh_count_bin=1|pair_side_mode=opposite_side,False,4,1,3,0.75,8.973697897317779,collision_tblock_early,3,-8.19303170827317,1.25,"{""collision"": 3, ""success"": 1}","{""collision_tblock_early"": 3}","{""collision_rod_early"": 0.0, ""collision_rod_late"": 0.0, ""collision_rod_mid"": 0.0, ""collision_tblock_early"": 20.67922266929201, ""collision_tblock_late"": 0.0, ""collision_tblock_mid"": 0.0, ""fall"": 0.0, ""timeout"": 0.0}"
layout_path_conditioned,start_region=x_pos__y_neg|path_angle_bin=sector_7|path_len_bin=long|near_count_bin=1|medhigh_count_bin=1|pair_side_mode=center_involved,False,4,1,3,0.75,8.973697897317779,collision_tblock_early,2,-9.827324596303654,2.5,"{""collision"": 3, ""success"": 1}","{""collision_rod_early"": 1, ""collision_tblock_early"": 2}","{""collision_rod_early"": 22.359900027770063, ""collision_rod_late"": 0.0, ""collision_rod_mid"": 0.0, ""collision_tblock_early"": 13.786148446194675, ""collision_tblock_late"": 0.0, ""collision_tblock_mid"": 0.0, ""fall"": 0.0, ""timeout"": 0.0}"
layout_path_conditioned,start_region=x_pos__y_neg|path_angle_bin=sector_7|path_len_bin=long|near_count_bin=1|medhigh_count_bin=1|pair_side_mode=opposite_side,False,31,8,23,0.7419354838709677,8.877206522077804,collision_tblock_early,22,-9.188876956922863,1.7419354838709677,"{""collision"": 23, ""success"": 8}","{""collision_rod_early"": 1, ""collision_tblock_early"": 22}","{""collision_rod_early"": 2.8851483906800084, ""collision_rod_late"": 0.0, ""collision_rod_mid"": 0.0, ""collision_tblock_early"": 19.567436504276316, ""collision_tblock_late"": 0.0, ""collision_tblock_mid"": 0.0, ""fall"": 0.0, ""timeout"": 0.0}"
layout_path_conditioned,start_region=x_pos__y_pos|path_angle_bin=sector_1|path_len_bin=long|near_count_bin=1|medhigh_count_bin=1|pair_side_mode=same_side,False,47,15,32,0.6808510638297872,8.14633567983458,collision_tblock_early,27,-9.385284743541447,2.276595744680851,"{""collision"": 30, ""success"": 15, ""timeout"": 2}","{""collision_rod_early"": 3, ""collision_tblock_early"": 27, ""timeout"": 2}","{""collision_rod_early"": 5.708910645388102, ""collision_rod_late"": 0.0, ""collision_rod_mid"": 0.0, ""collision_tblock_early"": 15.839404597755584, ""collision_tblock_late"": 0.0, ""collision_tblock_mid"": 0.0, ""fall"": 0.0, ""timeout"": 1.3135126978495018}"
layout_path_conditioned,start_region=x_pos__y_neg|path_angle_bin=sector_7|path_len_bin=long|near_count_bin=2|medhigh_count_bin=0|pair_side_mode=same_side,False,3,1,2,0.6666666666666666,7.97662035317136,collision_rod_mid,1,-11.316100837600056,2.6666666666666665,"{""collision"": 2, ""success"": 1}","{""collision_rod_mid"": 1, ""collision_tblock_early"": 1}","{""collision_rod_early"": 0.0, ""collision_rod_late"": 0.0, ""collision_rod_mid"": 234.91757840991977, ""collision_tblock_early"": 9.19076563079645, ""collision_tblock_late"": 0.0, ""collision_tblock_mid"": 0.0, ""fall"": 0.0, ""timeout"": 0.0}"
layout_path_conditioned,start_region=x_pos__y_mid|path_angle_bin=sector_7|path_len_bin=long|near_count_bin=0|medhigh_count_bin=1|pair_side_mode=opposite_side,False,3,1,2,0.6666666666666666,7.97662035317136,collision_tblock_early,2,-7.949544071274626,2.0,"{""collision"": 2, ""success"": 1}","{""collision_tblock_early"": 2}","{""collision_rod_early"": 0.0, ""collision_rod_late"": 0.0, ""collision_rod_mid"": 0.0, ""collision_tblock_early"": 18.3815312615929, ""collision_tblock_late"": 0.0, ""collision_tblock_mid"": 0.0, ""fall"": 0.0, ""timeout"": 0.0}"
layout_path_conditioned,start_region=x_mid__y_pos|path_angle_bin=sector_2|path_len_bin=long|near_count_bin=0|medhigh_count_bin=1|pair_side_mode=opposite_side,False,3,1,2,0.6666666666666666,7.97662035317136,collision_tblock_early,2,-11.891945356772107,2.3333333333333335,"{""collision"": 2, ""success"": 1}","{""collision_tblock_early"": 2}","{""collision_rod_early"": 0.0, ""collision_rod_late"": 0.0, ""collision_rod_mid"": 0.0, ""collision_tblock_early"": 18.3815312615929, ""collision_tblock_late"": 0.0, ""collision_tblock_mid"": 0.0, ""fall"": 0.0, ""timeout"": 0.0}"
layout_path_conditioned,start_region=x_pos__y_neg|path_angle_bin=sector_6|path_len_bin=long|near_count_bin=1|medhigh_count_bin=1|pair_side_mode=same_side,False,31,13,18,0.5806451612903226,6.947379017278282,collision_tblock_early,18,-8.656911209415954,2.3548387096774195,"{""collision"": 18, ""success"": 13}","{""collision_tblock_early"": 18}","{""collision_rod_early"": 0.0, ""collision_rod_late"": 0.0, ""collision_rod_mid"": 0.0, ""collision_tblock_early"": 16.009720776226075, ""collision_tblock_late"": 0.0, ""collision_tblock_mid"": 0.0, ""fall"": 0.0, ""timeout"": 0.0}"
layout_path_conditioned,start_region=x_pos__y_mid|path_angle_bin=sector_0|path_len_bin=long|near_count_bin=0|medhigh_count_bin=1|pair_side_mode=opposite_side,False,7,3,4,0.5714285714285714,6.837103159861166,collision_tblock_early,4,-6.88360649561956,1.5714285714285714,"{""collision"": 4, ""success"": 3}","{""collision_tblock_early"": 4}","{""collision_rod_early"": 0.0, ""collision_rod_late"": 0.0, ""collision_rod_mid"": 0.0, ""collision_tblock_early"": 15.755598224222487, ""collision_tblock_late"": 0.0, ""collision_tblock_mid"": 0.0, ""fall"": 0.0, ""timeout"": 0.0}"
layout_path_conditioned,start_region=x_pos__y_neg|path_angle_bin=sector_7|path_len_bin=long|near_count_bin=1|medhigh_count_bin=1|pair_side_mode=same_side,False,29,14,15,0.5172413793103449,6.188757170563986,collision_tblock_early,14,-7.56260963167931,2.2413793103448274,"{""collision"": 15, ""success"": 14}","{""collision_rod_early"": 1, ""collision_tblock_early"": 14}","{""collision_rod_early"": 3.0841241417613885, ""collision_rod_late"": 0.0, ""collision_rod_mid"": 0.0, ""collision_tblock_early"": 13.310764017015549, ""collision_tblock_late"": 0.0, ""collision_tblock_mid"": 0.0, ""fall"": 0.0, ""timeout"": 0.0}"
layout_path_conditioned,start_region=x_pos__y_pos|path_angle_bin=sector_0|path_len_bin=long|near_count_bin=1|medhigh_count_bin=1|pair_side_mode=same_side,False,52,26,26,0.5,5.9824652648785195,collision_tblock_early,25,-7.299659608256784,2.0,"{""collision"": 26, ""success"": 26}","{""collision_rod_early"": 1, ""collision_tblock_early"": 25}","{""collision_rod_early"": 1.7199923098284666, ""collision_rod_late"": 0.0, ""collision_rod_mid"": 0.0, ""collision_tblock_early"": 13.25591196749488, ""collision_tblock_late"": 0.0, ""collision_tblock_mid"": 0.0, ""fall"": 0.0, ""timeout"": 0.0}"
layout_path_conditioned,start_region=x_pos__y_neg|path_angle_bin=sector_6|path_len_bin=long|near_count_bin=2|medhigh_count_bin=0|pair_side_mode=opposite_side,False,8,4,4,0.5,5.9824652648785195,timeout,2,-6.143805030853997,4.125,"{""collision"": 2, ""success"": 4, ""timeout"": 2}","{""collision_tblock_early"": 2, ""timeout"": 2}","{""collision_rod_early"": 0.0, ""collision_rod_late"": 0.0, ""collision_rod_mid"": 0.0, ""collision_tblock_early"": 6.893074223097337, ""collision_tblock_late"": 0.0, ""collision_tblock_mid"": 0.0, ""fall"": 0.0, ""timeout"": 7.716887099865823}"
layout_path_conditioned,start_region=x_pos__y_pos|path_angle_bin=sector_1|path_len_bin=long|near_count_bin=0|medhigh_count_bin=1|pair_side_mode=opposite_side,False,6,3,3,0.5,5.9824652648785195,collision_tblock_early,3,-6.892623260851921,2.3333333333333335,"{""collision"": 3, ""success"": 3}","{""collision_tblock_early"": 3}","{""collision_rod_early"": 0.0, ""collision_rod_late"": 0.0, ""collision_rod_mid"": 0.0, ""collision_tblock_early"": 13.786148446194675, ""collision_tblock_late"": 0.0, ""collision_tblock_mid"": 0.0, ""fall"": 0.0, ""timeout"": 0.0}"
layout_path_conditioned,start_region=x_pos__y_mid|path_angle_bin=sector_7|path_len_bin=long|near_count_bin=1|medhigh_count_bin=1|pair_side_mode=same_side,False,2,1,1,0.5,5.9824652648785195,collision_tblock_early,1,-9.109170095236918,2.0,"{""collision"": 1, ""success"": 1}","{""collision_tblock_early"": 1}","{""collision_rod_early"": 0.0, ""collision_rod_late"": 0.0, ""collision_rod_mid"": 0.0, ""collision_tblock_early"": 13.786148446194675, ""collision_tblock_late"": 0.0, ""collision_tblock_mid"": 0.0, ""fall"": 0.0, ""timeout"": 0.0}"
layout_path_conditioned,start_region=x_pos__y_pos|path_angle_bin=sector_1|path_len_bin=long|near_count_bin=2|medhigh_count_bin=0|pair_side_mode=opposite_side,False,2,1,1,0.5,5.9824652648785195,collision_tblock_early,1,-7.907546329269998,2.5,"{""collision"": 1, ""success"": 1}","{""collision_tblock_early"": 1}","{""collision_rod_early"": 0.0, ""collision_rod_late"": 0.0, ""collision_rod_mid"": 0.0, ""collision_tblock_early"": 13.786148446194675, ""collision_tblock_late"": 0.0, ""collision_tblock_mid"": 0.0, ""fall"": 0.0, ""timeout"": 0.0}"
layout_path_conditioned,start_region=x_neg__y_mid|path_angle_bin=sector_3|path_len_bin=medium|near_count_bin=2|medhigh_count_bin=0|pair_side_mode=opposite_side,False,2,1,1,0.5,5.9824652648785195,collision_rod_early,1,-5.480776698580177,1.5,"{""collision"": 1, ""success"": 1}","{""collision_rod_early"": 1}","{""collision_rod_early"": 44.71980005554013, ""collision_rod_late"": 0.0, ""collision_rod_mid"": 0.0, ""collision_tblock_early"": 0.0, ""collision_tblock_late"": 0.0, ""collision_tblock_mid"": 0.0, ""fall"": 0.0, ""timeout"": 0.0}"
layout_path_conditioned,start_region=x_mid__y_neg|path_angle_bin=sector_5|path_len_bin=long|near_count_bin=0|medhigh_count_bin=1|pair_side_mode=opposite_side,False,2,1,1,0.5,5.9824652648785195,collision_rod_early,1,-8.691790031518192,2.5,"{""collision"": 1, ""success"": 1}","{""collision_rod_early"": 1}","{""collision_rod_early"": 44.71980005554013, ""collision_rod_late"": 0.0, ""collision_rod_mid"": 0.0, ""collision_tblock_early"": 0.0, ""collision_tblock_late"": 0.0, ""collision_tblock_mid"": 0.0, ""fall"": 0.0, ""timeout"": 0.0}"
layout_path_conditioned,start_region=x_neg__y_pos|path_angle_bin=sector_3|path_len_bin=long|near_count_bin=1|medhigh_count_bin=1|pair_side_mode=center_involved,False,2,1,1,0.5,5.9824652648785195,collision_tblock_early,1,-5.910850594792985,1.5,"{""collision"": 1, ""success"": 1}","{""collision_tblock_early"": 1}","{""collision_rod_early"": 0.0, ""collision_rod_late"": 0.0, ""collision_rod_mid"": 0.0, ""collision_tblock_early"": 13.786148446194675, ""collision_tblock_late"": 0.0, ""collision_tblock_mid"": 0.0, ""fall"": 0.0, ""timeout"": 0.0}"
layout_path_conditioned,start_region=x_neg__y_pos|path_angle_bin=sector_3|path_len_bin=long|near_count_bin=2|medhigh_count_bin=1|pair_side_mode=same_side,False,2,1,1,0.5,5.9824652648785195,collision_tblock_early,1,-5.823178647193321,1.5,"{""collision"": 1, ""success"": 1}","{""collision_tblock_early"": 1}","{""collision_rod_early"": 0.0, ""collision_rod_late"": 0.0, ""collision_rod_mid"": 0.0, ""collision_tblock_early"": 13.786148446194675, ""collision_tblock_late"": 0.0, ""collision_tblock_mid"": 0.0, ""fall"": 0.0, ""timeout"": 0.0}"
layout_path_conditioned,start_region=x_pos__y_pos|path_angle_bin=sector_0|path_len_bin=long|near_count_bin=0|medhigh_count_bin=1|pair_side_mode=opposite_side,False,11,6,5,0.45454545454545453,5.4386047862532,collision_tblock_early,5,-6.257605872353579,2.0,"{""collision"": 5, ""success"": 6}","{""collision_tblock_early"": 5}","{""collision_rod_early"": 0.0, ""collision_rod_late"": 0.0, ""collision_rod_mid"": 0.0, ""collision_tblock_early"": 12.532862223813341, ""collision_tblock_late"": 0.0, ""collision_tblock_mid"": 0.0, ""fall"": 0.0, ""timeout"": 0.0}"
layout_path_conditioned,start_region=x_pos__y_neg|path_angle_bin=sector_6|path_len_bin=long|near_count_bin=2|medhigh_count_bin=0|pair_side_mode=same_side,False,7,4,3,0.42857142857142855,5.127827369895874,collision_tblock_early,3,-5.603302889680657,2.0,"{""collision"": 3, ""success"": 4}","{""collision_tblock_early"": 3}","{""collision_rod_early"": 0.0, ""collision_rod_late"": 0.0, ""collision_rod_mid"": 0.0, ""collision_tblock_early"": 11.816698668166863, ""collision_tblock_late"": 0.0, ""collision_tblock_mid"": 0.0, ""fall"": 0.0, ""timeout"": 0.0}"
layout_path_conditioned,start_region=x_mid__y_pos|path_angle_bin=sector_1|path_len_bin=long|near_count_bin=0|medhigh_count_bin=1|pair_side_mode=same_side,False,5,3,2,0.4,4.785972211902816,collision_tblock_early,2,-5.531498978465186,1.8,"{""collision"": 2, ""success"": 3}","{""collision_tblock_early"": 2}","{""collision_rod_early"": 0.0, ""collision_rod_late"": 0.0, ""collision_rod_mid"": 0.0, ""collision_tblock_early"": 11.028918756955742, ""collision_tblock_late"": 0.0, ""collision_tblock_mid"": 0.0, ""fall"": 0.0, ""timeout"": 0.0}"
layout_path_conditioned,start_region=x_mid__y_pos|path_angle_bin=sector_1|path_len_bin=long|near_count_bin=1|medhigh_count_bin=1|pair_side_mode=same_side,False,5,3,2,0.4,4.785972211902816,collision_tblock_early,2,-6.093453673910387,2.0,"{""collision"": 2, ""success"": 3}","{""collision_tblock_early"": 2}","{""collision_rod_early"": 0.0, ""collision_rod_late"": 0.0, ""collision_rod_mid"": 0.0, ""collision_tblock_early"": 11.028918756955742, ""collision_tblock_late"": 0.0, ""collision_tblock_mid"": 0.0, ""fall"": 0.0, ""timeout"": 0.0}"
layout_path_conditioned,start_region=x_pos__y_pos|path_angle_bin=sector_0|path_len_bin=long|near_count_bin=0|medhigh_count_bin=1|pair_side_mode=same_side,False,8,5,3,0.375,4.486848948658889,collision_tblock_early,3,-5.1378460877814796,2.0,"{""collision"": 3, ""success"": 5}","{""collision_tblock_early"": 3}","{""collision_rod_early"": 0.0, ""collision_rod_late"": 0.0, ""collision_rod_mid"": 0.0, ""collision_tblock_early"": 10.339611334646005, ""collision_tblock_late"": 0.0, ""collision_tblock_mid"": 0.0, ""fall"": 0.0, ""timeout"": 0.0}"
layout_path_conditioned,start_region=x_neg__y_pos|path_angle_bin=sector_3|path_len_bin=long|near_count_bin=1|medhigh_count_bin=0|pair_side_mode=center_involved,False,21,14,7,0.3333333333333333,3.9883101765856797,collision_tblock_early,6,-5.436618395796485,2.6666666666666665,"{""collision"": 6, ""success"": 14, ""timeout"": 1}","{""collision_tblock_early"": 6, ""timeout"": 1}","{""collision_rod_early"": 0.0, ""collision_rod_late"": 0.0, ""collision_rod_mid"": 0.0, ""collision_tblock_early"": 7.877799112111242, ""collision_tblock_late"": 0.0, ""collision_tblock_mid"": 0.0, ""fall"": 0.0, ""timeout"": 1.4698832571172995}"
layout_path_conditioned,start_region=x_pos__y_mid|path_angle_bin=sector_0|path_len_bin=long|near_count_bin=0|medhigh_count_bin=1|pair_side_mode=same_side,False,9,6,3,0.3333333333333333,3.9883101765856797,collision_tblock_early,3,-5.090101715856723,2.111111111111111,"{""collision"": 3, ""success"": 6}","{""collision_tblock_early"": 3}","{""collision_rod_early"": 0.0, ""collision_rod_late"": 0.0, ""collision_rod_mid"": 0.0, ""collision_tblock_early"": 9.190765630796449, ""collision_tblock_late"": 0.0, ""collision_tblock_mid"": 0.0, ""fall"": 0.0, ""timeout"": 0.0}"
layout_path_conditioned,start_region=x_pos__y_neg|path_angle_bin=sector_7|path_len_bin=long|near_count_bin=2|medhigh_count_bin=0|pair_side_mode=opposite_side,False,13,9,4,0.3076923076923077,3.681517086079089,collision_tblock_early,3,-5.554653233809247,3.1538461538461537,"{""collision"": 3, ""success"": 9, ""timeout"": 1}","{""collision_tblock_early"": 3, ""timeout"": 1}","{""collision_rod_early"": 0.0, ""collision_rod_late"": 0.0, ""collision_rod_mid"": 0.0, ""collision_tblock_early"": 6.362837744397542, ""collision_tblock_late"": 0.0, ""collision_tblock_mid"": 0.0, ""fall"": 0.0, ""timeout"": 2.374426799958715}"
layout_path_conditioned,start_region=x_pos__y_pos|path_angle_bin=sector_0|path_len_bin=medium|near_count_bin=0|medhigh_count_bin=0|pair_side_mode=center_involved,False,17,12,5,0.29411764705882354,3.5190972146344235,collision_rod_early,5,-4.684525552379158,2.2941176470588234,"{""collision"": 5, ""success"": 12}","{""collision_rod_early"": 5}","{""collision_rod_early"": 26.305764738553016, ""collision_rod_late"": 0.0, ""collision_rod_mid"": 0.0, ""collision_tblock_early"": 0.0, ""collision_tblock_late"": 0.0, ""collision_tblock_mid"": 0.0, ""fall"": 0.0, ""timeout"": 0.0}"
layout_path_conditioned,start_region=x_pos__y_pos|path_angle_bin=sector_1|path_len_bin=long|near_count_bin=0|medhigh_count_bin=1|pair_side_mode=same_side,False,7,5,2,0.2857142857142857,3.418551579930583,collision_tblock_early,2,-5.345184873489161,2.4285714285714284,"{""collision"": 2, ""success"": 5}","{""collision_tblock_early"": 2}","{""collision_rod_early"": 0.0, ""collision_rod_late"": 0.0, ""collision_rod_mid"": 0.0, ""collision_tblock_early"": 7.877799112111243, ""collision_tblock_late"": 0.0, ""collision_tblock_mid"": 0.0, ""fall"": 0.0, ""timeout"": 0.0}"
layout_path_conditioned,start_region=x_mid__y_neg|path_angle_bin=sector_5|path_len_bin=long|near_count_bin=2|medhigh_count_bin=0|pair_side_mode=same_side,False,4,3,1,0.25,2.9912326324392597,timeout,1,-5.367143346385054,4.75,"{""success"": 3, ""timeout"": 1}","{""timeout"": 1}","{""collision_rod_early"": 0.0, ""collision_rod_late"": 0.0, ""collision_rod_mid"": 0.0, ""collision_tblock_early"": 0.0, ""collision_tblock_late"": 0.0, ""collision_tblock_mid"": 0.0, ""fall"": 0.0, ""timeout"": 7.716887099865823}"
layout_path_conditioned,start_region=x_pos__y_pos|path_angle_bin=sector_1|path_len_bin=medium|near_count_bin=1|medhigh_count_bin=0|pair_side_mode=opposite_side,False,17,13,4,0.23529411764705882,2.815277771707539,collision_rod_early,3,-4.166288249185861,3.0588235294117645,"{""collision"": 3, ""success"": 13, ""timeout"": 1}","{""collision_rod_early"": 3, ""timeout"": 1}","{""collision_rod_early"": 15.78345884313181, ""collision_rod_late"": 0.0, ""collision_rod_mid"": 0.0, ""collision_tblock_early"": 0.0, ""collision_tblock_late"": 0.0, ""collision_tblock_mid"": 0.0, ""fall"": 0.0, ""timeout"": 1.8157381411448994}"
layout_path_conditioned,start_region=x_pos__y_neg|path_angle_bin=sector_6|path_len_bin=long|near_count_bin=1|medhigh_count_bin=0|pair_side_mode=center_involved,False,9,7,2,0.2222222222222222,2.65887345105712,timeout,1,-4.777267465532175,3.888888888888889,"{""collision"": 1, ""success"": 7, ""timeout"": 1}","{""collision_tblock_early"": 1, ""timeout"": 1}","{""collision_rod_early"": 0.0, ""collision_rod_late"": 0.0, ""collision_rod_mid"": 0.0, ""collision_tblock_early"": 3.063588543598817, ""collision_tblock_late"": 0.0, ""collision_tblock_mid"": 0.0, ""fall"": 0.0, ""timeout"": 3.4297275999403656}"
layout_path_conditioned,start_region=x_neg__y_pos|path_angle_bin=sector_3|path_len_bin=medium|near_count_bin=0|medhigh_count_bin=0|pair_side_mode=center_involved,False,38,30,8,0.21052631578947367,2.518932743106745,collision_rod_early,6,-5.3642133547693565,2.8684210526315788,"{""collision"": 7, ""success"": 30, ""timeout"": 1}","{""collision_rod_early"": 6, ""collision_tblock_early"": 1, ""timeout"": 1}","{""collision_rod_early"": 14.122042122802144, ""collision_rod_late"": 0.0, ""collision_rod_mid"": 0.0, ""collision_tblock_early"": 0.7255867603260355, ""collision_tblock_late"": 0.0, ""collision_tblock_mid"": 0.0, ""fall"": 0.0, ""timeout"": 0.812303905249034}"
layout_path_conditioned,start_region=x_pos__y_mid|path_angle_bin=sector_7|path_len_bin=medium|near_count_bin=1|medhigh_count_bin=0|pair_side_mode=center_involved,False,5,4,1,0.2,2.392986105951408,collision_rod_mid,1,-4.848036527107581,3.0,"{""collision"": 1, ""success"": 4}","{""collision_rod_mid"": 1}","{""collision_rod_early"": 0.0, ""collision_rod_late"": 0.0, ""collision_rod_mid"": 140.95054704595185, ""collision_tblock_early"": 0.0, ""collision_tblock_late"": 0.0, ""collision_tblock_mid"": 0.0, ""fall"": 0.0, ""timeout"": 0.0}"
layout_path_conditioned,start_region=x_pos__y_pos|path_angle_bin=sector_1|path_len_bin=medium|near_count_bin=0|medhigh_count_bin=0|pair_side_mode=center_involved,False,17,14,3,0.17647058823529413,2.111458328780654,collision_rod_early,2,-3.5141603771298886,2.764705882352941,"{""collision"": 2, ""success"": 14, ""timeout"": 1}","{""collision_rod_early"": 2, ""timeout"": 1}","{""collision_rod_early"": 10.522305895421207, ""collision_rod_late"": 0.0, ""collision_rod_mid"": 0.0, ""collision_tblock_early"": 0.0, ""collision_tblock_late"": 0.0, ""collision_tblock_mid"": 0.0, ""fall"": 0.0, ""timeout"": 1.8157381411448994}"
layout_path_conditioned,start_region=x_neg__y_pos|path_angle_bin=sector_3|path_len_bin=long|near_count_bin=2|medhigh_count_bin=0|pair_side_mode=same_side,False,6,5,1,0.16666666666666666,1.99415508829284,collision_rod_early,1,-4.321590533873417,2.5,"{""collision"": 1, ""success"": 5}","{""collision_rod_early"": 1}","{""collision_rod_early"": 14.906600018513377, ""collision_rod_late"": 0.0, ""collision_rod_mid"": 0.0, ""collision_tblock_early"": 0.0, ""collision_tblock_late"": 0.0, ""collision_tblock_mid"": 0.0, ""fall"": 0.0, ""timeout"": 0.0}"
layout_path_conditioned,start_region=x_neg__y_neg|path_angle_bin=sector_5|path_len_bin=long|near_count_bin=2|medhigh_count_bin=0|pair_side_mode=same_side,False,6,5,1,0.16666666666666666,1.99415508829284,timeout,1,-3.461961061998139,4.0,"{""success"": 5, ""timeout"": 1}","{""timeout"": 1}","{""collision_rod_early"": 0.0, ""collision_rod_late"": 0.0, ""collision_rod_mid"": 0.0, ""collision_tblock_early"": 0.0, ""collision_tblock_late"": 0.0, ""collision_tblock_mid"": 0.0, ""fall"": 0.0, ""timeout"": 5.144591399910548}"
layout_path_conditioned,start_region=x_neg__y_pos|path_angle_bin=sector_2|path_len_bin=long|near_count_bin=2|medhigh_count_bin=0|pair_side_mode=same_side,False,6,5,1,0.16666666666666666,1.99415508829284,collision_tblock_early,1,-4.070234719677528,2.3333333333333335,"{""collision"": 1, ""success"": 5}","{""collision_tblock_early"": 1}","{""collision_rod_early"": 0.0, ""collision_rod_late"": 0.0, ""collision_rod_mid"": 0.0, ""collision_tblock_early"": 4.595382815398225, ""collision_tblock_late"": 0.0, ""collision_tblock_mid"": 0.0, ""fall"": 0.0, ""timeout"": 0.0}"
layout_path_conditioned,start_region=x_neg__y_pos|path_angle_bin=sector_2|path_len_bin=medium|near_count_bin=1|medhigh_count_bin=0|pair_side_mode=opposite_side,False,37,31,6,0.16216216216216217,1.940259004825466,collision_rod_early,3,-3.845688880684294,3.324324324324324,"{""collision"": 4, ""success"": 31, ""timeout"": 2}","{""collision_rod_early"": 3, ""collision_tblock_early"": 1, ""timeout"": 2}","{""collision_rod_early"": 7.251859468465967, ""collision_rod_late"": 0.0, ""collision_rod_mid"": 0.0, ""collision_tblock_early"": 0.7451972133078203, ""collision_tblock_late"": 0.0, ""collision_tblock_mid"": 0.0, ""fall"": 0.0, ""timeout"": 1.6685161297007185}"
layout_path_conditioned,start_region=x_neg__y_pos|path_angle_bin=sector_3|path_len_bin=medium|near_count_bin=1|medhigh_count_bin=0|pair_side_mode=same_side,False,34,29,5,0.14705882352941177,1.7595486073172117,collision_rod_early,3,-3.606808155490455,3.264705882352941,"{""collision"": 3, ""success"": 29, ""timeout"": 2}","{""collision_rod_early"": 3, ""timeout"": 2}","{""collision_rod_early"": 7.891729421565905, ""collision_rod_late"": 0.0, ""collision_rod_mid"": 0.0, ""collision_tblock_early"": 0.0, ""collision_tblock_late"": 0.0, ""collision_tblock_mid"": 0.0, ""fall"": 0.0, ""timeout"": 1.8157381411448994}"
layout_path_conditioned,start_region=x_neg__y_neg|path_angle_bin=sector_4|path_len_bin=long|near_count_bin=2|medhigh_count_bin=0|pair_side_mode=same_side,False,8,7,1,0.125,1.4956163162196299,timeout,1,-4.1315762297468215,3.5,"{""success"": 7, ""timeout"": 1}","{""timeout"": 1}","{""collision_rod_early"": 0.0, ""collision_rod_late"": 0.0, ""collision_rod_mid"": 0.0, ""collision_tblock_early"": 0.0, ""collision_tblock_late"": 0.0, ""collision_tblock_mid"": 0.0, ""fall"": 0.0, ""timeout"": 3.8584435499329115}"
layout_path_conditioned,start_region=x_neg__y_mid|path_angle_bin=sector_4|path_len_bin=medium|near_count_bin=1|medhigh_count_bin=0|pair_side_mode=center_involved,False,8,7,1,0.125,1.4956163162196299,timeout,1,-2.9821795650198917,3.125,"{""success"": 7, ""timeout"": 1}","{""timeout"": 1}","{""collision_rod_early"": 0.0, ""collision_rod_late"": 0.0, ""collision_rod_mid"": 0.0, ""collision_tblock_early"": 0.0, ""collision_tblock_late"": 0.0, ""collision_tblock_mid"": 0.0, ""fall"": 0.0, ""timeout"": 3.8584435499329115}"
layout_path_conditioned,start_region=x_neg__y_neg|path_angle_bin=sector_5|path_len_bin=medium|near_count_bin=1|medhigh_count_bin=0|pair_side_mode=same_side,False,50,44,6,0.12,1.4357916635708445,timeout,2,-3.3182202452988037,3.02,"{""collision"": 4, ""success"": 44, ""timeout"": 2}","{""collision_rod_early"": 2, ""collision_tblock_early"": 2, ""timeout"": 2}","{""collision_rod_early"": 3.57758400444321, ""collision_rod_late"": 0.0, ""collision_rod_mid"": 0.0, ""collision_tblock_early"": 1.102891875695574, ""collision_tblock_late"": 0.0, ""collision_tblock_mid"": 0.0, ""fall"": 0.0, ""timeout"": 1.2347019359785316}"
layout_path_conditioned,start_region=x_neg__y_pos|path_angle_bin=sector_2|path_len_bin=long|near_count_bin=1|medhigh_count_bin=0|pair_side_mode=center_involved,False,17,15,2,0.11764705882352941,1.4076388858537694,timeout,1,-3.673905515856589,3.4705882352941178,"{""collision"": 1, ""success"": 15, ""timeout"": 1}","{""collision_tblock_early"": 1, ""timeout"": 1}","{""collision_rod_early"": 0.0, ""collision_rod_late"": 0.0, ""collision_rod_mid"": 0.0, ""collision_tblock_early"": 1.6218998171993735, ""collision_tblock_late"": 0.0, ""collision_tblock_mid"": 0.0, ""fall"": 0.0, ""timeout"": 1.8157381411448994}"
layout_path_conditioned,start_region=x_neg__y_neg|path_angle_bin=sector_4|path_len_bin=medium|near_count_bin=1|medhigh_count_bin=0|pair_side_mode=opposite_side,False,44,39,5,0.11363636363636363,1.3596511965633,timeout,3,-3.187420655451192,3.2954545454545454,"{""collision"": 2, ""success"": 39, ""timeout"": 3}","{""collision_rod_early"": 2, ""timeout"": 3}","{""collision_rod_early"": 4.065436368685466, ""collision_rod_late"": 0.0, ""collision_rod_mid"": 0.0, ""collision_tblock_early"": 0.0, ""collision_tblock_late"": 0.0, ""collision_tblock_mid"": 0.0, ""fall"": 0.0, ""timeout"": 2.104605572690679}"
layout_path_conditioned,start_region=x_neg__y_neg|path_angle_bin=sector_5|path_len_bin=long|near_count_bin=1|medhigh_count_bin=0|pair_side_mode=center_involved,False,29,26,3,0.10344827586206896,1.2377514341127973,timeout,3,-3.83496673493684,3.7241379310344827,"{""success"": 26, ""timeout"": 3}","{""timeout"": 3}","{""collision_rod_early"": 0.0, ""collision_rod_late"": 0.0, ""collision_rod_mid"": 0.0, ""collision_tblock_early"": 0.0, ""collision_tblock_late"": 0.0, ""collision_tblock_mid"": 0.0, ""fall"": 0.0, ""timeout"": 3.193194662013444}"
layout_path_conditioned,start_region=x_pos__y_neg|path_angle_bin=sector_7|path_len_bin=medium|near_count_bin=0|medhigh_count_bin=0|pair_side_mode=center_involved,False,40,36,4,0.1,1.196493052975704,collision_rod_early,2,-2.782191474210806,2.625,"{""collision"": 4, ""success"": 36}","{""collision_rod_early"": 2, ""collision_rod_mid"": 1, ""collision_tblock_early"": 1}","{""collision_rod_early"": 4.4719800055540135, ""collision_rod_late"": 0.0, ""collision_rod_mid"": 17.61881838074398, ""collision_tblock_early"": 0.6893074223097339, ""collision_tblock_late"": 0.0, ""collision_tblock_mid"": 0.0, ""fall"": 0.0, ""timeout"": 0.0}"
layout_path_conditioned,start_region=x_pos__y_pos|path_angle_bin=sector_0|path_len_bin=medium|near_count_bin=1|medhigh_count_bin=0|pair_side_mode=same_side,False,10,9,1,0.1,1.196493052975704,timeout,1,-2.7661497031833013,3.5,"{""success"": 9, ""timeout"": 1}","{""timeout"": 1}","{""collision_rod_early"": 0.0, ""collision_rod_late"": 0.0, ""collision_rod_mid"": 0.0, ""collision_tblock_early"": 0.0, ""collision_tblock_late"": 0.0, ""collision_tblock_mid"": 0.0, ""fall"": 0.0, ""timeout"": 3.0867548399463294}"
layout_path_conditioned,start_region=x_neg__y_mid|path_angle_bin=sector_4|path_len_bin=long|near_count_bin=1|medhigh_count_bin=0|pair_side_mode=center_involved,False,10,9,1,0.1,1.196493052975704,collision_tblock_early,1,-3.854124937261156,2.6,"{""collision"": 1, ""success"": 9}","{""collision_tblock_early"": 1}","{""collision_rod_early"": 0.0, ""collision_rod_late"": 0.0, ""collision_rod_mid"": 0.0, ""collision_tblock_early"": 2.7572296892389354, ""collision_tblock_late"": 0.0, ""collision_tblock_mid"": 0.0, ""fall"": 0.0, ""timeout"": 0.0}"
layout_path_conditioned,start_region=x_pos__y_neg|path_angle_bin=sector_7|path_len_bin=medium|near_count_bin=1|medhigh_count_bin=0|pair_side_mode=opposite_side,False,41,37,4,0.0975609756097561,1.1673102955860526,timeout,3,-3.5313560871102454,3.341463414634146,"{""collision"": 1, ""success"": 37, ""timeout"": 3}","{""collision_rod_mid"": 1, ""timeout"": 3}","{""collision_rod_early"": 0.0, ""collision_rod_late"": 0.0, ""collision_rod_mid"": 17.18909110316486, ""collision_tblock_early"": 0.0, ""collision_tblock_late"": 0.0, ""collision_tblock_mid"": 0.0, ""fall"": 0.0, ""timeout"": 2.2586011023997528}"
layout_path_conditioned,start_region=x_neg__y_neg|path_angle_bin=sector_4|path_len_bin=medium|near_count_bin=0|medhigh_count_bin=0|pair_side_mode=center_involved,False,63,57,6,0.09523809523809523,1.1395171933101942,timeout,3,-2.7771002022496543,2.857142857142857,"{""collision"": 3, ""success"": 57, ""timeout"": 3}","{""collision_rod_early"": 2, ""collision_tblock_early"": 1, ""timeout"": 3}","{""collision_rod_early"": 2.839352384478738, ""collision_rod_late"": 0.0, ""collision_rod_mid"": 0.0, ""collision_tblock_early"": 0.4376555062284024, ""collision_tblock_late"": 0.0, ""collision_tblock_mid"": 0.0, ""fall"": 0.0, ""timeout"": 1.4698832571172995}"
layout_path_conditioned,start_region=x_mid__y_neg|path_angle_bin=sector_5|path_len_bin=long|near_count_bin=1|medhigh_count_bin=0|pair_side_mode=center_involved,False,11,10,1,0.09090909090909091,1.08772095725064,fall,1,-6.997011129201797,3.272727272727273,"{""fall"": 1, ""success"": 10}","{""fall"": 1}","{""collision_rod_early"": 0.0, ""collision_rod_late"": 0.0, ""collision_rod_mid"": 0.0, ""collision_tblock_early"": 0.0, ""collision_tblock_late"": 0.0, ""collision_tblock_mid"": 0.0, ""fall"": 73.19818181818182, ""timeout"": 0.0}"
layout_path_conditioned,start_region=x_neg__y_pos|path_angle_bin=sector_2|path_len_bin=medium|near_count_bin=0|medhigh_count_bin=0|pair_side_mode=center_involved,False,34,31,3,0.08823529411764706,1.055729164390327,collision_rod_mid,1,-3.1918959321359925,2.9705882352941178,"{""collision"": 2, ""success"": 31, ""timeout"": 1}","{""collision_rod_early"": 1, ""collision_rod_mid"": 1, ""timeout"": 1}","{""collision_rod_early"": 2.6305764738553017, ""collision_rod_late"": 0.0, ""collision_rod_mid"": 20.728021624404683, ""collision_tblock_early"": 0.0, ""collision_tblock_late"": 0.0, ""collision_tblock_mid"": 0.0, ""fall"": 0.0, ""timeout"": 0.9078690705724497}"
layout_path_conditioned,start_region=x_neg__y_neg|path_angle_bin=sector_5|path_len_bin=medium|near_count_bin=1|medhigh_count_bin=0|pair_side_mode=opposite_side,False,57,52,5,0.08771929824561403,1.0495553096278105,collision_rod_early,4,-2.723015092471927,2.56140350877193,"{""collision"": 5, ""success"": 52}","{""collision_rod_early"": 4, ""collision_tblock_early"": 1}","{""collision_rod_early"": 6.276463165689843, ""collision_rod_late"": 0.0, ""collision_rod_mid"": 0.0, ""collision_tblock_early"": 0.48372450688402374, ""collision_tblock_late"": 0.0, ""collision_tblock_mid"": 0.0, ""fall"": 0.0, ""timeout"": 0.0}"
layout_path_conditioned,start_region=x_mid__y_neg|path_angle_bin=sector_6|path_len_bin=long|near_count_bin=1|medhigh_count_bin=0|pair_side_mode=center_involved,False,12,11,1,0.08333333333333333,0.99707754414642,timeout,1,-2.8407489556596843,3.5833333333333335,"{""success"": 11, ""timeout"": 1}","{""timeout"": 1}","{""collision_rod_early"": 0.0, ""collision_rod_late"": 0.0, ""collision_rod_mid"": 0.0, ""collision_tblock_early"": 0.0, ""collision_tblock_late"": 0.0, ""collision_tblock_mid"": 0.0, ""fall"": 0.0, ""timeout"": 2.572295699955274}"
layout_path_conditioned,start_region=x_pos__y_neg|path_angle_bin=sector_7|path_len_bin=medium|near_count_bin=1|medhigh_count_bin=0|pair_side_mode=same_side,False,36,33,3,0.08333333333333333,0.9970775441464199,timeout,2,-2.2136791443217065,2.9166666666666665,"{""collision"": 1, ""success"": 33, ""timeout"": 2}","{""collision_rod_early"": 1, ""timeout"": 2}","{""collision_rod_early"": 2.484433336418896, ""collision_rod_late"": 0.0, ""collision_rod_mid"": 0.0, ""collision_tblock_early"": 0.0, ""collision_tblock_late"": 0.0, ""collision_tblock_mid"": 0.0, ""fall"": 0.0, ""timeout"": 1.7148637999701828}"
layout_path_conditioned,start_region=x_pos__y_neg|path_angle_bin=sector_6|path_len_bin=medium|near_count_bin=1|medhigh_count_bin=0|pair_side_mode=opposite_side,False,37,34,3,0.08108108108108109,0.970129502412733,timeout,3,-3.073323233227631,3.27027027027027,"{""success"": 34, ""timeout"": 3}","{""timeout"": 3}","{""collision_rod_early"": 0.0, ""collision_rod_late"": 0.0, ""collision_rod_mid"": 0.0, ""collision_tblock_early"": 0.0, ""collision_tblock_late"": 0.0, ""collision_tblock_mid"": 0.0, ""fall"": 0.0, ""timeout"": 2.502774194551078}"
layout_path_conditioned,start_region=x_neg__y_neg|path_angle_bin=sector_5|path_len_bin=medium|near_count_bin=0|medhigh_count_bin=0|pair_side_mode=center_involved,False,63,58,5,0.07936507936507936,0.9495976610918285,collision_rod_early,3,-3.1323902825674446,2.9047619047619047,"{""collision"": 4, ""success"": 58, ""timeout"": 1}","{""collision_rod_early"": 3, ""collision_tblock_early"": 1, ""timeout"": 1}","{""collision_rod_early"": 4.259028576718107, ""collision_rod_late"": 0.0, ""collision_rod_mid"": 0.0, ""collision_tblock_early"": 0.4376555062284024, ""collision_tblock_late"": 0.0, ""collision_tblock_mid"": 0.0, ""fall"": 0.0, ""timeout"": 0.4899610857057665}"
layout_path_conditioned,start_region=x_neg__y_pos|path_angle_bin=sector_2|path_len_bin=medium|near_count_bin=1|medhigh_count_bin=0|pair_side_mode=same_side,False,26,24,2,0.07692307692307693,0.9203792715197723,collision_rod_early,2,-3.23019577244186,2.9615384615384617,"{""collision"": 2, ""success"": 24}","{""collision_rod_early"": 2}","{""collision_rod_early"": 6.8799692393138665, ""collision_rod_late"": 0.0, ""collision_rod_mid"": 0.0, ""collision_tblock_early"": 0.0, ""collision_tblock_late"": 0.0, ""collision_tblock_mid"": 0.0, ""fall"": 0.0, ""timeout"": 0.0}"
layout_path_conditioned,start_region=x_neg__y_pos|path_angle_bin=sector_2|path_len_bin=long|near_count_bin=2|medhigh_count_bin=0|pair_side_mode=opposite_side,False,13,12,1,0.07692307692307693,0.9203792715197723,collision_tblock_early,1,-4.022177755957285,3.6923076923076925,"{""collision"": 1, ""success"": 12}","{""collision_tblock_early"": 1}","{""collision_rod_early"": 0.0, ""collision_rod_late"": 0.0, ""collision_rod_mid"": 0.0, ""collision_tblock_early"": 2.1209459147991807, ""collision_tblock_late"": 0.0, ""collision_tblock_mid"": 0.0, ""fall"": 0.0, ""timeout"": 0.0}"
layout_path_conditioned,start_region=x_neg__y_pos|path_angle_bin=sector_3|path_len_bin=medium|near_count_bin=1|medhigh_count_bin=0|pair_side_mode=opposite_side,False,40,37,3,0.075,0.8973697897317781,collision_rod_early,3,-3.138890100598283,2.825,"{""collision"": 3, ""success"": 37}","{""collision_rod_early"": 3}","{""collision_rod_early"": 6.70797000833102, ""collision_rod_late"": 0.0, ""collision_rod_mid"": 0.0, ""collision_tblock_early"": 0.0, ""collision_tblock_late"": 0.0, ""collision_tblock_mid"": 0.0, ""fall"": 0.0, ""timeout"": 0.0}"
layout_path_conditioned,start_region=x_neg__y_pos|path_angle_bin=sector_3|path_len_bin=long|near_count_bin=2|medhigh_count_bin=0|pair_side_mode=opposite_side,False,14,13,1,0.07142857142857142,0.8546378949826458,collision_tblock_early,1,-3.383547123300345,2.7142857142857144,"{""collision"": 1, ""success"": 13}","{""collision_tblock_early"": 1}","{""collision_rod_early"": 0.0, ""collision_rod_late"": 0.0, ""collision_rod_mid"": 0.0, ""collision_tblock_early"": 1.9694497780278108, ""collision_tblock_late"": 0.0, ""collision_tblock_mid"": 0.0, ""fall"": 0.0, ""timeout"": 0.0}"
layout_path_conditioned,start_region=x_pos__y_pos|path_angle_bin=sector_1|path_len_bin=medium|near_count_bin=1|medhigh_count_bin=0|pair_side_mode=same_side,False,18,17,1,0.05555555555555555,0.66471836276428,timeout,1,-2.656951808977102,3.4444444444444446,"{""success"": 17, ""timeout"": 1}","{""timeout"": 1}","{""collision_rod_early"": 0.0, ""collision_rod_late"": 0.0, ""collision_rod_mid"": 0.0, ""collision_tblock_early"": 0.0, ""collision_tblock_late"": 0.0, ""collision_tblock_mid"": 0.0, ""fall"": 0.0, ""timeout"": 1.7148637999701828}"
layout_path_conditioned,start_region=x_neg__y_neg|path_angle_bin=sector_4|path_len_bin=long|near_count_bin=2|medhigh_count_bin=0|pair_side_mode=opposite_side,False,19,18,1,0.05263157894736842,0.6297331857766862,collision_tblock_early,1,-3.805595993650778,2.9473684210526314,"{""collision"": 1, ""success"": 18}","{""collision_tblock_early"": 1}","{""collision_rod_early"": 0.0, ""collision_rod_late"": 0.0, ""collision_rod_mid"": 0.0, ""collision_tblock_early"": 1.451173520652071, ""collision_tblock_late"": 0.0, ""collision_tblock_mid"": 0.0, ""fall"": 0.0, ""timeout"": 0.0}"
layout_path_conditioned,start_region=x_neg__y_neg|path_angle_bin=sector_4|path_len_bin=medium|near_count_bin=1|medhigh_count_bin=0|pair_side_mode=same_side,False,41,39,2,0.04878048780487805,0.5836551477930263,collision_tblock_early,1,-2.977565797920644,2.8048780487804876,"{""collision"": 2, ""success"": 39}","{""collision_rod_early"": 1, ""collision_tblock_early"": 1}","{""collision_rod_early"": 2.1814536612458597, ""collision_rod_late"": 0.0, ""collision_rod_mid"": 0.0, ""collision_tblock_early"": 0.6724950461558378, ""collision_tblock_late"": 0.0, ""collision_tblock_mid"": 0.0, ""fall"": 0.0, ""timeout"": 0.0}"
layout_path_conditioned,start_region=x_pos__y_neg|path_angle_bin=sector_6|path_len_bin=medium|near_count_bin=1|medhigh_count_bin=0|pair_side_mode=same_side,False,33,32,1,0.030303030303030304,0.36257365241688,collision_rod_early,1,-2.0390940308947663,2.484848484848485,"{""collision"": 1, ""success"": 32}","{""collision_rod_early"": 1}","{""collision_rod_early"": 2.7102909124569776, ""collision_rod_late"": 0.0, ""collision_rod_mid"": 0.0, ""collision_tblock_early"": 0.0, ""collision_tblock_late"": 0.0, ""collision_tblock_mid"": 0.0, ""fall"": 0.0, ""timeout"": 0.0}"
layout_path_conditioned,start_region=x_neg__y_neg|path_angle_bin=sector_4|path_len_bin=long|near_count_bin=1|medhigh_count_bin=0|pair_side_mode=center_involved,False,34,33,1,0.029411764705882353,0.35190972146344235,collision_rod_early,1,-3.096634562020446,2.8823529411764706,"{""collision"": 1, ""success"": 33}","{""collision_rod_early"": 1}","{""collision_rod_early"": 2.6305764738553017, ""collision_rod_late"": 0.0, ""collision_rod_mid"": 0.0, ""collision_tblock_early"": 0.0, ""collision_tblock_late"": 0.0, ""collision_tblock_mid"": 0.0, ""fall"": 0.0, ""timeout"": 0.0}"
layout_path_conditioned,start_region=x_pos__y_neg|path_angle_bin=sector_6|path_len_bin=medium|near_count_bin=0|medhigh_count_bin=0|pair_side_mode=center_involved,False,48,47,1,0.020833333333333332,0.249269386036605,timeout,1,-2.019741764321711,2.8958333333333335,"{""success"": 47, ""timeout"": 1}","{""timeout"": 1}","{""collision_rod_early"": 0.0, ""collision_rod_late"": 0.0, ""collision_rod_mid"": 0.0, ""collision_tblock_early"": 0.0, ""collision_tblock_late"": 0.0, ""collision_tblock_mid"": 0.0, ""fall"": 0.0, ""timeout"": 0.6430739249888185}"
layout_path_conditioned,start_region=x_pos__y_pos|path_angle_bin=sector_0|path_len_bin=medium|near_count_bin=1|medhigh_count_bin=0|pair_side_mode=opposite_side,False,17,17,0,0.0,0.0,none,0,-2.4353577574716168,3.0588235294117645,"{""success"": 17}",{},"{""collision_rod_early"": 0.0, ""collision_rod_late"": 0.0, ""collision_rod_mid"": 0.0, ""collision_tblock_early"": 0.0, ""collision_tblock_late"": 0.0, ""collision_tblock_mid"": 0.0, ""fall"": 0.0, ""timeout"": 0.0}"
layout_path_conditioned,start_region=x_pos__y_neg|path_angle_bin=sector_7|path_len_bin=long|near_count_bin=1|medhigh_count_bin=0|pair_side_mode=center_involved,False,14,14,0,0.0,0.0,none,0,-3.1438774862234586,2.857142857142857,"{""success"": 14}",{},"{""collision_rod_early"": 0.0, ""collision_rod_late"": 0.0, ""collision_rod_mid"": 0.0, ""collision_tblock_early"": 0.0, ""collision_tblock_late"": 0.0, ""collision_tblock_mid"": 0.0, ""fall"": 0.0, ""timeout"": 0.0}"
layout_path_conditioned,start_region=x_neg__y_neg|path_angle_bin=sector_5|path_len_bin=long|near_count_bin=2|medhigh_count_bin=0|pair_side_mode=opposite_side,False,12,12,0,0.0,0.0,none,0,-3.476770024475577,3.1666666666666665,"{""success"": 12}",{},"{""collision_rod_early"": 0.0, ""collision_rod_late"": 0.0, ""collision_rod_mid"": 0.0, ""collision_tblock_early"": 0.0, ""collision_tblock_late"": 0.0, ""collision_tblock_mid"": 0.0, ""fall"": 0.0, ""timeout"": 0.0}"
layout_path_conditioned,start_region=x_neg__y_mid|path_angle_bin=sector_3|path_len_bin=long|near_count_bin=1|medhigh_count_bin=0|pair_side_mode=center_involved,False,11,11,0,0.0,0.0,none,0,-4.024993819576529,3.3636363636363638,"{""success"": 11}",{},"{""collision_rod_early"": 0.0, ""collision_rod_late"": 0.0, ""collision_rod_mid"": 0.0, ""collision_tblock_early"": 0.0, ""collision_tblock_late"": 0.0, ""collision_tblock_mid"": 0.0, ""fall"": 0.0, ""timeout"": 0.0}"
layout_path_conditioned,start_region=x_neg__y_mid|path_angle_bin=sector_4|path_len_bin=long|near_count_bin=2|medhigh_count_bin=0|pair_side_mode=opposite_side,False,9,9,0,0.0,0.0,none,0,-2.9821847882870443,2.888888888888889,"{""success"": 9}",{},"{""collision_rod_early"": 0.0, ""collision_rod_late"": 0.0, ""collision_rod_mid"": 0.0, ""collision_tblock_early"": 0.0, ""collision_tblock_late"": 0.0, ""collision_tblock_mid"": 0.0, ""fall"": 0.0, ""timeout"": 0.0}"
layout_path_conditioned,start_region=x_mid__y_neg|path_angle_bin=sector_6|path_len_bin=long|near_count_bin=2|medhigh_count_bin=0|pair_side_mode=opposite_side,False,6,6,0,0.0,0.0,none,0,-3.2331874718988907,3.0,"{""success"": 6}",{},"{""collision_rod_early"": 0.0, ""collision_rod_late"": 0.0, ""collision_rod_mid"": 0.0, ""collision_tblock_early"": 0.0, ""collision_tblock_late"": 0.0, ""collision_tblock_mid"": 0.0, ""fall"": 0.0, ""timeout"": 0.0}"
layout_path_conditioned,start_region=x_mid__y_neg|path_angle_bin=sector_5|path_len_bin=long|near_count_bin=2|medhigh_count_bin=0|pair_side_mode=opposite_side,False,6,6,0,0.0,0.0,none,0,-2.350423430096543,2.5,"{""success"": 6}",{},"{""collision_rod_early"": 0.0, ""collision_rod_late"": 0.0, ""collision_rod_mid"": 0.0, ""collision_tblock_early"": 0.0, ""collision_tblock_late"": 0.0, ""collision_tblock_mid"": 0.0, ""fall"": 0.0, ""timeout"": 0.0}"
layout_path_conditioned,start_region=x_neg__y_mid|path_angle_bin=sector_3|path_len_bin=medium|near_count_bin=2|medhigh_count_bin=0|pair_side_mode=same_side,False,5,5,0,0.0,0.0,none,0,-1.9332485108029964,2.6,"{""success"": 5}",{},"{""collision_rod_early"": 0.0, ""collision_rod_late"": 0.0, ""collision_rod_mid"": 0.0, ""collision_tblock_early"": 0.0, ""collision_tblock_late"": 0.0, ""collision_tblock_mid"": 0.0, ""fall"": 0.0, ""timeout"": 0.0}"
layout_path_conditioned,start_region=x_mid__y_neg|path_angle_bin=sector_6|path_len_bin=medium|near_count_bin=1|medhigh_count_bin=0|pair_side_mode=center_involved,False,4,4,0,0.0,0.0,none,0,-2.2032693099744494,3.25,"{""success"": 4}",{},"{""collision_rod_early"": 0.0, ""collision_rod_late"": 0.0, ""collision_rod_mid"": 0.0, ""collision_tblock_early"": 0.0, ""collision_tblock_late"": 0.0, ""collision_tblock_mid"": 0.0, ""fall"": 0.0, ""timeout"": 0.0}"
layout_path_conditioned,start_region=x_neg__y_mid|path_angle_bin=sector_4|path_len_bin=medium|near_count_bin=2|medhigh_count_bin=0|pair_side_mode=opposite_side,False,4,4,0,0.0,0.0,none,0,-2.145907644416439,2.75,"{""success"": 4}",{},"{""collision_rod_early"": 0.0, ""collision_rod_late"": 0.0, ""collision_rod_mid"": 0.0, ""collision_tblock_early"": 0.0, ""collision_tblock_late"": 0.0, ""collision_tblock_mid"": 0.0, ""fall"": 0.0, ""timeout"": 0.0}"
layout_path_conditioned,start_region=x_mid__y_neg|path_angle_bin=sector_5|path_len_bin=medium|near_count_bin=1|medhigh_count_bin=0|pair_side_mode=center_involved,False,4,4,0,0.0,0.0,none,0,-2.227407914400343,3.25,"{""success"": 4}",{},"{""collision_rod_early"": 0.0, ""collision_rod_late"": 0.0, ""collision_rod_mid"": 0.0, ""collision_tblock_early"": 0.0, ""collision_tblock_late"": 0.0, ""collision_tblock_mid"": 0.0, ""fall"": 0.0, ""timeout"": 0.0}"
layout_path_conditioned,start_region=x_neg__y_mid|path_angle_bin=sector_3|path_len_bin=medium|near_count_bin=1|medhigh_count_bin=0|pair_side_mode=center_involved,False,3,3,0,0.0,0.0,none,0,-1.9980630917853344,3.3333333333333335,"{""success"": 3}",{},"{""collision_rod_early"": 0.0, ""collision_rod_late"": 0.0, ""collision_rod_mid"": 0.0, ""collision_tblock_early"": 0.0, ""collision_tblock_late"": 0.0, ""collision_tblock_mid"": 0.0, ""fall"": 0.0, ""timeout"": 0.0}"
layout_path_conditioned,start_region=x_pos__y_neg|path_angle_bin=sector_7|path_len_bin=long|near_count_bin=0|medhigh_count_bin=1|pair_side_mode=same_side,False,3,3,0,0.0,0.0,none,0,-3.282991164888102,3.6666666666666665,"{""success"": 3}",{},"{""collision_rod_early"": 0.0, ""collision_rod_late"": 0.0, ""collision_rod_mid"": 0.0, ""collision_tblock_early"": 0.0, ""collision_tblock_late"": 0.0, ""collision_tblock_mid"": 0.0, ""fall"": 0.0, ""timeout"": 0.0}"
layout_path_conditioned,start_region=x_neg__y_mid|path_angle_bin=sector_3|path_len_bin=long|near_count_bin=2|medhigh_count_bin=0|pair_side_mode=opposite_side,False,3,3,0,0.0,0.0,none,0,-4.736313076763257,4.666666666666667,"{""success"": 3}",{},"{""collision_rod_early"": 0.0, ""collision_rod_late"": 0.0, ""collision_rod_mid"": 0.0, ""collision_tblock_early"": 0.0, ""collision_tblock_late"": 0.0, ""collision_tblock_mid"": 0.0, ""fall"": 0.0, ""timeout"": 0.0}"
layout_path_conditioned,start_region=x_pos__y_mid|path_angle_bin=sector_7|path_len_bin=long|near_count_bin=0|medhigh_count_bin=1|pair_side_mode=same_side,False,3,3,0,0.0,0.0,none,0,-2.4132381889897054,2.6666666666666665,"{""success"": 3}",{},"{""collision_rod_early"": 0.0, ""collision_rod_late"": 0.0, ""collision_rod_mid"": 0.0, ""collision_tblock_early"": 0.0, ""collision_tblock_late"": 0.0, ""collision_tblock_mid"": 0.0, ""fall"": 0.0, ""timeout"": 0.0}"
layout_path_conditioned,start_region=x_mid__y_pos|path_angle_bin=sector_2|path_len_bin=medium|near_count_bin=2|medhigh_count_bin=0|pair_side_mode=opposite_side,False,3,3,0,0.0,0.0,none,0,-4.346962818461472,4.0,"{""success"": 3}",{},"{""collision_rod_early"": 0.0, ""collision_rod_late"": 0.0, ""collision_rod_mid"": 0.0, ""collision_tblock_early"": 0.0, ""collision_tblock_late"": 0.0, ""collision_tblock_mid"": 0.0, ""fall"": 0.0, ""timeout"": 0.0}"
layout_path_conditioned,start_region=x_pos__y_mid|path_angle_bin=sector_7|path_len_bin=long|near_count_bin=1|medhigh_count_bin=0|pair_side_mode=center_involved,False,3,3,0,0.0,0.0,none,0,-1.5502919151943904,2.6666666666666665,"{""success"": 3}",{},"{""collision_rod_early"": 0.0, ""collision_rod_late"": 0.0, ""collision_rod_mid"": 0.0, ""collision_tblock_early"": 0.0, ""collision_tblock_late"": 0.0, ""collision_tblock_mid"": 0.0, ""fall"": 0.0, ""timeout"": 0.0}"
layout_path_conditioned,start_region=x_mid__y_pos|path_angle_bin=sector_2|path_len_bin=long|near_count_bin=1|medhigh_count_bin=0|pair_side_mode=center_involved,False,3,3,0,0.0,0.0,none,0,-2.12279506025525,2.0,"{""success"": 3}",{},"{""collision_rod_early"": 0.0, ""collision_rod_late"": 0.0, ""collision_rod_mid"": 0.0, ""collision_tblock_early"": 0.0, ""collision_tblock_late"": 0.0, ""collision_tblock_mid"": 0.0, ""fall"": 0.0, ""timeout"": 0.0}"
layout_path_conditioned,start_region=x_mid__y_pos|path_angle_bin=sector_2|path_len_bin=long|near_count_bin=1|medhigh_count_bin=1|pair_side_mode=same_side,False,2,2,0,0.0,0.0,none,0,-6.691611497996682,5.0,"{""success"": 2}",{},"{""collision_rod_early"": 0.0, ""collision_rod_late"": 0.0, ""collision_rod_mid"": 0.0, ""collision_tblock_early"": 0.0, ""collision_tblock_late"": 0.0, ""collision_tblock_mid"": 0.0, ""fall"": 0.0, ""timeout"": 0.0}"
layout_path_conditioned,start_region=x_neg__y_mid|path_angle_bin=sector_4|path_len_bin=long|near_count_bin=2|medhigh_count_bin=0|pair_side_mode=same_side,False,2,2,0,0.0,0.0,none,0,-3.203856441752275,3.0,"{""success"": 2}",{},"{""collision_rod_early"": 0.0, ""collision_rod_late"": 0.0, ""collision_rod_mid"": 0.0, ""collision_tblock_early"": 0.0, ""collision_tblock_late"": 0.0, ""collision_tblock_mid"": 0.0, ""fall"": 0.0, ""timeout"": 0.0}"
layout_path_conditioned,start_region=x_mid__y_neg|path_angle_bin=sector_6|path_len_bin=medium|near_count_bin=2|medhigh_count_bin=0|pair_side_mode=opposite_side,False,2,2,0,0.0,0.0,none,0,-1.7052080224445563,3.0,"{""success"": 2}",{},"{""collision_rod_early"": 0.0, ""collision_rod_late"": 0.0, ""collision_rod_mid"": 0.0, ""collision_tblock_early"": 0.0, ""collision_tblock_late"": 0.0, ""collision_tblock_mid"": 0.0, ""fall"": 0.0, ""timeout"": 0.0}"
layout_path_conditioned,start_region=x_pos__y_mid|path_angle_bin=sector_7|path_len_bin=long|near_count_bin=2|medhigh_count_bin=0|pair_side_mode=opposite_side,False,2,2,0,0.0,0.0,none,0,-3.0745981635776367,3.5,"{""success"": 2}",{},"{""collision_rod_early"": 0.0, ""collision_rod_late"": 0.0, ""collision_rod_mid"": 0.0, ""collision_tblock_early"": 0.0, ""collision_tblock_late"": 0.0, ""collision_tblock_mid"": 0.0, ""fall"": 0.0, ""timeout"": 0.0}"
layout_path_conditioned,start_region=x_mid__y_neg|path_angle_bin=sector_6|path_len_bin=long|near_count_bin=2|medhigh_count_bin=0|pair_side_mode=same_side,False,2,2,0,0.0,0.0,none,0,-1.3574269081352637,2.0,"{""success"": 2}",{},"{""collision_rod_early"": 0.0, ""collision_rod_late"": 0.0, ""collision_rod_mid"": 0.0, ""collision_tblock_early"": 0.0, ""collision_tblock_late"": 0.0, ""collision_tblock_mid"": 0.0, ""fall"": 0.0, ""timeout"": 0.0}"
layout_path_conditioned,start_region=x_mid__y_neg|path_angle_bin=sector_5|path_len_bin=medium|near_count_bin=2|medhigh_count_bin=0|pair_side_mode=opposite_side,False,2,2,0,0.0,0.0,none,0,-2.3780254769986624,3.0,"{""success"": 2}",{},"{""collision_rod_early"": 0.0, ""collision_rod_late"": 0.0, ""collision_rod_mid"": 0.0, ""collision_tblock_early"": 0.0, ""collision_tblock_late"": 0.0, ""collision_tblock_mid"": 0.0, ""fall"": 0.0, ""timeout"": 0.0}"
layout_path_conditioned,start_region=x_mid__y_pos|path_angle_bin=sector_1|path_len_bin=long|near_count_bin=1|medhigh_count_bin=0|pair_side_mode=center_involved,False,2,2,0,0.0,0.0,none,0,-3.5602056401808344,3.0,"{""success"": 2}",{},"{""collision_rod_early"": 0.0, ""collision_rod_late"": 0.0, ""collision_rod_mid"": 0.0, ""collision_tblock_early"": 0.0, ""collision_tblock_late"": 0.0, ""collision_tblock_mid"": 0.0, ""fall"": 0.0, ""timeout"": 0.0}"
layout_path_conditioned,start_region=x_neg__y_neg|path_angle_bin=sector_5|path_len_bin=medium|near_count_bin=2|medhigh_count_bin=0|pair_side_mode=same_side,False,2,2,0,0.0,0.0,none,0,-2.286827403329003,2.5,"{""success"": 2}",{},"{""collision_rod_early"": 0.0, ""collision_rod_late"": 0.0, ""collision_rod_mid"": 0.0, ""collision_tblock_early"": 0.0, ""collision_tblock_late"": 0.0, ""collision_tblock_mid"": 0.0, ""fall"": 0.0, ""timeout"": 0.0}"
layout_path_conditioned,start_region=x_mid__y_neg|path_angle_bin=sector_5|path_len_bin=medium|near_count_bin=2|medhigh_count_bin=0|pair_side_mode=same_side,False,2,2,0,0.0,0.0,none,0,-2.3688651035615997,3.0,"{""success"": 2}",{},"{""collision_rod_early"": 0.0, ""collision_rod_late"": 0.0, ""collision_rod_mid"": 0.0, ""collision_tblock_early"": 0.0, ""collision_tblock_late"": 0.0, ""collision_tblock_mid"": 0.0, ""fall"": 0.0, ""timeout"": 0.0}"
layout_path_conditioned,start_region=x_mid__y_pos|path_angle_bin=sector_2|path_len_bin=long|near_count_bin=0|medhigh_count_bin=1|pair_side_mode=same_side,False,2,2,0,0.0,0.0,none,0,-2.567203705994415,2.5,"{""success"": 2}",{},"{""collision_rod_early"": 0.0, ""collision_rod_late"": 0.0, ""collision_rod_mid"": 0.0, ""collision_tblock_early"": 0.0, ""collision_tblock_late"": 0.0, ""collision_tblock_mid"": 0.0, ""fall"": 0.0, ""timeout"": 0.0}"
layout_path_conditioned,start_region=x_pos__y_mid|path_angle_bin=sector_0|path_len_bin=medium|near_count_bin=2|medhigh_count_bin=0|pair_side_mode=same_side,False,2,2,0,0.0,0.0,none,0,-0.6186418844817255,1.5,"{""success"": 2}",{},"{""collision_rod_early"": 0.0, ""collision_rod_late"": 0.0, ""collision_rod_mid"": 0.0, ""collision_tblock_early"": 0.0, ""collision_tblock_late"": 0.0, ""collision_tblock_mid"": 0.0, ""fall"": 0.0, ""timeout"": 0.0}"
layout_path_conditioned,start_region=x_pos__y_mid|path_angle_bin=sector_7|path_len_bin=long|near_count_bin=2|medhigh_count_bin=0|pair_side_mode=same_side,False,2,2,0,0.0,0.0,none,0,-3.731532060090477,4.0,"{""success"": 2}",{},"{""collision_rod_early"": 0.0, ""collision_rod_late"": 0.0, ""collision_rod_mid"": 0.0, ""collision_tblock_early"": 0.0, ""collision_tblock_late"": 0.0, ""collision_tblock_mid"": 0.0, ""fall"": 0.0, ""timeout"": 0.0}"
layout_path_conditioned,start_region=x_pos__y_pos|path_angle_bin=sector_1|path_len_bin=long|near_count_bin=1|medhigh_count_bin=0|pair_side_mode=center_involved,False,2,2,0,0.0,0.0,none,0,-3.9934507413921265,3.0,"{""success"": 2}",{},"{""collision_rod_early"": 0.0, ""collision_rod_late"": 0.0, ""collision_rod_mid"": 0.0, ""collision_tblock_early"": 0.0, ""collision_tblock_late"": 0.0, ""collision_tblock_mid"": 0.0, ""fall"": 0.0, ""timeout"": 0.0}"
layout_path_conditioned,start_region=x_pos__y_pos|path_angle_bin=sector_0|path_len_bin=long|near_count_bin=1|medhigh_count_bin=0|pair_side_mode=center_involved,False,2,2,0,0.0,0.0,none,0,-4.60046922049576,4.0,"{""success"": 2}",{},"{""collision_rod_early"": 0.0, ""collision_rod_late"": 0.0, ""collision_rod_mid"": 0.0, ""collision_tblock_early"": 0.0, ""collision_tblock_late"": 0.0, ""collision_tblock_mid"": 0.0, ""fall"": 0.0, ""timeout"": 0.0}"
layout_path_conditioned,start_region=x_mid__y_pos|path_angle_bin=sector_2|path_len_bin=long|near_count_bin=2|medhigh_count_bin=0|pair_side_mode=opposite_side,False,1,1,0,0.0,0.0,none,0,-3.9100812269176224,4.0,"{""success"": 1}",{},"{""collision_rod_early"": 0.0, ""collision_rod_late"": 0.0, ""collision_rod_mid"": 0.0, ""collision_tblock_early"": 0.0, ""collision_tblock_late"": 0.0, ""collision_tblock_mid"": 0.0, ""fall"": 0.0, ""timeout"": 0.0}"
layout_path_conditioned,start_region=x_pos__y_neg|path_angle_bin=sector_6|path_len_bin=medium|near_count_bin=2|medhigh_count_bin=0|pair_side_mode=opposite_side,False,1,1,0,0.0,0.0,none,0,-2.4532785270325737,2.0,"{""success"": 1}",{},"{""collision_rod_early"": 0.0, ""collision_rod_late"": 0.0, ""collision_rod_mid"": 0.0, ""collision_tblock_early"": 0.0, ""collision_tblock_late"": 0.0, ""collision_tblock_mid"": 0.0, ""fall"": 0.0, ""timeout"": 0.0}"
layout_path_conditioned,start_region=x_mid__y_neg|path_angle_bin=sector_6|path_len_bin=long|near_count_bin=1|medhigh_count_bin=1|pair_side_mode=same_side,False,1,1,0,0.0,0.0,none,0,-5.6147748681279035,5.0,"{""success"": 1}",{},"{""collision_rod_early"": 0.0, ""collision_rod_late"": 0.0, ""collision_rod_mid"": 0.0, ""collision_tblock_early"": 0.0, ""collision_tblock_late"": 0.0, ""collision_tblock_mid"": 0.0, ""fall"": 0.0, ""timeout"": 0.0}"
layout_path_conditioned,start_region=x_mid__y_pos|path_angle_bin=sector_2|path_len_bin=medium|near_count_bin=1|medhigh_count_bin=0|pair_side_mode=center_involved,False,1,1,0,0.0,0.0,none,0,-2.8904851091174093,3.0,"{""success"": 1}",{},"{""collision_rod_early"": 0.0, ""collision_rod_late"": 0.0, ""collision_rod_mid"": 0.0, ""collision_tblock_early"": 0.0, ""collision_tblock_late"": 0.0, ""collision_tblock_mid"": 0.0, ""fall"": 0.0, ""timeout"": 0.0}"
layout_path_conditioned,start_region=x_mid__y_pos|path_angle_bin=sector_1|path_len_bin=long|near_count_bin=2|medhigh_count_bin=0|pair_side_mode=opposite_side,False,1,1,0,0.0,0.0,none,0,-6.849200103847095,5.0,"{""success"": 1}",{},"{""collision_rod_early"": 0.0, ""collision_rod_late"": 0.0, ""collision_rod_mid"": 0.0, ""collision_tblock_early"": 0.0, ""collision_tblock_late"": 0.0, ""collision_tblock_mid"": 0.0, ""fall"": 0.0, ""timeout"": 0.0}"
layout_path_conditioned,start_region=x_neg__y_neg|path_angle_bin=sector_4|path_len_bin=medium|near_count_bin=2|medhigh_count_bin=0|pair_side_mode=opposite_side,False,1,1,0,0.0,0.0,none,0,-2.480198154596378,4.0,"{""success"": 1}",{},"{""collision_rod_early"": 0.0, ""collision_rod_late"": 0.0, ""collision_rod_mid"": 0.0, ""collision_tblock_early"": 0.0, ""collision_tblock_late"": 0.0, ""collision_tblock_mid"": 0.0, ""fall"": 0.0, ""timeout"": 0.0}"
layout_path_conditioned,start_region=x_neg__y_neg|path_angle_bin=sector_5|path_len_bin=medium|near_count_bin=1|medhigh_count_bin=0|pair_side_mode=center_involved,False,1,1,0,0.0,0.0,none,0,-4.955009820705838,4.0,"{""success"": 1}",{},"{""collision_rod_early"": 0.0, ""collision_rod_late"": 0.0, ""collision_rod_mid"": 0.0, ""collision_tblock_early"": 0.0, ""collision_tblock_late"": 0.0, ""collision_tblock_mid"": 0.0, ""fall"": 0.0, ""timeout"": 0.0}"
layout_path_conditioned,start_region=x_neg__y_mid|path_angle_bin=sector_4|path_len_bin=medium|near_count_bin=2|medhigh_count_bin=0|pair_side_mode=same_side,False,1,1,0,0.0,0.0,none,0,-2.030197894340662,2.0,"{""success"": 1}",{},"{""collision_rod_early"": 0.0, ""collision_rod_late"": 0.0, ""collision_rod_mid"": 0.0, ""collision_tblock_early"": 0.0, ""collision_tblock_late"": 0.0, ""collision_tblock_mid"": 0.0, ""fall"": 0.0, ""timeout"": 0.0}"
layout_path_conditioned,start_region=x_pos__y_mid|path_angle_bin=sector_0|path_len_bin=medium|near_count_bin=1|medhigh_count_bin=0|pair_side_mode=center_involved,False,1,1,0,0.0,0.0,none,0,-1.043515805883732,2.0,"{""success"": 1}",{},"{""collision_rod_early"": 0.0, ""collision_rod_late"": 0.0, ""collision_rod_mid"": 0.0, ""collision_tblock_early"": 0.0, ""collision_tblock_late"": 0.0, ""collision_tblock_mid"": 0.0, ""fall"": 0.0, ""timeout"": 0.0}"
layout_path_conditioned,start_region=x_mid__y_neg|path_angle_bin=sector_5|path_len_bin=long|near_count_bin=1|medhigh_count_bin=1|pair_side_mode=opposite_side,False,1,1,0,0.0,0.0,none,0,-5.898651507035808,5.0,"{""success"": 1}",{},"{""collision_rod_early"": 0.0, ""collision_rod_late"": 0.0, ""collision_rod_mid"": 0.0, ""collision_tblock_early"": 0.0, ""collision_tblock_late"": 0.0, ""collision_tblock_mid"": 0.0, ""fall"": 0.0, ""timeout"": 0.0}"
layout_path_conditioned,start_region=x_pos__y_pos|path_angle_bin=sector_0|path_len_bin=medium|near_count_bin=1|medhigh_count_bin=0|pair_side_mode=center_involved,False,1,1,0,0.0,0.0,none,0,-1.5995512021080296,3.0,"{""success"": 1}",{},"{""collision_rod_early"": 0.0, ""collision_rod_late"": 0.0, ""collision_rod_mid"": 0.0, ""collision_tblock_early"": 0.0, ""collision_tblock_late"": 0.0, ""collision_tblock_mid"": 0.0, ""fall"": 0.0, ""timeout"": 0.0}"
layout_path_conditioned,start_region=x_mid__y_pos|path_angle_bin=sector_2|path_len_bin=long|near_count_bin=0|medhigh_count_bin=1|pair_side_mode=center_involved,False,1,1,0,0.0,0.0,none,0,-3.011268065215405,3.0,"{""success"": 1}",{},"{""collision_rod_early"": 0.0, ""collision_rod_late"": 0.0, ""collision_rod_mid"": 0.0, ""collision_tblock_early"": 0.0, ""collision_tblock_late"": 0.0, ""collision_tblock_mid"": 0.0, ""fall"": 0.0, ""timeout"": 0.0}"
layout_path_conditioned,start_region=x_pos__y_neg|path_angle_bin=sector_7|path_len_bin=medium|near_count_bin=2|medhigh_count_bin=0|pair_side_mode=same_side,False,1,1,0,0.0,0.0,none,0,-1.6753761482496354,3.0,"{""success"": 1}",{},"{""collision_rod_early"": 0.0, ""collision_rod_late"": 0.0, ""collision_rod_mid"": 0.0, ""collision_tblock_early"": 0.0, ""collision_tblock_late"": 0.0, ""collision_tblock_mid"": 0.0, ""fall"": 0.0, ""timeout"": 0.0}"
layout_path_conditioned,start_region=x_pos__y_mid|path_angle_bin=sector_0|path_len_bin=long|near_count_bin=1|medhigh_count_bin=0|pair_side_mode=center_involved,False,1,1,0,0.0,0.0,none,0,-2.414584636898892,2.0,"{""success"": 1}",{},"{""collision_rod_early"": 0.0, ""collision_rod_late"": 0.0, ""collision_rod_mid"": 0.0, ""collision_tblock_early"": 0.0, ""collision_tblock_late"": 0.0, ""collision_tblock_mid"": 0.0, ""fall"": 0.0, ""timeout"": 0.0}"
layout_path_conditioned,start_region=x_pos__y_mid|path_angle_bin=sector_0|path_len_bin=long|near_count_bin=1|medhigh_count_bin=1|pair_side_mode=same_side,False,1,1,0,0.0,0.0,none,0,-4.753334949505278,4.0,"{""success"": 1}",{},"{""collision_rod_early"": 0.0, ""collision_rod_late"": 0.0, ""collision_rod_mid"": 0.0, ""collision_tblock_early"": 0.0, ""collision_tblock_late"": 0.0, ""collision_tblock_mid"": 0.0, ""fall"": 0.0, ""timeout"": 0.0}"
layout_path_conditioned,start_region=x_neg__y_neg|path_angle_bin=sector_4|path_len_bin=medium|near_count_bin=1|medhigh_count_bin=0|pair_side_mode=center_involved,False,1,1,0,0.0,0.0,none,0,-2.8073280020030382,3.0,"{""success"": 1}",{},"{""collision_rod_early"": 0.0, ""collision_rod_late"": 0.0, ""collision_rod_mid"": 0.0, ""collision_tblock_early"": 0.0, ""collision_tblock_late"": 0.0, ""collision_tblock_mid"": 0.0, ""fall"": 0.0, ""timeout"": 0.0}"
layout_path_conditioned,start_region=x_mid__y_pos|path_angle_bin=sector_2|path_len_bin=long|near_count_bin=2|medhigh_count_bin=0|pair_side_mode=same_side,False,1,1,0,0.0,0.0,none,0,-2.509828308425733,3.0,"{""success"": 1}",{},"{""collision_rod_early"": 0.0, ""collision_rod_late"": 0.0, ""collision_rod_mid"": 0.0, ""collision_tblock_early"": 0.0, ""collision_tblock_late"": 0.0, ""collision_tblock_mid"": 0.0, ""fall"": 0.0, ""timeout"": 0.0}"
layout_path_conditioned,start_region=x_mid__y_pos|path_angle_bin=sector_1|path_len_bin=medium|near_count_bin=2|medhigh_count_bin=0|pair_side_mode=opposite_side,False,1,1,0,0.0,0.0,none,0,-4.72125138625992,6.0,"{""success"": 1}",{},"{""collision_rod_early"": 0.0, ""collision_rod_late"": 0.0, ""collision_rod_mid"": 0.0, ""collision_tblock_early"": 0.0, ""collision_tblock_late"": 0.0, ""collision_tblock_mid"": 0.0, ""fall"": 0.0, ""timeout"": 0.0}"
layout_path_conditioned,start_region=x_pos__y_neg|path_angle_bin=sector_7|path_len_bin=long|near_count_bin=0|medhigh_count_bin=1|pair_side_mode=center_involved,False,1,1,0,0.0,0.0,none,0,-1.7110587527251042,3.0,"{""success"": 1}",{},"{""collision_rod_early"": 0.0, ""collision_rod_late"": 0.0, ""collision_rod_mid"": 0.0, ""collision_tblock_early"": 0.0, ""collision_tblock_late"": 0.0, ""collision_tblock_mid"": 0.0, ""fall"": 0.0, ""timeout"": 0.0}"
layout_path_conditioned,start_region=x_pos__y_mid|path_angle_bin=sector_0|path_len_bin=long|near_count_bin=2|medhigh_count_bin=0|pair_side_mode=opposite_side,False,1,1,0,0.0,0.0,none,0,-1.8619910095612862,3.0,"{""success"": 1}",{},"{""collision_rod_early"": 0.0, ""collision_rod_late"": 0.0, ""collision_rod_mid"": 0.0, ""collision_tblock_early"": 0.0, ""collision_tblock_late"": 0.0, ""collision_tblock_mid"": 0.0, ""fall"": 0.0, ""timeout"": 0.0}"
layout_path_conditioned,start_region=x_neg__y_mid|path_angle_bin=sector_3|path_len_bin=long|near_count_bin=2|medhigh_count_bin=0|pair_side_mode=same_side,False,1,1,0,0.0,0.0,none,0,-3.0032919142058754,4.0,"{""success"": 1}",{},"{""collision_rod_early"": 0.0, ""collision_rod_late"": 0.0, ""collision_rod_mid"": 0.0, ""collision_tblock_early"": 0.0, ""collision_tblock_late"": 0.0, ""collision_tblock_mid"": 0.0, ""fall"": 0.0, ""timeout"": 0.0}"
layout_path_conditioned,start_region=x_neg__y_pos|path_angle_bin=sector_2|path_len_bin=long|near_count_bin=0|medhigh_count_bin=1|pair_side_mode=same_side,False,1,1,0,0.0,0.0,none,0,-2.325104921735872,2.0,"{""success"": 1}",{},"{""collision_rod_early"": 0.0, ""collision_rod_late"": 0.0, ""collision_rod_mid"": 0.0, ""collision_tblock_early"": 0.0, ""collision_tblock_late"": 0.0, ""collision_tblock_mid"": 0.0, ""fall"": 0.0, ""timeout"": 0.0}"
layout_path_conditioned,start_region=x_neg__y_mid|path_angle_bin=sector_3|path_len_bin=long|near_count_bin=0|medhigh_count_bin=1|pair_side_mode=opposite_side,False,1,1,0,0.0,0.0,none,0,-4.271593341354424,4.0,"{""success"": 1}",{},"{""collision_rod_early"": 0.0, ""collision_rod_late"": 0.0, ""collision_rod_mid"": 0.0, ""collision_tblock_early"": 0.0, ""collision_tblock_late"": 0.0, ""collision_tblock_mid"": 0.0, ""fall"": 0.0, ""timeout"": 0.0}"
layout_path_conditioned,start_region=x_neg__y_pos|path_angle_bin=sector_3|path_len_bin=long|near_count_bin=0|medhigh_count_bin=1|pair_side_mode=same_side,False,1,1,0,0.0,0.0,none,0,-2.0208093927896424,3.0,"{""success"": 1}",{},"{""collision_rod_early"": 0.0, ""collision_rod_late"": 0.0, ""collision_rod_mid"": 0.0, ""collision_tblock_early"": 0.0, ""collision_tblock_late"": 0.0, ""collision_tblock_mid"": 0.0, ""fall"": 0.0, ""timeout"": 0.0}"
layout_pressure,path_len_bin=long|max_blockage_bin=medium|medhigh_count_bin=1|near_count_bin=1|center_count_bin=0|min_pair_dist_bin=far|pressure_bin=medium,True,221,46,175,0.7918552036199095,9.474492500938831,collision_tblock_early,168,-9.299205355450306,1.5972850678733033,"{""collision"": 175, ""success"": 46}","{""collision_rod_early"": 6, ""collision_rod_mid"": 1, ""collision_tblock_early"": 168}","{""collision_rod_early"": 2.428224437404894, ""collision_rod_late"": 0.0, ""collision_rod_mid"": 3.1889264037545666, ""collision_tblock_early"": 20.959936099191903, ""collision_tblock_late"": 0.0, ""collision_tblock_mid"": 0.0, ""fall"": 0.0, ""timeout"": 0.0}"
layout_pressure,path_len_bin=long|max_blockage_bin=medium|medhigh_count_bin=1|near_count_bin=1|center_count_bin=0|min_pair_dist_bin=close|pressure_bin=medium,True,120,50,70,0.5833333333333334,6.979542809024941,collision_tblock_early,66,-8.114034969480546,2.033333333333333,"{""collision"": 70, ""success"": 50}","{""collision_rod_early"": 4, ""collision_tblock_early"": 66}","{""collision_rod_early"": 2.9813200037026752, ""collision_rod_late"": 0.0, ""collision_rod_mid"": 0.0, ""collision_tblock_early"": 15.164763290814143, ""collision_tblock_late"": 0.0, ""collision_tblock_mid"": 0.0, ""fall"": 0.0, ""timeout"": 0.0}"
layout_pressure,path_len_bin=long|max_blockage_bin=low|medhigh_count_bin=0|near_count_bin=1|center_count_bin=0|min_pair_dist_bin=very_close|pressure_bin=low,True,167,129,38,0.2275449101796407,2.7225590426992063,collision_tblock_early,31,-5.089619184032823,2.970059880239521,"{""collision"": 31, ""fall"": 1, ""success"": 129, ""timeout"": 6}","{""collision_tblock_early"": 31, ""fall"": 1, ""timeout"": 6}","{""collision_rod_early"": 0.0, ""collision_rod_late"": 0.0, ""collision_rod_mid"": 0.0, ""collision_tblock_early"": 5.118210800383652, ""collision_tblock_late"": 0.0, ""collision_tblock_mid"": 0.0, ""fall"": 4.821437125748503, ""timeout"": 1.109013714950777}"
layout_pressure,path_len_bin=long|max_blockage_bin=low|medhigh_count_bin=0|near_count_bin=1|center_count_bin=0|min_pair_dist_bin=close|pressure_bin=low,True,567,450,117,0.20634920634920634,2.4689539188387544,collision_tblock_early,89,-4.7302958973069,2.8994708994708995,"{""collision"": 100, ""fall"": 1, ""success"": 450, ""timeout"": 16}","{""collision_rod_early"": 11, ""collision_tblock_early"": 89, ""fall"": 1, ""timeout"": 16}","{""collision_rod_early"": 1.7351597905147846, ""collision_rod_late"": 0.0, ""collision_rod_mid"": 0.0, ""collision_tblock_early"": 4.32792667270309, ""collision_tblock_late"": 0.0, ""collision_tblock_mid"": 0.0, ""fall"": 1.4200705467372134, ""timeout"": 0.871041930143585}"
layout_pressure,path_len_bin=long|max_blockage_bin=low|medhigh_count_bin=0|near_count_bin=1|center_count_bin=0|min_pair_dist_bin=medium|pressure_bin=low,True,788,651,137,0.17385786802030456,2.0801973129146125,collision_tblock_early,102,-4.400817749704725,2.9593908629441623,"{""collision"": 112, ""fall"": 1, ""success"": 651, ""timeout"": 24}","{""collision_rod_early"": 8, ""collision_rod_mid"": 2, ""collision_tblock_early"": 102, ""fall"": 1, ""timeout"": 24}","{""collision_rod_early"": 0.9080162447825407, ""collision_rod_late"": 0.0, ""collision_rod_mid"": 1.788712525963856, ""collision_tblock_early"": 3.569002897238215, ""collision_tblock_late"": 0.0, ""collision_tblock_mid"": 0.0, ""fall"": 1.021802030456853, ""timeout"": 0.9401283776486282}"
layout_pressure,path_len_bin=long|max_blockage_bin=low|medhigh_count_bin=0|near_count_bin=1|center_count_bin=0|min_pair_dist_bin=far|pressure_bin=low,True,12087,10864,1223,0.10118308926946305,1.2106486338953306,collision_tblock_early,535,-3.906733978564982,3.208240258128568,"{""collision"": 744, ""fall"": 17, ""success"": 10864, ""timeout"": 462}","{""collision_rod_early"": 161, ""collision_rod_late"": 6, ""collision_rod_mid"": 29, ""collision_tblock_early"": 535, ""collision_tblock_late"": 8, ""collision_tblock_mid"": 5, ""fall"": 17, ""timeout"": 462}","{""collision_rod_early"": 1.1913440570765221, ""collision_rod_late"": 1.9032963396328997, ""collision_rod_mid"": 1.6908934658445454, ""collision_tblock_early"": 1.220416880733706, ""collision_tblock_late"": 3.9475775933126807, ""collision_tblock_mid"": 0.6436267815183718, ""fall"": 1.1324613220815754, ""timeout"": 1.1798467246257998}"
layout_pressure,path_len_bin=long|max_blockage_bin=low|medhigh_count_bin=0|near_count_bin=0|center_count_bin=0|min_pair_dist_bin=far|pressure_bin=low,True,145393,131573,13820,0.0950527191818038,1.1372991816747868,collision_tblock_early,6622,-3.8070157877160544,3.1374481577517486,"{""collision"": 8935, ""fall"": 244, ""success"": 131573, ""timeout"": 4641}","{""collision_rod_early"": 1903, ""collision_rod_late"": 47, ""collision_rod_mid"": 247, ""collision_tblock_early"": 6622, ""collision_tblock_late"": 22, ""collision_tblock_mid"": 94, ""fall"": 244, ""timeout"": 4641}","{""collision_rod_early"": 1.1706447972831273, ""collision_rod_late"": 1.2394472387319362, ""collision_rod_mid"": 1.197264831193734, ""collision_tblock_early"": 1.2557946395039807, ""collision_tblock_late"": 0.9024816773745539, ""collision_tblock_mid"": 1.0059281937534554, ""fall"": 1.351261202396264, ""timeout"": 0.985303915057184}"
layout_pressure,path_len_bin=medium|max_blockage_bin=low|medhigh_count_bin=0|near_count_bin=0|center_count_bin=1|min_pair_dist_bin=far|pressure_bin=low,True,2059,1893,166,0.08062166100048568,0.9646325730644334,timeout,82,-2.884230404998272,3.009227780475959,"{""collision"": 83, ""fall"": 1, ""success"": 1893, ""timeout"": 82}","{""collision_rod_early"": 55, ""collision_rod_mid"": 7, ""collision_tblock_early"": 20, ""collision_tblock_mid"": 1, ""fall"": 1, ""timeout"": 82}","{""collision_rod_early"": 2.3891102506602304, ""collision_rod_late"": 0.0, ""collision_rod_mid"": 2.39595393230127, ""collision_tblock_early"": 0.2678222136220432, ""collision_tblock_late"": 0.0, ""collision_tblock_mid"": 0.7556597288210355, ""fall"": 0.39105390966488585, ""timeout"": 1.229304987254002}"
layout_pressure,path_len_bin=long|max_blockage_bin=low|medhigh_count_bin=0|near_count_bin=0|center_count_bin=1|min_pair_dist_bin=far|pressure_bin=low,True,7432,6840,592,0.07965554359526372,0.9530730454273637,timeout,297,-3.741210238833585,3.267626480086114,"{""collision"": 285, ""fall"": 10, ""success"": 6840, ""timeout"": 297}","{""collision_rod_early"": 120, ""collision_rod_late"": 4, ""collision_rod_mid"": 15, ""collision_tblock_early"": 141, ""collision_tblock_mid"": 5, ""fall"": 10, ""timeout"": 297}","{""collision_rod_early"": 1.4441270200927918, ""collision_rod_late"": 2.0636116664103743, ""collision_rod_mid"": 1.4224019144841749, ""collision_tblock_early"": 0.5231019727969454, ""collision_tblock_late"": 0.0, ""collision_tblock_mid"": 1.0467595409327988, ""fall"": 1.0833961248654467, ""timeout"": 1.23353900358458}"
layout_pressure,path_len_bin=long|max_blockage_bin=low|medhigh_count_bin=0|near_count_bin=0|center_count_bin=0|min_pair_dist_bin=medium|pressure_bin=low,True,18123,16778,1345,0.07421508580257132,0.8879783458877237,timeout,585,-3.551684945180183,3.1436848203939745,"{""collision"": 744, ""fall"": 16, ""success"": 16778, ""timeout"": 585}","{""collision_rod_early"": 172, ""collision_rod_late"": 6, ""collision_rod_mid"": 18, ""collision_tblock_early"": 539, ""collision_tblock_late"": 4, ""collision_tblock_mid"": 5, ""fall"": 16, ""timeout"": 585}","{""collision_rod_early"": 0.8488446294270156, ""collision_rod_late"": 1.2693893316306823, ""collision_rod_mid"": 0.6999696095644026, ""collision_tblock_early"": 0.8200335499088374, ""collision_tblock_late"": 1.3164037513207076, ""collision_tblock_mid"": 0.42926209282196987, ""fall"": 0.7108580257131821, ""timeout"": 0.9963866806646816}"
layout_pressure,path_len_bin=long|max_blockage_bin=low|medhigh_count_bin=0|near_count_bin=0|center_count_bin=1|min_pair_dist_bin=close|pressure_bin=low,True,243,225,18,0.07407407407407407,0.8862911503523734,timeout,15,-3.5994593030541604,3.3127572016460904,"{""collision"": 3, ""success"": 225, ""timeout"": 15}","{""collision_rod_early"": 1, ""collision_tblock_early"": 1, ""collision_tblock_late"": 1, ""timeout"": 15}","{""collision_rod_early"": 0.3680641979879846, ""collision_rod_late"": 0.0, ""collision_rod_mid"": 0.0, ""collision_tblock_early"": 0.11346624235551174, ""collision_tblock_late"": 24.544429202865416, ""collision_tblock_mid"": 0.0, ""fall"": 0.0, ""timeout"": 1.9054042221890923}"
layout_pressure,path_len_bin=long|max_blockage_bin=low|medhigh_count_bin=0|near_count_bin=0|center_count_bin=0|min_pair_dist_bin=close|pressure_bin=low,True,36239,33559,2680,0.07395347553740446,0.8848481972391309,collision_tblock_early,1327,-3.630953424706674,3.1235409365600595,"{""collision"": 1599, ""fall"": 48, ""success"": 33559, ""timeout"": 1033}","{""collision_rod_early"": 210, ""collision_rod_late"": 2, ""collision_rod_mid"": 34, ""collision_tblock_early"": 1327, ""collision_tblock_late"": 5, ""collision_tblock_mid"": 21, ""fall"": 48, ""timeout"": 1033}","{""collision_rod_early"": 0.518290130062277, ""collision_rod_late"": 0.2116057549154489, ""collision_rod_mid"": 0.6612101050749695, ""collision_tblock_early"": 1.0096425943376106, ""collision_tblock_late"": 0.8229112691156345, ""collision_tblock_mid"": 0.9016245209440866, ""fall"": 1.0664930047738623, ""timeout"": 0.8798856893580282}"
layout_pressure,path_len_bin=medium|max_blockage_bin=low|medhigh_count_bin=0|near_count_bin=1|center_count_bin=0|min_pair_dist_bin=far|pressure_bin=low,True,3181,2946,235,0.07387613957874882,0.883922877866364,timeout,121,-2.894336295612658,3.0304935554856964,"{""collision"": 113, ""fall"": 1, ""success"": 2946, ""timeout"": 121}","{""collision_rod_early"": 77, ""collision_rod_mid"": 7, ""collision_tblock_early"": 27, ""collision_tblock_mid"": 2, ""fall"": 1, ""timeout"": 121}","{""collision_rod_early"": 2.1649950356973213, ""collision_rod_late"": 0.0, ""collision_rod_mid"": 1.550854808742004, ""collision_tblock_early"": 0.23403081298161346, ""collision_tblock_late"": 0.0, ""collision_tblock_mid"": 0.9782479607937831, ""fall"": 0.25312165985539137, ""timeout"": 1.1741506935979436}"
layout_pressure,path_len_bin=long|max_blockage_bin=low|medhigh_count_bin=0|near_count_bin=0|center_count_bin=0|min_pair_dist_bin=very_close|pressure_bin=low,True,22597,20994,1603,0.07093862017081913,0.8487756622206724,collision_tblock_early,761,-3.6040078918677536,3.1234234632915876,"{""collision"": 912, ""fall"": 26, ""success"": 20994, ""timeout"": 665}","{""collision_rod_early"": 116, ""collision_rod_late"": 2, ""collision_rod_mid"": 14, ""collision_tblock_early"": 761, ""collision_tblock_late"": 2, ""collision_tblock_mid"": 17, ""fall"": 26, ""timeout"": 665}","{""collision_rod_early"": 0.4591314604985312, ""collision_rod_late"": 0.339353938681283, ""collision_rod_mid"": 0.4366304506446267, ""collision_tblock_early"": 0.92855325641051, ""collision_tblock_late"": 0.5278839046153291, ""collision_tblock_mid"": 1.170525179799208, ""fall"": 0.9264362525999026, ""timeout"": 0.9083913654751997}"
layout_pressure,path_len_bin=medium|max_blockage_bin=low|medhigh_count_bin=0|near_count_bin=0|center_count_bin=0|min_pair_dist_bin=far|pressure_bin=low,True,46837,43667,3170,0.0676815338300916,0.8098048504244468,timeout,1699,-2.882417932710321,3.0143689817879027,"{""collision"": 1448, ""fall"": 23, ""success"": 43667, ""timeout"": 1699}","{""collision_rod_early"": 587, ""collision_rod_late"": 14, ""collision_rod_mid"": 61, ""collision_tblock_early"": 749, ""collision_tblock_late"": 7, ""collision_tblock_mid"": 30, ""fall"": 23, ""timeout"": 1699}","{""collision_rod_early"": 1.1209310003886694, ""collision_rod_late"": 1.1460739728562177, ""collision_rod_mid"": 0.9178623064887872, ""collision_tblock_early"": 0.44092598527658955, ""collision_tblock_late"": 0.8913908677770582, ""collision_tblock_mid"": 0.9965860633532329, ""fall"": 0.3953955206353951, ""timeout"": 1.1197122943546371}"
layout_pressure,path_len_bin=medium|max_blockage_bin=low|medhigh_count_bin=0|near_count_bin=0|center_count_bin=0|min_pair_dist_bin=medium|pressure_bin=low,True,6745,6381,364,0.05396590066716086,0.6456982524583488,timeout,212,-2.7113094682796466,2.98295033358043,"{""collision"": 151, ""fall"": 1, ""success"": 6381, ""timeout"": 212}","{""collision_rod_early"": 53, ""collision_rod_mid"": 6, ""collision_tblock_early"": 81, ""collision_tblock_late"": 2, ""collision_tblock_mid"": 9, ""fall"": 1, ""timeout"": 212}","{""collision_rod_early"": 0.702787072777947, ""collision_rod_late"": 0.0, ""collision_rod_mid"": 0.6269112544667984, ""collision_tblock_early"": 0.3311128314727261, ""collision_tblock_late"": 1.7685089092057216, ""collision_tblock_mid"": 2.0760756760241077, ""fall"": 0.11937435137138622, ""timeout"": 0.9701883262692688}"
layout_pressure,path_len_bin=medium|max_blockage_bin=low|medhigh_count_bin=0|near_count_bin=0|center_count_bin=0|min_pair_dist_bin=close|pressure_bin=low,True,10191,9661,530,0.052006672554214504,0.6222562241949987,timeout,316,-2.67077481613012,2.9679128642920225,"{""collision"": 210, ""fall"": 4, ""success"": 9661, ""timeout"": 316}","{""collision_rod_early"": 61, ""collision_rod_late"": 1, ""collision_rod_mid"": 7, ""collision_tblock_early"": 132, ""collision_tblock_late"": 1, ""collision_tblock_mid"": 8, ""fall"": 4, ""timeout"": 316}","{""collision_rod_early"": 0.5353562561844664, ""collision_rod_late"": 0.3762329973692941, ""collision_rod_mid"": 0.4840809681688073, ""collision_tblock_early"": 0.3571330772049254, ""collision_tblock_late"": 0.5852513292411242, ""collision_tblock_mid"": 1.2213940784162591, ""fall"": 0.31603571779020706, ""timeout"": 0.9571332837042883}"
layout_pressure,path_len_bin=medium|max_blockage_bin=low|medhigh_count_bin=0|near_count_bin=0|center_count_bin=0|min_pair_dist_bin=very_close|pressure_bin=low,True,7238,6862,376,0.05194805194805195,0.6215548327146514,timeout,212,-2.673443152220756,2.9640784747167728,"{""collision"": 160, ""fall"": 4, ""success"": 6862, ""timeout"": 212}","{""collision_rod_early"": 41, ""collision_rod_late"": 2, ""collision_rod_mid"": 4, ""collision_tblock_early"": 102, ""collision_tblock_late"": 2, ""collision_tblock_mid"": 9, ""fall"": 4, ""timeout"": 212}","{""collision_rod_early"": 0.5066349274045718, ""collision_rod_late"": 1.0594613087014302, ""collision_rod_mid"": 0.3894737414919918, ""collision_tblock_early"": 0.3885568227443649, ""collision_tblock_late"": 1.6480509246466692, ""collision_tblock_mid"": 1.9346684767591333, ""fall"": 0.44497374965460074, ""timeout"": 0.904106142675631}"
layout_pressure,path_len_bin=medium|max_blockage_bin=low|medhigh_count_bin=0|near_count_bin=1|center_count_bin=0|min_pair_dist_bin=medium|pressure_bin=low,True,232,221,11,0.04741379310344827,0.5673027406350322,timeout,5,-2.4577298019011202,2.8922413793103448,"{""collision"": 6, ""success"": 221, ""timeout"": 5}","{""collision_rod_early"": 5, ""collision_tblock_early"": 1, ""timeout"": 5}","{""collision_rod_early"": 1.9275775886008677, ""collision_rod_late"": 0.0, ""collision_rod_mid"": 0.0, ""collision_tblock_early"": 0.11884610729478169, ""collision_tblock_late"": 0.0, ""collision_tblock_mid"": 0.0, ""fall"": 0.0, ""timeout"": 0.6652488879194676}"
layout_pressure,path_len_bin=long|max_blockage_bin=low|medhigh_count_bin=0|near_count_bin=0|center_count_bin=1|min_pair_dist_bin=medium|pressure_bin=low,True,423,403,20,0.04728132387706856,0.5657177555440681,timeout,12,-3.533074823186236,3.1914893617021276,"{""collision"": 8, ""success"": 403, ""timeout"": 12}","{""collision_rod_early"": 4, ""collision_rod_mid"": 3, ""collision_tblock_early"": 1, ""timeout"": 12}","{""collision_rod_early"": 0.8457645400574966, ""collision_rod_late"": 0.0, ""collision_rod_mid"": 4.998246349147228, ""collision_tblock_early"": 0.06518273497018759, ""collision_tblock_late"": 0.0, ""collision_tblock_mid"": 0.0, ""fall"": 0.0, ""timeout"": 0.8756751318996678}"
layout_pressure,path_len_bin=medium|max_blockage_bin=low|medhigh_count_bin=0|near_count_bin=0|center_count_bin=1|min_pair_dist_bin=medium|pressure_bin=low,True,178,171,7,0.03932584269662921,0.47053097588932175,timeout,5,-2.9384566922515103,3.1123595505617976,"{""collision"": 2, ""success"": 171, ""timeout"": 5}","{""collision_tblock_early"": 1, ""collision_tblock_mid"": 1, ""timeout"": 5}","{""collision_rod_early"": 0.0, ""collision_rod_late"": 0.0, ""collision_rod_mid"": 0.0, ""collision_tblock_early"": 0.154900544339266, ""collision_tblock_late"": 0.0, ""collision_tblock_mid"": 8.741030233946697, ""fall"": 0.0, ""timeout"": 0.8670659662770588}"
layout_pressure,path_len_bin=medium|max_blockage_bin=low|medhigh_count_bin=0|near_count_bin=1|center_count_bin=0|min_pair_dist_bin=close|pressure_bin=low,True,153,148,5,0.032679738562091505,0.39101080162604707,timeout,3,-2.7142589350261312,3.084967320261438,"{""collision"": 1, ""fall"": 1, ""success"": 148, ""timeout"": 3}","{""collision_tblock_early"": 1, ""fall"": 1, ""timeout"": 3}","{""collision_rod_early"": 0.0, ""collision_rod_late"": 0.0, ""collision_rod_mid"": 0.0, ""collision_tblock_early"": 0.1802110907999304, ""collision_tblock_late"": 0.0, ""collision_tblock_mid"": 0.0, ""fall"": 5.262614379084968, ""timeout"": 0.6052460470482999}"
layout_pressure,path_len_bin=long|max_blockage_bin=low|medhigh_count_bin=0|near_count_bin=2|center_count_bin=0|min_pair_dist_bin=medium|pressure_bin=medium,False,4,0,4,1.0,11.964930529757039,collision_tblock_early,4,-10.258257012213658,1.0,"{""collision"": 4}","{""collision_tblock_early"": 4}","{""collision_rod_early"": 0.0, ""collision_rod_late"": 0.0, ""collision_rod_mid"": 0.0, ""collision_tblock_early"": 27.57229689238935, ""collision_tblock_late"": 0.0, ""collision_tblock_mid"": 0.0, ""fall"": 0.0, ""timeout"": 0.0}"
layout_pressure,path_len_bin=long|max_blockage_bin=low|medhigh_count_bin=0|near_count_bin=0|center_count_bin=0|min_pair_dist_bin=medium|pressure_bin=medium,False,3,0,3,1.0,11.964930529757039,collision_tblock_early,3,-10.23235469161962,1.0,"{""collision"": 3}","{""collision_tblock_early"": 3}","{""collision_rod_early"": 0.0, ""collision_rod_late"": 0.0, ""collision_rod_mid"": 0.0, ""collision_tblock_early"": 27.57229689238935, ""collision_tblock_late"": 0.0, ""collision_tblock_mid"": 0.0, ""fall"": 0.0, ""timeout"": 0.0}"
layout_pressure,path_len_bin=long|max_blockage_bin=medium|medhigh_count_bin=1|near_count_bin=2|center_count_bin=0|min_pair_dist_bin=medium|pressure_bin=medium,False,2,0,2,1.0,11.964930529757039,collision_tblock_early,2,-10.29369089365894,1.0,"{""collision"": 2}","{""collision_tblock_early"": 2}","{""collision_rod_early"": 0.0, ""collision_rod_late"": 0.0, ""collision_rod_mid"": 0.0, ""collision_tblock_early"": 27.57229689238935, ""collision_tblock_late"": 0.0, ""collision_tblock_mid"": 0.0, ""fall"": 0.0, ""timeout"": 0.0}"
layout_pressure,path_len_bin=long|max_blockage_bin=low|medhigh_count_bin=0|near_count_bin=1|center_count_bin=0|min_pair_dist_bin=very_close|pressure_bin=medium,False,1,0,1,1.0,11.964930529757039,collision_tblock_early,1,-15.915936123033148,2.0,"{""collision"": 1}","{""collision_tblock_early"": 1}","{""collision_rod_early"": 0.0, ""collision_rod_late"": 0.0, ""collision_rod_mid"": 0.0, ""collision_tblock_early"": 27.57229689238935, ""collision_tblock_late"": 0.0, ""collision_tblock_mid"": 0.0, ""fall"": 0.0, ""timeout"": 0.0}"
layout_pressure,path_len_bin=long|max_blockage_bin=medium|medhigh_count_bin=1|near_count_bin=2|center_count_bin=0|min_pair_dist_bin=very_close|pressure_bin=medium,False,1,0,1,1.0,11.964930529757039,collision_tblock_early,1,-10.345597086042673,1.0,"{""collision"": 1}","{""collision_tblock_early"": 1}","{""collision_rod_early"": 0.0, ""collision_rod_late"": 0.0, ""collision_rod_mid"": 0.0, ""collision_tblock_early"": 27.57229689238935, ""collision_tblock_late"": 0.0, ""collision_tblock_mid"": 0.0, ""fall"": 0.0, ""timeout"": 0.0}"
layout_pressure,path_len_bin=long|max_blockage_bin=low|medhigh_count_bin=0|near_count_bin=2|center_count_bin=0|min_pair_dist_bin=very_close|pressure_bin=medium,False,1,0,1,1.0,11.964930529757039,collision_tblock_early,1,-10.275157418640863,1.0,"{""collision"": 1}","{""collision_tblock_early"": 1}","{""collision_rod_early"": 0.0, ""collision_rod_late"": 0.0, ""collision_rod_mid"": 0.0, ""collision_tblock_early"": 27.57229689238935, ""collision_tblock_late"": 0.0, ""collision_tblock_mid"": 0.0, ""fall"": 0.0, ""timeout"": 0.0}"
layout_pressure,path_len_bin=long|max_blockage_bin=medium|medhigh_count_bin=1|near_count_bin=2|center_count_bin=0|min_pair_dist_bin=far|pressure_bin=medium,False,15,2,13,0.8666666666666667,10.369606459122767,collision_tblock_early,12,-10.01936447529072,1.7333333333333334,"{""collision"": 12, ""success"": 2, ""timeout"": 1}","{""collision_tblock_early"": 12, ""timeout"": 1}","{""collision_rod_early"": 0.0, ""collision_rod_late"": 0.0, ""collision_rod_mid"": 0.0, ""collision_tblock_early"": 22.05783751391148, ""collision_tblock_late"": 0.0, ""collision_tblock_mid"": 0.0, ""fall"": 0.0, ""timeout"": 2.0578365599642194}"
layout_pressure,path_len_bin=long|max_blockage_bin=medium|medhigh_count_bin=1|near_count_bin=1|center_count_bin=0|min_pair_dist_bin=medium|pressure_bin=medium,False,94,16,78,0.8297872340425532,9.928346609798394,collision_tblock_early,76,-9.453545092293911,1.4574468085106382,"{""collision"": 77, ""success"": 16, ""timeout"": 1}","{""collision_rod_early"": 1, ""collision_tblock_early"": 76, ""timeout"": 1}","{""collision_rod_early"": 0.9514851075646836, ""collision_rod_late"": 0.0, ""collision_rod_mid"": 0.0, ""collision_tblock_early"": 22.292495359804153, ""collision_tblock_late"": 0.0, ""collision_tblock_mid"": 0.0, ""fall"": 0.0, ""timeout"": 0.32837817446237544}"
layout_pressure,path_len_bin=long|max_blockage_bin=medium|medhigh_count_bin=1|near_count_bin=1|center_count_bin=1|min_pair_dist_bin=far|pressure_bin=medium,False,9,2,7,0.7777777777777778,9.306057078699919,collision_tblock_early,6,-9.11495455065269,1.7777777777777777,"{""collision"": 7, ""success"": 2}","{""collision_rod_early"": 1, ""collision_tblock_early"": 6}","{""collision_rod_early"": 9.937733345675584, ""collision_rod_late"": 0.0, ""collision_rod_mid"": 0.0, ""collision_tblock_early"": 18.381531261592897, ""collision_tblock_late"": 0.0, ""collision_tblock_mid"": 0.0, ""fall"": 0.0, ""timeout"": 0.0}"
layout_pressure,path_len_bin=long|max_blockage_bin=medium|medhigh_count_bin=1|near_count_bin=0|center_count_bin=0|min_pair_dist_bin=medium|pressure_bin=medium,False,23,6,17,0.7391304347826086,8.843644304603028,collision_tblock_early,17,-8.44265066777919,1.565217391304348,"{""collision"": 17, ""success"": 6}","{""collision_tblock_early"": 17}","{""collision_rod_early"": 0.0, ""collision_rod_late"": 0.0, ""collision_rod_mid"": 0.0, ""collision_tblock_early"": 20.379523790026912, ""collision_tblock_late"": 0.0, ""collision_tblock_mid"": 0.0, ""fall"": 0.0, ""timeout"": 0.0}"
layout_pressure,path_len_bin=long|max_blockage_bin=medium|medhigh_count_bin=1|near_count_bin=1|center_count_bin=0|min_pair_dist_bin=very_close|pressure_bin=medium,False,32,12,20,0.625,7.4780815810981505,collision_tblock_early,19,-8.835353070899657,2.5,"{""collision"": 19, ""success"": 12, ""timeout"": 1}","{""collision_tblock_early"": 19, ""timeout"": 1}","{""collision_rod_early"": 0.0, ""collision_rod_late"": 0.0, ""collision_rod_mid"": 0.0, ""collision_tblock_early"": 16.371051279856175, ""collision_tblock_late"": 0.0, ""collision_tblock_mid"": 0.0, ""fall"": 0.0, ""timeout"": 0.9646108874832279}"
layout_pressure,path_len_bin=long|max_blockage_bin=low|medhigh_count_bin=0|near_count_bin=1|center_count_bin=1|min_pair_dist_bin=far|pressure_bin=low,False,19,10,9,0.47368421052631576,5.667598671990176,collision_tblock_early,8,-6.786276556227573,2.0,"{""collision"": 9, ""success"": 10}","{""collision_rod_early"": 1, ""collision_tblock_early"": 8}","{""collision_rod_early"": 4.707347374267382, ""collision_rod_late"": 0.0, ""collision_rod_mid"": 0.0, ""collision_tblock_early"": 11.609388165216568, ""collision_tblock_late"": 0.0, ""collision_tblock_mid"": 0.0, ""fall"": 0.0, ""timeout"": 0.0}"
layout_pressure,path_len_bin=long|max_blockage_bin=medium|medhigh_count_bin=1|near_count_bin=0|center_count_bin=0|min_pair_dist_bin=far|pressure_bin=medium,False,41,22,19,0.4634146341463415,5.5447239040337495,collision_tblock_early,18,-7.045244292704756,2.292682926829268,"{""collision"": 19, ""success"": 22}","{""collision_rod_early"": 1, ""collision_tblock_early"": 18}","{""collision_rod_early"": 2.1814536612458597, ""collision_rod_late"": 0.0, ""collision_rod_mid"": 0.0, ""collision_tblock_early"": 12.10491083080508, ""collision_tblock_late"": 0.0, ""collision_tblock_mid"": 0.0, ""fall"": 0.0, ""timeout"": 0.0}"
layout_pressure,path_len_bin=long|max_blockage_bin=low|medhigh_count_bin=0|near_count_bin=2|center_count_bin=0|min_pair_dist_bin=far|pressure_bin=low,False,31,18,13,0.41935483870967744,5.017551512478759,collision_tblock_early,10,-6.674872788173002,2.870967741935484,"{""collision"": 11, ""success"": 18, ""timeout"": 2}","{""collision_rod_early"": 1, ""collision_tblock_early"": 10, ""timeout"": 2}","{""collision_rod_early"": 2.8851483906800084, ""collision_rod_late"": 0.0, ""collision_rod_mid"": 0.0, ""collision_tblock_early"": 8.894289320125598, ""collision_tblock_late"": 0.0, ""collision_tblock_mid"": 0.0, ""fall"": 0.0, ""timeout"": 1.9914547354492447}"
layout_pressure,path_len_bin=long|max_blockage_bin=medium|medhigh_count_bin=1|near_count_bin=0|center_count_bin=1|min_pair_dist_bin=far|pressure_bin=medium,False,3,2,1,0.3333333333333333,3.98831017658568,collision_tblock_early,1,-4.998366240359854,2.3333333333333335,"{""collision"": 1, ""success"": 2}","{""collision_tblock_early"": 1}","{""collision_rod_early"": 0.0, ""collision_rod_late"": 0.0, ""collision_rod_mid"": 0.0, ""collision_tblock_early"": 9.19076563079645, ""collision_tblock_late"": 0.0, ""collision_tblock_mid"": 0.0, ""fall"": 0.0, ""timeout"": 0.0}"
layout_pressure,path_len_bin=long|max_blockage_bin=medium|medhigh_count_bin=1|near_count_bin=0|center_count_bin=0|min_pair_dist_bin=close|pressure_bin=medium,False,15,12,3,0.2,2.3929861059514077,collision_tblock_early,3,-3.9590663757172573,2.2,"{""collision"": 3, ""success"": 12}","{""collision_tblock_early"": 3}","{""collision_rod_early"": 0.0, ""collision_rod_late"": 0.0, ""collision_rod_mid"": 0.0, ""collision_tblock_early"": 5.51445937847787, ""collision_tblock_late"": 0.0, ""collision_tblock_mid"": 0.0, ""fall"": 0.0, ""timeout"": 0.0}"
layout_pressure,path_len_bin=medium|max_blockage_bin=low|medhigh_count_bin=0|near_count_bin=1|center_count_bin=1|min_pair_dist_bin=close|pressure_bin=low,False,7,6,1,0.14285714285714285,1.7092757899652915,timeout,1,-3.2304648290720013,3.857142857142857,"{""success"": 6, ""timeout"": 1}","{""timeout"": 1}","{""collision_rod_early"": 0.0, ""collision_rod_late"": 0.0, ""collision_rod_mid"": 0.0, ""collision_tblock_early"": 0.0, ""collision_tblock_late"": 0.0, ""collision_tblock_mid"": 0.0, ""fall"": 0.0, ""timeout"": 4.409649771351899}"
layout_pressure,path_len_bin=medium|max_blockage_bin=low|medhigh_count_bin=0|near_count_bin=2|center_count_bin=0|min_pair_dist_bin=far|pressure_bin=low,False,10,9,1,0.1,1.196493052975704,collision_rod_early,1,-3.3067390994155126,2.6,"{""collision"": 1, ""success"": 9}","{""collision_rod_early"": 1}","{""collision_rod_early"": 8.943960011108027, ""collision_rod_late"": 0.0, ""collision_rod_mid"": 0.0, ""collision_tblock_early"": 0.0, ""collision_tblock_late"": 0.0, ""collision_tblock_mid"": 0.0, ""fall"": 0.0, ""timeout"": 0.0}"
layout_pressure,path_len_bin=long|max_blockage_bin=low|medhigh_count_bin=0|near_count_bin=2|center_count_bin=0|min_pair_dist_bin=very_close|pressure_bin=low,False,23,21,2,0.08695652173913043,1.0404287417180034,timeout,2,-3.207365135538319,3.347826086956522,"{""success"": 21, ""timeout"": 2}","{""timeout"": 2}","{""collision_rod_early"": 0.0, ""collision_rod_late"": 0.0, ""collision_rod_mid"": 0.0, ""collision_tblock_early"": 0.0, ""collision_tblock_late"": 0.0, ""collision_tblock_mid"": 0.0, ""fall"": 0.0, ""timeout"": 2.6841346434315905}"
layout_pressure,path_len_bin=long|max_blockage_bin=low|medhigh_count_bin=0|near_count_bin=1|center_count_bin=1|min_pair_dist_bin=close|pressure_bin=low,False,73,67,6,0.0821917808219178,0.9834189476512635,timeout,5,-3.571261258010421,3.452054794520548,"{""collision"": 1, ""success"": 67, ""timeout"": 5}","{""collision_tblock_early"": 1, ""timeout"": 5}","{""collision_rod_early"": 0.0, ""collision_rod_late"": 0.0, ""collision_rod_mid"": 0.0, ""collision_tblock_early"": 0.3777026971560185, ""collision_tblock_late"": 0.0, ""collision_tblock_mid"": 0.0, ""fall"": 0.0, ""timeout"": 2.1142156437988557}"
layout_pressure,path_len_bin=medium|max_blockage_bin=low|medhigh_count_bin=0|near_count_bin=1|center_count_bin=1|min_pair_dist_bin=very_close|pressure_bin=low,False,14,13,1,0.07142857142857142,0.8546378949826458,collision_rod_mid,1,-3.1850412199718536,2.9285714285714284,"{""collision"": 1, ""success"": 13}","{""collision_rod_mid"": 1}","{""collision_rod_early"": 0.0, ""collision_rod_late"": 0.0, ""collision_rod_mid"": 50.33948108783995, ""collision_tblock_early"": 0.0, ""collision_tblock_late"": 0.0, ""collision_tblock_mid"": 0.0, ""fall"": 0.0, ""timeout"": 0.0}"
layout_pressure,path_len_bin=long|max_blockage_bin=low|medhigh_count_bin=0|near_count_bin=0|center_count_bin=1|min_pair_dist_bin=very_close|pressure_bin=low,False,32,30,2,0.0625,0.7478081581098149,timeout,2,-2.95932094307719,3.21875,"{""success"": 30, ""timeout"": 2}","{""timeout"": 2}","{""collision_rod_early"": 0.0, ""collision_rod_late"": 0.0, ""collision_rod_mid"": 0.0, ""collision_tblock_early"": 0.0, ""collision_tblock_late"": 0.0, ""collision_tblock_mid"": 0.0, ""fall"": 0.0, ""timeout"": 1.9292217749664557}"
layout_pressure,path_len_bin=long|max_blockage_bin=low|medhigh_count_bin=0|near_count_bin=2|center_count_bin=0|min_pair_dist_bin=medium|pressure_bin=low,False,39,37,2,0.05128205128205128,0.6135861810131815,timeout,2,-3.43697212705305,3.4871794871794872,"{""success"": 37, ""timeout"": 2}","{""timeout"": 2}","{""collision_rod_early"": 0.0, ""collision_rod_late"": 0.0, ""collision_rod_mid"": 0.0, ""collision_tblock_early"": 0.0, ""collision_tblock_late"": 0.0, ""collision_tblock_mid"": 0.0, ""fall"": 0.0, ""timeout"": 1.5829511999724766}"
layout_pressure,path_len_bin=medium|max_blockage_bin=low|medhigh_count_bin=0|near_count_bin=0|center_count_bin=1|min_pair_dist_bin=close|pressure_bin=low,False,96,92,4,0.041666666666666664,0.49853877207321,timeout,3,-3.020987342167755,3.1979166666666665,"{""collision"": 1, ""success"": 92, ""timeout"": 3}","{""collision_tblock_early"": 1, ""timeout"": 3}","{""collision_rod_early"": 0.0, ""collision_rod_late"": 0.0, ""collision_rod_mid"": 0.0, ""collision_tblock_early"": 0.2872114259623891, ""collision_tblock_late"": 0.0, ""collision_tblock_mid"": 0.0, ""fall"": 0.0, ""timeout"": 0.964610887483228}"
layout_pressure,path_len_bin=long|max_blockage_bin=low|medhigh_count_bin=0|near_count_bin=1|center_count_bin=1|min_pair_dist_bin=very_close|pressure_bin=low,False,76,73,3,0.039473684210526314,0.4722998893325147,timeout,2,-3.69760377777999,3.1973684210526314,"{""fall"": 1, ""success"": 73, ""timeout"": 2}","{""fall"": 1, ""timeout"": 2}","{""collision_rod_early"": 0.0, ""collision_rod_late"": 0.0, ""collision_rod_mid"": 0.0, ""collision_tblock_early"": 0.0, ""collision_tblock_late"": 0.0, ""collision_tblock_mid"": 0.0, ""fall"": 10.594473684210525, ""timeout"": 0.812303905249034}"
layout_pressure,path_len_bin=medium|max_blockage_bin=low|medhigh_count_bin=0|near_count_bin=1|center_count_bin=0|min_pair_dist_bin=very_close|pressure_bin=low,False,30,29,1,0.03333333333333333,0.398831017658568,timeout,1,-2.6884685204964636,2.933333333333333,"{""success"": 29, ""timeout"": 1}","{""timeout"": 1}","{""collision_rod_early"": 0.0, ""collision_rod_late"": 0.0, ""collision_rod_mid"": 0.0, ""collision_tblock_early"": 0.0, ""collision_tblock_late"": 0.0, ""collision_tblock_mid"": 0.0, ""fall"": 0.0, ""timeout"": 1.0289182799821097}"
layout_pressure,path_len_bin=long|max_blockage_bin=low|medhigh_count_bin=0|near_count_bin=2|center_count_bin=0|min_pair_dist_bin=close|pressure_bin=low,False,61,60,1,0.01639344262295082,0.19614640212716458,collision_rod_mid,1,-3.4323186225715228,3.1475409836065573,"{""collision"": 1, ""success"": 60}","{""collision_rod_mid"": 1}","{""collision_rod_early"": 0.0, ""collision_rod_late"": 0.0, ""collision_rod_mid"": 11.55332352835671, ""collision_tblock_early"": 0.0, ""collision_tblock_late"": 0.0, ""collision_tblock_mid"": 0.0, ""fall"": 0.0, ""timeout"": 0.0}"
layout_pressure,path_len_bin=medium|max_blockage_bin=low|medhigh_count_bin=0|near_count_bin=0|center_count_bin=1|min_pair_dist_bin=very_close|pressure_bin=low,False,24,24,0,0.0,0.0,none,0,-2.0335570632796447,2.7916666666666665,"{""success"": 24}",{},"{""collision_rod_early"": 0.0, ""collision_rod_late"": 0.0, ""collision_rod_mid"": 0.0, ""collision_tblock_early"": 0.0, ""collision_tblock_late"": 0.0, ""collision_tblock_mid"": 0.0, ""fall"": 0.0, ""timeout"": 0.0}"
layout_pressure,path_len_bin=long|max_blockage_bin=low|medhigh_count_bin=0|near_count_bin=1|center_count_bin=1|min_pair_dist_bin=medium|pressure_bin=low,False,13,13,0,0.0,0.0,none,0,-3.1607582330907844,3.1538461538461537,"{""success"": 13}",{},"{""collision_rod_early"": 0.0, ""collision_rod_late"": 0.0, ""collision_rod_mid"": 0.0, ""collision_tblock_early"": 0.0, ""collision_tblock_late"": 0.0, ""collision_tblock_mid"": 0.0, ""fall"": 0.0, ""timeout"": 0.0}"
layout_pressure,path_len_bin=long|max_blockage_bin=low|medhigh_count_bin=0|near_count_bin=0|center_count_bin=2|min_pair_dist_bin=very_close|pressure_bin=low,False,12,12,0,0.0,0.0,none,0,-2.1456591952502277,2.6666666666666665,"{""success"": 12}",{},"{""collision_rod_early"": 0.0, ""collision_rod_late"": 0.0, ""collision_rod_mid"": 0.0, ""collision_tblock_early"": 0.0, ""collision_tblock_late"": 0.0, ""collision_tblock_mid"": 0.0, ""fall"": 0.0, ""timeout"": 0.0}"
layout_pressure,path_len_bin=long|max_blockage_bin=low|medhigh_count_bin=0|near_count_bin=0|center_count_bin=2|min_pair_dist_bin=close|pressure_bin=low,False,12,12,0,0.0,0.0,none,0,-3.270619687126684,3.1666666666666665,"{""success"": 12}",{},"{""collision_rod_early"": 0.0, ""collision_rod_late"": 0.0, ""collision_rod_mid"": 0.0, ""collision_tblock_early"": 0.0, ""collision_tblock_late"": 0.0, ""collision_tblock_mid"": 0.0, ""fall"": 0.0, ""timeout"": 0.0}"
layout_pressure,path_len_bin=medium|max_blockage_bin=low|medhigh_count_bin=0|near_count_bin=2|center_count_bin=0|min_pair_dist_bin=very_close|pressure_bin=low,False,10,10,0,0.0,0.0,none,0,-1.484888672963124,2.3,"{""success"": 10}",{},"{""collision_rod_early"": 0.0, ""collision_rod_late"": 0.0, ""collision_rod_mid"": 0.0, ""collision_tblock_early"": 0.0, ""collision_tblock_late"": 0.0, ""collision_tblock_mid"": 0.0, ""fall"": 0.0, ""timeout"": 0.0}"
layout_pressure,path_len_bin=medium|max_blockage_bin=low|medhigh_count_bin=0|near_count_bin=2|center_count_bin=0|min_pair_dist_bin=close|pressure_bin=low,False,9,9,0,0.0,0.0,none,0,-2.934608350283267,3.6666666666666665,"{""success"": 9}",{},"{""collision_rod_early"": 0.0, ""collision_rod_late"": 0.0, ""collision_rod_mid"": 0.0, ""collision_tblock_early"": 0.0, ""collision_tblock_late"": 0.0, ""collision_tblock_mid"": 0.0, ""fall"": 0.0, ""timeout"": 0.0}"
layout_pressure,path_len_bin=medium|max_blockage_bin=low|medhigh_count_bin=0|near_count_bin=1|center_count_bin=1|min_pair_dist_bin=far|pressure_bin=low,False,7,7,0,0.0,0.0,none,0,-2.2929379408577666,3.0,"{""success"": 7}",{},"{""collision_rod_early"": 0.0, ""collision_rod_late"": 0.0, ""collision_rod_mid"": 0.0, ""collision_tblock_early"": 0.0, ""collision_tblock_late"": 0.0, ""collision_tblock_mid"": 0.0, ""fall"": 0.0, ""timeout"": 0.0}"
layout_pressure,path_len_bin=long|max_blockage_bin=medium|medhigh_count_bin=1|near_count_bin=0|center_count_bin=0|min_pair_dist_bin=very_close|pressure_bin=medium,False,6,6,0,0.0,0.0,none,0,-2.462056169444844,2.3333333333333335,"{""success"": 6}",{},"{""collision_rod_early"": 0.0, ""collision_rod_late"": 0.0, ""collision_rod_mid"": 0.0, ""collision_tblock_early"": 0.0, ""collision_tblock_late"": 0.0, ""collision_tblock_mid"": 0.0, ""fall"": 0.0, ""timeout"": 0.0}"
layout_pressure,path_len_bin=long|max_blockage_bin=low|medhigh_count_bin=0|near_count_bin=0|center_count_bin=2|min_pair_dist_bin=far|pressure_bin=low,False,4,4,0,0.0,0.0,none,0,-3.6777860148427246,4.0,"{""success"": 4}",{},"{""collision_rod_early"": 0.0, ""collision_rod_late"": 0.0, ""collision_rod_mid"": 0.0, ""collision_tblock_early"": 0.0, ""collision_tblock_late"": 0.0, ""collision_tblock_mid"": 0.0, ""fall"": 0.0, ""timeout"": 0.0}"
layout_pressure,path_len_bin=long|max_blockage_bin=low|medhigh_count_bin=0|near_count_bin=0|center_count_bin=2|min_pair_dist_bin=medium|pressure_bin=low,False,3,3,0,0.0,0.0,none,0,-3.7943124797335828,3.6666666666666665,"{""success"": 3}",{},"{""collision_rod_early"": 0.0, ""collision_rod_late"": 0.0, ""collision_rod_mid"": 0.0, ""collision_tblock_early"": 0.0, ""collision_tblock_late"": 0.0, ""collision_tblock_mid"": 0.0, ""fall"": 0.0, ""timeout"": 0.0}"
layout_pressure,path_len_bin=medium|max_blockage_bin=low|medhigh_count_bin=0|near_count_bin=0|center_count_bin=2|min_pair_dist_bin=medium|pressure_bin=low,False,1,1,0,0.0,0.0,none,0,-1.1587874964328686,3.0,"{""success"": 1}",{},"{""collision_rod_early"": 0.0, ""collision_rod_late"": 0.0, ""collision_rod_mid"": 0.0, ""collision_tblock_early"": 0.0, ""collision_tblock_late"": 0.0, ""collision_tblock_mid"": 0.0, ""fall"": 0.0, ""timeout"": 0.0}"
layout_pressure,path_len_bin=medium|max_blockage_bin=low|medhigh_count_bin=0|near_count_bin=0|center_count_bin=2|min_pair_dist_bin=far|pressure_bin=low,False,1,1,0,0.0,0.0,none,0,-3.218949423544474,3.0,"{""success"": 1}",{},"{""collision_rod_early"": 0.0, ""collision_rod_late"": 0.0, ""collision_rod_mid"": 0.0, ""collision_tblock_early"": 0.0, ""collision_tblock_late"": 0.0, ""collision_tblock_mid"": 0.0, ""fall"": 0.0, ""timeout"": 0.0}"
layout_pressure,path_len_bin=medium|max_blockage_bin=low|medhigh_count_bin=0|near_count_bin=1|center_count_bin=1|min_pair_dist_bin=medium|pressure_bin=low,False,1,1,0,0.0,0.0,none,0,-1.8560107992559252,2.0,"{""success"": 1}",{},"{""collision_rod_early"": 0.0, ""collision_rod_late"": 0.0, ""collision_rod_mid"": 0.0, ""collision_tblock_early"": 0.0, ""collision_tblock_late"": 0.0, ""collision_tblock_mid"": 0.0, ""fall"": 0.0, ""timeout"": 0.0}"
start_behavior_context,start_region=x_neg__y_pos|start_theta_bin=sector_6|path_angle_bin=sector_2|near_count_bin=1|far_count_bin=1|medhigh_count_bin=0,True,147,113,34,0.23129251700680273,2.7673988980390427,collision_tblock_early,23,-6.9916227363483525,3.163265306122449,"{""collision"": 30, ""fall"": 1, ""success"": 113, ""timeout"": 3}","{""collision_rod_early"": 7, ""collision_tblock_early"": 23, ""fall"": 1, ""timeout"": 3}","{""collision_rod_early"": 4.259028576718107, ""collision_rod_late"": 0.0, ""collision_rod_mid"": 0.0, ""collision_tblock_early"": 4.314032847108537, ""collision_tblock_late"": 0.0, ""collision_tblock_mid"": 0.0, ""fall"": 5.477414965986394, ""timeout"": 0.6299499673359855}"
start_behavior_context,start_region=x_neg__y_pos|start_theta_bin=sector_0|path_angle_bin=sector_2|near_count_bin=1|far_count_bin=1|medhigh_count_bin=0,True,150,117,33,0.22,2.632284716546549,collision_tblock_early,19,-6.247206507602845,3.533333333333333,"{""collision"": 23, ""fall"": 2, ""success"": 117, ""timeout"": 8}","{""collision_rod_early"": 2, ""collision_rod_late"": 2, ""collision_tblock_early"": 19, ""fall"": 2, ""timeout"": 8}","{""collision_rod_early"": 1.1925280014810702, ""collision_rod_late"": 51.12253968253968, ""collision_rod_mid"": 0.0, ""collision_tblock_early"": 3.492490939702651, ""collision_tblock_late"": 0.0, ""collision_tblock_mid"": 0.0, ""fall"": 10.735733333333334, ""timeout"": 1.6462692479713756}"
start_behavior_context,start_region=x_pos__y_neg|start_theta_bin=sector_5|path_angle_bin=sector_7|near_count_bin=1|far_count_bin=1|medhigh_count_bin=0,True,130,104,26,0.2,2.392986105951408,collision_tblock_early,14,-6.308762474462614,3.6538461538461537,"{""collision"": 16, ""success"": 104, ""timeout"": 10}","{""collision_rod_early"": 1, ""collision_rod_mid"": 1, ""collision_tblock_early"": 14, ""timeout"": 10}","{""collision_rod_early"": 0.6879969239313867, ""collision_rod_late"": 0.0, ""collision_rod_mid"": 5.421174886382763, ""collision_tblock_early"": 2.969324280718853, ""collision_tblock_late"": 0.0, ""collision_tblock_mid"": 0.0, ""fall"": 0.0, ""timeout"": 2.374426799958715}"
start_behavior_context,start_region=x_neg__y_pos|start_theta_bin=sector_6|path_angle_bin=sector_3|near_count_bin=1|far_count_bin=1|medhigh_count_bin=0,True,187,152,35,0.18716577540106952,2.239425500221906,collision_tblock_early,19,-6.397083883802907,3.518716577540107,"{""collision"": 28, ""fall"": 1, ""success"": 152, ""timeout"": 6}","{""collision_rod_early"": 9, ""collision_tblock_early"": 19, ""fall"": 1, ""timeout"": 6}","{""collision_rod_early"": 4.304579684490493, ""collision_rod_late"": 0.0, ""collision_rod_mid"": 0.0, ""collision_tblock_early"": 2.8014633206170996, ""collision_tblock_late"": 0.0, ""collision_tblock_mid"": 0.0, ""fall"": 4.305775401069519, ""timeout"": 0.9904026224426725}"
start_behavior_context,start_region=x_pos__y_neg|start_theta_bin=sector_6|path_angle_bin=sector_7|near_count_bin=1|far_count_bin=1|medhigh_count_bin=0,True,139,113,26,0.18705035971223022,2.2380445595228995,collision_tblock_early,16,-5.9452718790044825,3.539568345323741,"{""collision"": 18, ""success"": 113, ""timeout"": 8}","{""collision_rod_early"": 1, ""collision_tblock_early"": 16, ""collision_tblock_mid"": 1, ""timeout"": 8}","{""collision_rod_early"": 0.6434503605113687, ""collision_rod_late"": 0.0, ""collision_rod_mid"": 0.0, ""collision_tblock_early"": 3.1737895703469756, ""collision_tblock_late"": 0.0, ""collision_tblock_mid"": 11.19354950821951, ""fall"": 0.0, ""timeout"": 1.776549548170549}"
start_behavior_context,start_region=x_pos__y_neg|start_theta_bin=sector_1|path_angle_bin=sector_7|near_count_bin=1|far_count_bin=1|medhigh_count_bin=0,True,140,114,26,0.18571428571428572,2.222058526954879,collision_tblock_early,13,-4.0732189457426635,3.0785714285714287,"{""collision"": 18, ""success"": 114, ""timeout"": 8}","{""collision_rod_early"": 4, ""collision_rod_mid"": 1, ""collision_tblock_early"": 13, ""timeout"": 8}","{""collision_rod_early"": 2.5554171460308646, ""collision_rod_late"": 0.0, ""collision_rod_mid"": 5.033948108783995, ""collision_tblock_early"": 2.5602847114361538, ""collision_tblock_late"": 0.0, ""collision_tblock_mid"": 0.0, ""fall"": 0.0, ""timeout"": 1.7638599085407596}"
start_behavior_context,start_region=x_pos__y_neg|start_theta_bin=sector_6|path_angle_bin=sector_6|near_count_bin=1|far_count_bin=1|medhigh_count_bin=0,True,147,120,27,0.1836734693877551,2.197640301383946,collision_tblock_early,19,-5.282240529155233,3.0816326530612246,"{""collision"": 23, ""fall"": 1, ""success"": 120, ""timeout"": 3}","{""collision_rod_early"": 3, ""collision_rod_late"": 1, ""collision_tblock_early"": 19, ""fall"": 1, ""timeout"": 3}","{""collision_rod_early"": 1.8252979614506173, ""collision_rod_late"": 26.08292840945902, ""collision_rod_mid"": 0.0, ""collision_tblock_early"": 3.563766265002705, ""collision_tblock_late"": 0.0, ""collision_tblock_mid"": 0.0, ""fall"": 5.477414965986394, ""timeout"": 0.6299499673359855}"
start_behavior_context,start_region=x_pos__y_neg|start_theta_bin=sector_5|path_angle_bin=sector_6|near_count_bin=1|far_count_bin=1|medhigh_count_bin=0,True,157,129,28,0.17834394904458598,2.1338729607210007,collision_tblock_early,19,-4.958087596077452,3.343949044585987,"{""collision"": 19, ""success"": 129, ""timeout"": 9}","{""collision_tblock_early"": 19, ""timeout"": 9}","{""collision_rod_early"": 0.0, ""collision_rod_late"": 0.0, ""collision_rod_mid"": 0.0, ""collision_tblock_early"": 3.336774783155399, ""collision_tblock_late"": 0.0, ""collision_tblock_mid"": 0.0, ""fall"": 0.0, ""timeout"": 1.7694772967845198}"
start_behavior_context,start_region=x_neg__y_pos|start_theta_bin=sector_6|path_angle_bin=sector_2|near_count_bin=0|far_count_bin=2|medhigh_count_bin=0,True,2269,1871,398,0.1754076685764654,2.0987405689040557,collision_tblock_early,271,-6.514047039173718,3.368884971353019,"{""collision"": 348, ""fall"": 9, ""success"": 1871, ""timeout"": 41}","{""collision_rod_early"": 71, ""collision_rod_late"": 1, ""collision_rod_mid"": 2, ""collision_tblock_early"": 271, ""collision_tblock_mid"": 3, ""fall"": 9, ""timeout"": 41}","{""collision_rod_early"": 2.7986829475040538, ""collision_rod_late"": 1.6898151062981384, ""collision_rod_mid"": 0.6212011769323572, ""collision_tblock_early"": 3.2931214005454006, ""collision_tblock_late"": 0.0, ""collision_tblock_mid"": 2.057166216362951, ""fall"": 3.1937505509034816, ""timeout"": 0.557765308231818}"
start_behavior_context,start_region=x_neg__y_pos|start_theta_bin=sector_1|path_angle_bin=sector_3|near_count_bin=1|far_count_bin=1|medhigh_count_bin=0,True,152,126,26,0.17105263157894737,2.04663285377423,collision_tblock_early,14,-4.918327697998348,2.9671052631578947,"{""collision"": 20, ""fall"": 2, ""success"": 126, ""timeout"": 4}","{""collision_rod_early"": 6, ""collision_tblock_early"": 14, ""fall"": 2, ""timeout"": 4}","{""collision_rod_early"": 3.530510530700536, ""collision_rod_late"": 0.0, ""collision_rod_mid"": 0.0, ""collision_tblock_early"": 2.5395536611411242, ""collision_tblock_late"": 0.0, ""collision_tblock_mid"": 0.0, ""fall"": 10.594473684210525, ""timeout"": 0.812303905249034}"
start_behavior_context,start_region=x_pos__y_neg|start_theta_bin=sector_7|path_angle_bin=sector_7|near_count_bin=1|far_count_bin=1|medhigh_count_bin=0,True,152,126,26,0.17105263157894737,2.04663285377423,collision_tblock_early,17,-4.656557121298728,2.9078947368421053,"{""collision"": 24, ""success"": 126, ""timeout"": 2}","{""collision_rod_early"": 4, ""collision_rod_mid"": 3, ""collision_tblock_early"": 17, ""timeout"": 2}","{""collision_rod_early"": 2.353673687133691, ""collision_rod_late"": 0.0, ""collision_rod_mid"": 13.90959345848209, ""collision_tblock_early"": 3.083743731385651, ""collision_tblock_late"": 0.0, ""collision_tblock_mid"": 0.0, ""fall"": 0.0, ""timeout"": 0.406151952624517}"
start_behavior_context,start_region=x_neg__y_pos|start_theta_bin=sector_1|path_angle_bin=sector_2|near_count_bin=1|far_count_bin=1|medhigh_count_bin=0,True,141,117,24,0.1702127659574468,2.036583919958645,collision_tblock_early,13,-4.615760691403823,3.1347517730496453,"{""collision"": 16, ""success"": 117, ""timeout"": 8}","{""collision_rod_early"": 3, ""collision_tblock_early"": 13, ""timeout"": 8}","{""collision_rod_early"": 1.902970215129367, ""collision_rod_late"": 0.0, ""collision_rod_mid"": 0.0, ""collision_tblock_early"": 2.542126663837316, ""collision_tblock_late"": 0.0, ""collision_tblock_mid"": 0.0, ""fall"": 0.0, ""timeout"": 1.7513502637993357}"
start_behavior_context,start_region=x_neg__y_pos|start_theta_bin=sector_7|path_angle_bin=sector_2|near_count_bin=1|far_count_bin=1|medhigh_count_bin=0,True,131,109,22,0.16793893129770993,2.0093776462187396,collision_tblock_early,15,-5.046637299566762,3.0839694656488548,"{""collision"": 18, ""fall"": 1, ""success"": 109, ""timeout"": 3}","{""collision_rod_early"": 2, ""collision_rod_mid"": 1, ""collision_tblock_early"": 15, ""fall"": 1, ""timeout"": 3}","{""collision_rod_early"": 1.3654900780317596, ""collision_rod_late"": 0.0, ""collision_rod_mid"": 5.379791871982895, ""collision_tblock_early"": 3.157133231952979, ""collision_tblock_late"": 0.0, ""collision_tblock_mid"": 0.0, ""fall"": 6.146412213740458, ""timeout"": 0.7068904213617547}"
start_behavior_context,start_region=x_pos__y_neg|start_theta_bin=sector_0|path_angle_bin=sector_6|near_count_bin=1|far_count_bin=1|medhigh_count_bin=0,True,152,128,24,0.15789473684210525,1.8891995573300588,timeout,10,-4.120918917368575,3.3223684210526314,"{""collision"": 14, ""success"": 128, ""timeout"": 10}","{""collision_rod_early"": 6, ""collision_rod_mid"": 1, ""collision_tblock_early"": 7, ""timeout"": 10}","{""collision_rod_early"": 3.530510530700536, ""collision_rod_late"": 0.0, ""collision_rod_mid"": 4.636531152827364, ""collision_tblock_early"": 1.2697768305705621, ""collision_tblock_late"": 0.0, ""collision_tblock_mid"": 0.0, ""fall"": 0.0, ""timeout"": 2.030759763122585}"
start_behavior_context,start_region=x_neg__y_pos|start_theta_bin=sector_0|path_angle_bin=sector_3|near_count_bin=1|far_count_bin=1|medhigh_count_bin=0,True,152,128,24,0.15789473684210525,1.8891995573300588,collision_tblock_early,14,-4.588782376867269,3.0723684210526314,"{""collision"": 17, ""fall"": 1, ""success"": 128, ""timeout"": 6}","{""collision_rod_early"": 1, ""collision_rod_mid"": 1, ""collision_tblock_early"": 14, ""collision_tblock_mid"": 1, ""fall"": 1, ""timeout"": 6}","{""collision_rod_early"": 0.5884184217834227, ""collision_rod_late"": 0.0, ""collision_rod_mid"": 4.636531152827364, ""collision_tblock_early"": 2.5395536611411242, ""collision_tblock_late"": 0.0, ""collision_tblock_mid"": 10.23620645817442, ""fall"": 5.297236842105263, ""timeout"": 1.218455857873551}"
start_behavior_context,start_region=x_pos__y_neg|start_theta_bin=sector_7|path_angle_bin=sector_7|near_count_bin=0|far_count_bin=2|medhigh_count_bin=0,True,2291,1936,355,0.15495416848537757,1.8540158612238102,collision_tblock_early,202,-4.92810288200264,3.0576167612396334,"{""collision"": 296, ""fall"": 4, ""success"": 1936, ""timeout"": 55}","{""collision_rod_early"": 86, ""collision_rod_mid"": 3, ""collision_tblock_early"": 202, ""collision_tblock_late"": 1, ""collision_tblock_mid"": 4, ""fall"": 4, ""timeout"": 55}","{""collision_rod_early"": 3.357400964449106, ""collision_rod_late"": 0.0, ""collision_rod_mid"": 0.9228538654252632, ""collision_tblock_early"": 2.431079865675534, ""collision_tblock_late"": 2.6033593611070693, ""collision_tblock_mid"": 2.7165488985465074, ""fall"": 1.4058140549978178, ""timeout"": 0.741036735910293}"
start_behavior_context,start_region=x_pos__y_neg|start_theta_bin=sector_3|path_angle_bin=sector_7|near_count_bin=1|far_count_bin=1|medhigh_count_bin=0,True,130,110,20,0.15384615384615385,1.8407585430395448,collision_tblock_early,13,-4.04139908115825,3.1384615384615384,"{""collision"": 16, ""success"": 110, ""timeout"": 4}","{""collision_rod_early"": 2, ""collision_rod_mid"": 1, ""collision_tblock_early"": 13, ""timeout"": 4}","{""collision_rod_early"": 1.3759938478627733, ""collision_rod_late"": 0.0, ""collision_rod_mid"": 5.421174886382763, ""collision_tblock_early"": 2.757229689238935, ""collision_tblock_late"": 0.0, ""collision_tblock_mid"": 0.0, ""fall"": 0.0, ""timeout"": 0.949770719983486}"
start_behavior_context,start_region=x_pos__y_pos|start_theta_bin=sector_6|path_angle_bin=sector_0|near_count_bin=0|far_count_bin=2|medhigh_count_bin=0,True,2369,2018,351,0.1481637821865766,1.772769360888443,collision_tblock_early,253,-5.405842743093488,3.0029548332629803,"{""collision"": 301, ""fall"": 4, ""success"": 2018, ""timeout"": 46}","{""collision_rod_early"": 43, ""collision_rod_late"": 1, ""collision_rod_mid"": 2, ""collision_tblock_early"": 253, ""collision_tblock_mid"": 2, ""fall"": 4, ""timeout"": 46}","{""collision_rod_early"": 1.6234287905345932, ""collision_rod_late"": 1.6184847936641942, ""collision_rod_mid"": 0.5949790926380407, ""collision_tblock_early"": 2.9446142312260473, ""collision_tblock_late"": 0.0, ""collision_tblock_mid"": 1.313552876017317, ""fall"": 1.3595272266779233, ""timeout"": 0.5993698718342387}"
start_behavior_context,start_region=x_neg__y_pos|start_theta_bin=sector_2|path_angle_bin=sector_2|near_count_bin=1|far_count_bin=1|medhigh_count_bin=0,True,147,126,21,0.14285714285714285,1.7092757899652913,collision_tblock_early,12,-3.684600583845713,2.9591836734693877,"{""collision"": 14, ""fall"": 1, ""success"": 126, ""timeout"": 6}","{""collision_rod_early"": 2, ""collision_tblock_early"": 12, ""fall"": 1, ""timeout"": 6}","{""collision_rod_early"": 1.216865307633745, ""collision_rod_late"": 0.0, ""collision_rod_mid"": 0.0, ""collision_tblock_early"": 2.250799746317498, ""collision_tblock_late"": 0.0, ""collision_tblock_mid"": 0.0, ""fall"": 5.477414965986394, ""timeout"": 1.259899934671971}"
start_behavior_context,start_region=x_neg__y_neg|start_theta_bin=sector_6|path_angle_bin=sector_4|near_count_bin=0|far_count_bin=2|medhigh_count_bin=0,True,2132,1840,292,0.13696060037523453,1.638724068803497,collision_tblock_early,158,-6.552616802734647,3.74906191369606,"{""collision"": 217, ""fall"": 3, ""success"": 1840, ""timeout"": 72}","{""collision_rod_early"": 49, ""collision_rod_late"": 2, ""collision_rod_mid"": 6, ""collision_tblock_early"": 158, ""collision_tblock_mid"": 2, ""fall"": 3, ""timeout"": 72}","{""collision_rod_early"": 2.055600565404753, ""collision_rod_late"": 3.5968015724113283, ""collision_rod_mid"": 1.9833566657497916, ""collision_tblock_early"": 2.04335033255043, ""collision_tblock_late"": 0.0, ""collision_tblock_mid"": 1.459571652572713, ""fall"": 1.1329924953095685, ""timeout"": 1.0424312780306553}"
start_behavior_context,start_region=x_neg__y_pos|start_theta_bin=sector_7|path_angle_bin=sector_3|near_count_bin=1|far_count_bin=1|medhigh_count_bin=0,True,161,139,22,0.13664596273291926,1.6349594512711485,collision_tblock_early,14,-4.08217749327679,2.8633540372670807,"{""collision"": 19, ""fall"": 1, ""success"": 139, ""timeout"": 2}","{""collision_rod_early"": 5, ""collision_tblock_early"": 14, ""fall"": 1, ""timeout"": 2}","{""collision_rod_early"": 2.7776273326422443, ""collision_rod_late"": 0.0, ""collision_rod_mid"": 0.0, ""collision_tblock_early"": 2.397591034120813, ""collision_tblock_late"": 0.0, ""collision_tblock_mid"": 0.0, ""fall"": 5.001118012422361, ""timeout"": 0.38344780620451296}"
start_behavior_context,start_region=x_neg__y_pos|start_theta_bin=sector_6|path_angle_bin=sector_3|near_count_bin=0|far_count_bin=2|medhigh_count_bin=0,True,2252,1946,306,0.13587921847246892,1.6257854094607702,collision_tblock_early,161,-5.905115544154501,3.541740674955595,"{""collision"": 240, ""fall"": 6, ""success"": 1946, ""timeout"": 60}","{""collision_rod_early"": 73, ""collision_rod_mid"": 2, ""collision_tblock_early"": 161, ""collision_tblock_mid"": 4, ""fall"": 6, ""timeout"": 60}","{""collision_rod_early"": 2.8992410337961187, ""collision_rod_late"": 0.0, ""collision_rod_mid"": 0.625890528623232, ""collision_tblock_early"": 1.9711988453262368, ""collision_tblock_late"": 0.0, ""collision_tblock_mid"": 2.763593928317073, ""fall"": 2.145239786856128, ""timeout"": 0.8224035985647414}"
start_behavior_context,start_region=x_neg__y_pos|start_theta_bin=sector_4|path_angle_bin=sector_3|near_count_bin=1|far_count_bin=1|medhigh_count_bin=0,True,193,167,26,0.13471502590673576,1.611855926288513,timeout,12,-4.0116172208477,3.2176165803108807,"{""collision"": 14, ""success"": 167, ""timeout"": 12}","{""collision_rod_early"": 4, ""collision_tblock_early"": 10, ""timeout"": 12}","{""collision_rod_early"": 1.853670468623425, ""collision_rod_late"": 0.0, ""collision_rod_mid"": 0.0, ""collision_tblock_early"": 1.428616419294785, ""collision_tblock_late"": 0.0, ""collision_tblock_mid"": 0.0, ""fall"": 0.0, ""timeout"": 1.9192258072205157}"
start_behavior_context,start_region=x_pos__y_neg|start_theta_bin=sector_4|path_angle_bin=sector_6|near_count_bin=1|far_count_bin=1|medhigh_count_bin=0,True,164,142,22,0.13414634146341464,1.6050516564308224,collision_tblock_early,10,-3.8236694209441353,3.1097560975609757,"{""collision"": 12, ""fall"": 2, ""success"": 142, ""timeout"": 8}","{""collision_rod_early"": 2, ""collision_tblock_early"": 10, ""fall"": 2, ""timeout"": 8}","{""collision_rod_early"": 1.0907268306229299, ""collision_rod_late"": 0.0, ""collision_rod_mid"": 0.0, ""collision_tblock_early"": 1.6812376153895943, ""collision_tblock_late"": 0.0, ""collision_tblock_mid"": 0.0, ""fall"": 9.819268292682926, ""timeout"": 1.505734068266502}"
start_behavior_context,start_region=x_pos__y_pos|start_theta_bin=sector_7|path_angle_bin=sector_0|near_count_bin=0|far_count_bin=2|medhigh_count_bin=0,True,2505,2172,333,0.13293413173652693,1.5905476512611154,collision_tblock_early,252,-4.909730189427091,2.924550898203593,"{""collision"": 284, ""fall"": 1, ""success"": 2172, ""timeout"": 48}","{""collision_rod_early"": 26, ""collision_rod_late"": 1, ""collision_rod_mid"": 2, ""collision_tblock_early"": 252, ""collision_tblock_mid"": 3, ""fall"": 1, ""timeout"": 48}","{""collision_rod_early"": 0.9283152107337671, ""collision_rod_late"": 1.5306149605550803, ""collision_rod_mid"": 0.5626768345147779, ""collision_tblock_early"": 2.7737400466595274, ""collision_tblock_late"": 0.0, ""collision_tblock_mid"": 1.8633573432844457, ""fall"": 0.3214291417165669, ""timeout"": 0.5914739813070811}"
start_behavior_context,start_region=x_mid__y_pos|start_theta_bin=sector_6|path_angle_bin=sector_2|near_count_bin=0|far_count_bin=2|medhigh_count_bin=0,True,2304,1998,306,0.1328125,1.5890923359833569,collision_tblock_early,187,-5.7450664498444235,3.4249131944444446,"{""collision"": 255, ""fall"": 3, ""success"": 1998, ""timeout"": 48}","{""collision_rod_early"": 61, ""collision_rod_late"": 1, ""collision_rod_mid"": 1, ""collision_tblock_early"": 187, ""collision_tblock_mid"": 5, ""fall"": 3, ""timeout"": 48}","{""collision_rod_early"": 2.3679755237742603, ""collision_rod_late"": 1.6641451719576719, ""collision_rod_mid"": 0.30588226355458303, ""collision_tblock_early"": 2.237855693956948, ""collision_tblock_late"": 0.0, ""collision_tblock_mid"": 3.376526435856146, ""fall"": 1.0484114583333333, ""timeout"": 0.6430739249888185}"
start_behavior_context,start_region=x_mid__y_neg|start_theta_bin=sector_1|path_angle_bin=sector_5|near_count_bin=0|far_count_bin=1|medhigh_count_bin=0,True,114,99,15,0.13157894736842105,1.5743329644417157,timeout,14,-2.4248296936032356,3.43859649122807,"{""collision"": 1, ""success"": 99, ""timeout"": 14}","{""collision_tblock_early"": 1, ""timeout"": 14}","{""collision_rod_early"": 0.0, ""collision_rod_late"": 0.0, ""collision_rod_mid"": 0.0, ""collision_tblock_early"": 0.24186225344201187, ""collision_tblock_late"": 0.0, ""collision_tblock_mid"": 0.0, ""fall"": 0.0, ""timeout"": 3.7907515578288256}"
start_behavior_context,start_region=x_neg__y_neg|start_theta_bin=sector_6|path_angle_bin=sector_5|near_count_bin=1|far_count_bin=1|medhigh_count_bin=0,True,213,185,28,0.13145539906103287,1.572854717526747,collision_tblock_early,10,-5.796713935581614,3.5868544600938965,"{""collision"": 22, ""success"": 185, ""timeout"": 6}","{""collision_rod_early"": 9, ""collision_rod_mid"": 3, ""collision_tblock_early"": 10, ""timeout"": 6}","{""collision_rod_early"": 3.7791380328625457, ""collision_rod_late"": 0.0, ""collision_rod_mid"": 9.926094862390975, ""collision_tblock_early"": 1.2944740325065422, ""collision_tblock_late"": 0.0, ""collision_tblock_mid"": 0.0, ""fall"": 0.0, ""timeout"": 0.8695084056186844}"
start_behavior_context,start_region=x_neg__y_neg|start_theta_bin=sector_4|path_angle_bin=sector_5|near_count_bin=1|far_count_bin=1|medhigh_count_bin=0,True,175,152,23,0.13142857142857142,1.5725337267680681,timeout,11,-3.482826383535035,3.257142857142857,"{""collision"": 12, ""success"": 152, ""timeout"": 11}","{""collision_rod_early"": 2, ""collision_rod_mid"": 1, ""collision_tblock_early"": 9, ""timeout"": 11}","{""collision_rod_early"": 1.022166858412346, ""collision_rod_late"": 0.0, ""collision_rod_mid"": 4.027158487027196, ""collision_tblock_early"": 1.418003840180024, ""collision_tblock_late"": 0.0, ""collision_tblock_mid"": 0.0, ""fall"": 0.0, ""timeout"": 1.9402458993948355}"
start_behavior_context,start_region=x_pos__y_neg|start_theta_bin=sector_0|path_angle_bin=sector_7|near_count_bin=1|far_count_bin=1|medhigh_count_bin=0,True,163,142,21,0.12883435582822086,1.5414941173306616,timeout,8,-3.5731640362948864,3.098159509202454,"{""collision"": 13, ""success"": 142, ""timeout"": 8}","{""collision_rod_early"": 7, ""collision_tblock_early"": 5, ""collision_tblock_mid"": 1, ""timeout"": 8}","{""collision_rod_early"": 3.8409644219482315, ""collision_rod_late"": 0.0, ""collision_rod_mid"": 0.0, ""collision_tblock_early"": 0.8457759782941517, ""collision_tblock_late"": 0.0, ""collision_tblock_mid"": 9.545419519279214, ""fall"": 0.0, ""timeout"": 1.5149717005871552}"
start_behavior_context,start_region=x_pos__y_neg|start_theta_bin=sector_3|path_angle_bin=sector_6|near_count_bin=1|far_count_bin=1|medhigh_count_bin=0,True,171,149,22,0.1286549707602339,1.5393477874541222,timeout,11,-3.80314874572007,3.3157894736842106,"{""collision"": 10, ""fall"": 1, ""success"": 149, ""timeout"": 11}","{""collision_tblock_early"": 10, ""fall"": 1, ""timeout"": 11}","{""collision_rod_early"": 0.0, ""collision_rod_late"": 0.0, ""collision_rod_mid"": 0.0, ""collision_tblock_early"": 1.6124150229467455, ""collision_tblock_late"": 0.0, ""collision_tblock_mid"": 0.0, ""fall"": 4.708654970760234, ""timeout"": 1.9856317683865274}"
start_behavior_context,start_region=x_pos__y_neg|start_theta_bin=sector_4|path_angle_bin=sector_6|near_count_bin=0|far_count_bin=2|medhigh_count_bin=0,True,2224,1940,284,0.12769784172661872,1.5278958050589024,collision_tblock_early,171,-4.158697300883338,3.1533273381294964,"{""collision"": 213, ""fall"": 5, ""success"": 1940, ""timeout"": 66}","{""collision_rod_early"": 38, ""collision_rod_late"": 1, ""collision_tblock_early"": 171, ""collision_tblock_late"": 2, ""collision_tblock_mid"": 1, ""fall"": 5, ""timeout"": 66}","{""collision_rod_early"": 1.5281946062145009, ""collision_rod_late"": 1.7240065090784513, ""collision_rod_mid"": 0.0, ""collision_tblock_early"": 2.119992252067706, ""collision_tblock_late"": 5.363575806021848, ""collision_tblock_mid"": 0.6995968442637194, ""fall"": 1.810206834532374, ""timeout"": 0.9160333607754394}"
start_behavior_context,start_region=x_neg__y_pos|start_theta_bin=sector_3|path_angle_bin=sector_2|near_count_bin=1|far_count_bin=1|medhigh_count_bin=0,True,165,144,21,0.12727272727272726,1.522809340150896,collision_tblock_early,15,-3.0598748636149584,2.963636363636364,"{""collision"": 15, ""success"": 144, ""timeout"": 6}","{""collision_tblock_early"": 15, ""timeout"": 6}","{""collision_rod_early"": 0.0, ""collision_rod_late"": 0.0, ""collision_rod_mid"": 0.0, ""collision_tblock_early"": 2.5065724447626683, ""collision_tblock_late"": 0.0, ""collision_tblock_mid"": 0.0, ""fall"": 0.0, ""timeout"": 1.122456305435029}"
start_behavior_context,start_region=x_pos__y_pos|start_theta_bin=sector_6|path_angle_bin=sector_1|near_count_bin=0|far_count_bin=2|medhigh_count_bin=0,True,2360,2061,299,0.1266949152542373,1.5158958594904046,collision_tblock_early,192,-5.4156981376189535,3.125,"{""collision"": 239, ""fall"": 3, ""success"": 2061, ""timeout"": 57}","{""collision_rod_early"": 42, ""collision_rod_mid"": 3, ""collision_tblock_early"": 192, ""collision_tblock_mid"": 2, ""fall"": 3, ""timeout"": 57}","{""collision_rod_early"": 1.5917216968921062, ""collision_rod_late"": 0.0, ""collision_rod_mid"": 0.8958721210547788, ""collision_tblock_early"": 2.243169916668964, ""collision_tblock_late"": 0.0, ""collision_tblock_mid"": 1.3185621878326375, ""fall"": 1.0235338983050848, ""timeout"": 0.7455297706650033}"
start_behavior_context,start_region=x_pos__y_pos|start_theta_bin=sector_5|path_angle_bin=sector_1|near_count_bin=0|far_count_bin=2|medhigh_count_bin=0,True,2354,2057,297,0.1261682242990654,1.509594038801122,collision_tblock_early,206,-4.923044324935378,2.929481733220051,"{""collision"": 253, ""fall"": 3, ""success"": 2057, ""timeout"": 41}","{""collision_rod_early"": 43, ""collision_rod_mid"": 1, ""collision_tblock_early"": 206, ""collision_tblock_mid"": 3, ""fall"": 3, ""timeout"": 41}","{""collision_rod_early"": 1.6337734939577107, ""collision_rod_late"": 0.0, ""collision_rod_mid"": 0.2993851891375358, ""collision_tblock_early"": 2.412868801967802, ""collision_tblock_late"": 0.0, ""collision_tblock_mid"": 1.9828845135630995, ""fall"": 1.026142735768904, ""timeout"": 0.5376250995658433}"
start_behavior_context,start_region=x_pos__y_pos|start_theta_bin=sector_7|path_angle_bin=sector_1|near_count_bin=0|far_count_bin=2|medhigh_count_bin=0,True,2365,2067,298,0.12600422832980973,1.5076318384218172,collision_tblock_early,222,-4.704465934658566,2.920507399577167,"{""collision"": 246, ""fall"": 2, ""success"": 2067, ""timeout"": 50}","{""collision_rod_early"": 21, ""collision_rod_mid"": 2, ""collision_tblock_early"": 222, ""collision_tblock_mid"": 1, ""fall"": 2, ""timeout"": 50}","{""collision_rod_early"": 0.7941782673711143, ""collision_rod_late"": 0.0, ""collision_rod_mid"": 0.5959853997714666, ""collision_tblock_early"": 2.588181780173546, ""collision_tblock_late"": 0.0, ""collision_tblock_mid"": 0.6578872649651213, ""fall"": 0.6809133192389006, ""timeout"": 0.6525908752529238}"
start_behavior_context,start_region=x_pos__y_neg|start_theta_bin=sector_4|path_angle_bin=sector_7|near_count_bin=0|far_count_bin=2|medhigh_count_bin=0,True,2316,2032,284,0.1226252158894646,1.467202189313903,collision_tblock_early,193,-4.054944026920785,3.04706390328152,"{""collision"": 226, ""fall"": 3, ""success"": 2032, ""timeout"": 55}","{""collision_rod_early"": 25, ""collision_rod_mid"": 3, ""collision_tblock_early"": 193, ""collision_tblock_late"": 1, ""collision_tblock_mid"": 4, ""fall"": 3, ""timeout"": 55}","{""collision_rod_early"": 0.9654533690747005, ""collision_rod_late"": 0.0, ""collision_rod_mid"": 0.9128921440799991, ""collision_tblock_early"": 2.297691407699112, ""collision_tblock_late"": 2.5752574681762934, ""collision_tblock_mid"": 2.6872251841839585, ""fall"": 1.0429792746113988, ""timeout"": 0.7330376347022802}"
start_behavior_context,start_region=x_pos__y_mid|start_theta_bin=sector_6|path_angle_bin=sector_0|near_count_bin=0|far_count_bin=2|medhigh_count_bin=0,True,2407,2116,291,0.12089738263398421,1.4465287844450763,collision_tblock_early,185,-4.863518575013328,3.1246364769422517,"{""collision"": 233, ""fall"": 1, ""success"": 2116, ""timeout"": 57}","{""collision_rod_early"": 43, ""collision_rod_mid"": 4, ""collision_tblock_early"": 185, ""collision_tblock_mid"": 1, ""fall"": 1, ""timeout"": 57}","{""collision_rod_early"": 1.5977992541655384, ""collision_rod_late"": 0.0, ""collision_rod_mid"": 1.1711719737927033, ""collision_tblock_early"": 2.119183599955143, ""collision_tblock_late"": 0.0, ""collision_tblock_mid"": 0.6464077198348617, ""fall"": 0.33451599501454093, ""timeout"": 0.730972272027174}"
start_behavior_context,start_region=x_neg__y_neg|start_theta_bin=sector_7|path_angle_bin=sector_5|near_count_bin=0|far_count_bin=2|medhigh_count_bin=0,True,2188,1924,264,0.1206581352833638,1.4436662065154746,collision_tblock_early,161,-4.8298229150937155,3.3482632541133457,"{""collision"": 187, ""fall"": 3, ""success"": 1924, ""timeout"": 74}","{""collision_rod_early"": 12, ""collision_rod_mid"": 9, ""collision_tblock_early"": 161, ""collision_tblock_late"": 1, ""collision_tblock_mid"": 4, ""fall"": 3, ""timeout"": 74}","{""collision_rod_early"": 0.49052797135875825, ""collision_rod_late"": 0.0, ""collision_rod_mid"": 2.898891506886579, ""collision_tblock_early"": 2.028857312465578, ""collision_tblock_late"": 2.725912384047667, ""collision_tblock_mid"": 2.84443031378887, ""fall"": 1.1039945155393052, ""timeout"": 1.0439664449544257}"
start_behavior_context,start_region=x_neg__y_pos|start_theta_bin=sector_0|path_angle_bin=sector_2|near_count_bin=0|far_count_bin=2|medhigh_count_bin=0,True,2350,2068,282,0.12,1.435791663570845,collision_tblock_early,172,-5.035877482776676,3.355744680851064,"{""collision"": 200, ""fall"": 14, ""success"": 2068, ""timeout"": 68}","{""collision_rod_early"": 25, ""collision_rod_mid"": 2, ""collision_tblock_early"": 172, ""collision_tblock_mid"": 1, ""fall"": 14, ""timeout"": 68}","{""collision_rod_early"": 0.9514851075646835, ""collision_rod_late"": 0.0, ""collision_rod_mid"": 0.5997895618976675, ""collision_tblock_early"": 2.0180574746770077, ""collision_tblock_late"": 0.0, ""collision_tblock_mid"": 0.6620865453797924, ""fall"": 4.796817021276596, ""timeout"": 0.8931886345376613}"
start_behavior_context,start_region=x_neg__y_neg|start_theta_bin=sector_2|path_angle_bin=sector_5|near_count_bin=1|far_count_bin=1|medhigh_count_bin=0,True,200,176,24,0.12,1.4357916635708445,collision_tblock_early,15,-3.3641719418008598,2.98,"{""collision"": 17, ""success"": 176, ""timeout"": 7}","{""collision_rod_early"": 2, ""collision_tblock_early"": 15, ""timeout"": 7}","{""collision_rod_early"": 0.8943960011108025, ""collision_rod_late"": 0.0, ""collision_rod_mid"": 0.0, ""collision_tblock_early"": 2.0679222669292012, ""collision_tblock_late"": 0.0, ""collision_tblock_mid"": 0.0, ""fall"": 0.0, ""timeout"": 1.0803641939812152}"
start_behavior_context,start_region=x_neg__y_neg|start_theta_bin=sector_6|path_angle_bin=sector_5|near_count_bin=0|far_count_bin=2|medhigh_count_bin=0,True,2070,1825,245,0.11835748792270531,1.416139120671727,collision_tblock_early,102,-5.861626669107608,3.7159420289855074,"{""collision"": 174, ""fall"": 2, ""success"": 1825, ""timeout"": 69}","{""collision_rod_early"": 56, ""collision_rod_late"": 5, ""collision_rod_mid"": 6, ""collision_tblock_early"": 102, ""collision_tblock_late"": 1, ""collision_tblock_mid"": 4, ""fall"": 2, ""timeout"": 69}","{""collision_rod_early"": 2.419622031990577, ""collision_rod_late"": 9.261329652634, ""collision_rod_mid"": 2.0427615513906066, ""collision_tblock_early"": 1.3586349193351273, ""collision_tblock_late"": 2.8813025585972443, ""collision_tblock_mid"": 3.0065765828840814, ""fall"": 0.777951690821256, ""timeout"": 1.0289182799821097}"
start_behavior_context,start_region=x_neg__y_pos|start_theta_bin=sector_1|path_angle_bin=sector_3|near_count_bin=0|far_count_bin=2|medhigh_count_bin=0,True,2317,2047,270,0.11652999568407424,1.3942733029928358,collision_tblock_early,140,-4.028227978111469,3.069486404833837,"{""collision"": 195, ""fall"": 15, ""success"": 2047, ""timeout"": 60}","{""collision_rod_early"": 52, ""collision_rod_mid"": 2, ""collision_tblock_early"": 140, ""collision_tblock_mid"": 1, ""fall"": 15, ""timeout"": 60}","{""collision_rod_early"": 2.0072763080604976, ""collision_rod_late"": 0.0, ""collision_rod_mid"": 0.6083320977382471, ""collision_tblock_early"": 1.6659998122289639, ""collision_tblock_late"": 0.0, ""collision_tblock_mid"": 0.6715163494356979, ""fall"": 5.212645662494605, ""timeout"": 0.7993322848372023}"
start_behavior_context,start_region=x_neg__y_pos|start_theta_bin=sector_1|path_angle_bin=sector_2|near_count_bin=0|far_count_bin=2|medhigh_count_bin=0,True,2293,2029,264,0.11513301351940688,1.3775585084412814,collision_tblock_early,151,-3.9624237739633563,3.059310946358482,"{""collision"": 190, ""fall"": 9, ""success"": 2029, ""timeout"": 65}","{""collision_rod_early"": 33, ""collision_rod_mid"": 5, ""collision_tblock_early"": 151, ""collision_tblock_late"": 1, ""fall"": 9, ""timeout"": 65}","{""collision_rod_early"": 1.2871813360949185, ""collision_rod_late"": 0.0, ""collision_rod_mid"": 1.5367482233531602, ""collision_tblock_early"": 1.8157072964460494, ""collision_tblock_late"": 2.601088659527386, ""collision_tblock_mid"": 0.0, ""fall"": 3.1603227213257736, ""timeout"": 0.8750068233602765}"
start_behavior_context,start_region=x_pos__y_neg|start_theta_bin=sector_4|path_angle_bin=sector_7|near_count_bin=1|far_count_bin=1|medhigh_count_bin=0,True,123,109,14,0.11382113821138211,1.3618620115170614,collision_tblock_early,10,-4.200964313895705,3.1463414634146343,"{""collision"": 13, ""success"": 109, ""timeout"": 1}","{""collision_rod_early"": 1, ""collision_rod_mid"": 2, ""collision_tblock_early"": 10, ""timeout"": 1}","{""collision_rod_early"": 0.7271512204152867, ""collision_rod_late"": 0.0, ""collision_rod_mid"": 11.459394068776573, ""collision_tblock_early"": 2.2416501538527926, ""collision_tblock_late"": 0.0, ""collision_tblock_mid"": 0.0, ""fall"": 0.0, ""timeout"": 0.250955678044417}"
start_behavior_context,start_region=x_neg__y_neg|start_theta_bin=sector_3|path_angle_bin=sector_5|near_count_bin=0|far_count_bin=1|medhigh_count_bin=0,True,125,111,14,0.112,1.3400722193327885,timeout,7,-3.7444405600870647,3.264,"{""collision"": 7, ""success"": 111, ""timeout"": 7}","{""collision_rod_early"": 3, ""collision_tblock_early"": 4, ""timeout"": 7}","{""collision_rod_early"": 2.146550402665926, ""collision_rod_late"": 0.0, ""collision_rod_mid"": 0.0, ""collision_tblock_early"": 0.8823135005564592, ""collision_tblock_late"": 0.0, ""collision_tblock_mid"": 0.0, ""fall"": 0.0, ""timeout"": 1.7285827103699445}"
start_behavior_context,start_region=x_neg__y_pos|start_theta_bin=sector_7|path_angle_bin=sector_2|near_count_bin=0|far_count_bin=2|medhigh_count_bin=0,True,2347,2088,259,0.11035364294844482,1.3203736715837553,collision_tblock_early,156,-4.798961336206986,3.2769492969748617,"{""collision"": 184, ""fall"": 14, ""success"": 2088, ""timeout"": 61}","{""collision_rod_early"": 25, ""collision_rod_late"": 2, ""collision_rod_mid"": 1, ""collision_tblock_early"": 156, ""fall"": 14, ""timeout"": 61}","{""collision_rod_early"": 0.9527013220183239, ""collision_rod_late"": 3.2673118672266517, ""collision_rod_mid"": 0.30027811471229626, ""collision_tblock_early"": 1.8326707776790534, ""collision_tblock_late"": 0.0, ""collision_tblock_mid"": 0.0, ""fall"": 4.802948444823179, ""timeout"": 0.8022669162195403}"
start_behavior_context,start_region=x_neg__y_neg|start_theta_bin=sector_6|path_angle_bin=sector_4|near_count_bin=0|far_count_bin=1|medhigh_count_bin=0,True,136,121,15,0.11029411764705882,1.3196614554879087,collision_rod_early,7,-6.2447127454893625,3.786764705882353,"{""collision"": 10, ""success"": 121, ""timeout"": 5}","{""collision_rod_early"": 7, ""collision_tblock_early"": 3, ""timeout"": 5}","{""collision_rod_early"": 4.603508829246778, ""collision_rod_late"": 0.0, ""collision_rod_mid"": 0.0, ""collision_tblock_early"": 0.608212431449765, ""collision_tblock_late"": 0.0, ""collision_tblock_mid"": 0.0, ""fall"": 0.0, ""timeout"": 1.1348363382155622}"
start_behavior_context,start_region=x_neg__y_neg|start_theta_bin=sector_1|path_angle_bin=sector_5|near_count_bin=1|far_count_bin=1|medhigh_count_bin=0,True,193,172,21,0.10880829015544041,1.3018836327714913,collision_tblock_early,9,-2.9900790535125528,2.9533678756476682,"{""collision"": 14, ""success"": 172, ""timeout"": 7}","{""collision_rod_early"": 4, ""collision_tblock_early"": 9, ""collision_tblock_late"": 1, ""timeout"": 7}","{""collision_rod_early"": 1.853670468623425, ""collision_rod_late"": 0.0, ""collision_rod_mid"": 0.0, ""collision_tblock_early"": 1.2857547773653066, ""collision_tblock_late"": 30.903089618115523, ""collision_tblock_mid"": 0.0, ""fall"": 0.0, ""timeout"": 1.1195483875453007}"
start_behavior_context,start_region=x_pos__y_mid|start_theta_bin=sector_7|path_angle_bin=sector_7|near_count_bin=0|far_count_bin=2|medhigh_count_bin=0,True,2324,2072,252,0.10843373493975904,1.2974021056363054,collision_tblock_early,149,-4.76873851513534,3.0684165232358005,"{""collision"": 198, ""success"": 2072, ""timeout"": 54}","{""collision_rod_early"": 43, ""collision_rod_late"": 2, ""collision_rod_mid"": 2, ""collision_tblock_early"": 149, ""collision_tblock_mid"": 2, ""timeout"": 54}","{""collision_rod_early"": 1.654863513242879, ""collision_rod_late"": 3.299647569871322, ""collision_rod_mid"": 0.6064997721426499, ""collision_tblock_early"": 1.7677591381092999, ""collision_tblock_late"": 0.0, ""collision_tblock_mid"": 1.3389874196579277, ""fall"": 0.0, ""timeout"": 0.7172321917259112}"
start_behavior_context,start_region=x_pos__y_pos|start_theta_bin=sector_5|path_angle_bin=sector_0|near_count_bin=0|far_count_bin=2|medhigh_count_bin=0,True,2393,2134,259,0.10823234433765148,1.2949924810727427,collision_tblock_early,181,-4.129242143433365,2.887588800668617,"{""collision"": 201, ""fall"": 2, ""success"": 2134, ""timeout"": 56}","{""collision_rod_early"": 17, ""collision_tblock_early"": 181, ""collision_tblock_late"": 1, ""collision_tblock_mid"": 2, ""fall"": 2, ""timeout"": 56}","{""collision_rod_early"": 0.6353837032546445, ""collision_rod_late"": 0.0, ""collision_rod_mid"": 0.0, ""collision_tblock_early"": 2.085493413089207, ""collision_tblock_late"": 2.4923929361873363, ""collision_tblock_mid"": 1.3003789232281755, ""fall"": 0.6729460927705808, ""timeout"": 0.7223496491307749}"
start_behavior_context,start_region=x_pos__y_neg|start_theta_bin=sector_7|path_angle_bin=sector_6|near_count_bin=1|far_count_bin=1|medhigh_count_bin=0,True,195,174,21,0.1076923076923077,1.2885309801276812,collision_tblock_early,9,-4.494632067909916,3.394871794871795,"{""collision"": 13, ""success"": 174, ""timeout"": 8}","{""collision_rod_early"": 4, ""collision_tblock_early"": 9, ""timeout"": 8}","{""collision_rod_early"": 1.834658463817031, ""collision_rod_late"": 0.0, ""collision_rod_mid"": 0.0, ""collision_tblock_early"": 1.2725675488795085, ""collision_tblock_late"": 0.0, ""collision_tblock_mid"": 0.0, ""fall"": 0.0, ""timeout"": 1.266360959977981}"
start_behavior_context,start_region=x_neg__y_pos|start_theta_bin=sector_5|path_angle_bin=sector_2|near_count_bin=1|far_count_bin=1|medhigh_count_bin=0,True,177,158,19,0.10734463276836158,1.2843710738157275,collision_tblock_early,10,-3.9909240580037317,3.096045197740113,"{""collision"": 16, ""success"": 158, ""timeout"": 3}","{""collision_rod_early"": 6, ""collision_tblock_early"": 10, ""timeout"": 3}","{""collision_rod_early"": 3.0318508512230595, ""collision_rod_late"": 0.0, ""collision_rod_mid"": 0.0, ""collision_tblock_early"": 1.5577568865756695, ""collision_tblock_late"": 0.0, ""collision_tblock_mid"": 0.0, ""fall"": 0.0, ""timeout"": 0.5231787864315812}"
start_behavior_context,start_region=x_neg__y_neg|start_theta_bin=sector_3|path_angle_bin=sector_5|near_count_bin=1|far_count_bin=1|medhigh_count_bin=0,True,206,184,22,0.10679611650485436,1.277808114828422,collision_tblock_early,10,-3.484455322599121,3.1067961165048543,"{""collision"": 16, ""success"": 184, ""timeout"": 6}","{""collision_rod_early"": 5, ""collision_tblock_early"": 10, ""collision_tblock_late"": 1, ""timeout"": 6}","{""collision_rod_early"": 2.1708640803660257, ""collision_rod_late"": 0.0, ""collision_rod_mid"": 0.0, ""collision_tblock_early"": 1.338461014193658, ""collision_tblock_late"": 28.952894642215032, ""collision_tblock_mid"": 0.0, ""fall"": 0.0, ""timeout"": 0.8990548077513582}"
start_behavior_context,start_region=x_mid__y_neg|start_theta_bin=sector_6|path_angle_bin=sector_5|near_count_bin=0|far_count_bin=1|medhigh_count_bin=0,True,150,134,16,0.10666666666666667,1.2762592565074176,timeout,11,-4.617611089468076,3.7866666666666666,"{""collision"": 5, ""success"": 134, ""timeout"": 11}","{""collision_rod_early"": 2, ""collision_tblock_early"": 3, ""timeout"": 11}","{""collision_rod_early"": 1.1925280014810702, ""collision_rod_late"": 0.0, ""collision_rod_mid"": 0.0, ""collision_tblock_early"": 0.551445937847787, ""collision_tblock_late"": 0.0, ""collision_tblock_mid"": 0.0, ""fall"": 0.0, ""timeout"": 2.2636202159606413}"
start_behavior_context,start_region=x_neg__y_mid|start_theta_bin=sector_6|path_angle_bin=sector_3|near_count_bin=0|far_count_bin=1|medhigh_count_bin=0,True,122,109,13,0.10655737704918032,1.2749516138265697,collision_rod_early,9,-5.404484164947807,3.6885245901639343,"{""collision"": 9, ""success"": 109, ""timeout"": 4}","{""collision_rod_early"": 9, ""timeout"": 4}","{""collision_rod_early"": 6.598003286882969, ""collision_rod_late"": 0.0, ""collision_rod_mid"": 0.0, ""collision_tblock_early"": 0.0, ""collision_tblock_late"": 0.0, ""collision_tblock_mid"": 0.0, ""fall"": 0.0, ""timeout"": 1.012050767195518}"
start_behavior_context,start_region=x_pos__y_mid|start_theta_bin=sector_5|path_angle_bin=sector_7|near_count_bin=0|far_count_bin=2|medhigh_count_bin=0,True,2312,2066,246,0.10640138408304499,1.2730851688236295,collision_tblock_early,139,-4.36241401952839,3.23659169550173,"{""collision"": 177, ""fall"": 2, ""success"": 2066, ""timeout"": 67}","{""collision_rod_early"": 31, ""collision_rod_mid"": 6, ""collision_tblock_early"": 139, ""collision_tblock_mid"": 1, ""fall"": 2, ""timeout"": 67}","{""collision_rod_early"": 1.199233392492858, ""collision_rod_late"": 0.0, ""collision_rod_mid"": 1.8289430845062955, ""collision_tblock_early"": 1.6576770190493597, ""collision_tblock_late"": 0.0, ""collision_tblock_mid"": 0.6729685906758269, ""fall"": 0.696522491349481, ""timeout"": 0.8945180548287373}"
start_behavior_context,start_region=x_pos__y_neg|start_theta_bin=sector_7|path_angle_bin=sector_6|near_count_bin=0|far_count_bin=2|medhigh_count_bin=0,True,2239,2001,238,0.1062974542206342,1.2718416552399177,collision_tblock_early,130,-4.518605753400461,3.1835640911121037,"{""collision"": 194, ""fall"": 2, ""success"": 2001, ""timeout"": 42}","{""collision_rod_early"": 60, ""collision_rod_late"": 2, ""collision_rod_mid"": 1, ""collision_tblock_early"": 130, ""collision_tblock_mid"": 1, ""fall"": 2, ""timeout"": 42}","{""collision_rod_early"": 2.3967735626015254, ""collision_rod_late"": 3.4249133329079733, ""collision_rod_mid"": 0.31476227567206755, ""collision_tblock_early"": 1.6008926288569074, ""collision_tblock_late"": 0.0, ""collision_tblock_mid"": 0.6949099516045163, ""fall"": 0.7192317999106744, ""timeout"": 0.5790250258050283}"
start_behavior_context,start_region=x_neg__y_mid|start_theta_bin=sector_7|path_angle_bin=sector_3|near_count_bin=0|far_count_bin=1|medhigh_count_bin=0,True,113,101,12,0.10619469026548672,1.2706120916556147,timeout,5,-4.280398827361719,3.4070796460176993,"{""collision"": 4, ""fall"": 3, ""success"": 101, ""timeout"": 5}","{""collision_rod_early"": 3, ""collision_tblock_early"": 1, ""fall"": 3, ""timeout"": 5}","{""collision_rod_early"": 2.37450265781629, ""collision_rod_late"": 0.0, ""collision_rod_mid"": 0.0, ""collision_tblock_early"": 0.24400262736627742, ""collision_tblock_late"": 0.0, ""collision_tblock_mid"": 0.0, ""fall"": 21.37646017699115, ""timeout"": 1.3658207256399688}"
start_behavior_context,start_region=x_neg__y_neg|start_theta_bin=sector_7|path_angle_bin=sector_4|near_count_bin=0|far_count_bin=2|medhigh_count_bin=0,True,2156,1928,228,0.10575139146567718,1.265308052311969,collision_tblock_early,104,-4.352612821866002,3.2305194805194803,"{""collision"": 145, ""fall"": 11, ""success"": 1928, ""timeout"": 72}","{""collision_rod_early"": 31, ""collision_rod_late"": 2, ""collision_rod_mid"": 7, ""collision_tblock_early"": 104, ""collision_tblock_mid"": 1, ""fall"": 11, ""timeout"": 72}","{""collision_rod_early"": 1.2860053819311168, ""collision_rod_late"": 3.55676296492623, ""collision_rod_mid"": 2.2881582312654523, ""collision_tblock_early"": 1.330018031914885, ""collision_tblock_late"": 0.0, ""collision_tblock_mid"": 0.7216620508545973, ""fall"": 4.108061224489796, ""timeout"": 1.030827219277067}"
start_behavior_context,start_region=x_pos__y_neg|start_theta_bin=sector_3|path_angle_bin=sector_7|near_count_bin=0|far_count_bin=2|medhigh_count_bin=0,True,2283,2042,241,0.105562855891371,1.2630522372630075,collision_tblock_early,131,-3.5502978870512463,3.025843188786684,"{""collision"": 153, ""fall"": 6, ""success"": 2042, ""timeout"": 82}","{""collision_rod_early"": 12, ""collision_rod_mid"": 5, ""collision_tblock_early"": 131, ""collision_tblock_late"": 1, ""collision_tblock_mid"": 4, ""fall"": 6, ""timeout"": 82}","{""collision_rod_early"": 0.4701161635273601, ""collision_rod_late"": 0.0, ""collision_rod_mid"": 1.5434794902097224, ""collision_tblock_early"": 1.5821160284288238, ""collision_tblock_late"": 2.6124819519475673, ""collision_tblock_mid"": 2.726068123771374, ""fall"": 2.1161103810775295, ""timeout"": 1.108689868049054}"
start_behavior_context,start_region=x_neg__y_neg|start_theta_bin=sector_3|path_angle_bin=sector_5|near_count_bin=0|far_count_bin=2|medhigh_count_bin=0,True,2223,1991,232,0.10436347278452542,1.248701701711036,timeout,95,-3.4940823792479607,3.1542959964012596,"{""collision"": 136, ""fall"": 1, ""success"": 1991, ""timeout"": 95}","{""collision_rod_early"": 39, ""collision_rod_mid"": 12, ""collision_tblock_early"": 83, ""collision_tblock_late"": 1, ""collision_tblock_mid"": 1, ""fall"": 1, ""timeout"": 95}","{""collision_rod_early"": 1.5691157914224605, ""collision_rod_late"": 0.0, ""collision_rod_mid"": 3.804333253601939, ""collision_tblock_early"": 1.029464976189076, ""collision_tblock_late"": 2.6829942853334665, ""collision_tblock_mid"": 0.6999115526956868, ""fall"": 0.362204228520018, ""timeout"": 1.3191259999770637}"
start_behavior_context,start_region=x_pos__y_neg|start_theta_bin=sector_2|path_angle_bin=sector_6|near_count_bin=1|far_count_bin=1|medhigh_count_bin=0,True,183,164,19,0.10382513661202186,1.2422605468053756,collision_tblock_early,10,-3.1472186410925644,2.978142076502732,"{""collision"": 10, ""success"": 164, ""timeout"": 9}","{""collision_tblock_early"": 10, ""timeout"": 9}","{""collision_rod_early"": 0.0, ""collision_rod_late"": 0.0, ""collision_rod_mid"": 0.0, ""collision_tblock_early"": 1.5066828902945, ""collision_tblock_late"": 0.0, ""collision_tblock_mid"": 0.0, ""fall"": 0.0, ""timeout"": 1.5180761507932765}"
start_behavior_context,start_region=x_neg__y_pos|start_theta_bin=sector_5|path_angle_bin=sector_3|near_count_bin=1|far_count_bin=1|medhigh_count_bin=0,True,194,174,20,0.10309278350515463,1.2334979927584577,timeout,8,-4.560587766758125,3.2216494845360826,"{""collision"": 12, ""success"": 174, ""timeout"": 8}","{""collision_rod_early"": 6, ""collision_rod_late"": 1, ""collision_tblock_early"": 5, ""timeout"": 8}","{""collision_rod_early"": 2.76617319931176, ""collision_rod_late"": 19.763868433971524, ""collision_rod_mid"": 0.0, ""collision_tblock_early"": 0.7106262085667358, ""collision_tblock_late"": 0.0, ""collision_tblock_mid"": 0.0, ""fall"": 0.0, ""timeout"": 1.2728885937923007}"
start_behavior_context,start_region=x_neg__y_neg|start_theta_bin=sector_7|path_angle_bin=sector_4|near_count_bin=1|far_count_bin=1|medhigh_count_bin=0,True,214,192,22,0.102803738317757,1.2300395871712846,timeout,10,-4.08029136030681,3.205607476635514,"{""collision"": 11, ""fall"": 1, ""success"": 192, ""timeout"": 10}","{""collision_rod_early"": 4, ""collision_tblock_early"": 7, ""fall"": 1, ""timeout"": 10}","{""collision_rod_early"": 1.671768226375332, ""collision_rod_late"": 0.0, ""collision_rod_mid"": 0.0, ""collision_tblock_early"": 0.9018975619005862, ""collision_tblock_late"": 0.0, ""collision_tblock_mid"": 0.0, ""fall"": 3.7625233644859812, ""timeout"": 1.442408803713238}"
start_behavior_context,start_region=x_neg__y_neg|start_theta_bin=sector_2|path_angle_bin=sector_4|near_count_bin=1|far_count_bin=1|medhigh_count_bin=0,True,187,168,19,0.10160427807486631,1.2156881286918917,collision_tblock_early,11,-3.689790862595187,3.053475935828877,"{""collision"": 14, ""success"": 168, ""timeout"": 5}","{""collision_rod_early"": 3, ""collision_tblock_early"": 11, ""timeout"": 5}","{""collision_rod_early"": 1.4348598948301645, ""collision_rod_late"": 0.0, ""collision_rod_mid"": 0.0, ""collision_tblock_early"": 1.6218998171993735, ""collision_tblock_late"": 0.0, ""collision_tblock_mid"": 0.0, ""fall"": 0.0, ""timeout"": 0.8253355187022271}"
start_behavior_context,start_region=x_mid__y_pos|start_theta_bin=sector_5|path_angle_bin=sector_2|near_count_bin=0|far_count_bin=2|medhigh_count_bin=0,True,2291,2063,228,0.09951986032300306,1.1907482150958557,collision_tblock_early,102,-3.9879657872996206,3.1427324312527283,"{""collision"": 162, ""fall"": 3, ""success"": 2063, ""timeout"": 63}","{""collision_rod_early"": 52, ""collision_rod_mid"": 3, ""collision_tblock_early"": 102, ""collision_tblock_late"": 1, ""collision_tblock_mid"": 4, ""fall"": 3, ""timeout"": 63}","{""collision_rod_early"": 2.030056397108762, ""collision_rod_late"": 0.0, ""collision_rod_mid"": 0.9228538654252632, ""collision_tblock_early"": 1.227574981677745, ""collision_tblock_late"": 2.6033593611070693, ""collision_tblock_mid"": 2.7165488985465074, ""fall"": 1.0543605412483632, ""timeout"": 0.8488238974972446}"
start_behavior_context,start_region=x_mid__y_neg|start_theta_bin=sector_7|path_angle_bin=sector_6|near_count_bin=1|far_count_bin=1|medhigh_count_bin=0,True,173,156,17,0.09826589595375723,1.1757446185310385,timeout,8,-3.9004440088963803,3.30635838150289,"{""collision"": 8, ""fall"": 1, ""success"": 156, ""timeout"": 8}","{""collision_rod_early"": 3, ""collision_tblock_early"": 5, ""fall"": 1, ""timeout"": 8}","{""collision_rod_early"": 1.5509757244695996, ""collision_rod_late"": 0.0, ""collision_rod_mid"": 0.0, ""collision_tblock_early"": 0.7968871934216575, ""collision_tblock_late"": 0.0, ""collision_tblock_mid"": 0.0, ""fall"": 4.654219653179191, ""timeout"": 1.4274010820561058}"
start_behavior_context,start_region=x_neg__y_neg|start_theta_bin=sector_4|path_angle_bin=sector_4|near_count_bin=1|far_count_bin=1|medhigh_count_bin=0,True,206,186,20,0.0970873786407767,1.1616437407531108,timeout,8,-2.783202663963314,2.941747572815534,"{""collision"": 12, ""success"": 186, ""timeout"": 8}","{""collision_rod_early"": 5, ""collision_tblock_early"": 7, ""timeout"": 8}","{""collision_rod_early"": 2.1708640803660257, ""collision_rod_late"": 0.0, ""collision_rod_mid"": 0.0, ""collision_tblock_early"": 0.9369227099355605, ""collision_tblock_late"": 0.0, ""collision_tblock_mid"": 0.0, ""fall"": 0.0, ""timeout"": 1.1987397436684775}"
start_behavior_context,start_region=x_pos__y_neg|start_theta_bin=sector_5|path_angle_bin=sector_7|near_count_bin=0|far_count_bin=2|medhigh_count_bin=0,True,2304,2083,221,0.0959201388888889,1.1476777982102022,collision_tblock_early,132,-5.129147071234256,3.4674479166666665,"{""collision"": 158, ""fall"": 5, ""success"": 2083, ""timeout"": 58}","{""collision_rod_early"": 20, ""collision_rod_late"": 1, ""collision_rod_mid"": 2, ""collision_tblock_early"": 132, ""collision_tblock_mid"": 3, ""fall"": 5, ""timeout"": 58}","{""collision_rod_early"": 0.776385417630905, ""collision_rod_late"": 1.6641451719576719, ""collision_rod_mid"": 0.6117645271091661, ""collision_tblock_early"": 1.5796628427931398, ""collision_tblock_late"": 0.0, ""collision_tblock_mid"": 2.0259158615136874, ""fall"": 1.7473524305555557, ""timeout"": 0.7770476593614891}"
start_behavior_context,start_region=x_pos__y_pos|start_theta_bin=sector_0|path_angle_bin=sector_1|near_count_bin=0|far_count_bin=2|medhigh_count_bin=0,True,2470,2234,236,0.09554655870445344,1.1432079372561383,collision_tblock_early,173,-4.158563872663648,2.951417004048583,"{""collision"": 184, ""fall"": 1, ""success"": 2234, ""timeout"": 51}","{""collision_rod_early"": 9, ""collision_rod_mid"": 2, ""collision_tblock_early"": 173, ""fall"": 1, ""timeout"": 51}","{""collision_rod_early"": 0.3258932797569726, ""collision_rod_late"": 0.0, ""collision_rod_mid"": 0.570649988040291, ""collision_tblock_early"": 1.931177069790833, ""collision_tblock_late"": 0.0, ""collision_tblock_mid"": 0.0, ""fall"": 0.3259838056680162, ""timeout"": 0.6373461410415499}"
start_behavior_context,start_region=x_neg__y_pos|start_theta_bin=sector_0|path_angle_bin=sector_3|near_count_bin=0|far_count_bin=2|medhigh_count_bin=0,True,2270,2054,216,0.09515418502202644,1.1385132134041942,collision_tblock_early,107,-4.04250596451372,3.170044052863436,"{""collision"": 125, ""fall"": 13, ""success"": 2054, ""timeout"": 78}","{""collision_rod_early"": 15, ""collision_rod_mid"": 1, ""collision_tblock_early"": 107, ""collision_tblock_mid"": 2, ""fall"": 13, ""timeout"": 78}","{""collision_rod_early"": 0.5910105734212351, ""collision_rod_late"": 0.0, ""collision_rod_mid"": 0.3104637600131098, ""collision_tblock_early"": 1.2996633336941235, ""collision_tblock_late"": 0.0, ""collision_tblock_mid"": 1.370839983826002, ""fall"": 4.6111629955947135, ""timeout"": 1.0606470375145978}"
start_behavior_context,start_region=x_mid__y_pos|start_theta_bin=sector_7|path_angle_bin=sector_1|near_count_bin=0|far_count_bin=2|medhigh_count_bin=0,True,2398,2171,227,0.09466221851542952,1.1326268683297949,collision_tblock_early,139,-4.3137810445064275,3.218515429524604,"{""collision"": 169, ""fall"": 4, ""success"": 2171, ""timeout"": 54}","{""collision_rod_early"": 22, ""collision_rod_late"": 1, ""collision_rod_mid"": 5, ""collision_tblock_early"": 139, ""collision_tblock_mid"": 2, ""fall"": 4, ""timeout"": 54}","{""collision_rod_early"": 0.8205467900099107, ""collision_rod_late"": 1.5989117915723419, ""collision_rod_mid"": 1.4694594145741435, ""collision_tblock_early"": 1.598227384504637, ""collision_tblock_late"": 0.0, ""collision_tblock_mid"": 1.2976675409862486, ""fall"": 1.3430859049207673, ""timeout"": 0.6950990882281142}"
start_behavior_context,start_region=x_pos__y_mid|start_theta_bin=sector_0|path_angle_bin=sector_7|near_count_bin=0|far_count_bin=2|medhigh_count_bin=0,True,2318,2099,219,0.09447799827437446,1.130422685943396,timeout,83,-2.8606176144313635,2.8339085418464194,"{""collision"": 135, ""fall"": 1, ""success"": 2099, ""timeout"": 83}","{""collision_rod_early"": 61, ""collision_rod_mid"": 4, ""collision_tblock_early"": 68, ""collision_tblock_late"": 1, ""collision_tblock_mid"": 1, ""fall"": 1, ""timeout"": 83}","{""collision_rod_early"": 2.353673687133691, ""collision_rod_late"": 0.0, ""collision_rod_mid"": 1.2161393187743905, ""collision_tblock_early"": 0.808850814789679, ""collision_tblock_late"": 2.573035503147669, ""collision_tblock_mid"": 0.671226652995044, ""fall"": 0.3473597929249353, ""timeout"": 1.1052659694372104}"
start_behavior_context,start_region=x_neg__y_pos|start_theta_bin=sector_4|path_angle_bin=sector_2|near_count_bin=1|far_count_bin=1|medhigh_count_bin=0,True,170,154,16,0.09411764705882353,1.1261111086830156,collision_tblock_early,8,-3.097714585683983,3.1176470588235294,"{""collision"": 10, ""success"": 154, ""timeout"": 6}","{""collision_rod_early"": 2, ""collision_tblock_early"": 8, ""timeout"": 6}","{""collision_rod_early"": 1.0522305895421207, ""collision_rod_late"": 0.0, ""collision_rod_mid"": 0.0, ""collision_tblock_early"": 1.297519853759499, ""collision_tblock_late"": 0.0, ""collision_tblock_mid"": 0.0, ""fall"": 0.0, ""timeout"": 1.08944288468694}"
start_behavior_context,start_region=x_neg__y_pos|start_theta_bin=sector_2|path_angle_bin=sector_3|near_count_bin=0|far_count_bin=2|medhigh_count_bin=0,True,2315,2098,217,0.0937365010799136,1.121550723523662,collision_tblock_early,115,-3.0217153785171535,2.9524838012958963,"{""collision"": 125, ""fall"": 7, ""success"": 2098, ""timeout"": 85}","{""collision_rod_early"": 5, ""collision_rod_mid"": 2, ""collision_tblock_early"": 115, ""collision_tblock_mid"": 3, ""fall"": 7, ""timeout"": 85}","{""collision_rod_early"": 0.1931740823133483, ""collision_rod_late"": 0.0, ""collision_rod_mid"": 0.6088576546261419, ""collision_tblock_early"": 1.3696821350430994, ""collision_tblock_late"": 0.0, ""collision_tblock_mid"": 2.0162894794503394, ""fall"": 2.434669546436285, ""timeout"": 1.1333657079716544}"
start_behavior_context,start_region=x_mid__y_pos|start_theta_bin=sector_6|path_angle_bin=sector_1|near_count_bin=0|far_count_bin=2|medhigh_count_bin=0,True,2550,2311,239,0.09372549019607843,1.121418979063503,collision_tblock_early,121,-5.169451279434412,3.3176470588235296,"{""collision"": 174, ""fall"": 4, ""success"": 2311, ""timeout"": 61}","{""collision_rod_early"": 47, ""collision_rod_late"": 1, ""collision_rod_mid"": 4, ""collision_tblock_early"": 121, ""collision_tblock_mid"": 1, ""fall"": 4, ""timeout"": 61}","{""collision_rod_early"": 1.6484945902826555, ""collision_rod_late"": 1.5036041083099905, ""collision_rod_mid"": 1.1054944866349166, ""collision_tblock_early"": 1.3083325192074946, ""collision_tblock_late"": 0.0, ""collision_tblock_mid"": 0.6101581888794164, ""fall"": 1.263027450980392, ""timeout"": 0.7384001773989258}"
start_behavior_context,start_region=x_pos__y_neg|start_theta_bin=sector_6|path_angle_bin=sector_6|near_count_bin=0|far_count_bin=2|medhigh_count_bin=0,True,2333,2115,218,0.09344192027432491,1.1180260846493932,collision_tblock_early,139,-4.232898506598537,3.189027003857694,"{""collision"": 168, ""fall"": 3, ""success"": 2115, ""timeout"": 47}","{""collision_rod_early"": 27, ""collision_tblock_early"": 139, ""collision_tblock_mid"": 2, ""fall"": 3, ""timeout"": 47}","{""collision_rod_early"": 1.0350918144017003, ""collision_rod_late"": 0.0, ""collision_rod_mid"": 0.0, ""collision_tblock_early"": 1.6427557942743762, ""collision_tblock_late"": 0.0, ""collision_tblock_mid"": 1.333822015981579, ""fall"": 1.0353793399057007, ""timeout"": 0.6218494533968173}"
start_behavior_context,start_region=x_neg__y_neg|start_theta_bin=sector_2|path_angle_bin=sector_5|near_count_bin=0|far_count_bin=1|medhigh_count_bin=0,True,118,107,11,0.09322033898305085,1.1153748798926055,timeout,7,-2.9922014763167875,3.3220338983050848,"{""collision"": 4, ""success"": 107, ""timeout"": 7}","{""collision_rod_early"": 2, ""collision_tblock_early"": 2, ""timeout"": 7}","{""collision_rod_early"": 1.5159254256115298, ""collision_rod_late"": 0.0, ""collision_rod_mid"": 0.0, ""collision_tblock_early"": 0.46732706597270085, ""collision_tblock_late"": 0.0, ""collision_tblock_mid"": 0.0, ""fall"": 0.0, ""timeout"": 1.8311257525105342}"
start_behavior_context,start_region=x_pos__y_pos|start_theta_bin=sector_0|path_angle_bin=sector_0|near_count_bin=0|far_count_bin=2|medhigh_count_bin=0,True,2397,2174,223,0.09303295786399667,1.1131328778205338,collision_tblock_early,155,-4.44813346249607,3.073842302878598,"{""collision"": 174, ""success"": 2174, ""timeout"": 49}","{""collision_rod_early"": 12, ""collision_rod_mid"": 5, ""collision_tblock_early"": 155, ""collision_tblock_mid"": 2, ""timeout"": 49}","{""collision_rod_early"": 0.4477576976774981, ""collision_rod_late"": 0.0, ""collision_rod_mid"": 1.4700724556315379, ""collision_tblock_early"": 1.7829395153610135, ""collision_tblock_late"": 0.0, ""collision_tblock_mid"": 1.2982089125093967, ""fall"": 0.0, ""timeout"": 0.6310011979865254}"
start_behavior_context,start_region=x_neg__y_neg|start_theta_bin=sector_6|path_angle_bin=sector_4|near_count_bin=1|far_count_bin=1|medhigh_count_bin=0,True,196,178,18,0.09183673469387756,1.0988201506919733,timeout,9,-6.27053927003543,3.9744897959183674,"{""collision"": 9, ""success"": 178, ""timeout"": 9}","{""collision_rod_early"": 3, ""collision_rod_mid"": 2, ""collision_tblock_early"": 3, ""collision_tblock_mid"": 1, ""timeout"": 9}","{""collision_rod_early"": 1.368973471087963, ""collision_rod_late"": 0.0, ""collision_rod_mid"": 7.1913544411199934, ""collision_tblock_early"": 0.42202495243453086, ""collision_tblock_late"": 0.0, ""collision_tblock_mid"": 7.938282559400572, ""fall"": 0.0, ""timeout"": 1.4173874265059676}"
start_behavior_context,start_region=x_neg__y_neg|start_theta_bin=sector_7|path_angle_bin=sector_5|near_count_bin=1|far_count_bin=1|medhigh_count_bin=0,True,218,198,20,0.09174311926605505,1.0977000486015633,collision_tblock_early,11,-4.754176647478559,3.5458715596330275,"{""collision"": 13, ""success"": 198, ""timeout"": 7}","{""collision_rod_early"": 2, ""collision_tblock_early"": 11, ""timeout"": 7}","{""collision_rod_early"": 0.8205467900099107, ""collision_rod_late"": 0.0, ""collision_rod_mid"": 0.0, ""collision_tblock_early"": 1.3912626872306553, ""collision_tblock_late"": 0.0, ""collision_tblock_mid"": 0.0, ""fall"": 0.0, ""timeout"": 0.9911598109919406}"
start_behavior_context,start_region=x_neg__y_neg|start_theta_bin=sector_7|path_angle_bin=sector_5|near_count_bin=0|far_count_bin=1|medhigh_count_bin=0,True,142,129,13,0.09154929577464789,1.0953809639918417,collision_tblock_early,5,-5.0633269615061085,3.6338028169014085,"{""collision"": 7, ""fall"": 1, ""success"": 129, ""timeout"": 5}","{""collision_rod_early"": 1, ""collision_rod_mid"": 1, ""collision_tblock_early"": 5, ""fall"": 1, ""timeout"": 5}","{""collision_rod_early"": 0.6298563388104244, ""collision_rod_late"": 0.0, ""collision_rod_mid"": 4.963047431195488, ""collision_tblock_early"": 0.9708555243799067, ""collision_tblock_late"": 0.0, ""collision_tblock_mid"": 0.0, ""fall"": 5.670281690140846, ""timeout"": 1.0868855070233554}"
start_behavior_context,start_region=x_neg__y_pos|start_theta_bin=sector_3|path_angle_bin=sector_3|near_count_bin=1|far_count_bin=1|medhigh_count_bin=0,True,175,159,16,0.09142857142857143,1.0939365055777865,collision_tblock_early,10,-2.7265115255294874,2.834285714285714,"{""collision"": 12, ""success"": 159, ""timeout"": 4}","{""collision_rod_early"": 1, ""collision_rod_mid"": 1, ""collision_tblock_early"": 10, ""timeout"": 4}","{""collision_rod_early"": 0.511083429206173, ""collision_rod_late"": 0.0, ""collision_rod_mid"": 4.027158487027196, ""collision_tblock_early"": 1.5755598224222487, ""collision_tblock_late"": 0.0, ""collision_tblock_mid"": 0.0, ""fall"": 0.0, ""timeout"": 0.7055439634163039}"
start_behavior_context,start_region=x_pos__y_mid|start_theta_bin=sector_7|path_angle_bin=sector_0|near_count_bin=0|far_count_bin=2|medhigh_count_bin=0,True,2457,2233,224,0.09116809116809117,1.0908198773567672,collision_tblock_early,122,-4.217894227658741,3.010989010989011,"{""collision"": 156, ""success"": 2233, ""timeout"": 68}","{""collision_rod_early"": 26, ""collision_rod_late"": 1, ""collision_rod_mid"": 3, ""collision_tblock_early"": 122, ""collision_tblock_mid"": 4, ""timeout"": 68}","{""collision_rod_early"": 0.9464507948262462, ""collision_rod_late"": 1.560517084326608, ""collision_rod_mid"": 0.8605039502194863, ""collision_tblock_early"": 1.3690761989708997, ""collision_tblock_late"": 0.0, ""collision_tblock_mid"": 2.533013238327248, ""fall"": 0.0, ""timeout"": 0.85429112379467}"
start_behavior_context,start_region=x_pos__y_neg|start_theta_bin=sector_6|path_angle_bin=sector_7|near_count_bin=0|far_count_bin=2|medhigh_count_bin=0,True,2294,2085,209,0.0911072362685266,1.0900917527110816,collision_tblock_early,152,-4.93127991602175,3.255448997384481,"{""collision"": 168, ""fall"": 5, ""success"": 2085, ""timeout"": 36}","{""collision_rod_early"": 13, ""collision_rod_mid"": 2, ""collision_tblock_early"": 152, ""collision_tblock_mid"": 1, ""fall"": 5, ""timeout"": 36}","{""collision_rod_early"": 0.5068503929572987, ""collision_rod_late"": 0.0, ""collision_rod_mid"": 0.614431329755675, ""collision_tblock_early"": 1.8269351035933656, ""collision_tblock_late"": 0.0, ""collision_tblock_mid"": 0.678249076566047, ""fall"": 1.754969485614647, ""timeout"": 0.4844079086227892}"
start_behavior_context,start_region=x_neg__y_neg|start_theta_bin=sector_6|path_angle_bin=sector_5|near_count_bin=0|far_count_bin=1|medhigh_count_bin=0,True,176,160,16,0.09090909090909091,1.08772095725064,timeout,7,-5.516619978209178,3.8636363636363638,"{""collision"": 9, ""success"": 160, ""timeout"": 7}","{""collision_rod_early"": 4, ""collision_rod_mid"": 1, ""collision_tblock_early"": 4, ""timeout"": 7}","{""collision_rod_early"": 2.032718184342733, ""collision_rod_late"": 0.0, ""collision_rod_mid"": 4.0042769047145415, ""collision_tblock_early"": 0.6266431111906671, ""collision_tblock_late"": 0.0, ""collision_tblock_mid"": 0.0, ""fall"": 0.0, ""timeout"": 1.2276865840695628}"
start_behavior_context,start_region=x_neg__y_mid|start_theta_bin=sector_6|path_angle_bin=sector_3|near_count_bin=1|far_count_bin=1|medhigh_count_bin=0,True,165,150,15,0.09090909090909091,1.0877209572506399,collision_tblock_early,6,-5.285804778990107,3.6121212121212123,"{""collision"": 11, ""success"": 150, ""timeout"": 4}","{""collision_rod_early"": 4, ""collision_tblock_early"": 6, ""collision_tblock_late"": 1, ""timeout"": 4}","{""collision_rod_early"": 2.1682327299655824, ""collision_rod_late"": 0.0, ""collision_rod_mid"": 0.0, ""collision_tblock_early"": 1.0026289779050672, ""collision_tblock_late"": 36.14725028058361, ""collision_tblock_mid"": 0.0, ""fall"": 0.0, ""timeout"": 0.7483042036233526}"
start_behavior_context,start_region=x_mid__y_pos|start_theta_bin=sector_5|path_angle_bin=sector_1|near_count_bin=0|far_count_bin=2|medhigh_count_bin=0,True,2404,2186,218,0.09068219633943428,1.0850061794871193,collision_tblock_early,132,-4.727818874213332,3.0495008319467556,"{""collision"": 168, ""fall"": 2, ""success"": 2186, ""timeout"": 48}","{""collision_rod_early"": 26, ""collision_rod_late"": 1, ""collision_rod_mid"": 5, ""collision_tblock_early"": 132, ""collision_tblock_late"": 2, ""collision_tblock_mid"": 2, ""fall"": 2, ""timeout"": 48}","{""collision_rod_early"": 0.9673168065258264, ""collision_rod_late"": 1.594921163140797, ""collision_rod_mid"": 1.465791878597669, ""collision_tblock_early"": 1.5139530739581506, ""collision_tblock_late"": 4.961976951993591, ""collision_tblock_mid"": 1.2944287700852846, ""fall"": 0.6698668885191348, ""timeout"": 0.616323761719733}"
start_behavior_context,start_region=x_mid__y_pos|start_theta_bin=sector_0|path_angle_bin=sector_2|near_count_bin=0|far_count_bin=2|medhigh_count_bin=0,True,2417,2198,219,0.0906081919735209,1.084120722390067,collision_tblock_early,127,-4.073620216602729,3.231692180388912,"{""collision"": 150, ""fall"": 6, ""success"": 2198, ""timeout"": 63}","{""collision_rod_early"": 14, ""collision_rod_mid"": 6, ""collision_tblock_early"": 127, ""collision_tblock_late"": 1, ""collision_tblock_mid"": 2, ""fall"": 6, ""timeout"": 63}","{""collision_rod_early"": 0.5180613990712137, ""collision_rod_late"": 0.0, ""collision_rod_mid"": 1.7494896199332046, ""collision_tblock_early"": 1.4487719095297673, ""collision_tblock_late"": 2.4676443095971434, ""collision_tblock_mid"": 1.2874665963115532, ""fall"": 1.9987918907736864, ""timeout"": 0.8045740790923407}"
start_behavior_context,start_region=x_neg__y_neg|start_theta_bin=sector_1|path_angle_bin=sector_5|near_count_bin=0|far_count_bin=1|medhigh_count_bin=0,True,111,101,10,0.09009009009009009,1.0779216693474811,timeout,4,-2.7263346356975524,3.081081081081081,"{""collision"": 6, ""success"": 101, ""timeout"": 4}","{""collision_rod_early"": 3, ""collision_tblock_early"": 3, ""timeout"": 4}","{""collision_rod_early"": 2.4172864894886557, ""collision_rod_late"": 0.0, ""collision_rod_mid"": 0.0, ""collision_tblock_early"": 0.7451972133078203, ""collision_tblock_late"": 0.0, ""collision_tblock_mid"": 0.0, ""fall"": 0.0, ""timeout"": 1.1123440864671457}"
start_behavior_context,start_region=x_pos__y_neg|start_theta_bin=sector_0|path_angle_bin=sector_7|near_count_bin=0|far_count_bin=2|medhigh_count_bin=0,True,2296,2090,206,0.0897212543554007,1.0735085754050306,timeout,73,-3.135572912009166,2.9969512195121952,"{""collision"": 131, ""fall"": 2, ""success"": 2090, ""timeout"": 73}","{""collision_rod_early"": 57, ""collision_rod_mid"": 4, ""collision_tblock_early"": 68, ""collision_tblock_mid"": 2, ""fall"": 2, ""timeout"": 73}","{""collision_rod_early"": 2.2204081909109643, ""collision_rod_late"": 0.0, ""collision_rod_mid"": 1.2277922216546329, ""collision_tblock_early"": 0.816601127474946, ""collision_tblock_late"": 0.0, ""collision_tblock_mid"": 1.3553165345318048, ""fall"": 0.7013763066202091, ""timeout"": 0.9814159552094165}"
start_behavior_context,start_region=x_pos__y_mid|start_theta_bin=sector_6|path_angle_bin=sector_7|near_count_bin=0|far_count_bin=2|medhigh_count_bin=0,True,2388,2174,214,0.08961474036850921,1.0722341429514266,collision_tblock_early,117,-5.025727096244664,3.28643216080402,"{""collision"": 153, ""fall"": 2, ""success"": 2174, ""timeout"": 59}","{""collision_rod_early"": 31, ""collision_rod_late"": 2, ""collision_rod_mid"": 3, ""collision_tblock_early"": 117, ""fall"": 2, ""timeout"": 59}","{""collision_rod_early"": 1.1610668356128508, ""collision_rod_late"": 3.2112148041796282, ""collision_rod_mid"": 0.8853677578263308, ""collision_tblock_early"": 1.3509039934713376, ""collision_tblock_late"": 0.0, ""collision_tblock_mid"": 0.0, ""fall"": 0.674355108877722, ""timeout"": 0.7626404336550814}"
start_behavior_context,start_region=x_pos__y_mid|start_theta_bin=sector_1|path_angle_bin=sector_7|near_count_bin=1|far_count_bin=1|medhigh_count_bin=0,True,112,102,10,0.08928571428571429,1.0682973687283073,timeout,7,-2.193714628754503,2.9732142857142856,"{""collision"": 3, ""success"": 102, ""timeout"": 7}","{""collision_rod_mid"": 3, ""timeout"": 7}","{""collision_rod_early"": 0.0, ""collision_rod_late"": 0.0, ""collision_rod_mid"": 18.877305407939982, ""collision_tblock_early"": 0.0, ""collision_tblock_late"": 0.0, ""collision_tblock_mid"": 0.0, ""fall"": 0.0, ""timeout"": 1.9292217749664557}"
start_behavior_context,start_region=x_neg__y_mid|start_theta_bin=sector_6|path_angle_bin=sector_4|near_count_bin=0|far_count_bin=2|medhigh_count_bin=0,True,2264,2062,202,0.0892226148409894,1.0675423882557076,collision_tblock_early,80,-5.333848139945722,3.747791519434629,"{""collision"": 122, ""fall"": 6, ""success"": 2062, ""timeout"": 74}","{""collision_rod_early"": 36, ""collision_rod_mid"": 5, ""collision_tblock_early"": 80, ""collision_tblock_mid"": 1, ""fall"": 6, ""timeout"": 74}","{""collision_rod_early"": 1.4221844540631134, ""collision_rod_late"": 0.0, ""collision_rod_mid"": 1.5564327191469949, ""collision_tblock_early"": 0.9742861092717084, ""collision_tblock_late"": 0.0, ""collision_tblock_mid"": 0.6872364759905089, ""fall"": 2.13386925795053, ""timeout"": 1.0089216349647896}"
start_behavior_context,start_region=x_pos__y_pos|start_theta_bin=sector_4|path_angle_bin=sector_1|near_count_bin=0|far_count_bin=2|medhigh_count_bin=0,True,2415,2200,215,0.08902691511387163,1.0652008546160512,collision_tblock_early,119,-3.908191538559639,3.127536231884058,"{""collision"": 147, ""fall"": 2, ""success"": 2200, ""timeout"": 66}","{""collision_rod_early"": 24, ""collision_rod_mid"": 3, ""collision_tblock_early"": 119, ""collision_tblock_late"": 1, ""fall"": 2, ""timeout"": 66}","{""collision_rod_early"": 0.888840746445518, ""collision_rod_late"": 0.0, ""collision_rod_mid"": 0.87546923631026, ""collision_tblock_early"": 1.3586349193351275, ""collision_tblock_late"": 2.4696879073690665, ""collision_tblock_mid"": 0.0, ""fall"": 0.6668157349896481, ""timeout"": 0.8435851736499285}"
start_behavior_context,start_region=x_pos__y_pos|start_theta_bin=sector_4|path_angle_bin=sector_0|near_count_bin=0|far_count_bin=2|medhigh_count_bin=0,True,2307,2104,203,0.08799306458604247,1.0528309048724227,collision_tblock_early,119,-3.755463336624023,3.1018638925010835,"{""collision"": 131, ""success"": 2104, ""timeout"": 72}","{""collision_rod_early"": 7, ""collision_rod_mid"": 3, ""collision_tblock_early"": 119, ""collision_tblock_late"": 1, ""collision_tblock_mid"": 1, ""timeout"": 72}","{""collision_rod_early"": 0.27138153479738264, ""collision_rod_late"": 0.0, ""collision_rod_mid"": 0.9164534918462409, ""collision_tblock_early"": 1.4222381145185663, ""collision_tblock_late"": 2.5853039862576055, ""collision_tblock_mid"": 0.6744271268498101, ""fall"": 0.0, ""timeout"": 0.9633565170183602}"
start_behavior_context,start_region=x_neg__y_neg|start_theta_bin=sector_2|path_angle_bin=sector_4|near_count_bin=0|far_count_bin=2|medhigh_count_bin=0,True,2196,2004,192,0.08743169398907104,1.046114144678211,collision_tblock_early,89,-3.261383264855057,3.053734061930783,"{""collision"": 118, ""fall"": 1, ""success"": 2004, ""timeout"": 73}","{""collision_rod_early"": 25, ""collision_rod_late"": 1, ""collision_rod_mid"": 1, ""collision_tblock_early"": 89, ""collision_tblock_late"": 2, ""fall"": 1, ""timeout"": 73}","{""collision_rod_early"": 1.018210383778236, ""collision_rod_late"": 1.745988377135918, ""collision_rod_mid"": 0.32092565356546415, ""collision_tblock_early"": 1.1174564769684208, ""collision_tblock_late"": 5.431963839978412, ""collision_tblock_mid"": 0.0, ""fall"": 0.3666575591985428, ""timeout"": 1.026107027851011}"
start_behavior_context,start_region=x_pos__y_mid|start_theta_bin=sector_0|path_angle_bin=sector_0|near_count_bin=0|far_count_bin=2|medhigh_count_bin=0,True,2456,2242,214,0.08713355048859935,1.042546878407169,collision_tblock_early,90,-3.6299800209388664,3.0337947882736156,"{""collision"": 127, ""fall"": 1, ""success"": 2242, ""timeout"": 86}","{""collision_rod_early"": 30, ""collision_rod_mid"": 4, ""collision_tblock_early"": 90, ""collision_tblock_late"": 2, ""collision_tblock_mid"": 1, ""fall"": 1, ""timeout"": 86}","{""collision_rod_early"": 1.0925032586858336, ""collision_rod_late"": 0.0, ""collision_rod_mid"": 1.147805757703191, ""collision_tblock_early"": 1.0103854724409778, ""collision_tblock_late"": 4.8569188080588725, ""collision_tblock_mid"": 0.6335111488772444, ""fall"": 0.32784201954397396, ""timeout"": 1.0808669227825094}"
start_behavior_context,start_region=x_mid__y_neg|start_theta_bin=sector_6|path_angle_bin=sector_5|near_count_bin=1|far_count_bin=1|medhigh_count_bin=0,True,197,180,17,0.08629441624365482,1.0325066954612674,timeout,9,-4.815325001072408,3.761421319796954,"{""collision"": 8, ""success"": 180, ""timeout"": 9}","{""collision_rod_early"": 2, ""collision_rod_late"": 1, ""collision_rod_mid"": 1, ""collision_tblock_early"": 4, ""timeout"": 9}","{""collision_rod_early"": 0.9080162447825407, ""collision_rod_late"": 19.462895818225768, ""collision_rod_mid"": 3.577425051927712, ""collision_tblock_early"": 0.5598435917236416, ""collision_tblock_late"": 0.0, ""collision_tblock_mid"": 0.0, ""fall"": 0.0, ""timeout"": 1.4101925664729422}"
start_behavior_context,start_region=x_neg__y_neg|start_theta_bin=sector_5|path_angle_bin=sector_4|near_count_bin=0|far_count_bin=2|medhigh_count_bin=0,True,2092,1912,180,0.08604206500956023,1.0294873304762273,timeout,96,-3.449115262815537,3.364244741873805,"{""collision"": 84, ""success"": 1912, ""timeout"": 96}","{""collision_rod_early"": 41, ""collision_rod_mid"": 11, ""collision_tblock_early"": 31, ""collision_tblock_mid"": 1, ""timeout"": 96}","{""collision_rod_early"": 1.752879352081401, ""collision_rod_late"": 0.0, ""collision_rod_mid"": 3.7056788181297096, ""collision_tblock_early"": 0.4085761011778537, ""collision_tblock_late"": 0.0, ""collision_tblock_mid"": 0.7437396661771091, ""fall"": 0.0, ""timeout"": 1.4164840565719294}"
start_behavior_context,start_region=x_pos__y_neg|start_theta_bin=sector_2|path_angle_bin=sector_7|near_count_bin=1|far_count_bin=1|medhigh_count_bin=0,True,152,139,13,0.08552631578947369,1.023316426887115,collision_tblock_early,8,-3.1748710688676134,3.0328947368421053,"{""collision"": 9, ""success"": 139, ""timeout"": 4}","{""collision_rod_mid"": 1, ""collision_tblock_early"": 8, ""timeout"": 4}","{""collision_rod_early"": 0.0, ""collision_rod_late"": 0.0, ""collision_rod_mid"": 4.636531152827364, ""collision_tblock_early"": 1.451173520652071, ""collision_tblock_late"": 0.0, ""collision_tblock_mid"": 0.0, ""fall"": 0.0, ""timeout"": 0.812303905249034}"
start_behavior_context,start_region=x_pos__y_neg|start_theta_bin=sector_3|path_angle_bin=sector_6|near_count_bin=0|far_count_bin=2|medhigh_count_bin=0,True,2247,2055,192,0.08544726301735647,1.022370565960548,collision_tblock_early,86,-3.3297341925035155,3.0275923453493547,"{""collision"": 113, ""fall"": 11, ""success"": 2055, ""timeout"": 68}","{""collision_rod_early"": 21, ""collision_rod_late"": 2, ""collision_rod_mid"": 2, ""collision_tblock_early"": 86, ""collision_tblock_mid"": 2, ""fall"": 11, ""timeout"": 68}","{""collision_rod_early"": 0.8358841131876659, ""collision_rod_late"": 3.4127196049759467, ""collision_rod_mid"": 0.6272832534310274, ""collision_tblock_early"": 1.0552815009993253, ""collision_tblock_late"": 0.0, ""collision_tblock_mid"": 1.3848717237583552, ""fall"": 3.9416911437472186, ""timeout"": 0.934131415738097}"
start_behavior_context,start_region=x_mid__y_neg|start_theta_bin=sector_6|path_angle_bin=sector_5|near_count_bin=0|far_count_bin=2|medhigh_count_bin=0,True,2211,2026,185,0.08367254635911352,1.0011362044346686,timeout,77,-4.613524733791844,3.6603346901854366,"{""collision"": 108, ""success"": 2026, ""timeout"": 77}","{""collision_rod_early"": 50, ""collision_rod_late"": 1, ""collision_rod_mid"": 5, ""collision_tblock_early"": 44, ""collision_tblock_late"": 1, ""collision_tblock_mid"": 7, ""timeout"": 77}","{""collision_rod_early"": 2.0226051585499834, ""collision_rod_late"": 1.7341431371282117, ""collision_rod_mid"": 1.5937420516276781, ""collision_tblock_early"": 0.548702425719191, ""collision_tblock_late"": 2.6975559910883296, ""collision_tblock_mid"": 4.925971809813471, ""fall"": 0.0, ""timeout"": 1.0749892477425027}"
start_behavior_context,start_region=x_pos__y_mid|start_theta_bin=sector_3|path_angle_bin=sector_7|near_count_bin=1|far_count_bin=1|medhigh_count_bin=0,True,109,100,9,0.08256880733944955,0.987930043741407,timeout,6,-2.736492607137103,3.165137614678899,"{""collision"": 3, ""success"": 100, ""timeout"": 6}","{""collision_rod_early"": 2, ""collision_rod_mid"": 1, ""timeout"": 6}","{""collision_rod_early"": 1.6410935800198214, ""collision_rod_late"": 0.0, ""collision_rod_mid"": 6.465621424126232, ""collision_tblock_early"": 0.0, ""collision_tblock_late"": 0.0, ""collision_tblock_mid"": 0.0, ""fall"": 0.0, ""timeout"": 1.6991311045576125}"
start_behavior_context,start_region=x_neg__y_pos|start_theta_bin=sector_7|path_angle_bin=sector_3|near_count_bin=0|far_count_bin=2|medhigh_count_bin=0,True,2233,2049,184,0.08240035826242723,0.9859145622370332,collision_tblock_early,80,-3.913538360109264,3.1724137931034484,"{""collision"": 111, ""fall"": 9, ""success"": 2049, ""timeout"": 64}","{""collision_rod_early"": 24, ""collision_rod_late"": 3, ""collision_rod_mid"": 3, ""collision_tblock_early"": 80, ""collision_tblock_mid"": 1, ""fall"": 9, ""timeout"": 64}","{""collision_rod_early"": 0.9612854467827703, ""collision_rod_late"": 5.151173949203505, ""collision_rod_mid"": 0.9468240956960491, ""collision_tblock_early"": 0.9878118008916918, ""collision_tblock_late"": 0.0, ""collision_tblock_mid"": 0.6967771525492664, ""fall"": 3.2452395879982086, ""timeout"": 0.8846946249734217}"
start_behavior_context,start_region=x_mid__y_neg|start_theta_bin=sector_6|path_angle_bin=sector_6|near_count_bin=0|far_count_bin=2|medhigh_count_bin=0,True,2190,2010,180,0.0821917808219178,0.9834189476512636,collision_tblock_early,74,-4.307165483092201,3.4579908675799085,"{""collision"": 118, ""success"": 2010, ""timeout"": 62}","{""collision_rod_early"": 38, ""collision_rod_late"": 1, ""collision_rod_mid"": 3, ""collision_tblock_early"": 74, ""collision_tblock_late"": 1, ""collision_tblock_mid"": 1, ""timeout"": 62}","{""collision_rod_early"": 1.5519200019274202, ""collision_rod_late"": 1.7507719069362904, ""collision_rod_mid"": 0.9654147057941909, ""collision_tblock_early"": 0.9316666529848457, ""collision_tblock_late"": 2.723422966345341, ""collision_tblock_mid"": 0.7104581651335672, ""fall"": 0.0, ""timeout"": 0.8738757994368603}"
start_behavior_context,start_region=x_neg__y_neg|start_theta_bin=sector_2|path_angle_bin=sector_5|near_count_bin=0|far_count_bin=2|medhigh_count_bin=0,True,2310,2121,189,0.08181818181818182,0.9789488615255759,timeout,92,-3.025066635893869,3.1147186147186146,"{""collision"": 96, ""fall"": 1, ""success"": 2121, ""timeout"": 92}","{""collision_rod_early"": 26, ""collision_rod_late"": 1, ""collision_rod_mid"": 9, ""collision_tblock_early"": 60, ""fall"": 1, ""timeout"": 92}","{""collision_rod_early"": 1.0066794817697347, ""collision_rod_late"": 1.6598227169655742, ""collision_rod_mid"": 2.745789877518543, ""collision_tblock_early"": 0.7161635556464766, ""collision_tblock_late"": 0.0, ""collision_tblock_mid"": 0.0, ""fall"": 0.3485627705627706, ""timeout"": 1.2293569059526506}"
start_behavior_context,start_region=x_neg__y_pos|start_theta_bin=sector_3|path_angle_bin=sector_2|near_count_bin=0|far_count_bin=2|medhigh_count_bin=0,True,2239,2056,183,0.08173291648057168,0.9779286676844745,timeout,94,-2.7837236900815894,3.045109423849933,"{""collision"": 88, ""fall"": 1, ""success"": 2056, ""timeout"": 94}","{""collision_rod_early"": 10, ""collision_rod_mid"": 1, ""collision_tblock_early"": 77, ""fall"": 1, ""timeout"": 94}","{""collision_rod_early"": 0.39946226043358757, ""collision_rod_late"": 0.0, ""collision_rod_mid"": 0.31476227567206755, ""collision_tblock_early"": 0.9482210186306297, ""collision_tblock_late"": 0.0, ""collision_tblock_mid"": 0.0, ""fall"": 0.3596158999553372, ""timeout"": 1.295913152992206}"
start_behavior_context,start_region=x_pos__y_neg|start_theta_bin=sector_1|path_angle_bin=sector_6|near_count_bin=1|far_count_bin=1|medhigh_count_bin=0,True,160,147,13,0.08125,0.9721506055427596,timeout,6,-2.954509201516334,3.0375,"{""collision"": 7, ""success"": 147, ""timeout"": 6}","{""collision_rod_early"": 1, ""collision_rod_late"": 1, ""collision_tblock_early"": 4, ""collision_tblock_late"": 1, ""timeout"": 6}","{""collision_rod_early"": 0.5589975006942517, ""collision_rod_late"": 23.963690476190475, ""collision_rod_mid"": 0.0, ""collision_tblock_early"": 0.6893074223097339, ""collision_tblock_late"": 37.27685185185185, ""collision_tblock_mid"": 0.0, ""fall"": 0.0, ""timeout"": 1.1575330649798736}"
start_behavior_context,start_region=x_pos__y_pos|start_theta_bin=sector_1|path_angle_bin=sector_0|near_count_bin=0|far_count_bin=2|medhigh_count_bin=0,True,2463,2263,200,0.08120178643930166,0.9715737336384117,collision_tblock_early,109,-3.7090170040198904,3.171741778319123,"{""collision"": 131, ""success"": 2263, ""timeout"": 69}","{""collision_rod_early"": 19, ""collision_rod_mid"": 1, ""collision_tblock_early"": 109, ""collision_tblock_late"": 1, ""collision_tblock_mid"": 1, ""timeout"": 69}","{""collision_rod_early"": 0.6899522542064657, ""collision_rod_late"": 0.0, ""collision_rod_mid"": 0.2861359054932031, ""collision_tblock_early"": 1.2202112713237674, ""collision_tblock_late"": 2.4215575705628485, ""collision_tblock_mid"": 0.6317106705816127, ""fall"": 0.0, ""timeout"": 0.864742525198119}"
start_behavior_context,start_region=x_neg__y_pos|start_theta_bin=sector_2|path_angle_bin=sector_2|near_count_bin=0|far_count_bin=2|medhigh_count_bin=0,True,2230,2049,181,0.08116591928251121,0.971144585599114,collision_tblock_early,106,-2.8304113152953967,2.809417040358744,"{""collision"": 115, ""fall"": 4, ""success"": 2049, ""timeout"": 62}","{""collision_rod_early"": 8, ""collision_tblock_early"": 106, ""collision_tblock_mid"": 1, ""fall"": 4, ""timeout"": 62}","{""collision_rod_early"": 0.3208595519680009, ""collision_rod_late"": 0.0, ""collision_rod_mid"": 0.0, ""collision_tblock_early"": 1.3106114217907046, ""collision_tblock_late"": 0.0, ""collision_tblock_mid"": 0.6977145209159247, ""fall"": 1.4442690582959643, ""timeout"": 0.858200897204809}"
start_behavior_context,start_region=x_neg__y_neg|start_theta_bin=sector_0|path_angle_bin=sector_4|near_count_bin=0|far_count_bin=2|medhigh_count_bin=0,True,2219,2039,180,0.08111762054979721,0.9705666946175157,timeout,79,-3.118873648974434,3.0910319963947726,"{""collision"": 98, ""fall"": 3, ""success"": 2039, ""timeout"": 79}","{""collision_rod_early"": 34, ""collision_rod_late"": 2, ""collision_rod_mid"": 8, ""collision_tblock_early"": 52, ""collision_tblock_mid"": 2, ""fall"": 3, ""timeout"": 79}","{""collision_rod_early"": 1.3704129805212837, ""collision_rod_late"": 3.45578231292517, ""collision_rod_mid"": 2.5407939981244136, ""collision_tblock_early"": 0.6461286338009221, ""collision_tblock_late"": 0.0, ""collision_tblock_mid"": 1.4023464458247066, ""fall"": 1.0885714285714285, ""timeout"": 1.0989348010624607}"
start_behavior_context,start_region=x_pos__y_pos|start_theta_bin=sector_1|path_angle_bin=sector_1|near_count_bin=0|far_count_bin=2|medhigh_count_bin=0,True,2320,2132,188,0.08103448275862069,0.9695719567216912,collision_tblock_early,128,-3.7389441601737623,3.1379310344827585,"{""collision"": 137, ""fall"": 2, ""success"": 2132, ""timeout"": 49}","{""collision_rod_early"": 8, ""collision_rod_mid"": 1, ""collision_tblock_early"": 128, ""fall"": 2, ""timeout"": 49}","{""collision_rod_early"": 0.30841241417613885, ""collision_rod_late"": 0.0, ""collision_rod_mid"": 0.30377273070248245, ""collision_tblock_early"": 1.5212301733732057, ""collision_tblock_late"": 0.0, ""collision_tblock_mid"": 0.0, ""fall"": 0.6941206896551725, ""timeout"": 0.6519439101610782}"
start_behavior_context,start_region=x_mid__y_pos|start_theta_bin=sector_7|path_angle_bin=sector_2|near_count_bin=0|far_count_bin=2|medhigh_count_bin=0,True,2284,2100,184,0.08056042031523643,0.9638998325198316,collision_tblock_early,89,-4.540967159566179,3.252626970227671,"{""collision"": 122, ""fall"": 2, ""success"": 2100, ""timeout"": 60}","{""collision_rod_early"": 30, ""collision_rod_mid"": 1, ""collision_tblock_early"": 89, ""collision_tblock_mid"": 2, ""fall"": 2, ""timeout"": 60}","{""collision_rod_early"": 1.174775833332928, ""collision_rod_late"": 0.0, ""collision_rod_mid"": 0.30856074221968444, ""collision_tblock_early"": 1.0744021118312836, ""collision_tblock_late"": 0.0, ""collision_tblock_mid"": 1.3624372869023746, ""fall"": 0.705061295971979, ""timeout"": 0.8108813064657607}"
start_behavior_context,start_region=x_pos__y_neg|start_theta_bin=sector_0|path_angle_bin=sector_6|near_count_bin=0|far_count_bin=2|medhigh_count_bin=0,True,2225,2046,179,0.08044943820224719,0.9625719392478697,timeout,67,-3.6554362371661373,3.229662921348315,"{""collision"": 111, ""fall"": 1, ""success"": 2046, ""timeout"": 67}","{""collision_rod_early"": 44, ""collision_rod_mid"": 1, ""collision_tblock_early"": 64, ""collision_tblock_late"": 1, ""collision_tblock_mid"": 1, ""fall"": 1, ""timeout"": 67}","{""collision_rod_early"": 1.7686932156797894, ""collision_rod_late"": 0.0, ""collision_rod_mid"": 0.3167428023504536, ""collision_tblock_early"": 0.7930907870170419, ""collision_tblock_late"": 2.680582605076987, ""collision_tblock_mid"": 0.6992824187157357, ""fall"": 0.36187865168539324, ""timeout"": 0.929494715849007}"
start_behavior_context,start_region=x_neg__y_mid|start_theta_bin=sector_2|path_angle_bin=sector_4|near_count_bin=0|far_count_bin=1|medhigh_count_bin=0,True,100,92,8,0.08,0.9571944423805632,timeout,4,-3.156739611903416,3.17,"{""collision"": 4, ""success"": 92, ""timeout"": 4}","{""collision_rod_early"": 1, ""collision_rod_mid"": 1, ""collision_tblock_early"": 2, ""timeout"": 4}","{""collision_rod_early"": 0.8943960011108025, ""collision_rod_late"": 0.0, ""collision_rod_mid"": 7.0475273522975925, ""collision_tblock_early"": 0.551445937847787, ""collision_tblock_late"": 0.0, ""collision_tblock_mid"": 0.0, ""fall"": 0.0, ""timeout"": 1.2347019359785316}"
start_behavior_context,start_region=x_neg__y_mid|start_theta_bin=sector_7|path_angle_bin=sector_4|near_count_bin=0|far_count_bin=1|medhigh_count_bin=0,True,101,93,8,0.07920792079207921,0.9477172696837259,timeout,3,-3.7707352680328827,3.128712871287129,"{""collision"": 5, ""success"": 93, ""timeout"": 3}","{""collision_rod_early"": 2, ""collision_rod_late"": 1, ""collision_tblock_early"": 2, ""timeout"": 3}","{""collision_rod_early"": 1.7710811903184212, ""collision_rod_late"": 37.96228194247996, ""collision_rod_mid"": 0.0, ""collision_tblock_early"": 0.5459860770770169, ""collision_tblock_late"": 0.0, ""collision_tblock_mid"": 0.0, ""fall"": 0.0, ""timeout"": 0.916857873251385}"
start_behavior_context,start_region=x_neg__y_neg|start_theta_bin=sector_5|path_angle_bin=sector_4|near_count_bin=1|far_count_bin=1|medhigh_count_bin=0,True,240,221,19,0.07916666666666666,0.947223666939099,timeout,12,-3.584931261223173,3.4208333333333334,"{""collision"": 7, ""success"": 221, ""timeout"": 12}","{""collision_rod_early"": 3, ""collision_tblock_early"": 4, ""timeout"": 12}","{""collision_rod_early"": 1.1179950013885032, ""collision_rod_late"": 0.0, ""collision_rod_mid"": 0.0, ""collision_tblock_early"": 0.4595382815398225, ""collision_tblock_late"": 0.0, ""collision_tblock_mid"": 0.0, ""fall"": 0.0, ""timeout"": 1.5433774199731647}"
start_behavior_context,start_region=x_neg__y_neg|start_theta_bin=sector_4|path_angle_bin=sector_5|near_count_bin=0|far_count_bin=1|medhigh_count_bin=0,True,102,94,8,0.0784313725490196,0.9384259239025129,timeout,5,-2.643431544582345,3.0588235294117645,"{""collision"": 3, ""success"": 94, ""timeout"": 5}","{""collision_rod_early"": 2, ""collision_tblock_early"": 1, ""timeout"": 5}","{""collision_rod_early"": 1.7537176492368678, ""collision_rod_late"": 0.0, ""collision_rod_mid"": 0.0, ""collision_tblock_early"": 0.2703166361998956, ""collision_tblock_late"": 0.0, ""collision_tblock_mid"": 0.0, ""fall"": 0.0, ""timeout"": 1.5131151176207498}"
start_behavior_context,start_region=x_neg__y_neg|start_theta_bin=sector_4|path_angle_bin=sector_5|near_count_bin=0|far_count_bin=2|medhigh_count_bin=0,True,2169,2000,169,0.07791609036422315,0.9322606083582018,timeout,88,-2.8115137265404715,3.082526509912402,"{""collision"": 81, ""success"": 2000, ""timeout"": 88}","{""collision_rod_early"": 24, ""collision_rod_mid"": 7, ""collision_tblock_early"": 48, ""collision_tblock_mid"": 2, ""timeout"": 88}","{""collision_rod_early"": 0.9896497937602241, ""collision_rod_late"": 0.0, ""collision_rod_mid"": 2.274444050995074, ""collision_tblock_early"": 0.610175311588146, ""collision_tblock_late"": 0.0, ""collision_tblock_mid"": 1.4346734731604536, ""fall"": 0.0, ""timeout"": 1.2523486671981419}"
start_behavior_context,start_region=x_neg__y_neg|start_theta_bin=sector_3|path_angle_bin=sector_4|near_count_bin=1|far_count_bin=1|medhigh_count_bin=0,True,157,145,12,0.07643312101910828,0.914516983166143,timeout,5,-2.984596476865396,2.9554140127388533,"{""collision"": 7, ""success"": 145, ""timeout"": 5}","{""collision_rod_early"": 4, ""collision_tblock_early"": 3, ""timeout"": 5}","{""collision_rod_early"": 2.2787159263969494, ""collision_rod_late"": 0.0, ""collision_rod_mid"": 0.0, ""collision_tblock_early"": 0.5268591762876945, ""collision_tblock_late"": 0.0, ""collision_tblock_mid"": 0.0, ""fall"": 0.0, ""timeout"": 0.9830429426580667}"
start_behavior_context,start_region=x_pos__y_mid|start_theta_bin=sector_5|path_angle_bin=sector_0|near_count_bin=0|far_count_bin=2|medhigh_count_bin=0,True,2388,2206,182,0.076214405360134,0.9119000655007459,collision_tblock_early,97,-3.3748623089859957,2.970686767169179,"{""collision"": 124, ""fall"": 1, ""success"": 2206, ""timeout"": 57}","{""collision_rod_early"": 18, ""collision_rod_late"": 1, ""collision_rod_mid"": 5, ""collision_tblock_early"": 97, ""collision_tblock_late"": 3, ""fall"": 1, ""timeout"": 57}","{""collision_rod_early"": 0.6741678400332682, ""collision_rod_late"": 1.6056074020898141, ""collision_rod_mid"": 1.4756129297105514, ""collision_tblock_early"": 1.1199802339035874, ""collision_tblock_late"": 7.492834543085799, ""collision_tblock_mid"": 0.0, ""fall"": 0.337177554438861, ""timeout"": 0.7367882155650787}"
start_behavior_context,start_region=x_pos__y_neg|start_theta_bin=sector_5|path_angle_bin=sector_6|near_count_bin=0|far_count_bin=2|medhigh_count_bin=0,True,2349,2170,179,0.07620263942103023,0.9117592868567519,collision_tblock_early,102,-4.252369734758356,3.3175819497658576,"{""collision"": 124, ""success"": 2170, ""timeout"": 55}","{""collision_rod_early"": 17, ""collision_rod_mid"": 5, ""collision_tblock_early"": 102, ""timeout"": 55}","{""collision_rod_early"": 0.6472853137030073, ""collision_rod_late"": 0.0, ""collision_rod_mid"": 1.5001122503826294, ""collision_tblock_early"": 1.1972644883029857, ""collision_tblock_late"": 0.0, ""collision_tblock_mid"": 0.0, ""fall"": 0.0, ""timeout"": 0.7227395325544832}"
start_behavior_context,start_region=x_neg__y_neg|start_theta_bin=sector_3|path_angle_bin=sector_4|near_count_bin=0|far_count_bin=2|medhigh_count_bin=0,True,2232,2062,170,0.07616487455197132,0.9113074328219969,timeout,76,-3.057063027121555,3.0376344086021505,"{""collision"": 94, ""success"": 2062, ""timeout"": 76}","{""collision_rod_early"": 33, ""collision_rod_late"": 2, ""collision_rod_mid"": 5, ""collision_tblock_early"": 52, ""collision_tblock_mid"": 2, ""timeout"": 76}","{""collision_rod_early"": 1.3223596790616705, ""collision_rod_late"": 3.4356545485577743, ""collision_rod_mid"": 1.5787471667333317, ""collision_tblock_early"": 0.6423653397868486, ""collision_tblock_late"": 0.0, ""collision_tblock_mid"": 1.3941786573857635, ""fall"": 0.0, ""timeout"": 1.0510455548204347}"
start_behavior_context,start_region=x_neg__y_neg|start_theta_bin=sector_0|path_angle_bin=sector_5|near_count_bin=0|far_count_bin=2|medhigh_count_bin=0,True,2147,1984,163,0.0759198882161155,0.9083761883327423,timeout,80,-2.739839647828351,3.0204937121564974,"{""collision"": 80, ""fall"": 3, ""success"": 1984, ""timeout"": 80}","{""collision_rod_early"": 31, ""collision_rod_late"": 2, ""collision_rod_mid"": 6, ""collision_tblock_early"": 41, ""fall"": 3, ""timeout"": 80}","{""collision_rod_early"": 1.2913961823211402, ""collision_rod_late"": 3.571672544192339, ""collision_rod_mid"": 1.9694999587231279, ""collision_tblock_early"": 0.5265319853693355, ""collision_tblock_late"": 0.0, ""collision_tblock_mid"": 0.0, ""fall"": 1.1250768514205869, ""timeout"": 1.1501648215915525}"
start_behavior_context,start_region=x_neg__y_mid|start_theta_bin=sector_2|path_angle_bin=sector_4|near_count_bin=0|far_count_bin=2|medhigh_count_bin=0,True,2244,2075,169,0.07531194295900179,0.9011021655654811,timeout,111,-3.1412616991707183,3.266934046345811,"{""collision"": 55, ""fall"": 3, ""success"": 2075, ""timeout"": 111}","{""collision_rod_early"": 18, ""collision_rod_late"": 1, ""collision_rod_mid"": 3, ""collision_tblock_early"": 33, ""fall"": 3, ""timeout"": 111}","{""collision_rod_early"": 0.7174299474150821, ""collision_rod_late"": 1.7086410321704437, ""collision_rod_mid"": 0.9421828011093037, ""collision_tblock_early"": 0.40547495429984337, ""collision_tblock_late"": 0.0, ""collision_tblock_mid"": 0.0, ""fall"": 1.0764438502673797, ""timeout"": 1.52687070959912}"
start_behavior_context,start_region=x_neg__y_neg|start_theta_bin=sector_1|path_angle_bin=sector_4|near_count_bin=1|far_count_bin=1|medhigh_count_bin=0,True,186,172,14,0.07526881720430108,0.9005861689064439,collision_tblock_early,8,-2.883606598292348,2.9086021505376345,"{""collision"": 9, ""success"": 172, ""timeout"": 5}","{""collision_rod_mid"": 1, ""collision_tblock_early"": 8, ""timeout"": 5}","{""collision_rod_early"": 0.0, ""collision_rod_late"": 0.0, ""collision_rod_mid"": 3.788993200159996, ""collision_tblock_early"": 1.185905242683413, ""collision_tblock_late"": 0.0, ""collision_tblock_mid"": 0.0, ""fall"": 0.0, ""timeout"": 0.8297728064371854}"
start_behavior_context,start_region=x_neg__y_mid|start_theta_bin=sector_6|path_angle_bin=sector_3|near_count_bin=0|far_count_bin=2|medhigh_count_bin=0,True,2210,2044,166,0.0751131221719457,0.8987232886604835,timeout,70,-5.047176117764242,3.783257918552036,"{""collision"": 92, ""fall"": 4, ""success"": 2044, ""timeout"": 70}","{""collision_rod_early"": 44, ""collision_rod_late"": 2, ""collision_rod_mid"": 3, ""collision_tblock_early"": 37, ""collision_tblock_late"": 4, ""collision_tblock_mid"": 2, ""fall"": 4, ""timeout"": 70}","{""collision_rod_early"": 1.780697920763589, ""collision_rod_late"": 3.469855634561517, ""collision_rod_mid"": 0.9566779211263701, ""collision_tblock_early"": 0.4616176402798217, ""collision_tblock_late"": 10.79510641863583, ""collision_tblock_mid"": 1.4080573589524996, ""fall"": 1.4573393665158372, ""timeout"": 0.9777051529241768}"
start_behavior_context,start_region=x_neg__y_mid|start_theta_bin=sector_1|path_angle_bin=sector_3|near_count_bin=0|far_count_bin=1|medhigh_count_bin=0,True,107,99,8,0.07476635514018691,0.8945742452154796,timeout,5,-3.2576779357733217,3.2149532710280373,"{""collision"": 3, ""success"": 99, ""timeout"": 5}","{""collision_rod_early"": 2, ""collision_rod_late"": 1, ""timeout"": 5}","{""collision_rod_early"": 1.671768226375332, ""collision_rod_late"": 35.833555852247436, ""collision_rod_mid"": 0.0, ""collision_tblock_early"": 0.0, ""collision_tblock_late"": 0.0, ""collision_tblock_mid"": 0.0, ""fall"": 0.0, ""timeout"": 1.442408803713238}"
start_behavior_context,start_region=x_neg__y_pos|start_theta_bin=sector_2|path_angle_bin=sector_3|near_count_bin=1|far_count_bin=1|medhigh_count_bin=0,True,161,149,12,0.07453416149068323,0.8917960643297173,collision_tblock_early,7,-3.0840102669379257,3.0248447204968945,"{""collision"": 8, ""success"": 149, ""timeout"": 4}","{""collision_rod_early"": 1, ""collision_tblock_early"": 7, ""timeout"": 4}","{""collision_rod_early"": 0.5555254665284488, ""collision_rod_late"": 0.0, ""collision_rod_mid"": 0.0, ""collision_tblock_early"": 1.1987955170604065, ""collision_tblock_late"": 0.0, ""collision_tblock_mid"": 0.0, ""fall"": 0.0, ""timeout"": 0.7668956124090259}"
start_behavior_context,start_region=x_neg__y_neg|start_theta_bin=sector_4|path_angle_bin=sector_4|near_count_bin=0|far_count_bin=2|medhigh_count_bin=0,True,2234,2069,165,0.0738585496866607,0.8837124160295038,timeout,82,-2.46951720158932,2.9829901521933753,"{""collision"": 83, ""success"": 2069, ""timeout"": 82}","{""collision_rod_early"": 32, ""collision_rod_late"": 2, ""collision_rod_mid"": 3, ""collision_tblock_early"": 46, ""timeout"": 82}","{""collision_rod_early"": 1.2811401985472552, ""collision_rod_late"": 3.4325787611374, ""collision_rod_mid"": 0.9464002711232219, ""collision_tblock_early"": 0.5677375367278021, ""collision_tblock_late"": 0.0, ""collision_tblock_mid"": 0.0, ""fall"": 0.0, ""timeout"": 1.1330075956830752}"
start_behavior_context,start_region=x_neg__y_mid|start_theta_bin=sector_7|path_angle_bin=sector_3|near_count_bin=0|far_count_bin=2|medhigh_count_bin=0,True,2180,2020,160,0.07339449541284404,0.8781600388812507,timeout,76,-3.8967305623500095,3.3862385321100916,"{""collision"": 75, ""fall"": 9, ""success"": 2020, ""timeout"": 76}","{""collision_rod_early"": 47, ""collision_rod_mid"": 1, ""collision_tblock_early"": 27, ""fall"": 9, ""timeout"": 76}","{""collision_rod_early"": 1.9282849565232898, ""collision_rod_late"": 0.0, ""collision_rod_mid"": 0.3232810712063116, ""collision_tblock_early"": 0.3414917505020699, ""collision_tblock_late"": 0.0, ""collision_tblock_mid"": 0.0, ""fall"": 3.3241376146788992, ""timeout"": 1.0761163662198212}"
start_behavior_context,start_region=x_mid__y_neg|start_theta_bin=sector_4|path_angle_bin=sector_6|near_count_bin=0|far_count_bin=2|medhigh_count_bin=0,True,2264,2098,166,0.07332155477031801,0.8772873091606309,timeout,84,-3.392193821528049,3.2676678445229683,"{""collision"": 79, ""fall"": 3, ""success"": 2098, ""timeout"": 84}","{""collision_rod_early"": 30, ""collision_rod_late"": 2, ""collision_rod_mid"": 3, ""collision_tblock_early"": 42, ""collision_tblock_mid"": 2, ""fall"": 3, ""timeout"": 84}","{""collision_rod_early"": 1.1851537117192612, ""collision_rod_late"": 3.3870940602389363, ""collision_rod_mid"": 0.9338596314881968, ""collision_tblock_early"": 0.5115002073676469, ""collision_tblock_late"": 0.0, ""collision_tblock_mid"": 1.3744729519810177, ""fall"": 1.066934628975265, ""timeout"": 1.145262396446518}"
start_behavior_context,start_region=x_pos__y_neg|start_theta_bin=sector_1|path_angle_bin=sector_7|near_count_bin=0|far_count_bin=2|medhigh_count_bin=0,True,2251,2086,165,0.07330075521990227,0.8770384439848563,collision_tblock_early,81,-2.8362650027008365,2.9857840959573525,"{""collision"": 102, ""fall"": 1, ""success"": 2086, ""timeout"": 62}","{""collision_rod_early"": 18, ""collision_rod_mid"": 1, ""collision_tblock_early"": 81, ""collision_tblock_mid"": 2, ""fall"": 1, ""timeout"": 62}","{""collision_rod_early"": 0.715198934695444, ""collision_rod_late"": 0.0, ""collision_rod_mid"": 0.31308428930686777, ""collision_tblock_early"": 0.9921617273583018, ""collision_tblock_late"": 0.0, ""collision_tblock_mid"": 1.3824108233163146, ""fall"": 0.35769880053309644, ""timeout"": 0.8501945805271987}"
start_behavior_context,start_region=x_neg__y_neg|start_theta_bin=sector_1|path_angle_bin=sector_5|near_count_bin=0|far_count_bin=2|medhigh_count_bin=0,True,2229,2067,162,0.07267833109017496,0.8695911825126247,timeout,79,-2.5629783166520888,2.9892328398384924,"{""collision"": 82, ""fall"": 1, ""success"": 2067, ""timeout"": 79}","{""collision_rod_early"": 31, ""collision_rod_mid"": 8, ""collision_tblock_early"": 41, ""collision_tblock_mid"": 2, ""fall"": 1, ""timeout"": 79}","{""collision_rod_early"": 1.2438885614371862, ""collision_rod_late"": 0.0, ""collision_rod_mid"": 2.5293951914930797, ""collision_tblock_early"": 0.5071620334625228, ""collision_tblock_late"": 0.0, ""collision_tblock_mid"": 1.396055075497992, ""fall"": 0.3612292507851054, ""timeout"": 1.0940046314749217}"
start_behavior_context,start_region=x_mid__y_neg|start_theta_bin=sector_7|path_angle_bin=sector_5|near_count_bin=0|far_count_bin=2|medhigh_count_bin=0,True,2228,2067,161,0.072262118491921,0.8646112276889064,timeout,74,-4.055492060369303,3.4066427289048473,"{""collision"": 87, ""success"": 2067, ""timeout"": 74}","{""collision_rod_early"": 31, ""collision_rod_late"": 2, ""collision_rod_mid"": 3, ""collision_tblock_early"": 49, ""collision_tblock_mid"": 2, ""timeout"": 74}","{""collision_rod_early"": 1.2444468597143123, ""collision_rod_late"": 3.441822689578524, ""collision_rod_mid"": 0.948948925354254, ""collision_tblock_early"": 0.6063925259098196, ""collision_tblock_late"": 0.0, ""collision_tblock_mid"": 1.396681671133314, ""fall"": 0.0, ""timeout"": 1.0252237798744541}"
start_behavior_context,start_region=x_neg__y_neg|start_theta_bin=sector_5|path_angle_bin=sector_5|near_count_bin=0|far_count_bin=2|medhigh_count_bin=0,True,2158,2003,155,0.07182576459684893,0.8593902836479801,timeout,72,-3.3627957610006853,3.2710843373493974,"{""collision"": 82, ""fall"": 1, ""success"": 2003, ""timeout"": 72}","{""collision_rod_early"": 24, ""collision_rod_late"": 1, ""collision_rod_mid"": 14, ""collision_tblock_early"": 39, ""collision_tblock_late"": 1, ""collision_tblock_mid"": 3, ""fall"": 1, ""timeout"": 72}","{""collision_rod_early"": 0.9946943478526071, ""collision_rod_late"": 1.7767333068537887, ""collision_rod_mid"": 4.572075205383054, ""collision_tblock_early"": 0.49829452215161474, ""collision_tblock_late"": 2.7638073662170046, ""collision_tblock_mid"": 2.16297967790896, ""fall"": 0.37311399443929566, ""timeout"": 1.0298718650423342}"
start_behavior_context,start_region=x_neg__y_pos|start_theta_bin=sector_3|path_angle_bin=sector_3|near_count_bin=0|far_count_bin=2|medhigh_count_bin=0,True,2211,2053,158,0.07146087743102668,0.855024434057717,timeout,94,-2.4579800835849657,2.9032112166440527,"{""collision"": 63, ""fall"": 1, ""success"": 2053, ""timeout"": 94}","{""collision_rod_early"": 10, ""collision_rod_mid"": 1, ""collision_tblock_early"": 51, ""collision_tblock_mid"": 1, ""fall"": 1, ""timeout"": 94}","{""collision_rod_early"": 0.40452103170999665, ""collision_rod_late"": 0.0, ""collision_rod_mid"": 0.31874841032553564, ""collision_tblock_early"": 0.6359959934472441, ""collision_tblock_late"": 0.0, ""collision_tblock_mid"": 0.7037102585447815, ""fall"": 0.3641700587969245, ""timeout"": 1.3123245362051332}"
start_behavior_context,start_region=x_pos__y_mid|start_theta_bin=sector_4|path_angle_bin=sector_7|near_count_bin=0|far_count_bin=2|medhigh_count_bin=0,True,2380,2210,170,0.07142857142857142,0.8546378949826458,timeout,88,-2.797211134401388,2.9789915966386555,"{""collision"": 82, ""success"": 2210, ""timeout"": 88}","{""collision_rod_early"": 13, ""collision_rod_late"": 1, ""collision_rod_mid"": 3, ""collision_tblock_early"": 65, ""timeout"": 88}","{""collision_rod_early"": 0.4885356308588418, ""collision_rod_late"": 1.6110044017607044, ""collision_rod_mid"": 0.8883437839030579, ""collision_tblock_early"": 0.7530249151282806, ""collision_tblock_late"": 0.0, ""collision_tblock_mid"": 0.0, ""fall"": 0.0, ""timeout"": 1.1413211172910798}"
start_behavior_context,start_region=x_neg__y_pos|start_theta_bin=sector_5|path_angle_bin=sector_2|near_count_bin=0|far_count_bin=2|medhigh_count_bin=0,True,2271,2109,162,0.071334214002642,0.8535089149364335,timeout,71,-3.6463149020734424,3.292382210479965,"{""collision"": 90, ""fall"": 1, ""success"": 2109, ""timeout"": 71}","{""collision_rod_early"": 23, ""collision_rod_mid"": 3, ""collision_tblock_early"": 63, ""collision_tblock_mid"": 1, ""fall"": 1, ""timeout"": 71}","{""collision_rod_early"": 0.9058171741765064, ""collision_rod_late"": 0.0, ""collision_rod_mid"": 0.9309811561819806, ""collision_tblock_early"": 0.7648853827479213, ""collision_tblock_late"": 0.0, ""collision_tblock_mid"": 0.685118177737786, ""fall"": 0.3545486569793043, ""timeout"": 0.965035639084938}"
start_behavior_context,start_region=x_neg__y_neg|start_theta_bin=sector_4|path_angle_bin=sector_4|near_count_bin=0|far_count_bin=1|medhigh_count_bin=0,True,127,118,9,0.07086614173228346,0.8479084627386879,timeout,7,-2.7709797486232466,3.1102362204724407,"{""collision"": 2, ""success"": 118, ""timeout"": 7}","{""collision_rod_early"": 1, ""collision_tblock_early"": 1, ""timeout"": 7}","{""collision_rod_early"": 0.7042488197722855, ""collision_rod_late"": 0.0, ""collision_rod_mid"": 0.0, ""collision_tblock_early"": 0.21710469994007364, ""collision_tblock_late"": 0.0, ""collision_tblock_mid"": 0.0, ""fall"": 0.0, ""timeout"": 1.7013609354034887}"
start_behavior_context,start_region=x_neg__y_neg|start_theta_bin=sector_2|path_angle_bin=sector_4|near_count_bin=0|far_count_bin=1|medhigh_count_bin=0,True,128,119,9,0.0703125,0.8412841778735419,timeout,5,-3.178216379051055,3.234375,"{""collision"": 4, ""success"": 119, ""timeout"": 5}","{""collision_rod_early"": 1, ""collision_tblock_early"": 3, ""timeout"": 5}","{""collision_rod_early"": 0.6987468758678145, ""collision_rod_late"": 0.0, ""collision_rod_mid"": 0.0, ""collision_tblock_early"": 0.6462257084153753, ""collision_tblock_late"": 0.0, ""collision_tblock_mid"": 0.0, ""fall"": 0.0, ""timeout"": 1.205763609354035}"
start_behavior_context,start_region=x_neg__y_mid|start_theta_bin=sector_7|path_angle_bin=sector_4|near_count_bin=1|far_count_bin=1|medhigh_count_bin=0,True,171,159,12,0.07017543859649122,0.8396442477022484,timeout,9,-3.7786724393277624,3.3157894736842106,"{""collision"": 3, ""success"": 159, ""timeout"": 9}","{""collision_rod_early"": 1, ""collision_tblock_early"": 2, ""timeout"": 9}","{""collision_rod_early"": 0.5230385971408202, ""collision_rod_late"": 0.0, ""collision_rod_mid"": 0.0, ""collision_tblock_early"": 0.32248300458934914, ""collision_tblock_late"": 0.0, ""collision_tblock_mid"": 0.0, ""fall"": 0.0, ""timeout"": 1.6246078104980681}"
start_behavior_context,start_region=x_neg__y_mid|start_theta_bin=sector_6|path_angle_bin=sector_4|near_count_bin=0|far_count_bin=1|medhigh_count_bin=0,True,114,106,8,0.07017543859649122,0.8396442477022484,collision_rod_early,4,-5.1537976724230745,3.6842105263157894,"{""collision"": 6, ""success"": 106, ""timeout"": 2}","{""collision_rod_early"": 4, ""collision_tblock_early"": 1, ""collision_tblock_mid"": 1, ""timeout"": 2}","{""collision_rod_early"": 3.1382315828449214, ""collision_rod_late"": 0.0, ""collision_rod_mid"": 0.0, ""collision_tblock_early"": 0.24186225344201187, ""collision_tblock_late"": 0.0, ""collision_tblock_mid"": 13.648275277565896, ""fall"": 0.0, ""timeout"": 0.5415359368326893}"
start_behavior_context,start_region=x_neg__y_mid|start_theta_bin=sector_3|path_angle_bin=sector_4|near_count_bin=0|far_count_bin=2|medhigh_count_bin=0,True,2224,2069,155,0.06969424460431654,0.8338867950145419,timeout,117,-2.2479482043645316,3.0184352517985613,"{""collision"": 38, ""success"": 2069, ""timeout"": 117}","{""collision_rod_early"": 18, ""collision_rod_late"": 1, ""collision_rod_mid"": 4, ""collision_tblock_early"": 14, ""collision_tblock_mid"": 1, ""timeout"": 117}","{""collision_rod_early"": 0.7238816555752897, ""collision_rod_late"": 1.7240065090784513, ""collision_rod_mid"": 1.2675408907010057, ""collision_tblock_early"": 0.17356661712835023, ""collision_tblock_late"": 0.0, ""collision_tblock_mid"": 0.6995968442637194, ""fall"": 0.0, ""timeout"": 1.6238773213746427}"
start_behavior_context,start_region=x_neg__y_neg|start_theta_bin=sector_5|path_angle_bin=sector_5|near_count_bin=1|far_count_bin=1|medhigh_count_bin=0,True,216,201,15,0.06944444444444445,0.8308979534553499,timeout,11,-3.2071974299586095,3.435185185185185,"{""collision"": 4, ""success"": 201, ""timeout"": 11}","{""collision_rod_early"": 1, ""collision_tblock_early"": 2, ""collision_tblock_late"": 1, ""timeout"": 11}","{""collision_rod_early"": 0.41407222273648264, ""collision_rod_late"": 0.0, ""collision_rod_mid"": 0.0, ""collision_tblock_early"": 0.2552990452999014, ""collision_tblock_late"": 27.61248285322359, ""collision_tblock_mid"": 0.0, ""fall"": 0.0, ""timeout"": 1.5719584833060007}"
start_behavior_context,start_region=x_neg__y_mid|start_theta_bin=sector_1|path_angle_bin=sector_3|near_count_bin=0|far_count_bin=2|medhigh_count_bin=0,True,2301,2144,157,0.06823120382442416,0.816381613720928,timeout,99,-3.2150679337519925,3.216862233811386,"{""collision"": 51, ""fall"": 7, ""success"": 2144, ""timeout"": 99}","{""collision_rod_early"": 21, ""collision_tblock_early"": 28, ""collision_tblock_mid"": 2, ""fall"": 7, ""timeout"": 99}","{""collision_rod_early"": 0.8162675368677468, ""collision_rod_late"": 0.0, ""collision_rod_mid"": 0.0, ""collision_tblock_early"": 0.3355168678778365, ""collision_tblock_late"": 0.0, ""collision_tblock_mid"": 1.352371474700141, ""fall"": 2.4494828335506305, ""timeout"": 1.3280692270955525}"
start_behavior_context,start_region=x_pos__y_neg|start_theta_bin=sector_2|path_angle_bin=sector_7|near_count_bin=0|far_count_bin=2|medhigh_count_bin=0,True,2263,2109,154,0.06805125939019001,0.8142285910660999,collision_tblock_early,69,-2.932826192160099,3.0486080424215642,"{""collision"": 86, ""fall"": 3, ""success"": 2109, ""timeout"": 65}","{""collision_rod_early"": 14, ""collision_rod_mid"": 3, ""collision_tblock_early"": 69, ""fall"": 3, ""timeout"": 65}","{""collision_rod_early"": 0.5533161297194535, ""collision_rod_late"": 0.0, ""collision_rod_mid"": 0.934272295929862, ""collision_tblock_early"": 0.8406931001214605, ""collision_tblock_late"": 0.0, ""collision_tblock_mid"": 0.0, ""fall"": 1.0674060980998674, ""timeout"": 0.8866065603027459}"
start_behavior_context,start_region=x_neg__y_mid|start_theta_bin=sector_7|path_angle_bin=sector_4|near_count_bin=0|far_count_bin=2|medhigh_count_bin=0,True,2268,2114,154,0.06790123456790123,0.8124335544896756,timeout,81,-3.707024619984381,3.171516754850088,"{""collision"": 65, ""fall"": 8, ""success"": 2114, ""timeout"": 81}","{""collision_rod_early"": 40, ""collision_rod_late"": 1, ""collision_rod_mid"": 3, ""collision_tblock_early"": 20, ""collision_tblock_mid"": 1, ""fall"": 8, ""timeout"": 81}","{""collision_rod_early"": 1.577417991377077, ""collision_rod_late"": 1.6905601746871588, ""collision_rod_mid"": 0.9322126127377768, ""collision_tblock_early"": 0.24314194790466798, ""collision_tblock_late"": 0.0, ""collision_tblock_mid"": 0.6860244187136296, ""fall"": 2.840141093474427, ""timeout"": 1.1024124428379747}"
start_behavior_context,start_region=x_mid__y_pos|start_theta_bin=sector_0|path_angle_bin=sector_1|near_count_bin=0|far_count_bin=2|medhigh_count_bin=0,True,2462,2295,167,0.06783103168155971,0.8115935818316108,collision_tblock_early,86,-3.2551650318508143,3.0329000812347684,"{""collision"": 97, ""fall"": 3, ""success"": 2295, ""timeout"": 67}","{""collision_rod_early"": 9, ""collision_rod_mid"": 1, ""collision_tblock_early"": 86, ""collision_tblock_mid"": 1, ""fall"": 3, ""timeout"": 67}","{""collision_rod_early"": 0.3269522343621942, ""collision_rod_late"": 0.0, ""collision_rod_mid"": 0.2862521264133872, ""collision_tblock_early"": 0.9631265364522681, ""collision_tblock_late"": 0.0, ""collision_tblock_mid"": 0.6319672549319707, ""fall"": 0.9811291632818846, ""timeout"": 0.8400185795142325}"
start_behavior_context,start_region=x_mid__y_pos|start_theta_bin=sector_1|path_angle_bin=sector_2|near_count_bin=0|far_count_bin=2|medhigh_count_bin=0,True,2372,2212,160,0.06745362563237774,0.8070779446716384,collision_tblock_early,76,-2.8580949059235348,3.013912310286678,"{""collision"": 92, ""fall"": 1, ""success"": 2212, ""timeout"": 67}","{""collision_rod_early"": 11, ""collision_rod_late"": 1, ""collision_rod_mid"": 3, ""collision_tblock_early"": 76, ""collision_tblock_mid"": 1, ""fall"": 1, ""timeout"": 67}","{""collision_rod_early"": 0.4147704895539135, ""collision_rod_late"": 1.616437806151128, ""collision_rod_mid"": 0.8913398843546702, ""collision_tblock_early"": 0.8834294113919016, ""collision_tblock_late"": 0.0, ""collision_tblock_mid"": 0.6559457764091534, ""fall"": 0.3394519392917369, ""timeout"": 0.8718911225818046}"
start_behavior_context,start_region=x_neg__y_mid|start_theta_bin=sector_6|path_angle_bin=sector_4|near_count_bin=1|far_count_bin=1|medhigh_count_bin=0,True,180,168,12,0.06666666666666667,0.797662035317136,collision_rod_early,8,-4.924650929567685,3.5555555555555554,"{""collision"": 10, ""success"": 168, ""timeout"": 2}","{""collision_rod_early"": 8, ""collision_tblock_early"": 2, ""timeout"": 2}","{""collision_rod_early"": 3.9750933382702343, ""collision_rod_late"": 0.0, ""collision_rod_mid"": 0.0, ""collision_tblock_early"": 0.3063588543598817, ""collision_tblock_late"": 0.0, ""collision_tblock_mid"": 0.0, ""fall"": 0.0, ""timeout"": 0.3429727599940366}"
start_behavior_context,start_region=x_pos__y_pos|start_theta_bin=sector_3|path_angle_bin=sector_0|near_count_bin=0|far_count_bin=2|medhigh_count_bin=0,True,2402,2242,160,0.06661115736885928,0.796997870425115,timeout,97,-2.575488752635383,3.0,"{""collision"": 61, ""fall"": 2, ""success"": 2242, ""timeout"": 97}","{""collision_rod_early"": 20, ""collision_rod_late"": 1, ""collision_rod_mid"": 2, ""collision_tblock_early"": 38, ""fall"": 2, ""timeout"": 97}","{""collision_rod_early"": 0.7447094097508764, ""collision_rod_late"": 1.596249157448158, ""collision_rod_mid"": 0.5868049419065439, ""collision_tblock_early"": 0.43619786923846593, ""collision_tblock_late"": 0.0, ""collision_tblock_mid"": 0.0, ""fall"": 0.6704246461282265, ""timeout"": 1.24652464394169}"
start_behavior_context,start_region=x_neg__y_mid|start_theta_bin=sector_5|path_angle_bin=sector_4|near_count_bin=0|far_count_bin=2|medhigh_count_bin=0,True,2256,2106,150,0.06648936170212766,0.7955405937338458,timeout,105,-3.9273756677287466,3.515957446808511,"{""collision"": 43, ""fall"": 2, ""success"": 2106, ""timeout"": 105}","{""collision_rod_early"": 16, ""collision_rod_late"": 1, ""collision_rod_mid"": 6, ""collision_tblock_early"": 14, ""collision_tblock_mid"": 6, ""fall"": 2, ""timeout"": 105}","{""collision_rod_early"": 0.6343234050431223, ""collision_rod_late"": 1.6995525160418776, ""collision_rod_mid"": 1.8743423809302109, ""collision_tblock_early"": 0.17110467929674242, ""collision_tblock_late"": 0.0, ""collision_tblock_mid"": 4.138040908623703, ""fall"": 0.7138120567375886, ""timeout"": 1.4366545132728925}"
start_behavior_context,start_region=x_neg__y_mid|start_theta_bin=sector_5|path_angle_bin=sector_3|near_count_bin=1|far_count_bin=1|medhigh_count_bin=0,True,136,127,9,0.0661764705882353,0.7917968732927453,timeout,5,-3.8613073180761783,3.3455882352941178,"{""collision"": 4, ""success"": 127, ""timeout"": 5}","{""collision_rod_early"": 3, ""collision_tblock_early"": 1, ""timeout"": 5}","{""collision_rod_early"": 1.9729323553914762, ""collision_rod_late"": 0.0, ""collision_rod_mid"": 0.0, ""collision_tblock_early"": 0.20273747714992169, ""collision_tblock_late"": 0.0, ""collision_tblock_mid"": 0.0, ""fall"": 0.0, ""timeout"": 1.1348363382155622}"
start_behavior_context,start_region=x_mid__y_neg|start_theta_bin=sector_3|path_angle_bin=sector_6|near_count_bin=1|far_count_bin=1|medhigh_count_bin=0,True,138,129,9,0.06521739130434782,0.7803215562885026,timeout,6,-2.903573170140519,3.246376811594203,"{""collision"": 3, ""success"": 129, ""timeout"": 6}","{""collision_tblock_early"": 2, ""collision_tblock_late"": 1, ""timeout"": 6}","{""collision_rod_early"": 0.0, ""collision_rod_late"": 0.0, ""collision_rod_mid"": 0.0, ""collision_tblock_early"": 0.39959850568680216, ""collision_tblock_late"": 43.21953837895867, ""collision_tblock_mid"": 0.0, ""fall"": 0.0, ""timeout"": 1.3420673217157955}"
start_behavior_context,start_region=x_mid__y_neg|start_theta_bin=sector_3|path_angle_bin=sector_5|near_count_bin=0|far_count_bin=2|medhigh_count_bin=0,True,2212,2068,144,0.0650994575045208,0.778910486566462,timeout,87,-2.9888918301507177,3.136528028933092,"{""collision"": 52, ""fall"": 5, ""success"": 2068, ""timeout"": 87}","{""collision_rod_early"": 18, ""collision_rod_mid"": 4, ""collision_tblock_early"": 27, ""collision_tblock_mid"": 3, ""fall"": 5, ""timeout"": 87}","{""collision_rod_early"": 0.7278086808315753, ""collision_rod_late"": 0.0, ""collision_rod_mid"": 1.2744172427301252, ""collision_tblock_early"": 0.3365515443465246, ""collision_tblock_late"": 0.0, ""collision_tblock_mid"": 2.110176376549519, ""fall"": 1.8200271247739603, ""timeout"": 1.2140491459101748}"
start_behavior_context,start_region=x_neg__y_pos|start_theta_bin=sector_4|path_angle_bin=sector_2|near_count_bin=0|far_count_bin=2|medhigh_count_bin=0,True,2232,2087,145,0.06496415770609319,0.7772916338775855,timeout,88,-2.8982341806059133,3.2020609318996414,"{""collision"": 56, ""fall"": 1, ""success"": 2087, ""timeout"": 88}","{""collision_rod_early"": 11, ""collision_rod_mid"": 2, ""collision_tblock_early"": 42, ""collision_tblock_mid"": 1, ""fall"": 1, ""timeout"": 88}","{""collision_rod_early"": 0.4407865596872235, ""collision_rod_late"": 0.0, ""collision_rod_mid"": 0.6314988666933327, ""collision_tblock_early"": 0.5188335436739931, ""collision_tblock_late"": 0.0, ""collision_tblock_mid"": 0.6970893286928818, ""fall"": 0.3607437275985663, ""timeout"": 1.2170001161078718}"
start_behavior_context,start_region=x_neg__y_neg|start_theta_bin=sector_0|path_angle_bin=sector_4|near_count_bin=1|far_count_bin=1|medhigh_count_bin=0,True,187,175,12,0.06417112299465241,0.7678030286475106,collision_tblock_early,7,-2.889676829061069,3.0320855614973263,"{""collision"": 8, ""success"": 175, ""timeout"": 4}","{""collision_rod_early"": 1, ""collision_tblock_early"": 7, ""timeout"": 4}","{""collision_rod_early"": 0.47828663161005486, ""collision_rod_late"": 0.0, ""collision_rod_mid"": 0.0, ""collision_tblock_early"": 1.0321180654905104, ""collision_tblock_late"": 0.0, ""collision_tblock_mid"": 0.0, ""fall"": 0.0, ""timeout"": 0.6602684149617817}"
start_behavior_context,start_region=x_pos__y_neg|start_theta_bin=sector_1|path_angle_bin=sector_6|near_count_bin=0|far_count_bin=2|medhigh_count_bin=0,True,2249,2105,144,0.06402845709204091,0.7660960410337989,timeout,68,-2.9325864819023937,3.038683859493108,"{""collision"": 75, ""fall"": 1, ""success"": 2105, ""timeout"": 68}","{""collision_rod_early"": 9, ""collision_rod_mid"": 3, ""collision_tblock_early"": 62, ""collision_tblock_mid"": 1, ""fall"": 1, ""timeout"": 68}","{""collision_rod_early"": 0.35791747487759995, ""collision_rod_late"": 0.0, ""collision_rod_mid"": 0.9400881305866065, ""collision_tblock_early"": 0.7601077844945041, ""collision_tblock_late"": 0.0, ""collision_tblock_mid"": 0.6918200896587425, ""fall"": 0.3580168963983993, ""timeout"": 0.9333007074982232}"
start_behavior_context,start_region=x_neg__y_neg|start_theta_bin=sector_5|path_angle_bin=sector_5|near_count_bin=0|far_count_bin=1|medhigh_count_bin=0,True,141,132,9,0.06382978723404255,0.763718969984492,timeout,5,-3.488457396129077,3.3191489361702127,"{""collision"": 4, ""success"": 132, ""timeout"": 5}","{""collision_rod_early"": 2, ""collision_tblock_early"": 1, ""collision_tblock_mid"": 1, ""timeout"": 5}","{""collision_rod_early"": 1.2686468100862447, ""collision_rod_late"": 0.0, ""collision_rod_mid"": 0.0, ""collision_tblock_early"": 0.19554820491056277, ""collision_tblock_late"": 0.0, ""collision_tblock_mid"": 11.034775756329871, ""fall"": 0.0, ""timeout"": 1.094593914874585}"
start_behavior_context,start_region=x_neg__y_pos|start_theta_bin=sector_5|path_angle_bin=sector_3|near_count_bin=0|far_count_bin=2|medhigh_count_bin=0,True,2210,2069,141,0.06380090497737556,0.7633733957899288,timeout,81,-3.897197651375653,3.4475113122171948,"{""collision"": 59, ""fall"": 1, ""success"": 2069, ""timeout"": 81}","{""collision_rod_early"": 24, ""collision_rod_mid"": 1, ""collision_tblock_early"": 32, ""collision_tblock_late"": 1, ""collision_tblock_mid"": 1, ""fall"": 1, ""timeout"": 81}","{""collision_rod_early"": 0.9712897749619576, ""collision_rod_late"": 0.0, ""collision_rod_mid"": 0.31889264037545667, ""collision_tblock_early"": 0.3992368780798458, ""collision_tblock_late"": 2.6987766046589576, ""collision_tblock_mid"": 0.7040286794762498, ""fall"": 0.3643348416289593, ""timeout"": 1.131344534097976}"
start_behavior_context,start_region=x_neg__y_mid|start_theta_bin=sector_4|path_angle_bin=sector_4|near_count_bin=0|far_count_bin=2|medhigh_count_bin=0,True,2184,2046,138,0.06318681318681318,0.7560258301769558,timeout,101,-2.0523139464197895,2.8983516483516483,"{""collision"": 37, ""success"": 2046, ""timeout"": 101}","{""collision_rod_early"": 14, ""collision_rod_mid"": 6, ""collision_tblock_early"": 16, ""collision_tblock_mid"": 1, ""timeout"": 101}","{""collision_rod_early"": 0.5733307699428221, ""collision_rod_late"": 0.0, ""collision_rod_mid"": 1.9361338879938441, ""collision_tblock_early"": 0.2019948490284934, ""collision_tblock_late"": 0.0, ""collision_tblock_mid"": 0.7124099732795385, ""fall"": 0.0, ""timeout"": 1.4274827785466084}"
start_behavior_context,start_region=x_neg__y_neg|start_theta_bin=sector_0|path_angle_bin=sector_4|near_count_bin=0|far_count_bin=1|medhigh_count_bin=0,True,143,134,9,0.06293706293706294,0.7530375857889047,timeout,6,-2.7085454423399806,3.090909090909091,"{""collision"": 3, ""success"": 134, ""timeout"": 6}","{""collision_tblock_early"": 3, ""timeout"": 6}","{""collision_rod_early"": 0.0, ""collision_rod_late"": 0.0, ""collision_rod_mid"": 0.0, ""collision_tblock_early"": 0.5784397949452311, ""collision_tblock_late"": 0.0, ""collision_tblock_mid"": 0.0, ""fall"": 0.0, ""timeout"": 1.2951418908865717}"
start_behavior_context,start_region=x_pos__y_mid|start_theta_bin=sector_4|path_angle_bin=sector_0|near_count_bin=0|far_count_bin=2|medhigh_count_bin=0,True,2465,2310,155,0.06288032454361055,0.7523587148528768,timeout,105,-2.5529877144553828,2.996754563894523,"{""collision"": 50, ""success"": 2310, ""timeout"": 105}","{""collision_rod_early"": 5, ""collision_rod_late"": 2, ""collision_rod_mid"": 2, ""collision_tblock_early"": 41, ""timeout"": 105}","{""collision_rod_early"": 0.18141906716243458, ""collision_rod_late"": 3.1109050516758425, ""collision_rod_mid"": 0.5718074930870258, ""collision_tblock_early"": 0.4586061552080987, ""collision_tblock_late"": 0.0, ""collision_tblock_mid"": 0.0, ""fall"": 0.0, ""timeout"": 1.314844860829065}"
start_behavior_context,start_region=x_pos__y_mid|start_theta_bin=sector_3|path_angle_bin=sector_0|near_count_bin=0|far_count_bin=2|medhigh_count_bin=0,True,2450,2296,154,0.06285714285714286,0.7520813475847283,timeout,113,-2.5629229420514914,3.1322448979591835,"{""collision"": 39, ""fall"": 2, ""success"": 2296, ""timeout"": 113}","{""collision_rod_early"": 10, ""collision_rod_late"": 1, ""collision_rod_mid"": 1, ""collision_tblock_early"": 24, ""collision_tblock_late"": 1, ""collision_tblock_mid"": 2, ""fall"": 2, ""timeout"": 113}","{""collision_rod_early"": 0.3650595922901235, ""collision_rod_late"": 1.5649757045675412, ""collision_rod_mid"": 0.2876541776447997, ""collision_tblock_early"": 0.2700959695580997, ""collision_tblock_late"": 2.4344066515495086, ""collision_tblock_mid"": 1.2701252095040916, ""fall"": 0.6572897959183674, ""timeout"": 1.4236869261793275}"
start_behavior_context,start_region=x_neg__y_mid|start_theta_bin=sector_3|path_angle_bin=sector_3|near_count_bin=1|far_count_bin=1|medhigh_count_bin=0,True,144,135,9,0.0625,0.747808158109815,timeout,9,-1.7755338294376173,2.9027777777777777,"{""success"": 135, ""timeout"": 9}","{""timeout"": 9}","{""collision_rod_early"": 0.0, ""collision_rod_late"": 0.0, ""collision_rod_mid"": 0.0, ""collision_tblock_early"": 0.0, ""collision_tblock_late"": 0.0, ""collision_tblock_mid"": 0.0, ""fall"": 0.0, ""timeout"": 1.9292217749664557}"
start_behavior_context,start_region=x_mid__y_neg|start_theta_bin=sector_4|path_angle_bin=sector_5|near_count_bin=0|far_count_bin=1|medhigh_count_bin=0,True,128,120,8,0.0625,0.7478081581098149,timeout,6,-2.9599468696181823,3.0703125,"{""collision"": 2, ""success"": 120, ""timeout"": 6}","{""collision_rod_early"": 1, ""collision_rod_mid"": 1, ""timeout"": 6}","{""collision_rod_early"": 0.6987468758678145, ""collision_rod_late"": 0.0, ""collision_rod_mid"": 5.505880743982495, ""collision_tblock_early"": 0.0, ""collision_tblock_late"": 0.0, ""collision_tblock_mid"": 0.0, ""fall"": 0.0, ""timeout"": 1.4469163312248419}"
start_behavior_context,start_region=x_mid__y_neg|start_theta_bin=sector_0|path_angle_bin=sector_5|near_count_bin=0|far_count_bin=2|medhigh_count_bin=0,True,2196,2059,137,0.06238615664845173,0.7464460303172653,timeout,93,-2.5169717124512987,2.9312386156648453,"{""collision"": 44, ""success"": 2059, ""timeout"": 93}","{""collision_rod_early"": 21, ""collision_rod_mid"": 2, ""collision_tblock_early"": 20, ""collision_tblock_mid"": 1, ""timeout"": 93}","{""collision_rod_early"": 0.8552967223737182, ""collision_rod_late"": 0.0, ""collision_rod_mid"": 0.6418513071309283, ""collision_tblock_early"": 0.2511138150490833, ""collision_tblock_late"": 0.0, ""collision_tblock_mid"": 0.7085170226058798, ""fall"": 0.0, ""timeout"": 1.3072322409608772}"
start_behavior_context,start_region=x_pos__y_neg|start_theta_bin=sector_2|path_angle_bin=sector_6|near_count_bin=0|far_count_bin=2|medhigh_count_bin=0,True,2321,2178,143,0.061611374407582936,0.7371758146295806,timeout,62,-2.7080698781358197,2.975441619991383,"{""collision"": 64, ""fall"": 17, ""success"": 2178, ""timeout"": 62}","{""collision_rod_early"": 13, ""collision_rod_late"": 1, ""collision_rod_mid"": 3, ""collision_tblock_early"": 45, ""collision_tblock_mid"": 2, ""fall"": 17, ""timeout"": 62}","{""collision_rod_early"": 0.5009542444825693, ""collision_rod_late"": 1.6519562585913297, ""collision_rod_mid"": 0.9109255517834028, ""collision_tblock_early"": 0.534577061679242, ""collision_tblock_late"": 0.0, ""collision_tblock_mid"": 1.3407181229147023, ""fall"": 5.897483843171048, ""timeout"": 0.8245532101536942}"
start_behavior_context,start_region=x_mid__y_pos|start_theta_bin=sector_5|path_angle_bin=sector_2|near_count_bin=1|far_count_bin=1|medhigh_count_bin=0,True,114,107,7,0.06140350877192982,0.7346887167394673,timeout,3,-3.582517416221175,3.1140350877192984,"{""collision"": 4, ""success"": 107, ""timeout"": 3}","{""collision_rod_early"": 2, ""collision_tblock_early"": 2, ""timeout"": 3}","{""collision_rod_early"": 1.5691157914224607, ""collision_rod_late"": 0.0, ""collision_rod_mid"": 0.0, ""collision_tblock_early"": 0.48372450688402374, ""collision_tblock_late"": 0.0, ""collision_tblock_mid"": 0.0, ""fall"": 0.0, ""timeout"": 0.8123039052490341}"
start_behavior_context,start_region=x_mid__y_pos|start_theta_bin=sector_2|path_angle_bin=sector_2|near_count_bin=0|far_count_bin=2|medhigh_count_bin=0,True,2269,2130,139,0.061260467166152494,0.7329772338634767,timeout,83,-2.689518272909701,3.1040105773468487,"{""collision"": 56, ""success"": 2130, ""timeout"": 83}","{""collision_rod_early"": 15, ""collision_rod_late"": 1, ""collision_rod_mid"": 1, ""collision_tblock_early"": 39, ""timeout"": 83}","{""collision_rod_early"": 0.5912710452473353, ""collision_rod_late"": 1.6898151062981384, ""collision_rod_mid"": 0.3106005884661786, ""collision_tblock_early"": 0.4739178399308879, ""collision_tblock_late"": 0.0, ""collision_tblock_mid"": 0.0, ""fall"": 0.0, ""timeout"": 1.1291346483717293}"
start_behavior_context,start_region=x_neg__y_neg|start_theta_bin=sector_1|path_angle_bin=sector_4|near_count_bin=0|far_count_bin=2|medhigh_count_bin=0,True,2159,2027,132,0.06113941639647985,0.7315288698137699,timeout,60,-2.7527674349315996,2.9773043075497916,"{""collision"": 72, ""success"": 2027, ""timeout"": 60}","{""collision_rod_early"": 17, ""collision_rod_mid"": 8, ""collision_tblock_early"": 46, ""collision_tblock_mid"": 1, ""timeout"": 60}","{""collision_rod_early"": 0.7042488197722855, ""collision_rod_late"": 0.0, ""collision_rod_mid"": 2.611404299137598, ""collision_tblock_early"": 0.5874597763084345, ""collision_tblock_late"": 0.0, ""collision_tblock_mid"": 0.7206592782040352, ""fall"": 0.0, ""timeout"": 0.8578290430605825}"
start_behavior_context,start_region=x_pos__y_mid|start_theta_bin=sector_1|path_angle_bin=sector_0|near_count_bin=0|far_count_bin=2|medhigh_count_bin=0,True,2308,2167,141,0.06109185441941074,0.7309597940622802,timeout,91,-2.48239014110285,2.998266897746967,"{""collision"": 47, ""fall"": 3, ""success"": 2167, ""timeout"": 91}","{""collision_rod_early"": 19, ""collision_rod_mid"": 3, ""collision_tblock_early"": 21, ""collision_tblock_late"": 1, ""collision_tblock_mid"": 3, ""fall"": 3, ""timeout"": 91}","{""collision_rod_early"": 0.7362878691986676, ""collision_rod_late"": 0.0, ""collision_rod_mid"": 0.9160564149433613, ""collision_tblock_early"": 0.2508744517938372, ""collision_tblock_late"": 2.584183837216766, ""collision_tblock_mid"": 2.022404742169643, ""fall"": 1.0465944540727903, ""timeout"": 1.2170480521452165}"
start_behavior_context,start_region=x_neg__y_mid|start_theta_bin=sector_1|path_angle_bin=sector_4|near_count_bin=0|far_count_bin=2|medhigh_count_bin=0,True,2300,2162,138,0.06,0.7178958317854224,timeout,100,-2.5082009012644972,2.8830434782608694,"{""collision"": 33, ""fall"": 5, ""success"": 2162, ""timeout"": 100}","{""collision_rod_early"": 7, ""collision_rod_late"": 1, ""collision_rod_mid"": 4, ""collision_tblock_early"": 21, ""fall"": 5, ""timeout"": 100}","{""collision_rod_early"": 0.2722074785989399, ""collision_rod_late"": 1.6670393374741201, ""collision_rod_mid"": 1.225656930834364, ""collision_tblock_early"": 0.25174705858268537, ""collision_tblock_late"": 0.0, ""collision_tblock_mid"": 0.0, ""fall"": 1.7503913043478263, ""timeout"": 1.3420673217157955}"
start_behavior_context,start_region=x_neg__y_mid|start_theta_bin=sector_3|path_angle_bin=sector_4|near_count_bin=0|far_count_bin=1|medhigh_count_bin=0,True,100,94,6,0.06,0.7178958317854223,timeout,6,-2.2572493368800775,3.01,"{""success"": 94, ""timeout"": 6}","{""timeout"": 6}","{""collision_rod_early"": 0.0, ""collision_rod_late"": 0.0, ""collision_rod_mid"": 0.0, ""collision_tblock_early"": 0.0, ""collision_tblock_late"": 0.0, ""collision_tblock_mid"": 0.0, ""fall"": 0.0, ""timeout"": 1.8520529039677975}"
start_behavior_context,start_region=x_neg__y_mid|start_theta_bin=sector_4|path_angle_bin=sector_4|near_count_bin=0|far_count_bin=1|medhigh_count_bin=0,True,100,94,6,0.06,0.7178958317854223,timeout,4,-2.3067748692805985,2.81,"{""collision"": 2, ""success"": 94, ""timeout"": 4}","{""collision_rod_mid"": 1, ""collision_tblock_early"": 1, ""timeout"": 4}","{""collision_rod_early"": 0.0, ""collision_rod_late"": 0.0, ""collision_rod_mid"": 7.0475273522975925, ""collision_tblock_early"": 0.2757229689238935, ""collision_tblock_late"": 0.0, ""collision_tblock_mid"": 0.0, ""fall"": 0.0, ""timeout"": 1.2347019359785316}"
start_behavior_context,start_region=x_mid__y_neg|start_theta_bin=sector_5|path_angle_bin=sector_5|near_count_bin=0|far_count_bin=2|medhigh_count_bin=0,True,2236,2102,134,0.05992844364937388,0.717039665021218,timeout,105,-2.6878022956314105,3.1301431127012522,"{""collision"": 29, ""success"": 2102, ""timeout"": 105}","{""collision_rod_early"": 11, ""collision_rod_mid"": 6, ""collision_tblock_early"": 10, ""collision_tblock_mid"": 2, ""timeout"": 105}","{""collision_rod_early"": 0.43999803274681704, ""collision_rod_late"": 0.0, ""collision_rod_mid"": 1.8911075185056152, ""collision_tblock_early"": 0.12331080899995236, ""collision_tblock_late"": 0.0, ""collision_tblock_mid"": 1.3916845989646798, ""fall"": 0.0, ""timeout"": 1.4495047325329362}"
start_behavior_context,start_region=x_neg__y_mid|start_theta_bin=sector_2|path_angle_bin=sector_3|near_count_bin=0|far_count_bin=2|medhigh_count_bin=0,True,2144,2016,128,0.05970149253731343,0.7143242107317636,timeout,93,-2.641610481646702,3.2000932835820897,"{""collision"": 31, ""fall"": 4, ""success"": 2016, ""timeout"": 93}","{""collision_rod_early"": 19, ""collision_rod_mid"": 1, ""collision_tblock_early"": 11, ""fall"": 4, ""timeout"": 93}","{""collision_rod_early"": 0.7926083965067746, ""collision_rod_late"": 0.0, ""collision_rod_mid"": 0.3287092981482086, ""collision_tblock_early"": 0.14146234413072895, ""collision_tblock_late"": 0.0, ""collision_tblock_mid"": 0.0, ""fall"": 1.5022014925373133, ""timeout"": 1.3389375005364208}"
start_behavior_context,start_region=x_mid__y_neg|start_theta_bin=sector_7|path_angle_bin=sector_6|near_count_bin=0|far_count_bin=2|medhigh_count_bin=0,True,2225,2093,132,0.059325842696629216,0.7098295864844626,timeout,64,-3.5868438453058347,3.1262921348314605,"{""collision"": 67, ""fall"": 1, ""success"": 2093, ""timeout"": 64}","{""collision_rod_early"": 29, ""collision_rod_late"": 1, ""collision_rod_mid"": 3, ""collision_tblock_early"": 32, ""collision_tblock_mid"": 2, ""fall"": 1, ""timeout"": 64}","{""collision_rod_early"": 1.1657296194253157, ""collision_rod_late"": 1.7232316746923486, ""collision_rod_mid"": 0.9502284070513608, ""collision_tblock_early"": 0.39654539350852097, ""collision_tblock_late"": 0.0, ""collision_tblock_mid"": 1.3985648374314714, ""fall"": 0.36187865168539324, ""timeout"": 0.8878755494677082}"
start_behavior_context,start_region=x_pos__y_pos|start_theta_bin=sector_2|path_angle_bin=sector_1|near_count_bin=0|far_count_bin=2|medhigh_count_bin=0,True,2380,2241,139,0.058403361344537816,0.6987921611916926,timeout,75,-2.49573741671074,2.9214285714285713,"{""collision"": 63, ""fall"": 1, ""success"": 2241, ""timeout"": 75}","{""collision_rod_early"": 16, ""collision_tblock_early"": 45, ""collision_tblock_late"": 1, ""collision_tblock_mid"": 1, ""fall"": 1, ""timeout"": 75}","{""collision_rod_early"": 0.6012746225954976, ""collision_rod_late"": 0.0, ""collision_rod_mid"": 0.0, ""collision_tblock_early"": 0.5213249412426558, ""collision_tblock_late"": 2.506006847183318, ""collision_tblock_mid"": 0.6537409166565177, ""fall"": 0.3383109243697479, ""timeout"": 0.9727168613276248}"
start_behavior_context,start_region=x_mid__y_neg|start_theta_bin=sector_0|path_angle_bin=sector_6|near_count_bin=1|far_count_bin=1|medhigh_count_bin=0,True,172,162,10,0.05813953488372093,0.695635495916107,timeout,7,-3.1490462308631226,3.4069767441860463,"{""collision"": 3, ""success"": 162, ""timeout"": 7}","{""collision_rod_early"": 1, ""collision_tblock_early"": 1, ""collision_tblock_late"": 1, ""timeout"": 7}","{""collision_rod_early"": 0.5199976750644201, ""collision_rod_late"": 0.0, ""collision_rod_mid"": 0.0, ""collision_tblock_early"": 0.16030405169993808, ""collision_tblock_late"": 34.67614125753661, ""collision_tblock_mid"": 0.0, ""fall"": 0.0, ""timeout"": 1.256237434861878}"
start_behavior_context,start_region=x_pos__y_mid|start_theta_bin=sector_1|path_angle_bin=sector_7|near_count_bin=0|far_count_bin=2|medhigh_count_bin=0,True,2218,2090,128,0.057709648331830475,0.6904919331870609,timeout,85,-2.0890373877290966,2.7398557258791705,"{""collision"": 43, ""success"": 2090, ""timeout"": 85}","{""collision_rod_early"": 19, ""collision_rod_mid"": 2, ""collision_tblock_early"": 22, ""timeout"": 85}","{""collision_rod_early"": 0.7661642931066388, ""collision_rod_late"": 0.0, ""collision_rod_mid"": 0.6354848829844538, ""collision_tblock_early"": 0.27348536142135516, ""collision_tblock_late"": 0.0, ""collision_tblock_mid"": 0.0, ""fall"": 0.0, ""timeout"": 1.1829312957413798}"
start_behavior_context,start_region=x_neg__y_neg|start_theta_bin=sector_3|path_angle_bin=sector_4|near_count_bin=0|far_count_bin=1|medhigh_count_bin=0,True,156,147,9,0.057692307692307696,0.6902844536398293,timeout,6,-2.846128389401708,3.0064102564102564,"{""collision"": 3, ""success"": 147, ""timeout"": 6}","{""collision_rod_early"": 2, ""collision_tblock_early"": 1, ""timeout"": 6}","{""collision_rod_early"": 1.1466615398856443, ""collision_rod_late"": 0.0, ""collision_rod_mid"": 0.0, ""collision_tblock_early"": 0.17674549289993174, ""collision_tblock_late"": 0.0, ""collision_tblock_mid"": 0.0, ""fall"": 0.0, ""timeout"": 1.1872133999793575}"
start_behavior_context,start_region=x_pos__y_neg|start_theta_bin=sector_0|path_angle_bin=sector_6|near_count_bin=0|far_count_bin=1|medhigh_count_bin=0,True,104,98,6,0.057692307692307696,0.6902844536398292,timeout,4,-3.445052089885417,3.4326923076923075,"{""collision"": 2, ""success"": 98, ""timeout"": 4}","{""collision_rod_early"": 2, ""timeout"": 4}","{""collision_rod_early"": 1.7199923098284666, ""collision_rod_late"": 0.0, ""collision_rod_mid"": 0.0, ""collision_tblock_early"": 0.0, ""collision_tblock_late"": 0.0, ""collision_tblock_mid"": 0.0, ""fall"": 0.0, ""timeout"": 1.1872133999793575}"
start_behavior_context,start_region=x_pos__y_pos|start_theta_bin=sector_3|path_angle_bin=sector_1|near_count_bin=0|far_count_bin=2|medhigh_count_bin=0,True,2366,2230,136,0.057480980557903634,0.687755939157632,timeout,64,-2.3293636726225553,2.7032967032967035,"{""collision"": 71, ""fall"": 1, ""success"": 2230, ""timeout"": 64}","{""collision_rod_early"": 15, ""collision_rod_late"": 1, ""collision_rod_mid"": 1, ""collision_tblock_early"": 48, ""collision_tblock_mid"": 6, ""fall"": 1, ""timeout"": 64}","{""collision_rod_early"": 0.5670304318115823, ""collision_rod_late"": 1.6205369721853238, ""collision_rod_mid"": 0.29786675199905294, ""collision_tblock_early"": 0.5593703511558279, ""collision_tblock_late"": 0.0, ""collision_tblock_mid"": 3.9456552366251363, ""fall"": 0.34031276415891804, ""timeout"": 0.8349632703151525}"
start_behavior_context,start_region=x_mid__y_neg|start_theta_bin=sector_2|path_angle_bin=sector_5|near_count_bin=1|far_count_bin=1|medhigh_count_bin=0,True,157,148,9,0.05732484076433121,0.6858877373746074,timeout,6,-2.2083787275039928,2.917197452229299,"{""collision"": 3, ""success"": 148, ""timeout"": 6}","{""collision_rod_early"": 1, ""collision_tblock_early"": 2, ""timeout"": 6}","{""collision_rod_early"": 0.5696789815992374, ""collision_rod_late"": 0.0, ""collision_rod_mid"": 0.0, ""collision_tblock_early"": 0.35123945085846303, ""collision_tblock_late"": 0.0, ""collision_tblock_mid"": 0.0, ""fall"": 0.0, ""timeout"": 1.17965153118968}"
start_behavior_context,start_region=x_mid__y_neg|start_theta_bin=sector_0|path_angle_bin=sector_6|near_count_bin=0|far_count_bin=2|medhigh_count_bin=0,True,2338,2204,134,0.05731394354148845,0.6857573528603266,timeout,75,-2.970922482350375,3.0136869118905047,"{""collision"": 56, ""fall"": 3, ""success"": 2204, ""timeout"": 75}","{""collision_rod_early"": 13, ""collision_rod_mid"": 1, ""collision_tblock_early"": 42, ""fall"": 3, ""timeout"": 75}","{""collision_rod_early"": 0.4973117200359467, ""collision_rod_late"": 0.0, ""collision_rod_mid"": 0.3014340184900596, ""collision_tblock_early"": 0.49531072261777276, ""collision_tblock_late"": 0.0, ""collision_tblock_mid"": 0.0, ""fall"": 1.0331650983746792, ""timeout"": 0.9901908169203366}"
start_behavior_context,start_region=x_pos__y_mid|start_theta_bin=sector_0|path_angle_bin=sector_7|near_count_bin=1|far_count_bin=1|medhigh_count_bin=0,True,105,99,6,0.05714285714285714,0.6837103159861165,timeout,2,-2.8268975335996323,3.057142857142857,"{""collision"": 4, ""success"": 99, ""timeout"": 2}","{""collision_rod_early"": 2, ""collision_rod_mid"": 1, ""collision_tblock_early"": 1, ""timeout"": 2}","{""collision_rod_early"": 1.703611430687243, ""collision_rod_late"": 0.0, ""collision_rod_mid"": 6.7119308117119925, ""collision_tblock_early"": 0.26259330373704143, ""collision_tblock_late"": 0.0, ""collision_tblock_mid"": 0.0, ""fall"": 0.0, ""timeout"": 0.5879533028469198}"
start_behavior_context,start_region=x_neg__y_pos|start_theta_bin=sector_4|path_angle_bin=sector_3|near_count_bin=0|far_count_bin=2|medhigh_count_bin=0,True,2278,2148,130,0.05706760316066725,0.682809907317127,timeout,86,-3.0008677776394665,3.1049165935030727,"{""collision"": 43, ""fall"": 1, ""success"": 2148, ""timeout"": 86}","{""collision_rod_early"": 15, ""collision_rod_mid"": 1, ""collision_tblock_early"": 26, ""collision_tblock_mid"": 1, ""fall"": 1, ""timeout"": 86}","{""collision_rod_early"": 0.5889350314601421, ""collision_rod_late"": 0.0, ""collision_rod_mid"": 0.30937345708066694, ""collision_tblock_early"": 0.31469697945659486, ""collision_tblock_late"": 0.0, ""collision_tblock_mid"": 0.6830128979993468, ""fall"": 0.353459174714662, ""timeout"": 1.165324478645234}"
start_behavior_context,start_region=x_neg__y_mid|start_theta_bin=sector_5|path_angle_bin=sector_3|near_count_bin=0|far_count_bin=2|medhigh_count_bin=0,True,2283,2153,130,0.05694261936049058,0.681314484830668,timeout,94,-3.81411205919633,3.46035917652212,"{""collision"": 34, ""fall"": 2, ""success"": 2153, ""timeout"": 94}","{""collision_rod_early"": 12, ""collision_rod_mid"": 1, ""collision_tblock_early"": 21, ""fall"": 2, ""timeout"": 94}","{""collision_rod_early"": 0.4701161635273601, ""collision_rod_late"": 0.0, ""collision_rod_mid"": 0.30869589804194447, ""collision_tblock_early"": 0.2536216534122542, ""collision_tblock_late"": 0.0, ""collision_tblock_mid"": 0.0, ""fall"": 0.7053701270258431, ""timeout"": 1.27093716581233}"
start_behavior_context,start_region=x_mid__y_neg|start_theta_bin=sector_2|path_angle_bin=sector_6|near_count_bin=1|far_count_bin=1|medhigh_count_bin=0,True,123,116,7,0.056910569105691054,0.6809310057585307,timeout,6,-2.064144039208828,2.983739837398374,"{""collision"": 1, ""success"": 116, ""timeout"": 6}","{""collision_tblock_early"": 1, ""timeout"": 6}","{""collision_rod_early"": 0.0, ""collision_rod_late"": 0.0, ""collision_rod_mid"": 0.0, ""collision_tblock_early"": 0.22416501538527928, ""collision_tblock_late"": 0.0, ""collision_tblock_mid"": 0.0, ""fall"": 0.0, ""timeout"": 1.5057340682665021}"
start_behavior_context,start_region=x_pos__y_pos|start_theta_bin=sector_2|path_angle_bin=sector_0|near_count_bin=0|far_count_bin=2|medhigh_count_bin=0,True,2416,2279,137,0.05670529801324503,0.6784749513976468,timeout,88,-2.3167140483669457,2.86341059602649,"{""collision"": 49, ""success"": 2279, ""timeout"": 88}","{""collision_rod_early"": 16, ""collision_rod_mid"": 2, ""collision_tblock_early"": 31, ""timeout"": 88}","{""collision_rod_early"": 0.5923152325237103, ""collision_rod_late"": 0.0, ""collision_rod_mid"": 0.5834045821438405, ""collision_tblock_early"": 0.3537836107881084, ""collision_tblock_late"": 0.0, ""collision_tblock_mid"": 0.0, ""fall"": 0.0, ""timeout"": 1.124314676801643}"
start_behavior_context,start_region=x_mid__y_neg|start_theta_bin=sector_7|path_angle_bin=sector_5|near_count_bin=0|far_count_bin=1|medhigh_count_bin=0,True,106,100,6,0.05660377358490566,0.6772602186654928,timeout,5,-4.052055347725527,3.5377358490566038,"{""collision"": 1, ""success"": 100, ""timeout"": 5}","{""collision_tblock_late"": 1, ""timeout"": 5}","{""collision_rod_early"": 0.0, ""collision_rod_late"": 0.0, ""collision_rod_mid"": 0.0, ""collision_tblock_early"": 0.0, ""collision_tblock_late"": 56.266946191474496, ""collision_tblock_mid"": 0.0, ""fall"": 0.0, ""timeout"": 1.456016433936948}"
start_behavior_context,start_region=x_neg__y_mid|start_theta_bin=sector_0|path_angle_bin=sector_4|near_count_bin=1|far_count_bin=1|medhigh_count_bin=0,True,160,151,9,0.05625,0.6730273422988335,timeout,8,-2.8860664292771516,2.875,"{""collision"": 1, ""success"": 151, ""timeout"": 8}","{""collision_rod_early"": 1, ""timeout"": 8}","{""collision_rod_early"": 0.5589975006942517, ""collision_rod_late"": 0.0, ""collision_rod_mid"": 0.0, ""collision_tblock_early"": 0.0, ""collision_tblock_late"": 0.0, ""collision_tblock_mid"": 0.0, ""fall"": 0.0, ""timeout"": 1.5433774199731647}"
start_behavior_context,start_region=x_pos__y_mid|start_theta_bin=sector_3|path_angle_bin=sector_7|near_count_bin=0|far_count_bin=2|medhigh_count_bin=0,True,2280,2153,127,0.05570175438596491,0.6664676216136598,timeout,71,-2.5290920061893805,2.962719298245614,"{""collision"": 56, ""success"": 2153, ""timeout"": 71}","{""collision_rod_early"": 7, ""collision_tblock_early"": 47, ""collision_tblock_late"": 1, ""collision_tblock_mid"": 1, ""timeout"": 71}","{""collision_rod_early"": 0.2745952634989306, ""collision_rod_late"": 0.0, ""collision_rod_mid"": 0.0, ""collision_tblock_early"": 0.5683762955887278, ""collision_tblock_late"": 2.61591942820013, ""collision_tblock_mid"": 0.6824137638782948, ""fall"": 0.0, ""timeout"": 0.9612262878780237}"
start_behavior_context,start_region=x_neg__y_neg|start_theta_bin=sector_0|path_angle_bin=sector_5|near_count_bin=0|far_count_bin=1|medhigh_count_bin=0,True,163,154,9,0.05521472392638037,0.660640335998855,timeout,8,-2.9882768307361003,3.1717791411042944,"{""fall"": 1, ""success"": 154, ""timeout"": 8}","{""fall"": 1, ""timeout"": 8}","{""collision_rod_early"": 0.0, ""collision_rod_late"": 0.0, ""collision_rod_mid"": 0.0, ""collision_tblock_early"": 0.0, ""collision_tblock_late"": 0.0, ""collision_tblock_mid"": 0.0, ""fall"": 4.939754601226993, ""timeout"": 1.5149717005871552}"
start_behavior_context,start_region=x_mid__y_neg|start_theta_bin=sector_3|path_angle_bin=sector_6|near_count_bin=0|far_count_bin=2|medhigh_count_bin=0,True,2233,2110,123,0.05508284818629646,0.6590624519301906,timeout,83,-2.5766717421604355,3.084191670398567,"{""collision"": 36, ""fall"": 4, ""success"": 2110, ""timeout"": 83}","{""collision_rod_early"": 19, ""collision_rod_mid"": 2, ""collision_tblock_early"": 12, ""collision_tblock_mid"": 3, ""fall"": 4, ""timeout"": 83}","{""collision_rod_early"": 0.7610176453696932, ""collision_rod_late"": 0.0, ""collision_rod_mid"": 0.6312160637973661, ""collision_tblock_early"": 0.14817177013375377, ""collision_tblock_late"": 0.0, ""collision_tblock_mid"": 2.0903314576477996, ""fall"": 1.4423287057769816, ""timeout"": 1.1473383417624063}"
start_behavior_context,start_region=x_mid__y_neg|start_theta_bin=sector_2|path_angle_bin=sector_5|near_count_bin=0|far_count_bin=2|medhigh_count_bin=0,True,2322,2195,127,0.05469422911283377,0.654412651713671,timeout,84,-2.063124749389753,2.8557278208440997,"{""collision"": 42, ""fall"": 1, ""success"": 2195, ""timeout"": 84}","{""collision_rod_early"": 16, ""collision_rod_mid"": 3, ""collision_tblock_early"": 22, ""collision_tblock_late"": 1, ""fall"": 1, ""timeout"": 84}","{""collision_rod_early"": 0.6162935408170904, ""collision_rod_late"": 0.0, ""collision_rod_mid"": 0.9105332496508517, ""collision_tblock_early"": 0.26123623239989907, ""collision_tblock_late"": 2.5686030561138224, ""collision_tblock_mid"": 0.0, ""fall"": 0.346761412575366, ""timeout"": 1.116655497655003}"
start_behavior_context,start_region=x_mid__y_pos|start_theta_bin=sector_2|path_angle_bin=sector_1|near_count_bin=0|far_count_bin=2|medhigh_count_bin=0,True,2328,2201,127,0.054553264604811,0.6527260211680173,timeout,84,-2.5573728987807582,3.1529209621993126,"{""collision"": 43, ""success"": 2201, ""timeout"": 84}","{""collision_rod_early"": 12, ""collision_rod_mid"": 2, ""collision_tblock_early"": 29, ""timeout"": 84}","{""collision_rod_early"": 0.46102886655196007, ""collision_rod_late"": 0.0, ""collision_rod_mid"": 0.6054576763142262, ""collision_tblock_early"": 0.343469334140589, ""collision_tblock_late"": 0.0, ""collision_tblock_mid"": 0.0, ""fall"": 0.0, ""timeout"": 1.1137775195682633}"
start_behavior_context,start_region=x_neg__y_neg|start_theta_bin=sector_7|path_angle_bin=sector_4|near_count_bin=0|far_count_bin=1|medhigh_count_bin=0,True,165,156,9,0.05454545454545454,0.652632574350384,collision_tblock_early,4,-3.7096152431342557,3.242424242424242,"{""collision"": 5, ""success"": 156, ""timeout"": 4}","{""collision_rod_early"": 1, ""collision_tblock_early"": 4, ""timeout"": 4}","{""collision_rod_early"": 0.5420581824913956, ""collision_rod_late"": 0.0, ""collision_rod_mid"": 0.0, ""collision_tblock_early"": 0.6684193186033782, ""collision_tblock_late"": 0.0, ""collision_tblock_mid"": 0.0, ""fall"": 0.0, ""timeout"": 0.7483042036233526}"
start_behavior_context,start_region=x_mid__y_neg|start_theta_bin=sector_1|path_angle_bin=sector_6|near_count_bin=0|far_count_bin=1|medhigh_count_bin=0,True,113,107,6,0.05309734513274336,0.6353060458278074,timeout,6,-1.9606757440716953,2.7168141592920354,"{""success"": 107, ""timeout"": 6}","{""timeout"": 6}","{""collision_rod_early"": 0.0, ""collision_rod_late"": 0.0, ""collision_rod_mid"": 0.0, ""collision_tblock_early"": 0.0, ""collision_tblock_late"": 0.0, ""collision_tblock_mid"": 0.0, ""fall"": 0.0, ""timeout"": 1.6389848707679624}"
start_behavior_context,start_region=x_mid__y_pos|start_theta_bin=sector_1|path_angle_bin=sector_1|near_count_bin=0|far_count_bin=2|medhigh_count_bin=0,True,2356,2231,125,0.05305602716468591,0.6348116792103693,timeout,80,-2.659584600664407,3.0602716468590834,"{""collision"": 45, ""success"": 2231, ""timeout"": 80}","{""collision_rod_early"": 4, ""collision_tblock_early"": 39, ""collision_tblock_mid"": 2, ""timeout"": 80}","{""collision_rod_early"": 0.1518499152989478, ""collision_rod_late"": 0.0, ""collision_rod_mid"": 0.0, ""collision_tblock_early"": 0.456417478269603, ""collision_tblock_late"": 0.0, ""collision_tblock_mid"": 1.3208008333128285, ""fall"": 0.0, ""timeout"": 1.0481340712890763}"
start_behavior_context,start_region=x_mid__y_pos|start_theta_bin=sector_4|path_angle_bin=sector_1|near_count_bin=0|far_count_bin=2|medhigh_count_bin=0,True,2380,2254,126,0.052941176470588235,0.6334374986341962,timeout,55,-2.5112873640784694,2.8605042016806723,"{""collision"": 70, ""fall"": 1, ""success"": 2254, ""timeout"": 55}","{""collision_rod_early"": 21, ""collision_rod_mid"": 2, ""collision_tblock_early"": 45, ""collision_tblock_mid"": 2, ""fall"": 1, ""timeout"": 55}","{""collision_rod_early"": 0.7891729421565905, ""collision_rod_late"": 0.0, ""collision_rod_mid"": 0.5922291892687053, ""collision_tblock_early"": 0.5213249412426558, ""collision_tblock_late"": 0.0, ""collision_tblock_mid"": 1.3074818333130354, ""fall"": 0.3383109243697479, ""timeout"": 0.7133256983069248}"
start_behavior_context,start_region=x_pos__y_mid|start_theta_bin=sector_2|path_angle_bin=sector_0|near_count_bin=0|far_count_bin=2|medhigh_count_bin=0,True,2294,2173,121,0.05274629468177855,0.6311057515695736,timeout,89,-1.975608224152642,2.7946817785527465,"{""collision"": 32, ""success"": 2173, ""timeout"": 89}","{""collision_rod_early"": 12, ""collision_rod_mid"": 2, ""collision_tblock_early"": 17, ""collision_tblock_late"": 1, ""timeout"": 89}","{""collision_rod_early"": 0.4678619011913527, ""collision_rod_late"": 0.0, ""collision_rod_mid"": 0.614431329755675, ""collision_tblock_early"": 0.20432826816504748, ""collision_tblock_late"": 2.5999547935031804, ""collision_tblock_mid"": 0.0, ""fall"": 0.0, ""timeout"": 1.1975639963174511}"
start_behavior_context,start_region=x_neg__y_mid|start_theta_bin=sector_3|path_angle_bin=sector_4|near_count_bin=1|far_count_bin=1|medhigh_count_bin=0,True,172,163,9,0.05232558139534884,0.6260719463244963,timeout,7,-2.111159628617583,2.895348837209302,"{""collision"": 2, ""success"": 163, ""timeout"": 7}","{""collision_tblock_early"": 2, ""timeout"": 7}","{""collision_rod_early"": 0.0, ""collision_rod_late"": 0.0, ""collision_rod_mid"": 0.0, ""collision_tblock_early"": 0.32060810339987617, ""collision_tblock_late"": 0.0, ""collision_tblock_mid"": 0.0, ""fall"": 0.0, ""timeout"": 1.256237434861878}"
start_behavior_context,start_region=x_mid__y_neg|start_theta_bin=sector_1|path_angle_bin=sector_5|near_count_bin=0|far_count_bin=2|medhigh_count_bin=0,True,2276,2157,119,0.05228471001757469,0.6255829231287732,timeout,85,-1.8912337172102829,2.788224956063269,"{""collision"": 34, ""success"": 2157, ""timeout"": 85}","{""collision_rod_early"": 25, ""collision_rod_late"": 1, ""collision_rod_mid"": 1, ""collision_tblock_early"": 6, ""collision_tblock_late"": 1, ""timeout"": 85}","{""collision_rod_early"": 0.9824209151041328, ""collision_rod_late"": 1.6846179596618962, ""collision_rod_mid"": 0.3096453142485761, ""collision_tblock_early"": 0.07268619567413712, ""collision_tblock_late"": 2.6205168261407277, ""collision_tblock_mid"": 0.0, ""fall"": 0.0, ""timeout"": 1.152786297870993}"
start_behavior_context,start_region=x_neg__y_mid|start_theta_bin=sector_0|path_angle_bin=sector_3|near_count_bin=0|far_count_bin=2|medhigh_count_bin=0,True,2288,2169,119,0.05201048951048951,0.6223018938116642,timeout,84,-2.586805365005539,2.949300699300699,"{""collision"": 27, ""fall"": 8, ""success"": 2169, ""timeout"": 84}","{""collision_rod_early"": 13, ""collision_tblock_early"": 12, ""collision_tblock_late"": 2, ""fall"": 8, ""timeout"": 84}","{""collision_rod_early"": 0.5081795460856833, ""collision_rod_late"": 0.0, ""collision_rod_mid"": 0.0, ""collision_tblock_early"": 0.14460994873630778, ""collision_tblock_late"": 5.213545713545713, ""collision_tblock_mid"": 0.0, ""fall"": 2.8153146853146853, ""timeout"": 1.1332491545257504}"
start_behavior_context,start_region=x_mid__y_neg|start_theta_bin=sector_4|path_angle_bin=sector_5|near_count_bin=0|far_count_bin=2|medhigh_count_bin=0,True,2220,2106,114,0.051351351351351354,0.6144153515280643,timeout,82,-2.540760191764968,2.963063063063063,"{""collision"": 32, ""success"": 2106, ""timeout"": 82}","{""collision_rod_early"": 11, ""collision_rod_late"": 2, ""collision_rod_mid"": 4, ""collision_tblock_early"": 12, ""collision_tblock_mid"": 3, ""timeout"": 82}","{""collision_rod_early"": 0.4431691897395869, ""collision_rod_late"": 3.454225654225654, ""collision_rod_mid"": 1.2698247481617284, ""collision_tblock_early"": 0.14903944266156405, ""collision_tblock_late"": 0.0, ""collision_tblock_mid"": 2.102572137354746, ""fall"": 0.0, ""timeout"": 1.1401526886288245}"
start_behavior_context,start_region=x_neg__y_mid|start_theta_bin=sector_1|path_angle_bin=sector_3|near_count_bin=1|far_count_bin=1|medhigh_count_bin=0,True,156,148,8,0.05128205128205128,0.6135861810131815,timeout,7,-3.0720263791383773,3.3461538461538463,"{""collision"": 1, ""success"": 148, ""timeout"": 7}","{""collision_rod_early"": 1, ""timeout"": 7}","{""collision_rod_early"": 0.5733307699428222, ""collision_rod_late"": 0.0, ""collision_rod_mid"": 0.0, ""collision_tblock_early"": 0.0, ""collision_tblock_late"": 0.0, ""collision_tblock_mid"": 0.0, ""fall"": 0.0, ""timeout"": 1.385082299975917}"
start_behavior_context,start_region=x_neg__y_mid|start_theta_bin=sector_0|path_angle_bin=sector_4|near_count_bin=0|far_count_bin=2|medhigh_count_bin=0,True,2207,2094,113,0.05120072496601722,0.6126131172915928,timeout,69,-2.27722081981816,2.7195287720888084,"{""collision"": 34, ""fall"": 10, ""success"": 2094, ""timeout"": 69}","{""collision_rod_early"": 14, ""collision_rod_late"": 1, ""collision_rod_mid"": 1, ""collision_tblock_early"": 14, ""collision_tblock_mid"": 4, ""fall"": 10, ""timeout"": 69}","{""collision_rod_early"": 0.5673558683983342, ""collision_rod_late"": 1.737286124236736, ""collision_rod_mid"": 0.31932611473935624, ""collision_tblock_early"": 0.174903559806729, ""collision_tblock_late"": 0.0, ""collision_tblock_mid"": 2.8199426944132524, ""fall"": 3.6483008608971454, ""timeout"": 0.9650479563040177}"
start_behavior_context,start_region=x_mid__y_neg|start_theta_bin=sector_1|path_angle_bin=sector_6|near_count_bin=1|far_count_bin=1|medhigh_count_bin=0,True,159,151,8,0.050314465408805034,0.6020090832582159,timeout,7,-1.7649274442530973,2.691823899371069,"{""collision"": 1, ""success"": 151, ""timeout"": 7}","{""collision_tblock_early"": 1, ""timeout"": 7}","{""collision_rod_early"": 0.0, ""collision_rod_late"": 0.0, ""collision_rod_mid"": 0.0, ""collision_tblock_early"": 0.17341067227917834, ""collision_tblock_late"": 0.0, ""collision_tblock_mid"": 0.0, ""fall"": 0.0, ""timeout"": 1.3589486716744847}"
start_behavior_context,start_region=x_mid__y_neg|start_theta_bin=sector_0|path_angle_bin=sector_5|near_count_bin=1|far_count_bin=1|medhigh_count_bin=0,True,180,171,9,0.05,0.598246526487852,timeout,7,-2.4206401749789883,2.9611111111111112,"{""collision"": 2, ""success"": 171, ""timeout"": 7}","{""collision_rod_early"": 1, ""collision_tblock_early"": 1, ""timeout"": 7}","{""collision_rod_early"": 0.4968866672837793, ""collision_rod_late"": 0.0, ""collision_rod_mid"": 0.0, ""collision_tblock_early"": 0.15317942717994085, ""collision_tblock_late"": 0.0, ""collision_tblock_mid"": 0.0, ""fall"": 0.0, ""timeout"": 1.200404659979128}"
start_behavior_context,start_region=x_mid__y_neg|start_theta_bin=sector_3|path_angle_bin=sector_5|near_count_bin=1|far_count_bin=1|medhigh_count_bin=0,True,160,152,8,0.05,0.598246526487852,collision_tblock_early,4,-2.828436489009962,2.83125,"{""collision"": 6, ""success"": 152, ""timeout"": 2}","{""collision_rod_early"": 2, ""collision_tblock_early"": 4, ""timeout"": 2}","{""collision_rod_early"": 1.1179950013885034, ""collision_rod_late"": 0.0, ""collision_rod_mid"": 0.0, ""collision_tblock_early"": 0.6893074223097339, ""collision_tblock_late"": 0.0, ""collision_tblock_mid"": 0.0, ""fall"": 0.0, ""timeout"": 0.38584435499329117}"
start_behavior_context,start_region=x_mid__y_neg|start_theta_bin=sector_5|path_angle_bin=sector_6|near_count_bin=0|far_count_bin=2|medhigh_count_bin=0,True,2243,2131,112,0.04993312527864467,0.5974463750926386,timeout,77,-3.017796020951582,3.1725367810967455,"{""collision"": 35, ""success"": 2131, ""timeout"": 77}","{""collision_rod_early"": 7, ""collision_rod_mid"": 4, ""collision_tblock_early"": 18, ""collision_tblock_late"": 2, ""collision_tblock_mid"": 4, ""timeout"": 77}","{""collision_rod_early"": 0.27912492232615327, ""collision_rod_late"": 0.0, ""collision_rod_mid"": 1.2568038078105381, ""collision_tblock_early"": 0.22126676061658862, ""collision_tblock_late"": 5.318142038605703, ""collision_tblock_mid"": 2.7746828027508013, ""fall"": 0.0, ""timeout"": 1.059652798376582}"
start_behavior_context,start_region=x_neg__y_mid|start_theta_bin=sector_0|path_angle_bin=sector_4|near_count_bin=0|far_count_bin=1|medhigh_count_bin=0,True,101,96,5,0.04950495049504951,0.5923232935523287,timeout,2,-2.5900492313414767,2.5346534653465347,"{""collision"": 2, ""fall"": 1, ""success"": 96, ""timeout"": 2}","{""collision_rod_early"": 1, ""collision_tblock_early"": 1, ""fall"": 1, ""timeout"": 2}","{""collision_rod_early"": 0.8855405951592106, ""collision_rod_late"": 0.0, ""collision_rod_mid"": 0.0, ""collision_tblock_early"": 0.2729930385385084, ""collision_tblock_late"": 0.0, ""collision_tblock_mid"": 0.0, ""fall"": 7.9720792079207925, ""timeout"": 0.61123858216759}"
start_behavior_context,start_region=x_mid__y_pos|start_theta_bin=sector_3|path_angle_bin=sector_2|near_count_bin=0|far_count_bin=2|medhigh_count_bin=0,True,2275,2163,112,0.04923076923076923,0.5890427337726543,timeout,69,-2.139076826166312,2.909010989010989,"{""collision"": 43, ""success"": 2163, ""timeout"": 69}","{""collision_rod_early"": 13, ""collision_rod_late"": 1, ""collision_rod_mid"": 5, ""collision_tblock_early"": 24, ""timeout"": 69}","{""collision_rod_early"": 0.5110834292061729, ""collision_rod_late"": 1.6853584510727366, ""collision_rod_mid"": 1.5489071103950753, ""collision_tblock_early"": 0.2908725826010305, ""collision_tblock_late"": 0.0, ""collision_tblock_mid"": 0.0, ""fall"": 0.0, ""timeout"": 0.9362025668408647}"
start_behavior_context,start_region=x_mid__y_neg|start_theta_bin=sector_2|path_angle_bin=sector_6|near_count_bin=0|far_count_bin=2|medhigh_count_bin=0,True,2182,2076,106,0.04857928505957837,0.5812477709231193,timeout,75,-1.9894253189264102,2.8799266727772688,"{""collision"": 27, ""fall"": 4, ""success"": 2076, ""timeout"": 75}","{""collision_rod_early"": 11, ""collision_rod_mid"": 2, ""collision_tblock_early"": 14, ""fall"": 4, ""timeout"": 75}","{""collision_rod_early"": 0.4508870766369766, ""collision_rod_late"": 0.0, ""collision_rod_mid"": 0.6459695098347932, ""collision_tblock_early"": 0.17690749610148987, ""collision_tblock_late"": 0.0, ""collision_tblock_mid"": 0.0, ""fall"": 1.4760403299725025, ""timeout"": 1.0609835609348062}"
start_behavior_context,start_region=x_mid__y_neg|start_theta_bin=sector_3|path_angle_bin=sector_5|near_count_bin=0|far_count_bin=1|medhigh_count_bin=0,True,103,98,5,0.04854368932038835,0.5808218703765554,collision_rod_early,3,-3.418179458211994,3.145631067961165,"{""collision"": 4, ""success"": 98, ""timeout"": 1}","{""collision_rod_early"": 3, ""collision_tblock_early"": 1, ""timeout"": 1}","{""collision_rod_early"": 2.605036896439231, ""collision_rod_late"": 0.0, ""collision_rod_mid"": 0.0, ""collision_tblock_early"": 0.2676922028387316, ""collision_tblock_late"": 0.0, ""collision_tblock_mid"": 0.0, ""fall"": 0.0, ""timeout"": 0.29968493591711937}"
start_behavior_context,start_region=x_neg__y_mid|start_theta_bin=sector_7|path_angle_bin=sector_3|near_count_bin=1|far_count_bin=1|medhigh_count_bin=0,True,167,159,8,0.04790419161676647,0.5731703247787804,timeout,4,-3.741955043192124,3.251497005988024,"{""collision"": 1, ""fall"": 3, ""success"": 159, ""timeout"": 4}","{""collision_rod_early"": 1, ""fall"": 3, ""timeout"": 4}","{""collision_rod_early"": 0.5355664677310196, ""collision_rod_late"": 0.0, ""collision_rod_mid"": 0.0, ""collision_tblock_early"": 0.0, ""collision_tblock_late"": 0.0, ""collision_tblock_mid"": 0.0, ""fall"": 14.464311377245508, ""timeout"": 0.7393424766338513}"
start_behavior_context,start_region=x_mid__y_pos|start_theta_bin=sector_4|path_angle_bin=sector_2|near_count_bin=0|far_count_bin=2|medhigh_count_bin=0,True,2436,2320,116,0.047619047619047616,0.5697585966550971,timeout,66,-2.0863616066963546,2.785303776683087,"{""collision"": 48, ""fall"": 2, ""success"": 2320, ""timeout"": 66}","{""collision_rod_early"": 20, ""collision_rod_late"": 1, ""collision_tblock_early"": 26, ""collision_tblock_mid"": 1, ""fall"": 2, ""timeout"": 66}","{""collision_rod_early"": 0.7343152718479495, ""collision_rod_late"": 1.5739698178121824, ""collision_rod_mid"": 0.0, ""collision_tblock_early"": 0.2942855990156499, ""collision_tblock_late"": 0.0, ""collision_tblock_mid"": 0.6387123898368275, ""fall"": 0.6610673234811166, ""timeout"": 0.8363128876701877}"
start_behavior_context,start_region=x_neg__y_neg|start_theta_bin=sector_0|path_angle_bin=sector_5|near_count_bin=1|far_count_bin=1|medhigh_count_bin=0,True,231,220,11,0.047619047619047616,0.5697585966550971,collision_tblock_early,7,-2.578202129222318,2.896103896103896,"{""collision"": 7, ""success"": 220, ""timeout"": 4}","{""collision_tblock_early"": 7, ""timeout"": 4}","{""collision_rod_early"": 0.0, ""collision_rod_late"": 0.0, ""collision_rod_mid"": 0.0, ""collision_tblock_early"": 0.8355241482542227, ""collision_tblock_late"": 0.0, ""collision_tblock_mid"": 0.0, ""fall"": 0.0, ""timeout"": 0.5345030025881089}"
start_behavior_context,start_region=x_neg__y_mid|start_theta_bin=sector_5|path_angle_bin=sector_4|near_count_bin=0|far_count_bin=1|medhigh_count_bin=0,True,105,100,5,0.047619047619047616,0.5697585966550971,timeout,4,-3.802604278386723,3.3904761904761904,"{""collision"": 1, ""success"": 100, ""timeout"": 4}","{""collision_rod_mid"": 1, ""timeout"": 4}","{""collision_rod_early"": 0.0, ""collision_rod_late"": 0.0, ""collision_rod_mid"": 6.7119308117119925, ""collision_tblock_early"": 0.0, ""collision_tblock_late"": 0.0, ""collision_tblock_mid"": 0.0, ""fall"": 0.0, ""timeout"": 1.1759066056938396}"
start_behavior_context,start_region=x_neg__y_mid|start_theta_bin=sector_5|path_angle_bin=sector_3|near_count_bin=0|far_count_bin=1|medhigh_count_bin=0,True,128,122,6,0.046875,0.5608561185823612,timeout,3,-3.8032802061125683,3.3203125,"{""collision"": 3, ""success"": 122, ""timeout"": 3}","{""collision_rod_early"": 3, ""timeout"": 3}","{""collision_rod_early"": 2.0962406276034433, ""collision_rod_late"": 0.0, ""collision_rod_mid"": 0.0, ""collision_tblock_early"": 0.0, ""collision_tblock_late"": 0.0, ""collision_tblock_mid"": 0.0, ""fall"": 0.0, ""timeout"": 0.7234581656124209}"
start_behavior_context,start_region=x_mid__y_neg|start_theta_bin=sector_4|path_angle_bin=sector_6|near_count_bin=1|far_count_bin=1|medhigh_count_bin=0,True,128,122,6,0.046875,0.5608561185823612,timeout,4,-2.9161934074500366,3.140625,"{""collision"": 2, ""success"": 122, ""timeout"": 4}","{""collision_rod_early"": 1, ""collision_tblock_early"": 1, ""timeout"": 4}","{""collision_rod_early"": 0.6987468758678145, ""collision_rod_late"": 0.0, ""collision_rod_mid"": 0.0, ""collision_tblock_early"": 0.2154085694717918, ""collision_tblock_late"": 0.0, ""collision_tblock_mid"": 0.0, ""fall"": 0.0, ""timeout"": 0.9646108874832279}"
start_behavior_context,start_region=x_neg__y_mid|start_theta_bin=sector_4|path_angle_bin=sector_3|near_count_bin=0|far_count_bin=2|medhigh_count_bin=0,True,2271,2165,106,0.04667547335975341,0.558468796192975,timeout,91,-2.040991776236456,2.8177014531043594,"{""collision"": 15, ""success"": 2165, ""timeout"": 91}","{""collision_rod_early"": 4, ""collision_rod_mid"": 1, ""collision_tblock_early"": 9, ""collision_tblock_mid"": 1, ""timeout"": 91}","{""collision_rod_early"": 0.15753342159591416, ""collision_rod_late"": 0.0, ""collision_rod_mid"": 0.3103270520606602, ""collision_tblock_early"": 0.10926934039256019, ""collision_tblock_late"": 0.0, ""collision_tblock_mid"": 0.685118177737786, ""fall"": 0.0, ""timeout"": 1.2368766641792865}"
start_behavior_context,start_region=x_pos__y_mid|start_theta_bin=sector_2|path_angle_bin=sector_7|near_count_bin=0|far_count_bin=2|medhigh_count_bin=0,True,2340,2233,107,0.045726495726495724,0.5471143447367536,timeout,73,-2.1486678107799833,2.9158119658119657,"{""collision"": 32, ""fall"": 2, ""success"": 2233, ""timeout"": 73}","{""collision_rod_early"": 7, ""collision_tblock_early"": 22, ""collision_tblock_mid"": 3, ""fall"": 2, ""timeout"": 73}","{""collision_rod_early"": 0.26755435930665034, ""collision_rod_late"": 0.0, ""collision_rod_mid"": 0.0, ""collision_tblock_early"": 0.2592267229198999, ""collision_tblock_late"": 0.0, ""collision_tblock_mid"": 1.9947479251827078, ""fall"": 0.6881880341880342, ""timeout"": 0.9629619799832566}"
start_behavior_context,start_region=x_mid__y_neg|start_theta_bin=sector_7|path_angle_bin=sector_6|near_count_bin=0|far_count_bin=1|medhigh_count_bin=0,True,110,105,5,0.045454545454545456,0.54386047862532,timeout,3,-3.218070086078287,3.1818181818181817,"{""collision"": 2, ""success"": 105, ""timeout"": 3}","{""collision_rod_early"": 1, ""collision_rod_mid"": 1, ""timeout"": 3}","{""collision_rod_early"": 0.8130872737370932, ""collision_rod_late"": 0.0, ""collision_rod_mid"": 6.406843047543266, ""collision_tblock_early"": 0.0, ""collision_tblock_late"": 0.0, ""collision_tblock_mid"": 0.0, ""fall"": 0.0, ""timeout"": 0.8418422290762716}"
start_behavior_context,start_region=x_neg__y_mid|start_theta_bin=sector_3|path_angle_bin=sector_3|near_count_bin=0|far_count_bin=2|medhigh_count_bin=0,True,2203,2106,97,0.04403086699954607,0.5268262648145406,timeout,88,-1.8285173509615358,2.7793917385383566,"{""collision"": 9, ""success"": 2106, ""timeout"": 88}","{""collision_rod_early"": 2, ""collision_tblock_early"": 7, ""timeout"": 88}","{""collision_rod_early"": 0.08119800282440333, ""collision_rod_late"": 0.0, ""collision_rod_mid"": 0.0, ""collision_tblock_early"": 0.08761056661222218, ""collision_tblock_late"": 0.0, ""collision_tblock_mid"": 0.0, ""fall"": 0.0, ""timeout"": 1.2330205443271764}"
start_behavior_context,start_region=x_mid__y_pos|start_theta_bin=sector_3|path_angle_bin=sector_1|near_count_bin=0|far_count_bin=2|medhigh_count_bin=0,True,2379,2275,104,0.04371584699453552,0.5230570723391056,timeout,60,-1.8320953925368422,2.58932324506095,"{""collision"": 44, ""success"": 2275, ""timeout"": 60}","{""collision_rod_early"": 10, ""collision_rod_late"": 1, ""collision_rod_mid"": 5, ""collision_tblock_early"": 28, ""timeout"": 60}","{""collision_rod_early"": 0.3759546032411949, ""collision_rod_late"": 1.6116815788946937, ""collision_rod_mid"": 1.481195324148296, ""collision_tblock_early"": 0.3245163148326615, ""collision_tblock_late"": 0.0, ""collision_tblock_mid"": 0.0, ""fall"": 0.0, ""timeout"": 0.7785005901503984}"
start_behavior_context,start_region=x_neg__y_mid|start_theta_bin=sector_5|path_angle_bin=sector_4|near_count_bin=1|far_count_bin=1|medhigh_count_bin=0,True,162,155,7,0.043209876543209874,0.5170031710388844,timeout,6,-3.6259991776253924,3.45679012345679,"{""collision"": 1, ""success"": 155, ""timeout"": 6}","{""collision_rod_mid"": 1, ""timeout"": 6}","{""collision_rod_early"": 0.0, ""collision_rod_late"": 0.0, ""collision_rod_mid"": 4.350325526109625, ""collision_tblock_early"": 0.0, ""collision_tblock_late"": 0.0, ""collision_tblock_mid"": 0.0, ""fall"": 0.0, ""timeout"": 1.1432425333134553}"
start_behavior_context,start_region=x_mid__y_neg|start_theta_bin=sector_0|path_angle_bin=sector_6|near_count_bin=0|far_count_bin=1|medhigh_count_bin=0,True,116,111,5,0.04310344827586207,0.5157297642136656,timeout,5,-2.8711547654074225,3.0775862068965516,"{""success"": 111, ""timeout"": 5}","{""timeout"": 5}","{""collision_rod_early"": 0.0, ""collision_rod_late"": 0.0, ""collision_rod_mid"": 0.0, ""collision_tblock_early"": 0.0, ""collision_tblock_late"": 0.0, ""collision_tblock_mid"": 0.0, ""fall"": 0.0, ""timeout"": 1.3304977758389351}"
start_behavior_context,start_region=x_mid__y_neg|start_theta_bin=sector_5|path_angle_bin=sector_6|near_count_bin=0|far_count_bin=1|medhigh_count_bin=0,True,116,111,5,0.04310344827586207,0.5157297642136656,timeout,3,-2.791135830172502,2.8879310344827585,"{""collision"": 2, ""success"": 111, ""timeout"": 3}","{""collision_tblock_early"": 1, ""collision_tblock_mid"": 1, ""timeout"": 3}","{""collision_rod_early"": 0.0, ""collision_rod_late"": 0.0, ""collision_rod_mid"": 0.0, ""collision_tblock_early"": 0.23769221458956338, ""collision_tblock_late"": 0.0, ""collision_tblock_mid"": 13.41296018657338, ""fall"": 0.0, ""timeout"": 0.798298665503361}"
start_behavior_context,start_region=x_mid__y_neg|start_theta_bin=sector_7|path_angle_bin=sector_5|near_count_bin=1|far_count_bin=1|medhigh_count_bin=0,True,165,158,7,0.04242424242424243,0.5076031133836321,timeout,4,-3.7189063636296953,3.3212121212121213,"{""collision"": 3, ""success"": 158, ""timeout"": 4}","{""collision_rod_early"": 1, ""collision_tblock_early"": 2, ""timeout"": 4}","{""collision_rod_early"": 0.5420581824913956, ""collision_rod_late"": 0.0, ""collision_rod_mid"": 0.0, ""collision_tblock_early"": 0.3342096593016891, ""collision_tblock_late"": 0.0, ""collision_tblock_mid"": 0.0, ""fall"": 0.0, ""timeout"": 0.7483042036233526}"
start_behavior_context,start_region=x_mid__y_neg|start_theta_bin=sector_1|path_angle_bin=sector_6|near_count_bin=0|far_count_bin=2|medhigh_count_bin=0,True,2275,2182,93,0.04087912087912088,0.4891158414362219,timeout,73,-1.758652795596275,2.5938461538461537,"{""collision"": 18, ""fall"": 2, ""success"": 2182, ""timeout"": 73}","{""collision_rod_early"": 5, ""collision_rod_mid"": 1, ""collision_tblock_early"": 12, ""fall"": 2, ""timeout"": 73}","{""collision_rod_early"": 0.19657054969468188, ""collision_rod_late"": 0.0, ""collision_rod_mid"": 0.30978142207901505, ""collision_tblock_early"": 0.14543629130051525, ""collision_tblock_late"": 0.0, ""collision_tblock_mid"": 0.0, ""fall"": 0.7078505494505495, ""timeout"": 0.9904751794113495}"
start_behavior_context,start_region=x_mid__y_neg|start_theta_bin=sector_4|path_angle_bin=sector_5|near_count_bin=1|far_count_bin=1|medhigh_count_bin=0,True,148,142,6,0.04054054054054054,0.4850647512063665,timeout,5,-2.4773867902179014,3.054054054054054,"{""collision"": 1, ""success"": 142, ""timeout"": 5}","{""collision_rod_early"": 1, ""timeout"": 5}","{""collision_rod_early"": 0.6043216223721639, ""collision_rod_late"": 0.0, ""collision_rod_mid"": 0.0, ""collision_tblock_early"": 0.0, ""collision_tblock_late"": 0.0, ""collision_tblock_mid"": 0.0, ""fall"": 0.0, ""timeout"": 1.0428225810629492}"
start_behavior_context,start_region=x_pos__y_neg|start_theta_bin=sector_0|path_angle_bin=sector_7|near_count_bin=0|far_count_bin=1|medhigh_count_bin=0,True,101,97,4,0.039603960396039604,0.47385863484186297,collision_rod_early,2,-2.7003667430344063,3.0297029702970297,"{""collision"": 3, ""success"": 97, ""timeout"": 1}","{""collision_rod_early"": 2, ""collision_tblock_early"": 1, ""timeout"": 1}","{""collision_rod_early"": 1.7710811903184212, ""collision_rod_late"": 0.0, ""collision_rod_mid"": 0.0, ""collision_tblock_early"": 0.2729930385385084, ""collision_tblock_late"": 0.0, ""collision_tblock_mid"": 0.0, ""fall"": 0.0, ""timeout"": 0.305619291083795}"
start_behavior_context,start_region=x_mid__y_neg|start_theta_bin=sector_2|path_angle_bin=sector_6|near_count_bin=0|far_count_bin=1|medhigh_count_bin=0,True,101,97,4,0.039603960396039604,0.47385863484186297,timeout,4,-1.875236164262045,3.0396039603960396,"{""success"": 97, ""timeout"": 4}","{""timeout"": 4}","{""collision_rod_early"": 0.0, ""collision_rod_late"": 0.0, ""collision_rod_mid"": 0.0, ""collision_tblock_early"": 0.0, ""collision_tblock_late"": 0.0, ""collision_tblock_mid"": 0.0, ""fall"": 0.0, ""timeout"": 1.22247716433518}"
start_behavior_context,start_region=x_mid__y_neg|start_theta_bin=sector_0|path_angle_bin=sector_5|near_count_bin=0|far_count_bin=1|medhigh_count_bin=0,True,127,122,5,0.03937007874015748,0.47106025707704885,timeout,3,-2.471524254216883,2.9448818897637796,"{""collision"": 2, ""success"": 122, ""timeout"": 3}","{""collision_rod_early"": 1, ""collision_rod_mid"": 1, ""timeout"": 3}","{""collision_rod_early"": 0.7042488197722855, ""collision_rod_late"": 0.0, ""collision_rod_mid"": 5.549234135667396, ""collision_tblock_early"": 0.0, ""collision_tblock_late"": 0.0, ""collision_tblock_mid"": 0.0, ""fall"": 0.0, ""timeout"": 0.7291546866014952}"
start_behavior_context,start_region=x_neg__y_neg|start_theta_bin=sector_1|path_angle_bin=sector_4|near_count_bin=0|far_count_bin=1|medhigh_count_bin=0,True,127,122,5,0.03937007874015748,0.47106025707704885,timeout,3,-2.417280691851726,2.8661417322834644,"{""collision"": 2, ""success"": 122, ""timeout"": 3}","{""collision_rod_early"": 1, ""collision_tblock_early"": 1, ""timeout"": 3}","{""collision_rod_early"": 0.7042488197722855, ""collision_rod_late"": 0.0, ""collision_rod_mid"": 0.0, ""collision_tblock_early"": 0.21710469994007364, ""collision_tblock_late"": 0.0, ""collision_tblock_mid"": 0.0, ""fall"": 0.0, ""timeout"": 0.7291546866014952}"
start_behavior_context,start_region=x_neg__y_neg|start_theta_bin=sector_5|path_angle_bin=sector_4|near_count_bin=0|far_count_bin=1|medhigh_count_bin=0,True,155,149,6,0.03870967741935484,0.4631586011518854,timeout,4,-3.10758542916453,3.2129032258064516,"{""collision"": 2, ""success"": 149, ""timeout"": 4}","{""collision_rod_early"": 1, ""collision_rod_mid"": 1, ""timeout"": 4}","{""collision_rod_early"": 0.5770296781360017, ""collision_rod_late"": 0.0, ""collision_rod_mid"": 4.546791840191996, ""collision_tblock_early"": 0.0, ""collision_tblock_late"": 0.0, ""collision_tblock_mid"": 0.0, ""fall"": 0.0, ""timeout"": 0.7965818941796979}"
start_behavior_context,start_region=x_neg__y_mid|start_theta_bin=sector_4|path_angle_bin=sector_4|near_count_bin=1|far_count_bin=1|medhigh_count_bin=0,True,160,154,6,0.0375,0.44868489486588903,timeout,4,-1.7966251794826298,2.74375,"{""collision"": 2, ""success"": 154, ""timeout"": 4}","{""collision_rod_early"": 1, ""collision_tblock_early"": 1, ""timeout"": 4}","{""collision_rod_early"": 0.5589975006942517, ""collision_rod_late"": 0.0, ""collision_rod_mid"": 0.0, ""collision_tblock_early"": 0.17232685557743346, ""collision_tblock_late"": 0.0, ""collision_tblock_mid"": 0.0, ""fall"": 0.0, ""timeout"": 0.7716887099865823}"
start_behavior_context,start_region=x_neg__y_mid|start_theta_bin=sector_4|path_angle_bin=sector_3|near_count_bin=1|far_count_bin=1|medhigh_count_bin=0,True,138,133,5,0.036231884057971016,0.4335119757158348,timeout,4,-1.9075275642583005,2.6739130434782608,"{""collision"": 1, ""success"": 133, ""timeout"": 4}","{""collision_rod_early"": 1, ""timeout"": 4}","{""collision_rod_early"": 0.6481130442831903, ""collision_rod_late"": 0.0, ""collision_rod_mid"": 0.0, ""collision_tblock_early"": 0.0, ""collision_tblock_late"": 0.0, ""collision_tblock_mid"": 0.0, ""fall"": 0.0, ""timeout"": 0.8947115478105302}"
start_behavior_context,start_region=x_mid__y_neg|start_theta_bin=sector_1|path_angle_bin=sector_5|near_count_bin=1|far_count_bin=1|medhigh_count_bin=0,True,166,160,6,0.03614457831325301,0.43246736854543516,timeout,5,-1.67134708365998,2.753012048192771,"{""collision"": 1, ""success"": 160, ""timeout"": 5}","{""collision_rod_mid"": 1, ""timeout"": 5}","{""collision_rod_early"": 0.0, ""collision_rod_late"": 0.0, ""collision_rod_mid"": 4.24549840499855, ""collision_tblock_early"": 0.0, ""collision_tblock_late"": 0.0, ""collision_tblock_mid"": 0.0, ""fall"": 0.0, ""timeout"": 0.9297454337187739}"
start_behavior_context,start_region=x_neg__y_mid|start_theta_bin=sector_0|path_angle_bin=sector_3|near_count_bin=1|far_count_bin=1|medhigh_count_bin=0,True,144,139,5,0.034722222222222224,0.415448976727675,timeout,3,-2.4367318280734285,2.6805555555555554,"{""collision"": 2, ""success"": 139, ""timeout"": 3}","{""collision_rod_early"": 1, ""collision_tblock_early"": 1, ""timeout"": 3}","{""collision_rod_early"": 0.621108334104724, ""collision_rod_late"": 0.0, ""collision_rod_mid"": 0.0, ""collision_tblock_early"": 0.19147428397492605, ""collision_tblock_late"": 0.0, ""collision_tblock_mid"": 0.0, ""fall"": 0.0, ""timeout"": 0.6430739249888185}"
start_behavior_context,start_region=x_mid__y_neg|start_theta_bin=sector_5|path_angle_bin=sector_5|near_count_bin=1|far_count_bin=1|medhigh_count_bin=0,True,175,169,6,0.03428571428571429,0.41022618959166995,timeout,6,-2.3079263491573974,3.0228571428571427,"{""success"": 169, ""timeout"": 6}","{""timeout"": 6}","{""collision_rod_early"": 0.0, ""collision_rod_late"": 0.0, ""collision_rod_mid"": 0.0, ""collision_tblock_early"": 0.0, ""collision_tblock_late"": 0.0, ""collision_tblock_mid"": 0.0, ""fall"": 0.0, ""timeout"": 1.058315945124456}"
start_behavior_context,start_region=x_mid__y_neg|start_theta_bin=sector_5|path_angle_bin=sector_5|near_count_bin=0|far_count_bin=1|medhigh_count_bin=0,True,117,113,4,0.03418803418803419,0.4090574540087877,timeout,2,-2.491996833061345,2.948717948717949,"{""collision"": 2, ""success"": 113, ""timeout"": 2}","{""collision_rod_mid"": 1, ""collision_tblock_early"": 1, ""timeout"": 2}","{""collision_rod_early"": 0.0, ""collision_rod_late"": 0.0, ""collision_rod_mid"": 6.023527651536404, ""collision_tblock_early"": 0.23566065719990897, ""collision_tblock_late"": 0.0, ""collision_tblock_mid"": 0.0, ""fall"": 0.0, ""timeout"": 0.5276503999908255}"
start_behavior_context,start_region=x_neg__y_mid|start_theta_bin=sector_1|path_angle_bin=sector_4|near_count_bin=1|far_count_bin=1|medhigh_count_bin=0,True,149,144,5,0.03355704697986577,0.40150773589788724,timeout,3,-2.327086213562648,2.5906040268456376,"{""collision"": 2, ""success"": 144, ""timeout"": 3}","{""collision_rod_early"": 1, ""collision_tblock_mid"": 1, ""timeout"": 3}","{""collision_rod_early"": 0.6002657725575856, ""collision_rod_late"": 0.0, ""collision_rod_mid"": 0.0, ""collision_tblock_early"": 0.0, ""collision_tblock_late"": 0.0, ""collision_tblock_mid"": 10.442304574781959, ""fall"": 0.0, ""timeout"": 0.6214942630764422}"
start_behavior_context,start_region=x_mid__y_neg|start_theta_bin=sector_6|path_angle_bin=sector_6|near_count_bin=1|far_count_bin=1|medhigh_count_bin=0,True,162,157,5,0.030864197530864196,0.3692879793134889,collision_tblock_early,3,-3.893102214595528,3.4074074074074074,"{""collision"": 3, ""success"": 157, ""timeout"": 2}","{""collision_tblock_early"": 3, ""timeout"": 2}","{""collision_rod_early"": 0.0, ""collision_rod_late"": 0.0, ""collision_rod_mid"": 0.0, ""collision_tblock_early"": 0.5105980905998028, ""collision_tblock_late"": 0.0, ""collision_tblock_mid"": 0.0, ""fall"": 0.0, ""timeout"": 0.3810808444378184}"
start_behavior_context,start_region=x_mid__y_neg|start_theta_bin=sector_5|path_angle_bin=sector_6|near_count_bin=1|far_count_bin=1|medhigh_count_bin=0,True,130,126,4,0.03076923076923077,0.3681517086079089,collision_tblock_early,2,-2.796814392816927,2.9307692307692306,"{""collision"": 3, ""success"": 126, ""timeout"": 1}","{""collision_rod_early"": 1, ""collision_tblock_early"": 2, ""timeout"": 1}","{""collision_rod_early"": 0.6879969239313867, ""collision_rod_late"": 0.0, ""collision_rod_mid"": 0.0, ""collision_tblock_early"": 0.42418918295983615, ""collision_tblock_late"": 0.0, ""collision_tblock_mid"": 0.0, ""fall"": 0.0, ""timeout"": 0.2374426799958715}"
start_behavior_context,start_region=x_mid__y_neg|start_theta_bin=sector_6|path_angle_bin=sector_6|near_count_bin=0|far_count_bin=1|medhigh_count_bin=0,True,101,98,3,0.0297029702970297,0.3553939761313972,timeout,2,-3.8344065991334992,3.5445544554455446,"{""collision"": 1, ""success"": 98, ""timeout"": 2}","{""collision_tblock_early"": 1, ""timeout"": 2}","{""collision_rod_early"": 0.0, ""collision_rod_late"": 0.0, ""collision_rod_mid"": 0.0, ""collision_tblock_early"": 0.2729930385385084, ""collision_tblock_late"": 0.0, ""collision_tblock_mid"": 0.0, ""fall"": 0.0, ""timeout"": 0.61123858216759}"
start_behavior_context,start_region=x_neg__y_mid|start_theta_bin=sector_2|path_angle_bin=sector_4|near_count_bin=1|far_count_bin=1|medhigh_count_bin=0,True,121,118,3,0.024793388429752067,0.2966511701592654,timeout,3,-2.9389307594962966,3.0826446280991737,"{""success"": 118, ""timeout"": 3}","{""timeout"": 3}","{""collision_rod_early"": 0.0, ""collision_rod_late"": 0.0, ""collision_rod_mid"": 0.0, ""collision_tblock_early"": 0.0, ""collision_tblock_late"": 0.0, ""collision_tblock_mid"": 0.0, ""fall"": 0.0, ""timeout"": 0.765311117342065}"
start_behavior_context,start_region=x_neg__y_mid|start_theta_bin=sector_2|path_angle_bin=sector_3|near_count_bin=1|far_count_bin=1|medhigh_count_bin=0,True,120,118,2,0.016666666666666666,0.199415508829284,timeout,1,-2.37816172483493,2.9916666666666667,"{""collision"": 1, ""success"": 118, ""timeout"": 1}","{""collision_rod_early"": 1, ""timeout"": 1}","{""collision_rod_early"": 0.7453300009256688, ""collision_rod_late"": 0.0, ""collision_rod_mid"": 0.0, ""collision_tblock_early"": 0.0, ""collision_tblock_late"": 0.0, ""collision_tblock_mid"": 0.0, ""fall"": 0.0, ""timeout"": 0.25722956999552743}"
start_behavior_context,start_region=x_neg__y_pos|start_theta_bin=sector_7|path_angle_bin=sector_2|near_count_bin=1|far_count_bin=1|medhigh_count_bin=1,False,11,0,11,1.0,11.96493052975704,collision_tblock_early,11,-10.5988606619709,1.0909090909090908,"{""collision"": 11}","{""collision_tblock_early"": 11}","{""collision_rod_early"": 0.0, ""collision_rod_late"": 0.0, ""collision_rod_mid"": 0.0, ""collision_tblock_early"": 27.57229689238935, ""collision_tblock_late"": 0.0, ""collision_tblock_mid"": 0.0, ""fall"": 0.0, ""timeout"": 0.0}"
start_behavior_context,start_region=x_neg__y_pos|start_theta_bin=sector_7|path_angle_bin=sector_3|near_count_bin=1|far_count_bin=1|medhigh_count_bin=1,False,10,0,10,1.0,11.96493052975704,collision_tblock_early,9,-10.581836138970584,1.1,"{""collision"": 10}","{""collision_rod_early"": 1, ""collision_tblock_early"": 9}","{""collision_rod_early"": 8.943960011108027, ""collision_rod_late"": 0.0, ""collision_rod_mid"": 0.0, ""collision_tblock_early"": 24.815067203150416, ""collision_tblock_late"": 0.0, ""collision_tblock_mid"": 0.0, ""fall"": 0.0, ""timeout"": 0.0}"
start_behavior_context,start_region=x_pos__y_neg|start_theta_bin=sector_5|path_angle_bin=sector_6|near_count_bin=1|far_count_bin=1|medhigh_count_bin=1,False,10,0,10,1.0,11.96493052975704,collision_tblock_early,10,-10.616902486995862,1.1,"{""collision"": 10}","{""collision_tblock_early"": 10}","{""collision_rod_early"": 0.0, ""collision_rod_late"": 0.0, ""collision_rod_mid"": 0.0, ""collision_tblock_early"": 27.57229689238935, ""collision_tblock_late"": 0.0, ""collision_tblock_mid"": 0.0, ""fall"": 0.0, ""timeout"": 0.0}"
start_behavior_context,start_region=x_pos__y_pos|start_theta_bin=sector_2|path_angle_bin=sector_1|near_count_bin=1|far_count_bin=1|medhigh_count_bin=1,False,9,0,9,1.0,11.96493052975704,collision_tblock_early,9,-10.353059592251086,1.0,"{""collision"": 9}","{""collision_tblock_early"": 9}","{""collision_rod_early"": 0.0, ""collision_rod_late"": 0.0, ""collision_rod_mid"": 0.0, ""collision_tblock_early"": 27.57229689238935, ""collision_tblock_late"": 0.0, ""collision_tblock_mid"": 0.0, ""fall"": 0.0, ""timeout"": 0.0}"
start_behavior_context,start_region=x_neg__y_pos|start_theta_bin=sector_0|path_angle_bin=sector_3|near_count_bin=1|far_count_bin=1|medhigh_count_bin=1,False,8,0,8,1.0,11.964930529757039,collision_tblock_early,8,-10.325621046075673,1.0,"{""collision"": 8}","{""collision_tblock_early"": 8}","{""collision_rod_early"": 0.0, ""collision_rod_late"": 0.0, ""collision_rod_mid"": 0.0, ""collision_tblock_early"": 27.57229689238935, ""collision_tblock_late"": 0.0, ""collision_tblock_mid"": 0.0, ""fall"": 0.0, ""timeout"": 0.0}"
start_behavior_context,start_region=x_pos__y_neg|start_theta_bin=sector_2|path_angle_bin=sector_6|near_count_bin=1|far_count_bin=1|medhigh_count_bin=1,False,7,0,7,1.0,11.964930529757039,collision_tblock_early,7,-12.295387318646672,1.4285714285714286,"{""collision"": 7}","{""collision_tblock_early"": 7}","{""collision_rod_early"": 0.0, ""collision_rod_late"": 0.0, ""collision_rod_mid"": 0.0, ""collision_tblock_early"": 27.57229689238935, ""collision_tblock_late"": 0.0, ""collision_tblock_mid"": 0.0, ""fall"": 0.0, ""timeout"": 0.0}"
start_behavior_context,start_region=x_pos__y_neg|start_theta_bin=sector_2|path_angle_bin=sector_7|near_count_bin=1|far_count_bin=1|medhigh_count_bin=1,False,4,0,4,1.0,11.964930529757039,collision_tblock_early,4,-10.259355750545748,1.0,"{""collision"": 4}","{""collision_tblock_early"": 4}","{""collision_rod_early"": 0.0, ""collision_rod_late"": 0.0, ""collision_rod_mid"": 0.0, ""collision_tblock_early"": 27.57229689238935, ""collision_tblock_late"": 0.0, ""collision_tblock_mid"": 0.0, ""fall"": 0.0, ""timeout"": 0.0}"
start_behavior_context,start_region=x_neg__y_neg|start_theta_bin=sector_3|path_angle_bin=sector_4|near_count_bin=1|far_count_bin=1|medhigh_count_bin=1,False,4,0,4,1.0,11.964930529757039,collision_tblock_early,4,-10.322777775980601,1.0,"{""collision"": 4}","{""collision_tblock_early"": 4}","{""collision_rod_early"": 0.0, ""collision_rod_late"": 0.0, ""collision_rod_mid"": 0.0, ""collision_tblock_early"": 27.57229689238935, ""collision_tblock_late"": 0.0, ""collision_tblock_mid"": 0.0, ""fall"": 0.0, ""timeout"": 0.0}"
start_behavior_context,start_region=x_neg__y_pos|start_theta_bin=sector_5|path_angle_bin=sector_2|near_count_bin=1|far_count_bin=1|medhigh_count_bin=1,False,4,0,4,1.0,11.964930529757039,collision_tblock_early,4,-10.312856765986648,1.0,"{""collision"": 4}","{""collision_tblock_early"": 4}","{""collision_rod_early"": 0.0, ""collision_rod_late"": 0.0, ""collision_rod_mid"": 0.0, ""collision_tblock_early"": 27.57229689238935, ""collision_tblock_late"": 0.0, ""collision_tblock_mid"": 0.0, ""fall"": 0.0, ""timeout"": 0.0}"
start_behavior_context,start_region=x_mid__y_pos|start_theta_bin=sector_2|path_angle_bin=sector_1|near_count_bin=1|far_count_bin=1|medhigh_count_bin=1,False,3,0,3,1.0,11.964930529757039,collision_tblock_early,3,-10.2086426972699,1.0,"{""collision"": 3}","{""collision_tblock_early"": 3}","{""collision_rod_early"": 0.0, ""collision_rod_late"": 0.0, ""collision_rod_mid"": 0.0, ""collision_tblock_early"": 27.57229689238935, ""collision_tblock_late"": 0.0, ""collision_tblock_mid"": 0.0, ""fall"": 0.0, ""timeout"": 0.0}"
start_behavior_context,start_region=x_neg__y_neg|start_theta_bin=sector_2|path_angle_bin=sector_4|near_count_bin=1|far_count_bin=1|medhigh_count_bin=1,False,3,0,3,1.0,11.964930529757039,collision_tblock_early,3,-10.278800730318467,1.0,"{""collision"": 3}","{""collision_tblock_early"": 3}","{""collision_rod_early"": 0.0, ""collision_rod_late"": 0.0, ""collision_rod_mid"": 0.0, ""collision_tblock_early"": 27.57229689238935, ""collision_tblock_late"": 0.0, ""collision_tblock_mid"": 0.0, ""fall"": 0.0, ""timeout"": 0.0}"
start_behavior_context,start_region=x_pos__y_pos|start_theta_bin=sector_2|path_angle_bin=sector_0|near_count_bin=1|far_count_bin=1|medhigh_count_bin=1,False,3,0,3,1.0,11.964930529757039,collision_tblock_early,3,-10.330915207923661,1.0,"{""collision"": 3}","{""collision_tblock_early"": 3}","{""collision_rod_early"": 0.0, ""collision_rod_late"": 0.0, ""collision_rod_mid"": 0.0, ""collision_tblock_early"": 27.57229689238935, ""collision_tblock_late"": 0.0, ""collision_tblock_mid"": 0.0, ""fall"": 0.0, ""timeout"": 0.0}"
start_behavior_context,start_region=x_neg__y_neg|start_theta_bin=sector_4|path_angle_bin=sector_4|near_count_bin=1|far_count_bin=1|medhigh_count_bin=1,False,3,0,3,1.0,11.964930529757039,collision_tblock_early,3,-10.326013298098822,1.0,"{""collision"": 3}","{""collision_tblock_early"": 3}","{""collision_rod_early"": 0.0, ""collision_rod_late"": 0.0, ""collision_rod_mid"": 0.0, ""collision_tblock_early"": 27.57229689238935, ""collision_tblock_late"": 0.0, ""collision_tblock_mid"": 0.0, ""fall"": 0.0, ""timeout"": 0.0}"
start_behavior_context,start_region=x_neg__y_pos|start_theta_bin=sector_3|path_angle_bin=sector_2|near_count_bin=2|far_count_bin=0|medhigh_count_bin=1,False,2,0,2,1.0,11.964930529757039,timeout,1,-15.323198325358387,5.0,"{""collision"": 1, ""timeout"": 1}","{""collision_tblock_early"": 1, ""timeout"": 1}","{""collision_rod_early"": 0.0, ""collision_rod_late"": 0.0, ""collision_rod_mid"": 0.0, ""collision_tblock_early"": 13.786148446194675, ""collision_tblock_late"": 0.0, ""collision_tblock_mid"": 0.0, ""fall"": 0.0, ""timeout"": 15.433774199731646}"
start_behavior_context,start_region=x_pos__y_pos|start_theta_bin=sector_0|path_angle_bin=sector_0|near_count_bin=0|far_count_bin=2|medhigh_count_bin=1,False,2,0,2,1.0,11.964930529757039,collision_tblock_early,2,-10.245456885694693,1.0,"{""collision"": 2}","{""collision_tblock_early"": 2}","{""collision_rod_early"": 0.0, ""collision_rod_late"": 0.0, ""collision_rod_mid"": 0.0, ""collision_tblock_early"": 27.57229689238935, ""collision_tblock_late"": 0.0, ""collision_tblock_mid"": 0.0, ""fall"": 0.0, ""timeout"": 0.0}"
start_behavior_context,start_region=x_neg__y_neg|start_theta_bin=sector_1|path_angle_bin=sector_5|near_count_bin=1|far_count_bin=1|medhigh_count_bin=1,False,2,0,2,1.0,11.964930529757039,collision_tblock_early,2,-10.274214758026265,1.0,"{""collision"": 2}","{""collision_tblock_early"": 2}","{""collision_rod_early"": 0.0, ""collision_rod_late"": 0.0, ""collision_rod_mid"": 0.0, ""collision_tblock_early"": 27.57229689238935, ""collision_tblock_late"": 0.0, ""collision_tblock_mid"": 0.0, ""fall"": 0.0, ""timeout"": 0.0}"
start_behavior_context,start_region=x_neg__y_pos|start_theta_bin=sector_0|path_angle_bin=sector_3|near_count_bin=0|far_count_bin=2|medhigh_count_bin=1,False,2,0,2,1.0,11.964930529757039,collision_tblock_early,2,-11.784218141724484,1.5,"{""collision"": 2}","{""collision_tblock_early"": 2}","{""collision_rod_early"": 0.0, ""collision_rod_late"": 0.0, ""collision_rod_mid"": 0.0, ""collision_tblock_early"": 27.57229689238935, ""collision_tblock_late"": 0.0, ""collision_tblock_mid"": 0.0, ""fall"": 0.0, ""timeout"": 0.0}"
start_behavior_context,start_region=x_pos__y_neg|start_theta_bin=sector_1|path_angle_bin=sector_7|near_count_bin=1|far_count_bin=1|medhigh_count_bin=1,False,2,0,2,1.0,11.964930529757039,collision_tblock_early,2,-10.280738024012823,1.0,"{""collision"": 2}","{""collision_tblock_early"": 2}","{""collision_rod_early"": 0.0, ""collision_rod_late"": 0.0, ""collision_rod_mid"": 0.0, ""collision_tblock_early"": 27.57229689238935, ""collision_tblock_late"": 0.0, ""collision_tblock_mid"": 0.0, ""fall"": 0.0, ""timeout"": 0.0}"
start_behavior_context,start_region=x_neg__y_pos|start_theta_bin=sector_4|path_angle_bin=sector_3|near_count_bin=1|far_count_bin=1|medhigh_count_bin=1,False,2,0,2,1.0,11.964930529757039,collision_tblock_early,2,-10.318547812720507,1.0,"{""collision"": 2}","{""collision_tblock_early"": 2}","{""collision_rod_early"": 0.0, ""collision_rod_late"": 0.0, ""collision_rod_mid"": 0.0, ""collision_tblock_early"": 27.57229689238935, ""collision_tblock_late"": 0.0, ""collision_tblock_mid"": 0.0, ""fall"": 0.0, ""timeout"": 0.0}"
start_behavior_context,start_region=x_neg__y_neg|start_theta_bin=sector_2|path_angle_bin=sector_5|near_count_bin=1|far_count_bin=1|medhigh_count_bin=1,False,2,0,2,1.0,11.964930529757039,collision_tblock_early,2,-10.274523484033587,1.0,"{""collision"": 2}","{""collision_tblock_early"": 2}","{""collision_rod_early"": 0.0, ""collision_rod_late"": 0.0, ""collision_rod_mid"": 0.0, ""collision_tblock_early"": 27.57229689238935, ""collision_tblock_late"": 0.0, ""collision_tblock_mid"": 0.0, ""fall"": 0.0, ""timeout"": 0.0}"
start_behavior_context,start_region=x_pos__y_pos|start_theta_bin=sector_3|path_angle_bin=sector_1|near_count_bin=1|far_count_bin=1|medhigh_count_bin=1,False,2,0,2,1.0,11.964930529757039,collision_tblock_early,2,-10.356912524433216,1.0,"{""collision"": 2}","{""collision_tblock_early"": 2}","{""collision_rod_early"": 0.0, ""collision_rod_late"": 0.0, ""collision_rod_mid"": 0.0, ""collision_tblock_early"": 27.57229689238935, ""collision_tblock_late"": 0.0, ""collision_tblock_mid"": 0.0, ""fall"": 0.0, ""timeout"": 0.0}"
start_behavior_context,start_region=x_neg__y_pos|start_theta_bin=sector_6|path_angle_bin=sector_3|near_count_bin=1|far_count_bin=0|medhigh_count_bin=0,False,2,0,2,1.0,11.964930529757039,collision_tblock_early,2,-10.335849313693524,1.0,"{""collision"": 2}","{""collision_tblock_early"": 2}","{""collision_rod_early"": 0.0, ""collision_rod_late"": 0.0, ""collision_rod_mid"": 0.0, ""collision_tblock_early"": 27.57229689238935, ""collision_tblock_late"": 0.0, ""collision_tblock_mid"": 0.0, ""fall"": 0.0, ""timeout"": 0.0}"
start_behavior_context,start_region=x_neg__y_pos|start_theta_bin=sector_4|path_angle_bin=sector_2|near_count_bin=1|far_count_bin=1|medhigh_count_bin=1,False,2,0,2,1.0,11.964930529757039,collision_tblock_early,2,-10.309369573219103,1.0,"{""collision"": 2}","{""collision_tblock_early"": 2}","{""collision_rod_early"": 0.0, ""collision_rod_late"": 0.0, ""collision_rod_mid"": 0.0, ""collision_tblock_early"": 27.57229689238935, ""collision_tblock_late"": 0.0, ""collision_tblock_mid"": 0.0, ""fall"": 0.0, ""timeout"": 0.0}"
start_behavior_context,start_region=x_neg__y_pos|start_theta_bin=sector_5|path_angle_bin=sector_3|near_count_bin=1|far_count_bin=1|medhigh_count_bin=1,False,2,0,2,1.0,11.964930529757039,collision_tblock_early,2,-10.319499954962767,1.0,"{""collision"": 2}","{""collision_tblock_early"": 2}","{""collision_rod_early"": 0.0, ""collision_rod_late"": 0.0, ""collision_rod_mid"": 0.0, ""collision_tblock_early"": 27.57229689238935, ""collision_tblock_late"": 0.0, ""collision_tblock_mid"": 0.0, ""fall"": 0.0, ""timeout"": 0.0}"
start_behavior_context,start_region=x_pos__y_neg|start_theta_bin=sector_7|path_angle_bin=sector_6|near_count_bin=1|far_count_bin=1|medhigh_count_bin=1,False,2,0,2,1.0,11.964930529757039,collision_tblock_early,2,-10.285970517492656,1.0,"{""collision"": 2}","{""collision_tblock_early"": 2}","{""collision_rod_early"": 0.0, ""collision_rod_late"": 0.0, ""collision_rod_mid"": 0.0, ""collision_tblock_early"": 27.57229689238935, ""collision_tblock_late"": 0.0, ""collision_tblock_mid"": 0.0, ""fall"": 0.0, ""timeout"": 0.0}"
start_behavior_context,start_region=x_neg__y_pos|start_theta_bin=sector_4|path_angle_bin=sector_3|near_count_bin=2|far_count_bin=0|medhigh_count_bin=1,False,2,0,2,1.0,11.964930529757039,collision_tblock_early,2,-10.352284615395245,1.0,"{""collision"": 2}","{""collision_tblock_early"": 2}","{""collision_rod_early"": 0.0, ""collision_rod_late"": 0.0, ""collision_rod_mid"": 0.0, ""collision_tblock_early"": 27.57229689238935, ""collision_tblock_late"": 0.0, ""collision_tblock_mid"": 0.0, ""fall"": 0.0, ""timeout"": 0.0}"
start_behavior_context,start_region=x_neg__y_neg|start_theta_bin=sector_4|path_angle_bin=sector_5|near_count_bin=1|far_count_bin=1|medhigh_count_bin=1,False,2,0,2,1.0,11.964930529757039,collision_tblock_early,2,-10.266409535571656,1.0,"{""collision"": 2}","{""collision_tblock_early"": 2}","{""collision_rod_early"": 0.0, ""collision_rod_late"": 0.0, ""collision_rod_mid"": 0.0, ""collision_tblock_early"": 27.57229689238935, ""collision_tblock_late"": 0.0, ""collision_tblock_mid"": 0.0, ""fall"": 0.0, ""timeout"": 0.0}"
start_behavior_context,start_region=x_pos__y_mid|start_theta_bin=sector_5|path_angle_bin=sector_7|near_count_bin=1|far_count_bin=1|medhigh_count_bin=1,False,1,0,1,1.0,11.964930529757039,collision_tblock_early,1,-15.685315976334856,2.0,"{""collision"": 1}","{""collision_tblock_early"": 1}","{""collision_rod_early"": 0.0, ""collision_rod_late"": 0.0, ""collision_rod_mid"": 0.0, ""collision_tblock_early"": 27.57229689238935, ""collision_tblock_late"": 0.0, ""collision_tblock_mid"": 0.0, ""fall"": 0.0, ""timeout"": 0.0}"
start_behavior_context,start_region=x_neg__y_pos|start_theta_bin=sector_1|path_angle_bin=sector_3|near_count_bin=1|far_count_bin=0|medhigh_count_bin=0,False,1,0,1,1.0,11.964930529757039,timeout,1,-11.271041581947308,9.0,"{""timeout"": 1}","{""timeout"": 1}","{""collision_rod_early"": 0.0, ""collision_rod_late"": 0.0, ""collision_rod_mid"": 0.0, ""collision_tblock_early"": 0.0, ""collision_tblock_late"": 0.0, ""collision_tblock_mid"": 0.0, ""fall"": 0.0, ""timeout"": 30.867548399463292}"
start_behavior_context,start_region=x_neg__y_neg|start_theta_bin=sector_2|path_angle_bin=sector_4|near_count_bin=2|far_count_bin=0|medhigh_count_bin=0,False,1,0,1,1.0,11.964930529757039,timeout,1,-9.947863965159636,9.0,"{""timeout"": 1}","{""timeout"": 1}","{""collision_rod_early"": 0.0, ""collision_rod_late"": 0.0, ""collision_rod_mid"": 0.0, ""collision_tblock_early"": 0.0, ""collision_tblock_late"": 0.0, ""collision_tblock_mid"": 0.0, ""fall"": 0.0, ""timeout"": 30.867548399463292}"
start_behavior_context,start_region=x_pos__y_neg|start_theta_bin=sector_1|path_angle_bin=sector_6|near_count_bin=2|far_count_bin=0|medhigh_count_bin=0,False,1,0,1,1.0,11.964930529757039,timeout,1,-10.395320456317776,9.0,"{""timeout"": 1}","{""timeout"": 1}","{""collision_rod_early"": 0.0, ""collision_rod_late"": 0.0, ""collision_rod_mid"": 0.0, ""collision_tblock_early"": 0.0, ""collision_tblock_late"": 0.0, ""collision_tblock_mid"": 0.0, ""fall"": 0.0, ""timeout"": 30.867548399463292}"
start_behavior_context,start_region=x_neg__y_pos|start_theta_bin=sector_2|path_angle_bin=sector_2|near_count_bin=2|far_count_bin=0|medhigh_count_bin=1,False,1,0,1,1.0,11.964930529757039,collision_tblock_early,1,-10.271680134246537,1.0,"{""collision"": 1}","{""collision_tblock_early"": 1}","{""collision_rod_early"": 0.0, ""collision_rod_late"": 0.0, ""collision_rod_mid"": 0.0, ""collision_tblock_early"": 27.57229689238935, ""collision_tblock_late"": 0.0, ""collision_tblock_mid"": 0.0, ""fall"": 0.0, ""timeout"": 0.0}"
start_behavior_context,start_region=x_pos__y_neg|start_theta_bin=sector_4|path_angle_bin=sector_7|near_count_bin=1|far_count_bin=0|medhigh_count_bin=1,False,1,0,1,1.0,11.964930529757039,collision_tblock_early,1,-10.202550624416416,1.0,"{""collision"": 1}","{""collision_tblock_early"": 1}","{""collision_rod_early"": 0.0, ""collision_rod_late"": 0.0, ""collision_rod_mid"": 0.0, ""collision_tblock_early"": 27.57229689238935, ""collision_tblock_late"": 0.0, ""collision_tblock_mid"": 0.0, ""fall"": 0.0, ""timeout"": 0.0}"
start_behavior_context,start_region=x_pos__y_neg|start_theta_bin=sector_0|path_angle_bin=sector_7|near_count_bin=2|far_count_bin=0|medhigh_count_bin=0,False,1,0,1,1.0,11.964930529757039,collision_tblock_early,1,-14.884054225850235,2.0,"{""collision"": 1}","{""collision_tblock_early"": 1}","{""collision_rod_early"": 0.0, ""collision_rod_late"": 0.0, ""collision_rod_mid"": 0.0, ""collision_tblock_early"": 27.57229689238935, ""collision_tblock_late"": 0.0, ""collision_tblock_mid"": 0.0, ""fall"": 0.0, ""timeout"": 0.0}"
start_behavior_context,start_region=x_mid__y_pos|start_theta_bin=sector_5|path_angle_bin=sector_1|near_count_bin=0|far_count_bin=2|medhigh_count_bin=1,False,1,0,1,1.0,11.964930529757039,collision_tblock_early,1,-10.24447121044938,1.0,"{""collision"": 1}","{""collision_tblock_early"": 1}","{""collision_rod_early"": 0.0, ""collision_rod_late"": 0.0, ""collision_rod_mid"": 0.0, ""collision_tblock_early"": 27.57229689238935, ""collision_tblock_late"": 0.0, ""collision_tblock_mid"": 0.0, ""fall"": 0.0, ""timeout"": 0.0}"
start_behavior_context,start_region=x_pos__y_neg|start_theta_bin=sector_5|path_angle_bin=sector_6|near_count_bin=2|far_count_bin=0|medhigh_count_bin=1,False,1,0,1,1.0,11.964930529757039,collision_tblock_early,1,-13.376529153901668,2.0,"{""collision"": 1}","{""collision_tblock_early"": 1}","{""collision_rod_early"": 0.0, ""collision_rod_late"": 0.0, ""collision_rod_mid"": 0.0, ""collision_tblock_early"": 27.57229689238935, ""collision_tblock_late"": 0.0, ""collision_tblock_mid"": 0.0, ""fall"": 0.0, ""timeout"": 0.0}"
start_behavior_context,start_region=x_neg__y_neg|start_theta_bin=sector_3|path_angle_bin=sector_4|near_count_bin=1|far_count_bin=0|medhigh_count_bin=1,False,1,0,1,1.0,11.964930529757039,collision_tblock_early,1,-10.299384670076298,1.0,"{""collision"": 1}","{""collision_tblock_early"": 1}","{""collision_rod_early"": 0.0, ""collision_rod_late"": 0.0, ""collision_rod_mid"": 0.0, ""collision_tblock_early"": 27.57229689238935, ""collision_tblock_late"": 0.0, ""collision_tblock_mid"": 0.0, ""fall"": 0.0, ""timeout"": 0.0}"
start_behavior_context,start_region=x_pos__y_neg|start_theta_bin=sector_4|path_angle_bin=sector_6|near_count_bin=1|far_count_bin=0|medhigh_count_bin=1,False,1,0,1,1.0,11.964930529757039,collision_tblock_early,1,-10.309056749893424,1.0,"{""collision"": 1}","{""collision_tblock_early"": 1}","{""collision_rod_early"": 0.0, ""collision_rod_late"": 0.0, ""collision_rod_mid"": 0.0, ""collision_tblock_early"": 27.57229689238935, ""collision_tblock_late"": 0.0, ""collision_tblock_mid"": 0.0, ""fall"": 0.0, ""timeout"": 0.0}"
start_behavior_context,start_region=x_neg__y_pos|start_theta_bin=sector_0|path_angle_bin=sector_3|near_count_bin=2|far_count_bin=0|medhigh_count_bin=1,False,1,0,1,1.0,11.964930529757039,collision_tblock_early,1,-10.338000208015195,1.0,"{""collision"": 1}","{""collision_tblock_early"": 1}","{""collision_rod_early"": 0.0, ""collision_rod_late"": 0.0, ""collision_rod_mid"": 0.0, ""collision_tblock_early"": 27.57229689238935, ""collision_tblock_late"": 0.0, ""collision_tblock_mid"": 0.0, ""fall"": 0.0, ""timeout"": 0.0}"
start_behavior_context,start_region=x_mid__y_neg|start_theta_bin=sector_3|path_angle_bin=sector_5|near_count_bin=1|far_count_bin=1|medhigh_count_bin=1,False,1,0,1,1.0,11.964930529757039,collision_tblock_early,1,-10.25873457206714,1.0,"{""collision"": 1}","{""collision_tblock_early"": 1}","{""collision_rod_early"": 0.0, ""collision_rod_late"": 0.0, ""collision_rod_mid"": 0.0, ""collision_tblock_early"": 27.57229689238935, ""collision_tblock_late"": 0.0, ""collision_tblock_mid"": 0.0, ""fall"": 0.0, ""timeout"": 0.0}"
start_behavior_context,start_region=x_pos__y_neg|start_theta_bin=sector_7|path_angle_bin=sector_7|near_count_bin=1|far_count_bin=0|medhigh_count_bin=1,False,1,0,1,1.0,11.964930529757039,collision_rod_early,1,-12.152617160940842,2.0,"{""collision"": 1}","{""collision_rod_early"": 1}","{""collision_rod_early"": 89.43960011108025, ""collision_rod_late"": 0.0, ""collision_rod_mid"": 0.0, ""collision_tblock_early"": 0.0, ""collision_tblock_late"": 0.0, ""collision_tblock_mid"": 0.0, ""fall"": 0.0, ""timeout"": 0.0}"
start_behavior_context,start_region=x_neg__y_mid|start_theta_bin=sector_2|path_angle_bin=sector_4|near_count_bin=0|far_count_bin=2|medhigh_count_bin=1,False,1,0,1,1.0,11.964930529757039,collision_tblock_early,1,-10.288848706073404,1.0,"{""collision"": 1}","{""collision_tblock_early"": 1}","{""collision_rod_early"": 0.0, ""collision_rod_late"": 0.0, ""collision_rod_mid"": 0.0, ""collision_tblock_early"": 27.57229689238935, ""collision_tblock_late"": 0.0, ""collision_tblock_mid"": 0.0, ""fall"": 0.0, ""timeout"": 0.0}"
start_behavior_context,start_region=x_pos__y_pos|start_theta_bin=sector_3|path_angle_bin=sector_1|near_count_bin=2|far_count_bin=0|medhigh_count_bin=0,False,1,0,1,1.0,11.964930529757039,collision_tblock_early,1,-10.356272798778745,1.0,"{""collision"": 1}","{""collision_tblock_early"": 1}","{""collision_rod_early"": 0.0, ""collision_rod_late"": 0.0, ""collision_rod_mid"": 0.0, ""collision_tblock_early"": 27.57229689238935, ""collision_tblock_late"": 0.0, ""collision_tblock_mid"": 0.0, ""fall"": 0.0, ""timeout"": 0.0}"
start_behavior_context,start_region=x_neg__y_pos|start_theta_bin=sector_2|path_angle_bin=sector_2|near_count_bin=0|far_count_bin=2|medhigh_count_bin=1,False,1,0,1,1.0,11.964930529757039,collision_tblock_early,1,-10.288957721606542,1.0,"{""collision"": 1}","{""collision_tblock_early"": 1}","{""collision_rod_early"": 0.0, ""collision_rod_late"": 0.0, ""collision_rod_mid"": 0.0, ""collision_tblock_early"": 27.57229689238935, ""collision_tblock_late"": 0.0, ""collision_tblock_mid"": 0.0, ""fall"": 0.0, ""timeout"": 0.0}"
start_behavior_context,start_region=x_pos__y_pos|start_theta_bin=sector_4|path_angle_bin=sector_0|near_count_bin=0|far_count_bin=2|medhigh_count_bin=1,False,1,0,1,1.0,11.964930529757039,collision_tblock_early,1,-10.269205431907189,1.0,"{""collision"": 1}","{""collision_tblock_early"": 1}","{""collision_rod_early"": 0.0, ""collision_rod_late"": 0.0, ""collision_rod_mid"": 0.0, ""collision_tblock_early"": 27.57229689238935, ""collision_tblock_late"": 0.0, ""collision_tblock_mid"": 0.0, ""fall"": 0.0, ""timeout"": 0.0}"
start_behavior_context,start_region=x_neg__y_pos|start_theta_bin=sector_0|path_angle_bin=sector_2|near_count_bin=0|far_count_bin=2|medhigh_count_bin=1,False,1,0,1,1.0,11.964930529757039,collision_tblock_early,1,-10.351910080068798,1.0,"{""collision"": 1}","{""collision_tblock_early"": 1}","{""collision_rod_early"": 0.0, ""collision_rod_late"": 0.0, ""collision_rod_mid"": 0.0, ""collision_tblock_early"": 27.57229689238935, ""collision_tblock_late"": 0.0, ""collision_tblock_mid"": 0.0, ""fall"": 0.0, ""timeout"": 0.0}"
start_behavior_context,start_region=x_neg__y_mid|start_theta_bin=sector_5|path_angle_bin=sector_3|near_count_bin=2|far_count_bin=0|medhigh_count_bin=0,False,1,0,1,1.0,11.964930529757039,collision_rod_early,1,-10.273215693549156,1.0,"{""collision"": 1}","{""collision_rod_early"": 1}","{""collision_rod_early"": 89.43960011108025, ""collision_rod_late"": 0.0, ""collision_rod_mid"": 0.0, ""collision_tblock_early"": 0.0, ""collision_tblock_late"": 0.0, ""collision_tblock_mid"": 0.0, ""fall"": 0.0, ""timeout"": 0.0}"
start_behavior_context,start_region=x_mid__y_neg|start_theta_bin=sector_2|path_angle_bin=sector_5|near_count_bin=0|far_count_bin=1|medhigh_count_bin=1,False,1,0,1,1.0,11.964930529757039,collision_tblock_early,1,-10.27277190313905,1.0,"{""collision"": 1}","{""collision_tblock_early"": 1}","{""collision_rod_early"": 0.0, ""collision_rod_late"": 0.0, ""collision_rod_mid"": 0.0, ""collision_tblock_early"": 27.57229689238935, ""collision_tblock_late"": 0.0, ""collision_tblock_mid"": 0.0, ""fall"": 0.0, ""timeout"": 0.0}"
start_behavior_context,start_region=x_pos__y_mid|start_theta_bin=sector_0|path_angle_bin=sector_0|near_count_bin=0|far_count_bin=2|medhigh_count_bin=1,False,1,0,1,1.0,11.964930529757039,collision_tblock_early,1,-10.255580606311385,1.0,"{""collision"": 1}","{""collision_tblock_early"": 1}","{""collision_rod_early"": 0.0, ""collision_rod_late"": 0.0, ""collision_rod_mid"": 0.0, ""collision_tblock_early"": 27.57229689238935, ""collision_tblock_late"": 0.0, ""collision_tblock_mid"": 0.0, ""fall"": 0.0, ""timeout"": 0.0}"
start_behavior_context,start_region=x_pos__y_pos|start_theta_bin=sector_3|path_angle_bin=sector_0|near_count_bin=2|far_count_bin=0|medhigh_count_bin=0,False,1,0,1,1.0,11.964930529757039,collision_tblock_early,1,-10.315617974269529,1.0,"{""collision"": 1}","{""collision_tblock_early"": 1}","{""collision_rod_early"": 0.0, ""collision_rod_late"": 0.0, ""collision_rod_mid"": 0.0, ""collision_tblock_early"": 27.57229689238935, ""collision_tblock_late"": 0.0, ""collision_tblock_mid"": 0.0, ""fall"": 0.0, ""timeout"": 0.0}"
start_behavior_context,start_region=x_neg__y_pos|start_theta_bin=sector_7|path_angle_bin=sector_3|near_count_bin=2|far_count_bin=0|medhigh_count_bin=1,False,1,0,1,1.0,11.964930529757039,collision_tblock_early,1,-10.316220381640091,1.0,"{""collision"": 1}","{""collision_tblock_early"": 1}","{""collision_rod_early"": 0.0, ""collision_rod_late"": 0.0, ""collision_rod_mid"": 0.0, ""collision_tblock_early"": 27.57229689238935, ""collision_tblock_late"": 0.0, ""collision_tblock_mid"": 0.0, ""fall"": 0.0, ""timeout"": 0.0}"
start_behavior_context,start_region=x_pos__y_mid|start_theta_bin=sector_5|path_angle_bin=sector_0|near_count_bin=1|far_count_bin=1|medhigh_count_bin=1,False,1,0,1,1.0,11.964930529757039,collision_tblock_early,1,-10.255984247390867,1.0,"{""collision"": 1}","{""collision_tblock_early"": 1}","{""collision_rod_early"": 0.0, ""collision_rod_late"": 0.0, ""collision_rod_mid"": 0.0, ""collision_tblock_early"": 27.57229689238935, ""collision_tblock_late"": 0.0, ""collision_tblock_mid"": 0.0, ""fall"": 0.0, ""timeout"": 0.0}"
start_behavior_context,start_region=x_neg__y_neg|start_theta_bin=sector_4|path_angle_bin=sector_4|near_count_bin=2|far_count_bin=0|medhigh_count_bin=1,False,1,0,1,1.0,11.964930529757039,collision_tblock_early,1,-10.345597086042673,1.0,"{""collision"": 1}","{""collision_tblock_early"": 1}","{""collision_rod_early"": 0.0, ""collision_rod_late"": 0.0, ""collision_rod_mid"": 0.0, ""collision_tblock_early"": 27.57229689238935, ""collision_tblock_late"": 0.0, ""collision_tblock_mid"": 0.0, ""fall"": 0.0, ""timeout"": 0.0}"
start_behavior_context,start_region=x_mid__y_pos|start_theta_bin=sector_6|path_angle_bin=sector_1|near_count_bin=0|far_count_bin=2|medhigh_count_bin=1,False,1,0,1,1.0,11.964930529757039,collision_tblock_early,1,-10.202930853696566,1.0,"{""collision"": 1}","{""collision_tblock_early"": 1}","{""collision_rod_early"": 0.0, ""collision_rod_late"": 0.0, ""collision_rod_mid"": 0.0, ""collision_tblock_early"": 27.57229689238935, ""collision_tblock_late"": 0.0, ""collision_tblock_mid"": 0.0, ""fall"": 0.0, ""timeout"": 0.0}"
start_behavior_context,start_region=x_neg__y_pos|start_theta_bin=sector_3|path_angle_bin=sector_3|near_count_bin=1|far_count_bin=0|medhigh_count_bin=1,False,1,0,1,1.0,11.964930529757039,collision_tblock_early,1,-10.271779032789917,1.0,"{""collision"": 1}","{""collision_tblock_early"": 1}","{""collision_rod_early"": 0.0, ""collision_rod_late"": 0.0, ""collision_rod_mid"": 0.0, ""collision_tblock_early"": 27.57229689238935, ""collision_tblock_late"": 0.0, ""collision_tblock_mid"": 0.0, ""fall"": 0.0, ""timeout"": 0.0}"
start_behavior_context,start_region=x_pos__y_mid|start_theta_bin=sector_2|path_angle_bin=sector_0|near_count_bin=1|far_count_bin=1|medhigh_count_bin=1,False,1,0,1,1.0,11.964930529757039,collision_tblock_early,1,-10.218682932053445,1.0,"{""collision"": 1}","{""collision_tblock_early"": 1}","{""collision_rod_early"": 0.0, ""collision_rod_late"": 0.0, ""collision_rod_mid"": 0.0, ""collision_tblock_early"": 27.57229689238935, ""collision_tblock_late"": 0.0, ""collision_tblock_mid"": 0.0, ""fall"": 0.0, ""timeout"": 0.0}"
start_behavior_context,start_region=x_pos__y_neg|start_theta_bin=sector_7|path_angle_bin=sector_7|near_count_bin=2|far_count_bin=0|medhigh_count_bin=1,False,1,0,1,1.0,11.964930529757039,collision_tblock_early,1,-10.299074481719757,1.0,"{""collision"": 1}","{""collision_tblock_early"": 1}","{""collision_rod_early"": 0.0, ""collision_rod_late"": 0.0, ""collision_rod_mid"": 0.0, ""collision_tblock_early"": 27.57229689238935, ""collision_tblock_late"": 0.0, ""collision_tblock_mid"": 0.0, ""fall"": 0.0, ""timeout"": 0.0}"
start_behavior_context,start_region=x_neg__y_pos|start_theta_bin=sector_3|path_angle_bin=sector_3|near_count_bin=2|far_count_bin=0|medhigh_count_bin=1,False,1,0,1,1.0,11.964930529757039,collision_tblock_early,1,-10.282545660129566,1.0,"{""collision"": 1}","{""collision_tblock_early"": 1}","{""collision_rod_early"": 0.0, ""collision_rod_late"": 0.0, ""collision_rod_mid"": 0.0, ""collision_tblock_early"": 27.57229689238935, ""collision_tblock_late"": 0.0, ""collision_tblock_mid"": 0.0, ""fall"": 0.0, ""timeout"": 0.0}"
start_behavior_context,start_region=x_mid__y_pos|start_theta_bin=sector_6|path_angle_bin=sector_2|near_count_bin=0|far_count_bin=2|medhigh_count_bin=1,False,1,0,1,1.0,11.964930529757039,collision_tblock_early,1,-10.205524844223373,1.0,"{""collision"": 1}","{""collision_tblock_early"": 1}","{""collision_rod_early"": 0.0, ""collision_rod_late"": 0.0, ""collision_rod_mid"": 0.0, ""collision_tblock_early"": 27.57229689238935, ""collision_tblock_late"": 0.0, ""collision_tblock_mid"": 0.0, ""fall"": 0.0, ""timeout"": 0.0}"
start_behavior_context,start_region=x_neg__y_neg|start_theta_bin=sector_1|path_angle_bin=sector_4|near_count_bin=1|far_count_bin=1|medhigh_count_bin=1,False,1,0,1,1.0,11.964930529757039,collision_tblock_early,1,-10.296887086684793,1.0,"{""collision"": 1}","{""collision_tblock_early"": 1}","{""collision_rod_early"": 0.0, ""collision_rod_late"": 0.0, ""collision_rod_mid"": 0.0, ""collision_tblock_early"": 27.57229689238935, ""collision_tblock_late"": 0.0, ""collision_tblock_mid"": 0.0, ""fall"": 0.0, ""timeout"": 0.0}"
start_behavior_context,start_region=x_pos__y_neg|start_theta_bin=sector_6|path_angle_bin=sector_6|near_count_bin=1|far_count_bin=0|medhigh_count_bin=1,False,1,0,1,1.0,11.964930529757039,collision_tblock_early,1,-10.295149961103908,1.0,"{""collision"": 1}","{""collision_tblock_early"": 1}","{""collision_rod_early"": 0.0, ""collision_rod_late"": 0.0, ""collision_rod_mid"": 0.0, ""collision_tblock_early"": 27.57229689238935, ""collision_tblock_late"": 0.0, ""collision_tblock_mid"": 0.0, ""fall"": 0.0, ""timeout"": 0.0}"
start_behavior_context,start_region=x_pos__y_mid|start_theta_bin=sector_7|path_angle_bin=sector_0|near_count_bin=0|far_count_bin=2|medhigh_count_bin=1,False,1,0,1,1.0,11.964930529757039,collision_tblock_early,1,-10.241544476566089,1.0,"{""collision"": 1}","{""collision_tblock_early"": 1}","{""collision_rod_early"": 0.0, ""collision_rod_late"": 0.0, ""collision_rod_mid"": 0.0, ""collision_tblock_early"": 27.57229689238935, ""collision_tblock_late"": 0.0, ""collision_tblock_mid"": 0.0, ""fall"": 0.0, ""timeout"": 0.0}"
start_behavior_context,start_region=x_pos__y_neg|start_theta_bin=sector_5|path_angle_bin=sector_6|near_count_bin=0|far_count_bin=2|medhigh_count_bin=1,False,1,0,1,1.0,11.964930529757039,collision_tblock_early,1,-10.307616229826808,1.0,"{""collision"": 1}","{""collision_tblock_early"": 1}","{""collision_rod_early"": 0.0, ""collision_rod_late"": 0.0, ""collision_rod_mid"": 0.0, ""collision_tblock_early"": 27.57229689238935, ""collision_tblock_late"": 0.0, ""collision_tblock_mid"": 0.0, ""fall"": 0.0, ""timeout"": 0.0}"
start_behavior_context,start_region=x_pos__y_pos|start_theta_bin=sector_5|path_angle_bin=sector_1|near_count_bin=2|far_count_bin=0|medhigh_count_bin=1,False,1,0,1,1.0,11.964930529757039,collision_tblock_early,1,-10.341816440336725,1.0,"{""collision"": 1}","{""collision_tblock_early"": 1}","{""collision_rod_early"": 0.0, ""collision_rod_late"": 0.0, ""collision_rod_mid"": 0.0, ""collision_tblock_early"": 27.57229689238935, ""collision_tblock_late"": 0.0, ""collision_tblock_mid"": 0.0, ""fall"": 0.0, ""timeout"": 0.0}"
start_behavior_context,start_region=x_pos__y_pos|start_theta_bin=sector_1|path_angle_bin=sector_1|near_count_bin=2|far_count_bin=0|medhigh_count_bin=1,False,1,0,1,1.0,11.964930529757039,collision_tblock_early,1,-10.24550620920876,1.0,"{""collision"": 1}","{""collision_tblock_early"": 1}","{""collision_rod_early"": 0.0, ""collision_rod_late"": 0.0, ""collision_rod_mid"": 0.0, ""collision_tblock_early"": 27.57229689238935, ""collision_tblock_late"": 0.0, ""collision_tblock_mid"": 0.0, ""fall"": 0.0, ""timeout"": 0.0}"
start_behavior_context,start_region=x_pos__y_neg|start_theta_bin=sector_4|path_angle_bin=sector_6|near_count_bin=0|far_count_bin=2|medhigh_count_bin=1,False,1,0,1,1.0,11.964930529757039,collision_tblock_early,1,-10.375659785609537,1.0,"{""collision"": 1}","{""collision_tblock_early"": 1}","{""collision_rod_early"": 0.0, ""collision_rod_late"": 0.0, ""collision_rod_mid"": 0.0, ""collision_tblock_early"": 27.57229689238935, ""collision_tblock_late"": 0.0, ""collision_tblock_mid"": 0.0, ""fall"": 0.0, ""timeout"": 0.0}"
start_behavior_context,start_region=x_pos__y_neg|start_theta_bin=sector_4|path_angle_bin=sector_6|near_count_bin=2|far_count_bin=0|medhigh_count_bin=1,False,1,0,1,1.0,11.964930529757039,collision_tblock_early,1,-10.341875578109123,1.0,"{""collision"": 1}","{""collision_tblock_early"": 1}","{""collision_rod_early"": 0.0, ""collision_rod_late"": 0.0, ""collision_rod_mid"": 0.0, ""collision_tblock_early"": 27.57229689238935, ""collision_tblock_late"": 0.0, ""collision_tblock_mid"": 0.0, ""fall"": 0.0, ""timeout"": 0.0}"
start_behavior_context,start_region=x_pos__y_neg|start_theta_bin=sector_2|path_angle_bin=sector_6|near_count_bin=2|far_count_bin=0|medhigh_count_bin=1,False,1,0,1,1.0,11.964930529757039,collision_tblock_early,1,-10.228809688519853,1.0,"{""collision"": 1}","{""collision_tblock_early"": 1}","{""collision_rod_early"": 0.0, ""collision_rod_late"": 0.0, ""collision_rod_mid"": 0.0, ""collision_tblock_early"": 27.57229689238935, ""collision_tblock_late"": 0.0, ""collision_tblock_mid"": 0.0, ""fall"": 0.0, ""timeout"": 0.0}"
start_behavior_context,start_region=x_mid__y_pos|start_theta_bin=sector_5|path_angle_bin=sector_1|near_count_bin=1|far_count_bin=1|medhigh_count_bin=1,False,1,0,1,1.0,11.964930529757039,collision_tblock_early,1,-10.251986750527708,1.0,"{""collision"": 1}","{""collision_tblock_early"": 1}","{""collision_rod_early"": 0.0, ""collision_rod_late"": 0.0, ""collision_rod_mid"": 0.0, ""collision_tblock_early"": 27.57229689238935, ""collision_tblock_late"": 0.0, ""collision_tblock_mid"": 0.0, ""fall"": 0.0, ""timeout"": 0.0}"
start_behavior_context,start_region=x_neg__y_pos|start_theta_bin=sector_6|path_angle_bin=sector_2|near_count_bin=1|far_count_bin=1|medhigh_count_bin=1,False,9,1,8,0.8888888888888888,10.63549380422848,collision_tblock_early,8,-9.643713986436623,1.2222222222222223,"{""collision"": 8, ""success"": 1}","{""collision_tblock_early"": 8}","{""collision_rod_early"": 0.0, ""collision_rod_late"": 0.0, ""collision_rod_mid"": 0.0, ""collision_tblock_early"": 24.508708348790535, ""collision_tblock_late"": 0.0, ""collision_tblock_mid"": 0.0, ""fall"": 0.0, ""timeout"": 0.0}"
start_behavior_context,start_region=x_neg__y_pos|start_theta_bin=sector_2|path_angle_bin=sector_2|near_count_bin=1|far_count_bin=1|medhigh_count_bin=1,False,16,2,14,0.875,10.469314213537409,collision_tblock_early,14,-9.358732082099294,1.25,"{""collision"": 14, ""success"": 2}","{""collision_tblock_early"": 14}","{""collision_rod_early"": 0.0, ""collision_rod_late"": 0.0, ""collision_rod_mid"": 0.0, ""collision_tblock_early"": 24.12575978084068, ""collision_tblock_late"": 0.0, ""collision_tblock_mid"": 0.0, ""fall"": 0.0, ""timeout"": 0.0}"
start_behavior_context,start_region=x_neg__y_pos|start_theta_bin=sector_3|path_angle_bin=sector_3|near_count_bin=1|far_count_bin=1|medhigh_count_bin=1,False,8,1,7,0.875,10.469314213537409,collision_tblock_early,7,-9.682915584274635,1.5,"{""collision"": 7, ""success"": 1}","{""collision_tblock_early"": 7}","{""collision_rod_early"": 0.0, ""collision_rod_late"": 0.0, ""collision_rod_mid"": 0.0, ""collision_tblock_early"": 24.12575978084068, ""collision_tblock_late"": 0.0, ""collision_tblock_mid"": 0.0, ""fall"": 0.0, ""timeout"": 0.0}"
start_behavior_context,start_region=x_pos__y_neg|start_theta_bin=sector_6|path_angle_bin=sector_7|near_count_bin=1|far_count_bin=1|medhigh_count_bin=1,False,8,1,7,0.875,10.469314213537409,collision_tblock_early,7,-9.509136093287875,1.25,"{""collision"": 7, ""success"": 1}","{""collision_tblock_early"": 7}","{""collision_rod_early"": 0.0, ""collision_rod_late"": 0.0, ""collision_rod_mid"": 0.0, ""collision_tblock_early"": 24.12575978084068, ""collision_tblock_late"": 0.0, ""collision_tblock_mid"": 0.0, ""fall"": 0.0, ""timeout"": 0.0}"
start_behavior_context,start_region=x_pos__y_neg|start_theta_bin=sector_6|path_angle_bin=sector_6|near_count_bin=1|far_count_bin=1|medhigh_count_bin=1,False,14,2,12,0.8571428571428571,10.255654739791748,collision_tblock_early,12,-10.343092418039841,1.7857142857142858,"{""collision"": 12, ""success"": 2}","{""collision_tblock_early"": 12}","{""collision_rod_early"": 0.0, ""collision_rod_late"": 0.0, ""collision_rod_mid"": 0.0, ""collision_tblock_early"": 23.633397336333726, ""collision_tblock_late"": 0.0, ""collision_tblock_mid"": 0.0, ""fall"": 0.0, ""timeout"": 0.0}"
start_behavior_context,start_region=x_pos__y_pos|start_theta_bin=sector_3|path_angle_bin=sector_0|near_count_bin=1|far_count_bin=1|medhigh_count_bin=1,False,6,1,5,0.8333333333333334,9.9707754414642,collision_tblock_early,5,-9.080999359855397,1.3333333333333333,"{""collision"": 5, ""success"": 1}","{""collision_tblock_early"": 5}","{""collision_rod_early"": 0.0, ""collision_rod_late"": 0.0, ""collision_rod_mid"": 0.0, ""collision_tblock_early"": 22.976914076991125, ""collision_tblock_late"": 0.0, ""collision_tblock_mid"": 0.0, ""fall"": 0.0, ""timeout"": 0.0}"
start_behavior_context,start_region=x_neg__y_pos|start_theta_bin=sector_0|path_angle_bin=sector_2|near_count_bin=1|far_count_bin=1|medhigh_count_bin=1,False,6,1,5,0.8333333333333334,9.9707754414642,collision_tblock_early,5,-10.055198396668636,1.6666666666666667,"{""collision"": 5, ""success"": 1}","{""collision_tblock_early"": 5}","{""collision_rod_early"": 0.0, ""collision_rod_late"": 0.0, ""collision_rod_mid"": 0.0, ""collision_tblock_early"": 22.976914076991125, ""collision_tblock_late"": 0.0, ""collision_tblock_mid"": 0.0, ""fall"": 0.0, ""timeout"": 0.0}"
start_behavior_context,start_region=x_neg__y_pos|start_theta_bin=sector_1|path_angle_bin=sector_3|near_count_bin=1|far_count_bin=1|medhigh_count_bin=1,False,6,1,5,0.8333333333333334,9.9707754414642,collision_tblock_early,5,-9.016906965448953,1.5,"{""collision"": 5, ""success"": 1}","{""collision_tblock_early"": 5}","{""collision_rod_early"": 0.0, ""collision_rod_late"": 0.0, ""collision_rod_mid"": 0.0, ""collision_tblock_early"": 22.976914076991125, ""collision_tblock_late"": 0.0, ""collision_tblock_mid"": 0.0, ""fall"": 0.0, ""timeout"": 0.0}"
start_behavior_context,start_region=x_neg__y_pos|start_theta_bin=sector_2|path_angle_bin=sector_3|near_count_bin=1|far_count_bin=1|medhigh_count_bin=1,False,11,2,9,0.8181818181818182,9.789488615255761,collision_tblock_early,9,-9.05785910974089,1.4545454545454546,"{""collision"": 9, ""success"": 2}","{""collision_tblock_early"": 9}","{""collision_rod_early"": 0.0, ""collision_rod_late"": 0.0, ""collision_rod_mid"": 0.0, ""collision_tblock_early"": 22.559152002864018, ""collision_tblock_late"": 0.0, ""collision_tblock_mid"": 0.0, ""fall"": 0.0, ""timeout"": 0.0}"
start_behavior_context,start_region=x_pos__y_neg|start_theta_bin=sector_1|path_angle_bin=sector_6|near_count_bin=1|far_count_bin=1|medhigh_count_bin=1,False,5,1,4,0.8,9.571944423805633,collision_tblock_early,4,-10.002612357600679,2.4,"{""collision"": 4, ""success"": 1}","{""collision_tblock_early"": 4}","{""collision_rod_early"": 0.0, ""collision_rod_late"": 0.0, ""collision_rod_mid"": 0.0, ""collision_tblock_early"": 22.057837513911483, ""collision_tblock_late"": 0.0, ""collision_tblock_mid"": 0.0, ""fall"": 0.0, ""timeout"": 0.0}"
start_behavior_context,start_region=x_pos__y_pos|start_theta_bin=sector_5|path_angle_bin=sector_1|near_count_bin=1|far_count_bin=1|medhigh_count_bin=1,False,17,4,13,0.7647058823529411,9.1496527580495,collision_tblock_early,11,-9.785275168474145,1.9411764705882353,"{""collision"": 13, ""success"": 4}","{""collision_rod_early"": 2, ""collision_tblock_early"": 11}","{""collision_rod_early"": 10.522305895421207, ""collision_rod_late"": 0.0, ""collision_rod_mid"": 0.0, ""collision_tblock_early"": 17.84089798919311, ""collision_tblock_late"": 0.0, ""collision_tblock_mid"": 0.0, ""fall"": 0.0, ""timeout"": 0.0}"
start_behavior_context,start_region=x_pos__y_pos|start_theta_bin=sector_1|path_angle_bin=sector_1|near_count_bin=1|far_count_bin=1|medhigh_count_bin=1,False,8,2,6,0.75,8.973697897317779,collision_tblock_early,6,-8.66261620763572,1.5,"{""collision"": 6, ""success"": 2}","{""collision_tblock_early"": 6}","{""collision_rod_early"": 0.0, ""collision_rod_late"": 0.0, ""collision_rod_mid"": 0.0, ""collision_tblock_early"": 20.67922266929201, ""collision_tblock_late"": 0.0, ""collision_tblock_mid"": 0.0, ""fall"": 0.0, ""timeout"": 0.0}"
start_behavior_context,start_region=x_pos__y_pos|start_theta_bin=sector_1|path_angle_bin=sector_0|near_count_bin=1|far_count_bin=1|medhigh_count_bin=1,False,8,2,6,0.75,8.973697897317779,collision_tblock_early,6,-8.97477961929751,1.375,"{""collision"": 6, ""success"": 2}","{""collision_tblock_early"": 6}","{""collision_rod_early"": 0.0, ""collision_rod_late"": 0.0, ""collision_rod_mid"": 0.0, ""collision_tblock_early"": 20.67922266929201, ""collision_tblock_late"": 0.0, ""collision_tblock_mid"": 0.0, ""fall"": 0.0, ""timeout"": 0.0}"
start_behavior_context,start_region=x_pos__y_neg|start_theta_bin=sector_7|path_angle_bin=sector_7|near_count_bin=1|far_count_bin=1|medhigh_count_bin=1,False,8,2,6,0.75,8.973697897317779,collision_tblock_early,5,-8.794073530244402,1.5,"{""collision"": 6, ""success"": 2}","{""collision_rod_early"": 1, ""collision_tblock_early"": 5}","{""collision_rod_early"": 11.179950013885032, ""collision_rod_late"": 0.0, ""collision_rod_mid"": 0.0, ""collision_tblock_early"": 17.23268555774334, ""collision_tblock_late"": 0.0, ""collision_tblock_mid"": 0.0, ""fall"": 0.0, ""timeout"": 0.0}"
start_behavior_context,start_region=x_pos__y_pos|start_theta_bin=sector_4|path_angle_bin=sector_1|near_count_bin=1|far_count_bin=1|medhigh_count_bin=1,False,4,1,3,0.75,8.973697897317779,collision_tblock_early,3,-8.597290150382053,1.5,"{""collision"": 3, ""success"": 1}","{""collision_tblock_early"": 3}","{""collision_rod_early"": 0.0, ""collision_rod_late"": 0.0, ""collision_rod_mid"": 0.0, ""collision_tblock_early"": 20.67922266929201, ""collision_tblock_late"": 0.0, ""collision_tblock_mid"": 0.0, ""fall"": 0.0, ""timeout"": 0.0}"
start_behavior_context,start_region=x_pos__y_neg|start_theta_bin=sector_0|path_angle_bin=sector_7|near_count_bin=1|far_count_bin=1|medhigh_count_bin=1,False,4,1,3,0.75,8.973697897317779,collision_tblock_early,2,-9.939106963993511,2.5,"{""collision"": 3, ""success"": 1}","{""collision_rod_early"": 1, ""collision_tblock_early"": 2}","{""collision_rod_early"": 22.359900027770063, ""collision_rod_late"": 0.0, ""collision_rod_mid"": 0.0, ""collision_tblock_early"": 13.786148446194675, ""collision_tblock_late"": 0.0, ""collision_tblock_mid"": 0.0, ""fall"": 0.0, ""timeout"": 0.0}"
start_behavior_context,start_region=x_mid__y_pos|start_theta_bin=sector_7|path_angle_bin=sector_1|near_count_bin=0|far_count_bin=2|medhigh_count_bin=1,False,4,1,3,0.75,8.973697897317779,collision_tblock_early,3,-10.781923938313406,1.75,"{""collision"": 3, ""success"": 1}","{""collision_tblock_early"": 3}","{""collision_rod_early"": 0.0, ""collision_rod_late"": 0.0, ""collision_rod_mid"": 0.0, ""collision_tblock_early"": 20.67922266929201, ""collision_tblock_late"": 0.0, ""collision_tblock_mid"": 0.0, ""fall"": 0.0, ""timeout"": 0.0}"
start_behavior_context,start_region=x_pos__y_pos|start_theta_bin=sector_0|path_angle_bin=sector_1|near_count_bin=1|far_count_bin=1|medhigh_count_bin=1,False,10,3,7,0.7,8.375451370829929,collision_tblock_early,6,-9.113130217621345,1.9,"{""collision"": 7, ""success"": 3}","{""collision_rod_early"": 1, ""collision_tblock_early"": 6}","{""collision_rod_early"": 8.943960011108027, ""collision_rod_late"": 0.0, ""collision_rod_mid"": 0.0, ""collision_tblock_early"": 16.54337813543361, ""collision_tblock_late"": 0.0, ""collision_tblock_mid"": 0.0, ""fall"": 0.0, ""timeout"": 0.0}"
start_behavior_context,start_region=x_pos__y_pos|start_theta_bin=sector_7|path_angle_bin=sector_0|near_count_bin=1|far_count_bin=1|medhigh_count_bin=1,False,16,5,11,0.6875,8.225889739207965,collision_tblock_early,10,-9.230374008976774,2.0625,"{""collision"": 11, ""success"": 5}","{""collision_rod_mid"": 1, ""collision_tblock_early"": 10}","{""collision_rod_early"": 0.0, ""collision_rod_late"": 0.0, ""collision_rod_mid"": 44.04704595185996, ""collision_tblock_early"": 17.23268555774334, ""collision_tblock_late"": 0.0, ""collision_tblock_mid"": 0.0, ""fall"": 0.0, ""timeout"": 0.0}"
start_behavior_context,start_region=x_neg__y_pos|start_theta_bin=sector_1|path_angle_bin=sector_2|near_count_bin=1|far_count_bin=1|medhigh_count_bin=1,False,12,4,8,0.6666666666666666,7.97662035317136,collision_tblock_early,8,-7.8221168933597625,1.9166666666666667,"{""collision"": 8, ""success"": 4}","{""collision_tblock_early"": 8}","{""collision_rod_early"": 0.0, ""collision_rod_late"": 0.0, ""collision_rod_mid"": 0.0, ""collision_tblock_early"": 18.3815312615929, ""collision_tblock_late"": 0.0, ""collision_tblock_mid"": 0.0, ""fall"": 0.0, ""timeout"": 0.0}"
start_behavior_context,start_region=x_pos__y_mid|start_theta_bin=sector_6|path_angle_bin=sector_7|near_count_bin=0|far_count_bin=2|medhigh_count_bin=1,False,3,1,2,0.6666666666666666,7.97662035317136,collision_tblock_early,2,-7.949544071274626,2.0,"{""collision"": 2, ""success"": 1}","{""collision_tblock_early"": 2}","{""collision_rod_early"": 0.0, ""collision_rod_late"": 0.0, ""collision_rod_mid"": 0.0, ""collision_tblock_early"": 18.3815312615929, ""collision_tblock_late"": 0.0, ""collision_tblock_mid"": 0.0, ""fall"": 0.0, ""timeout"": 0.0}"
start_behavior_context,start_region=x_pos__y_pos|start_theta_bin=sector_6|path_angle_bin=sector_0|near_count_bin=0|far_count_bin=2|medhigh_count_bin=1,False,3,1,2,0.6666666666666666,7.97662035317136,collision_tblock_early,2,-7.709086932322975,1.3333333333333333,"{""collision"": 2, ""success"": 1}","{""collision_tblock_early"": 2}","{""collision_rod_early"": 0.0, ""collision_rod_late"": 0.0, ""collision_rod_mid"": 0.0, ""collision_tblock_early"": 18.3815312615929, ""collision_tblock_late"": 0.0, ""collision_tblock_mid"": 0.0, ""fall"": 0.0, ""timeout"": 0.0}"
start_behavior_context,start_region=x_pos__y_neg|start_theta_bin=sector_4|path_angle_bin=sector_6|near_count_bin=2|far_count_bin=0|medhigh_count_bin=0,False,3,1,2,0.6666666666666666,7.97662035317136,timeout,1,-6.032678093518467,4.0,"{""collision"": 1, ""success"": 1, ""timeout"": 1}","{""collision_tblock_early"": 1, ""timeout"": 1}","{""collision_rod_early"": 0.0, ""collision_rod_late"": 0.0, ""collision_rod_mid"": 0.0, ""collision_tblock_early"": 9.19076563079645, ""collision_tblock_late"": 0.0, ""collision_tblock_mid"": 0.0, ""fall"": 0.0, ""timeout"": 10.289182799821097}"
start_behavior_context,start_region=x_pos__y_neg|start_theta_bin=sector_6|path_angle_bin=sector_6|near_count_bin=2|far_count_bin=0|medhigh_count_bin=0,False,3,1,2,0.6666666666666666,7.97662035317136,collision_tblock_early,2,-8.632451794788858,2.0,"{""collision"": 2, ""success"": 1}","{""collision_tblock_early"": 2}","{""collision_rod_early"": 0.0, ""collision_rod_late"": 0.0, ""collision_rod_mid"": 0.0, ""collision_tblock_early"": 18.3815312615929, ""collision_tblock_late"": 0.0, ""collision_tblock_mid"": 0.0, ""fall"": 0.0, ""timeout"": 0.0}"
start_behavior_context,start_region=x_mid__y_pos|start_theta_bin=sector_7|path_angle_bin=sector_1|near_count_bin=1|far_count_bin=1|medhigh_count_bin=1,False,3,1,2,0.6666666666666666,7.97662035317136,collision_tblock_early,2,-10.282683413029266,2.0,"{""collision"": 2, ""success"": 1}","{""collision_tblock_early"": 2}","{""collision_rod_early"": 0.0, ""collision_rod_late"": 0.0, ""collision_rod_mid"": 0.0, ""collision_tblock_early"": 18.3815312615929, ""collision_tblock_late"": 0.0, ""collision_tblock_mid"": 0.0, ""fall"": 0.0, ""timeout"": 0.0}"
start_behavior_context,start_region=x_pos__y_pos|start_theta_bin=sector_7|path_angle_bin=sector_1|near_count_bin=1|far_count_bin=1|medhigh_count_bin=1,False,21,7,14,0.6666666666666666,7.976620353171359,collision_tblock_early,12,-8.920972778856399,2.142857142857143,"{""collision"": 13, ""success"": 7, ""timeout"": 1}","{""collision_rod_early"": 1, ""collision_tblock_early"": 12, ""timeout"": 1}","{""collision_rod_early"": 4.259028576718108, ""collision_rod_late"": 0.0, ""collision_rod_mid"": 0.0, ""collision_tblock_early"": 15.755598224222483, ""collision_tblock_late"": 0.0, ""collision_tblock_mid"": 0.0, ""fall"": 0.0, ""timeout"": 1.4698832571172995}"
start_behavior_context,start_region=x_pos__y_pos|start_theta_bin=sector_4|path_angle_bin=sector_0|near_count_bin=1|far_count_bin=1|medhigh_count_bin=1,False,9,3,6,0.6666666666666666,7.976620353171359,collision_tblock_early,6,-8.252056914699219,1.8888888888888888,"{""collision"": 6, ""success"": 3}","{""collision_tblock_early"": 6}","{""collision_rod_early"": 0.0, ""collision_rod_late"": 0.0, ""collision_rod_mid"": 0.0, ""collision_tblock_early"": 18.381531261592897, ""collision_tblock_late"": 0.0, ""collision_tblock_mid"": 0.0, ""fall"": 0.0, ""timeout"": 0.0}"
start_behavior_context,start_region=x_pos__y_pos|start_theta_bin=sector_6|path_angle_bin=sector_1|near_count_bin=1|far_count_bin=1|medhigh_count_bin=1,False,16,6,10,0.625,7.4780815810981505,collision_tblock_early,9,-9.768416174485855,2.375,"{""collision"": 9, ""success"": 6, ""timeout"": 1}","{""collision_tblock_early"": 9, ""timeout"": 1}","{""collision_rod_early"": 0.0, ""collision_rod_late"": 0.0, ""collision_rod_mid"": 0.0, ""collision_tblock_early"": 15.50941700196901, ""collision_tblock_late"": 0.0, ""collision_tblock_mid"": 0.0, ""fall"": 0.0, ""timeout"": 1.9292217749664557}"
start_behavior_context,start_region=x_pos__y_pos|start_theta_bin=sector_5|path_angle_bin=sector_0|near_count_bin=1|far_count_bin=1|medhigh_count_bin=1,False,18,7,11,0.6111111111111112,7.3119019904070806,collision_tblock_early,10,-7.594325915547529,1.7222222222222223,"{""collision"": 11, ""success"": 7}","{""collision_rod_early"": 1, ""collision_tblock_early"": 10}","{""collision_rod_early"": 4.968866672837792, ""collision_rod_late"": 0.0, ""collision_rod_mid"": 0.0, ""collision_tblock_early"": 15.317942717994082, ""collision_tblock_late"": 0.0, ""collision_tblock_mid"": 0.0, ""fall"": 0.0, ""timeout"": 0.0}"
start_behavior_context,start_region=x_neg__y_pos|start_theta_bin=sector_6|path_angle_bin=sector_3|near_count_bin=1|far_count_bin=1|medhigh_count_bin=1,False,5,2,3,0.6,7.1789583178542244,collision_tblock_early,3,-8.176751882547745,2.0,"{""collision"": 3, ""success"": 2}","{""collision_tblock_early"": 3}","{""collision_rod_early"": 0.0, ""collision_rod_late"": 0.0, ""collision_rod_mid"": 0.0, ""collision_tblock_early"": 16.54337813543361, ""collision_tblock_late"": 0.0, ""collision_tblock_mid"": 0.0, ""fall"": 0.0, ""timeout"": 0.0}"
start_behavior_context,start_region=x_neg__y_pos|start_theta_bin=sector_3|path_angle_bin=sector_2|near_count_bin=1|far_count_bin=1|medhigh_count_bin=1,False,5,2,3,0.6,7.1789583178542244,collision_tblock_early,3,-7.045146482178677,1.6,"{""collision"": 3, ""success"": 2}","{""collision_tblock_early"": 3}","{""collision_rod_early"": 0.0, ""collision_rod_late"": 0.0, ""collision_rod_mid"": 0.0, ""collision_tblock_early"": 16.54337813543361, ""collision_tblock_late"": 0.0, ""collision_tblock_mid"": 0.0, ""fall"": 0.0, ""timeout"": 0.0}"
start_behavior_context,start_region=x_pos__y_neg|start_theta_bin=sector_4|path_angle_bin=sector_6|near_count_bin=1|far_count_bin=1|medhigh_count_bin=1,False,12,5,7,0.5833333333333334,6.97954280902494,collision_tblock_early,6,-7.836118646800351,2.0,"{""collision"": 7, ""success"": 5}","{""collision_rod_early"": 1, ""collision_tblock_early"": 6}","{""collision_rod_early"": 7.453300009256688, ""collision_rod_late"": 0.0, ""collision_rod_mid"": 0.0, ""collision_tblock_early"": 13.786148446194675, ""collision_tblock_late"": 0.0, ""collision_tblock_mid"": 0.0, ""fall"": 0.0, ""timeout"": 0.0}"
start_behavior_context,start_region=x_pos__y_pos|start_theta_bin=sector_0|path_angle_bin=sector_0|near_count_bin=1|far_count_bin=1|medhigh_count_bin=1,False,18,8,10,0.5555555555555556,6.6471836276428,collision_tblock_early,10,-7.8619288945127215,1.9444444444444444,"{""collision"": 10, ""success"": 8}","{""collision_tblock_early"": 10}","{""collision_rod_early"": 0.0, ""collision_rod_late"": 0.0, ""collision_rod_mid"": 0.0, ""collision_tblock_early"": 15.317942717994082, ""collision_tblock_late"": 0.0, ""collision_tblock_mid"": 0.0, ""fall"": 0.0, ""timeout"": 0.0}"
start_behavior_context,start_region=x_pos__y_neg|start_theta_bin=sector_3|path_angle_bin=sector_7|near_count_bin=1|far_count_bin=1|medhigh_count_bin=1,False,9,4,5,0.5555555555555556,6.6471836276428,collision_tblock_early,5,-7.383271203532568,2.0,"{""collision"": 5, ""success"": 4}","{""collision_tblock_early"": 5}","{""collision_rod_early"": 0.0, ""collision_rod_late"": 0.0, ""collision_rod_mid"": 0.0, ""collision_tblock_early"": 15.317942717994082, ""collision_tblock_late"": 0.0, ""collision_tblock_mid"": 0.0, ""fall"": 0.0, ""timeout"": 0.0}"
start_behavior_context,start_region=x_pos__y_neg|start_theta_bin=sector_5|path_angle_bin=sector_7|near_count_bin=1|far_count_bin=1|medhigh_count_bin=1,False,13,6,7,0.5384615384615384,6.442654900638406,collision_tblock_early,7,-9.16467849622143,2.3846153846153846,"{""collision"": 7, ""success"": 6}","{""collision_tblock_early"": 7}","{""collision_rod_early"": 0.0, ""collision_rod_late"": 0.0, ""collision_rod_mid"": 0.0, ""collision_tblock_early"": 14.846621403594265, ""collision_tblock_late"": 0.0, ""collision_tblock_mid"": 0.0, ""fall"": 0.0, ""timeout"": 0.0}"
start_behavior_context,start_region=x_pos__y_pos|start_theta_bin=sector_6|path_angle_bin=sector_0|near_count_bin=1|far_count_bin=1|medhigh_count_bin=1,False,23,11,12,0.5217391304347826,6.24257245030802,collision_tblock_early,10,-7.701924819924715,2.1739130434782608,"{""collision"": 12, ""success"": 11}","{""collision_rod_early"": 2, ""collision_tblock_early"": 10}","{""collision_rod_early"": 7.777356531398283, ""collision_rod_late"": 0.0, ""collision_rod_mid"": 0.0, ""collision_tblock_early"": 11.987955170604064, ""collision_tblock_late"": 0.0, ""collision_tblock_mid"": 0.0, ""fall"": 0.0, ""timeout"": 0.0}"
start_behavior_context,start_region=x_pos__y_mid|start_theta_bin=sector_6|path_angle_bin=sector_0|near_count_bin=0|far_count_bin=2|medhigh_count_bin=1,False,8,4,4,0.5,5.9824652648785195,collision_tblock_early,4,-6.391745257425768,1.625,"{""collision"": 4, ""success"": 4}","{""collision_tblock_early"": 4}","{""collision_rod_early"": 0.0, ""collision_rod_late"": 0.0, ""collision_rod_mid"": 0.0, ""collision_tblock_early"": 13.786148446194675, ""collision_tblock_late"": 0.0, ""collision_tblock_mid"": 0.0, ""fall"": 0.0, ""timeout"": 0.0}"
start_behavior_context,start_region=x_pos__y_neg|start_theta_bin=sector_5|path_angle_bin=sector_7|near_count_bin=2|far_count_bin=0|medhigh_count_bin=0,False,4,2,2,0.5,5.9824652648785195,collision_tblock_early,2,-7.695250180901773,2.25,"{""collision"": 2, ""success"": 2}","{""collision_tblock_early"": 2}","{""collision_rod_early"": 0.0, ""collision_rod_late"": 0.0, ""collision_rod_mid"": 0.0, ""collision_tblock_early"": 13.786148446194675, ""collision_tblock_late"": 0.0, ""collision_tblock_mid"": 0.0, ""fall"": 0.0, ""timeout"": 0.0}"
start_behavior_context,start_region=x_mid__y_neg|start_theta_bin=sector_3|path_angle_bin=sector_5|near_count_bin=2|far_count_bin=0|medhigh_count_bin=0,False,2,1,1,0.5,5.9824652648785195,timeout,1,-6.830389875447432,7.0,"{""success"": 1, ""timeout"": 1}","{""timeout"": 1}","{""collision_rod_early"": 0.0, ""collision_rod_late"": 0.0, ""collision_rod_mid"": 0.0, ""collision_tblock_early"": 0.0, ""collision_tblock_late"": 0.0, ""collision_tblock_mid"": 0.0, ""fall"": 0.0, ""timeout"": 15.433774199731646}"
start_behavior_context,start_region=x_pos__y_neg|start_theta_bin=sector_6|path_angle_bin=sector_7|near_count_bin=2|far_count_bin=0|medhigh_count_bin=0,False,2,1,1,0.5,5.9824652648785195,timeout,1,-7.249670534604089,7.5,"{""success"": 1, ""timeout"": 1}","{""timeout"": 1}","{""collision_rod_early"": 0.0, ""collision_rod_late"": 0.0, ""collision_rod_mid"": 0.0, ""collision_tblock_early"": 0.0, ""collision_tblock_late"": 0.0, ""collision_tblock_mid"": 0.0, ""fall"": 0.0, ""timeout"": 15.433774199731646}"
start_behavior_context,start_region=x_pos__y_neg|start_theta_bin=sector_5|path_angle_bin=sector_6|near_count_bin=2|far_count_bin=0|medhigh_count_bin=0,False,2,1,1,0.5,5.9824652648785195,collision_tblock_early,1,-7.347625090536502,2.5,"{""collision"": 1, ""success"": 1}","{""collision_tblock_early"": 1}","{""collision_rod_early"": 0.0, ""collision_rod_late"": 0.0, ""collision_rod_mid"": 0.0, ""collision_tblock_early"": 13.786148446194675, ""collision_tblock_late"": 0.0, ""collision_tblock_mid"": 0.0, ""fall"": 0.0, ""timeout"": 0.0}"
start_behavior_context,start_region=x_neg__y_pos|start_theta_bin=sector_2|path_angle_bin=sector_2|near_count_bin=2|far_count_bin=0|medhigh_count_bin=0,False,2,1,1,0.5,5.9824652648785195,collision_tblock_early,1,-7.7824276077470165,4.0,"{""collision"": 1, ""success"": 1}","{""collision_tblock_early"": 1}","{""collision_rod_early"": 0.0, ""collision_rod_late"": 0.0, ""collision_rod_mid"": 0.0, ""collision_tblock_early"": 13.786148446194675, ""collision_tblock_late"": 0.0, ""collision_tblock_mid"": 0.0, ""fall"": 0.0, ""timeout"": 0.0}"
start_behavior_context,start_region=x_mid__y_pos|start_theta_bin=sector_1|path_angle_bin=sector_1|near_count_bin=0|far_count_bin=2|medhigh_count_bin=1,False,2,1,1,0.5,5.9824652648785195,collision_tblock_early,1,-6.395005231291875,2.0,"{""collision"": 1, ""success"": 1}","{""collision_tblock_early"": 1}","{""collision_rod_early"": 0.0, ""collision_rod_late"": 0.0, ""collision_rod_mid"": 0.0, ""collision_tblock_early"": 13.786148446194675, ""collision_tblock_late"": 0.0, ""collision_tblock_mid"": 0.0, ""fall"": 0.0, ""timeout"": 0.0}"
start_behavior_context,start_region=x_pos__y_neg|start_theta_bin=sector_0|path_angle_bin=sector_6|near_count_bin=1|far_count_bin=1|medhigh_count_bin=1,False,2,1,1,0.5,5.9824652648785195,collision_tblock_early,1,-7.068013008827618,2.0,"{""collision"": 1, ""success"": 1}","{""collision_tblock_early"": 1}","{""collision_rod_early"": 0.0, ""collision_rod_late"": 0.0, ""collision_rod_mid"": 0.0, ""collision_tblock_early"": 13.786148446194675, ""collision_tblock_late"": 0.0, ""collision_tblock_mid"": 0.0, ""fall"": 0.0, ""timeout"": 0.0}"
start_behavior_context,start_region=x_pos__y_neg|start_theta_bin=sector_6|path_angle_bin=sector_6|near_count_bin=1|far_count_bin=0|medhigh_count_bin=0,False,2,1,1,0.5,5.9824652648785195,collision_tblock_early,1,-6.934344019662127,2.0,"{""collision"": 1, ""success"": 1}","{""collision_tblock_early"": 1}","{""collision_rod_early"": 0.0, ""collision_rod_late"": 0.0, ""collision_rod_mid"": 0.0, ""collision_tblock_early"": 13.786148446194675, ""collision_tblock_late"": 0.0, ""collision_tblock_mid"": 0.0, ""fall"": 0.0, ""timeout"": 0.0}"
start_behavior_context,start_region=x_pos__y_neg|start_theta_bin=sector_2|path_angle_bin=sector_6|near_count_bin=1|far_count_bin=0|medhigh_count_bin=0,False,2,1,1,0.5,5.9824652648785195,timeout,1,-3.8927239819140196,5.5,"{""success"": 1, ""timeout"": 1}","{""timeout"": 1}","{""collision_rod_early"": 0.0, ""collision_rod_late"": 0.0, ""collision_rod_mid"": 0.0, ""collision_tblock_early"": 0.0, ""collision_tblock_late"": 0.0, ""collision_tblock_mid"": 0.0, ""fall"": 0.0, ""timeout"": 15.433774199731646}"
start_behavior_context,start_region=x_pos__y_pos|start_theta_bin=sector_1|path_angle_bin=sector_1|near_count_bin=0|far_count_bin=2|medhigh_count_bin=1,False,2,1,1,0.5,5.9824652648785195,collision_tblock_early,1,-6.160485144941681,2.0,"{""collision"": 1, ""success"": 1}","{""collision_tblock_early"": 1}","{""collision_rod_early"": 0.0, ""collision_rod_late"": 0.0, ""collision_rod_mid"": 0.0, ""collision_tblock_early"": 13.786148446194675, ""collision_tblock_late"": 0.0, ""collision_tblock_mid"": 0.0, ""fall"": 0.0, ""timeout"": 0.0}"
start_behavior_context,start_region=x_mid__y_pos|start_theta_bin=sector_0|path_angle_bin=sector_2|near_count_bin=0|far_count_bin=2|medhigh_count_bin=1,False,2,1,1,0.5,5.9824652648785195,collision_tblock_early,1,-12.735155613046476,3.0,"{""collision"": 1, ""success"": 1}","{""collision_tblock_early"": 1}","{""collision_rod_early"": 0.0, ""collision_rod_late"": 0.0, ""collision_rod_mid"": 0.0, ""collision_tblock_early"": 13.786148446194675, ""collision_tblock_late"": 0.0, ""collision_tblock_mid"": 0.0, ""fall"": 0.0, ""timeout"": 0.0}"
start_behavior_context,start_region=x_pos__y_neg|start_theta_bin=sector_5|path_angle_bin=sector_7|near_count_bin=1|far_count_bin=0|medhigh_count_bin=1,False,2,1,1,0.5,5.9824652648785195,collision_tblock_early,1,-8.47706529992868,3.5,"{""collision"": 1, ""success"": 1}","{""collision_tblock_early"": 1}","{""collision_rod_early"": 0.0, ""collision_rod_late"": 0.0, ""collision_rod_mid"": 0.0, ""collision_tblock_early"": 13.786148446194675, ""collision_tblock_late"": 0.0, ""collision_tblock_mid"": 0.0, ""fall"": 0.0, ""timeout"": 0.0}"
start_behavior_context,start_region=x_neg__y_pos|start_theta_bin=sector_1|path_angle_bin=sector_2|near_count_bin=2|far_count_bin=0|medhigh_count_bin=1,False,2,1,1,0.5,5.9824652648785195,collision_tblock_early,1,-6.097536363403934,1.5,"{""collision"": 1, ""success"": 1}","{""collision_tblock_early"": 1}","{""collision_rod_early"": 0.0, ""collision_rod_late"": 0.0, ""collision_rod_mid"": 0.0, ""collision_tblock_early"": 13.786148446194675, ""collision_tblock_late"": 0.0, ""collision_tblock_mid"": 0.0, ""fall"": 0.0, ""timeout"": 0.0}"
start_behavior_context,start_region=x_mid__y_neg|start_theta_bin=sector_3|path_angle_bin=sector_6|near_count_bin=1|far_count_bin=0|medhigh_count_bin=0,False,2,1,1,0.5,5.9824652648785195,timeout,1,-3.5309613473007952,6.0,"{""success"": 1, ""timeout"": 1}","{""timeout"": 1}","{""collision_rod_early"": 0.0, ""collision_rod_late"": 0.0, ""collision_rod_mid"": 0.0, ""collision_tblock_early"": 0.0, ""collision_tblock_late"": 0.0, ""collision_tblock_mid"": 0.0, ""fall"": 0.0, ""timeout"": 15.433774199731646}"
start_behavior_context,start_region=x_mid__y_neg|start_theta_bin=sector_3|path_angle_bin=sector_5|near_count_bin=0|far_count_bin=2|medhigh_count_bin=1,False,2,1,1,0.5,5.9824652648785195,collision_rod_early,1,-8.691790031518192,2.5,"{""collision"": 1, ""success"": 1}","{""collision_rod_early"": 1}","{""collision_rod_early"": 44.71980005554013, ""collision_rod_late"": 0.0, ""collision_rod_mid"": 0.0, ""collision_tblock_early"": 0.0, ""collision_tblock_late"": 0.0, ""collision_tblock_mid"": 0.0, ""fall"": 0.0, ""timeout"": 0.0}"
start_behavior_context,start_region=x_pos__y_neg|start_theta_bin=sector_3|path_angle_bin=sector_7|near_count_bin=2|far_count_bin=0|medhigh_count_bin=0,False,2,1,1,0.5,5.9824652648785195,collision_tblock_early,1,-5.723973404487497,1.5,"{""collision"": 1, ""success"": 1}","{""collision_tblock_early"": 1}","{""collision_rod_early"": 0.0, ""collision_rod_late"": 0.0, ""collision_rod_mid"": 0.0, ""collision_tblock_early"": 13.786148446194675, ""collision_tblock_late"": 0.0, ""collision_tblock_mid"": 0.0, ""fall"": 0.0, ""timeout"": 0.0}"
start_behavior_context,start_region=x_pos__y_mid|start_theta_bin=sector_4|path_angle_bin=sector_7|near_count_bin=1|far_count_bin=1|medhigh_count_bin=1,False,2,1,1,0.5,5.9824652648785195,collision_tblock_early,1,-6.408075100239862,1.5,"{""collision"": 1, ""success"": 1}","{""collision_tblock_early"": 1}","{""collision_rod_early"": 0.0, ""collision_rod_late"": 0.0, ""collision_rod_mid"": 0.0, ""collision_tblock_early"": 13.786148446194675, ""collision_tblock_late"": 0.0, ""collision_tblock_mid"": 0.0, ""fall"": 0.0, ""timeout"": 0.0}"
start_behavior_context,start_region=x_neg__y_pos|start_theta_bin=sector_4|path_angle_bin=sector_2|near_count_bin=1|far_count_bin=0|medhigh_count_bin=0,False,2,1,1,0.5,5.9824652648785195,collision_tblock_early,1,-8.057756075296979,3.0,"{""collision"": 1, ""success"": 1}","{""collision_tblock_early"": 1}","{""collision_rod_early"": 0.0, ""collision_rod_late"": 0.0, ""collision_rod_mid"": 0.0, ""collision_tblock_early"": 13.786148446194675, ""collision_tblock_late"": 0.0, ""collision_tblock_mid"": 0.0, ""fall"": 0.0, ""timeout"": 0.0}"
start_behavior_context,start_region=x_pos__y_pos|start_theta_bin=sector_6|path_angle_bin=sector_1|near_count_bin=0|far_count_bin=2|medhigh_count_bin=1,False,2,1,1,0.5,5.9824652648785195,collision_tblock_early,1,-8.558074967828896,2.0,"{""collision"": 1, ""success"": 1}","{""collision_tblock_early"": 1}","{""collision_rod_early"": 0.0, ""collision_rod_late"": 0.0, ""collision_rod_mid"": 0.0, ""collision_tblock_early"": 13.786148446194675, ""collision_tblock_late"": 0.0, ""collision_tblock_mid"": 0.0, ""fall"": 0.0, ""timeout"": 0.0}"
start_behavior_context,start_region=x_pos__y_pos|start_theta_bin=sector_3|path_angle_bin=sector_0|near_count_bin=0|far_count_bin=2|medhigh_count_bin=1,False,2,1,1,0.5,5.9824652648785195,collision_tblock_early,1,-6.979366678559412,2.5,"{""collision"": 1, ""success"": 1}","{""collision_tblock_early"": 1}","{""collision_rod_early"": 0.0, ""collision_rod_late"": 0.0, ""collision_rod_mid"": 0.0, ""collision_tblock_early"": 13.786148446194675, ""collision_tblock_late"": 0.0, ""collision_tblock_mid"": 0.0, ""fall"": 0.0, ""timeout"": 0.0}"
start_behavior_context,start_region=x_pos__y_pos|start_theta_bin=sector_5|path_angle_bin=sector_1|near_count_bin=0|far_count_bin=2|medhigh_count_bin=1,False,2,1,1,0.5,5.9824652648785195,collision_tblock_early,1,-6.616125628341926,2.5,"{""collision"": 1, ""success"": 1}","{""collision_tblock_early"": 1}","{""collision_rod_early"": 0.0, ""collision_rod_late"": 0.0, ""collision_rod_mid"": 0.0, ""collision_tblock_early"": 13.786148446194675, ""collision_tblock_late"": 0.0, ""collision_tblock_mid"": 0.0, ""fall"": 0.0, ""timeout"": 0.0}"
start_behavior_context,start_region=x_pos__y_neg|start_theta_bin=sector_3|path_angle_bin=sector_6|near_count_bin=1|far_count_bin=1|medhigh_count_bin=1,False,12,7,5,0.4166666666666667,4.9853877207321,collision_tblock_early,5,-6.52314969042455,2.3333333333333335,"{""collision"": 5, ""success"": 7}","{""collision_tblock_early"": 5}","{""collision_rod_early"": 0.0, ""collision_rod_late"": 0.0, ""collision_rod_mid"": 0.0, ""collision_tblock_early"": 11.488457038495563, ""collision_tblock_late"": 0.0, ""collision_tblock_mid"": 0.0, ""fall"": 0.0, ""timeout"": 0.0}"
start_behavior_context,start_region=x_neg__y_neg|start_theta_bin=sector_6|path_angle_bin=sector_5|near_count_bin=1|far_count_bin=0|medhigh_count_bin=0,False,5,3,2,0.4,4.785972211902816,timeout,2,-9.556379844892126,6.6,"{""success"": 3, ""timeout"": 2}","{""timeout"": 2}","{""collision_rod_early"": 0.0, ""collision_rod_late"": 0.0, ""collision_rod_mid"": 0.0, ""collision_tblock_early"": 0.0, ""collision_tblock_late"": 0.0, ""collision_tblock_mid"": 0.0, ""fall"": 0.0, ""timeout"": 12.347019359785318}"
start_behavior_context,start_region=x_pos__y_pos|start_theta_bin=sector_7|path_angle_bin=sector_0|near_count_bin=1|far_count_bin=1|medhigh_count_bin=0,False,72,45,27,0.375,4.48684894865889,collision_tblock_early,20,-7.317221814693265,3.138888888888889,"{""collision"": 23, ""success"": 45, ""timeout"": 4}","{""collision_rod_early"": 3, ""collision_tblock_early"": 20, ""timeout"": 4}","{""collision_rod_early"": 3.7266500046283437, ""collision_rod_late"": 0.0, ""collision_rod_mid"": 0.0, ""collision_tblock_early"": 7.658971358997041, ""collision_tblock_late"": 0.0, ""collision_tblock_mid"": 0.0, ""fall"": 0.0, ""timeout"": 1.7148637999701828}"
start_behavior_context,start_region=x_pos__y_neg|start_theta_bin=sector_4|path_angle_bin=sector_7|near_count_bin=1|far_count_bin=1|medhigh_count_bin=1,False,12,8,4,0.3333333333333333,3.98831017658568,collision_tblock_early,4,-5.899966650516347,2.6666666666666665,"{""collision"": 4, ""success"": 8}","{""collision_tblock_early"": 4}","{""collision_rod_early"": 0.0, ""collision_rod_late"": 0.0, ""collision_rod_mid"": 0.0, ""collision_tblock_early"": 9.19076563079645, ""collision_tblock_late"": 0.0, ""collision_tblock_mid"": 0.0, ""fall"": 0.0, ""timeout"": 0.0}"
start_behavior_context,start_region=x_mid__y_neg|start_theta_bin=sector_6|path_angle_bin=sector_5|near_count_bin=1|far_count_bin=0|medhigh_count_bin=0,False,3,2,1,0.3333333333333333,3.98831017658568,fall,1,-21.539883737786756,6.666666666666667,"{""fall"": 1, ""success"": 2}","{""fall"": 1}","{""collision_rod_early"": 0.0, ""collision_rod_late"": 0.0, ""collision_rod_mid"": 0.0, ""collision_tblock_early"": 0.0, ""collision_tblock_late"": 0.0, ""collision_tblock_mid"": 0.0, ""fall"": 268.3933333333334, ""timeout"": 0.0}"
start_behavior_context,start_region=x_pos__y_neg|start_theta_bin=sector_2|path_angle_bin=sector_7|near_count_bin=2|far_count_bin=0|medhigh_count_bin=0,False,3,2,1,0.3333333333333333,3.98831017658568,collision_rod_mid,1,-7.830382036531248,3.3333333333333335,"{""collision"": 1, ""success"": 2}","{""collision_rod_mid"": 1}","{""collision_rod_early"": 0.0, ""collision_rod_late"": 0.0, ""collision_rod_mid"": 234.91757840991977, ""collision_tblock_early"": 0.0, ""collision_tblock_late"": 0.0, ""collision_tblock_mid"": 0.0, ""fall"": 0.0, ""timeout"": 0.0}"
start_behavior_context,start_region=x_pos__y_pos|start_theta_bin=sector_7|path_angle_bin=sector_0|near_count_bin=0|far_count_bin=2|medhigh_count_bin=1,False,3,2,1,0.3333333333333333,3.98831017658568,collision_tblock_early,1,-5.685390701597226,2.0,"{""collision"": 1, ""success"": 2}","{""collision_tblock_early"": 1}","{""collision_rod_early"": 0.0, ""collision_rod_late"": 0.0, ""collision_rod_mid"": 0.0, ""collision_tblock_early"": 9.19076563079645, ""collision_tblock_late"": 0.0, ""collision_tblock_mid"": 0.0, ""fall"": 0.0, ""timeout"": 0.0}"
start_behavior_context,start_region=x_pos__y_neg|start_theta_bin=sector_0|path_angle_bin=sector_6|near_count_bin=2|far_count_bin=0|medhigh_count_bin=0,False,3,2,1,0.3333333333333333,3.98831017658568,collision_tblock_early,1,-4.648574517141101,2.0,"{""collision"": 1, ""success"": 2}","{""collision_tblock_early"": 1}","{""collision_rod_early"": 0.0, ""collision_rod_late"": 0.0, ""collision_rod_mid"": 0.0, ""collision_tblock_early"": 9.19076563079645, ""collision_tblock_late"": 0.0, ""collision_tblock_mid"": 0.0, ""fall"": 0.0, ""timeout"": 0.0}"
start_behavior_context,start_region=x_neg__y_pos|start_theta_bin=sector_3|path_angle_bin=sector_3|near_count_bin=1|far_count_bin=0|medhigh_count_bin=0,False,3,2,1,0.3333333333333333,3.98831017658568,collision_tblock_early,1,-4.65953345860845,2.0,"{""collision"": 1, ""success"": 2}","{""collision_tblock_early"": 1}","{""collision_rod_early"": 0.0, ""collision_rod_late"": 0.0, ""collision_rod_mid"": 0.0, ""collision_tblock_early"": 9.19076563079645, ""collision_tblock_late"": 0.0, ""collision_tblock_mid"": 0.0, ""fall"": 0.0, ""timeout"": 0.0}"
start_behavior_context,start_region=x_neg__y_mid|start_theta_bin=sector_6|path_angle_bin=sector_4|near_count_bin=1|far_count_bin=0|medhigh_count_bin=0,False,3,2,1,0.3333333333333333,3.98831017658568,collision_tblock_early,1,-7.073622278341053,2.6666666666666665,"{""collision"": 1, ""success"": 2}","{""collision_tblock_early"": 1}","{""collision_rod_early"": 0.0, ""collision_rod_late"": 0.0, ""collision_rod_mid"": 0.0, ""collision_tblock_early"": 9.19076563079645, ""collision_tblock_late"": 0.0, ""collision_tblock_mid"": 0.0, ""fall"": 0.0, ""timeout"": 0.0}"
start_behavior_context,start_region=x_mid__y_pos|start_theta_bin=sector_0|path_angle_bin=sector_1|near_count_bin=0|far_count_bin=2|medhigh_count_bin=1,False,3,2,1,0.3333333333333333,3.98831017658568,collision_tblock_early,1,-5.064832519741301,2.0,"{""collision"": 1, ""success"": 2}","{""collision_tblock_early"": 1}","{""collision_rod_early"": 0.0, ""collision_rod_late"": 0.0, ""collision_rod_mid"": 0.0, ""collision_tblock_early"": 9.19076563079645, ""collision_tblock_late"": 0.0, ""collision_tblock_mid"": 0.0, ""fall"": 0.0, ""timeout"": 0.0}"
start_behavior_context,start_region=x_neg__y_pos|start_theta_bin=sector_5|path_angle_bin=sector_3|near_count_bin=1|far_count_bin=0|medhigh_count_bin=0,False,3,2,1,0.3333333333333333,3.98831017658568,collision_tblock_early,1,-6.359082363642628,3.0,"{""collision"": 1, ""success"": 2}","{""collision_tblock_early"": 1}","{""collision_rod_early"": 0.0, ""collision_rod_late"": 0.0, ""collision_rod_mid"": 0.0, ""collision_tblock_early"": 9.19076563079645, ""collision_tblock_late"": 0.0, ""collision_tblock_mid"": 0.0, ""fall"": 0.0, ""timeout"": 0.0}"
start_behavior_context,start_region=x_neg__y_pos|start_theta_bin=sector_6|path_angle_bin=sector_3|near_count_bin=2|far_count_bin=0|medhigh_count_bin=0,False,3,2,1,0.3333333333333333,3.98831017658568,collision_tblock_early,1,-6.131074129618906,2.3333333333333335,"{""collision"": 1, ""success"": 2}","{""collision_tblock_early"": 1}","{""collision_rod_early"": 0.0, ""collision_rod_late"": 0.0, ""collision_rod_mid"": 0.0, ""collision_tblock_early"": 9.19076563079645, ""collision_tblock_late"": 0.0, ""collision_tblock_mid"": 0.0, ""fall"": 0.0, ""timeout"": 0.0}"
start_behavior_context,start_region=x_pos__y_pos|start_theta_bin=sector_0|path_angle_bin=sector_1|near_count_bin=0|far_count_bin=2|medhigh_count_bin=1,False,3,2,1,0.3333333333333333,3.98831017658568,collision_tblock_early,1,-5.0849399776763855,2.0,"{""collision"": 1, ""success"": 2}","{""collision_tblock_early"": 1}","{""collision_rod_early"": 0.0, ""collision_rod_late"": 0.0, ""collision_rod_mid"": 0.0, ""collision_tblock_early"": 9.19076563079645, ""collision_tblock_late"": 0.0, ""collision_tblock_mid"": 0.0, ""fall"": 0.0, ""timeout"": 0.0}"
start_behavior_context,start_region=x_neg__y_pos|start_theta_bin=sector_1|path_angle_bin=sector_2|near_count_bin=2|far_count_bin=0|medhigh_count_bin=0,False,3,2,1,0.3333333333333333,3.98831017658568,collision_tblock_early,1,-4.638859736532217,1.6666666666666667,"{""collision"": 1, ""success"": 2}","{""collision_tblock_early"": 1}","{""collision_rod_early"": 0.0, ""collision_rod_late"": 0.0, ""collision_rod_mid"": 0.0, ""collision_tblock_early"": 9.19076563079645, ""collision_tblock_late"": 0.0, ""collision_tblock_mid"": 0.0, ""fall"": 0.0, ""timeout"": 0.0}"
start_behavior_context,start_region=x_pos__y_pos|start_theta_bin=sector_5|path_angle_bin=sector_0|near_count_bin=1|far_count_bin=1|medhigh_count_bin=0,False,64,44,20,0.3125,3.7390407905490752,collision_tblock_early,19,-5.841350722925791,2.546875,"{""collision"": 19, ""success"": 44, ""timeout"": 1}","{""collision_tblock_early"": 19, ""timeout"": 1}","{""collision_rod_early"": 0.0, ""collision_rod_late"": 0.0, ""collision_rod_mid"": 0.0, ""collision_tblock_early"": 8.185525639928088, ""collision_tblock_late"": 0.0, ""collision_tblock_mid"": 0.0, ""fall"": 0.0, ""timeout"": 0.48230544374161394}"
start_behavior_context,start_region=x_pos__y_pos|start_theta_bin=sector_1|path_angle_bin=sector_1|near_count_bin=1|far_count_bin=1|medhigh_count_bin=0,False,81,59,22,0.2716049382716049,3.2497342179587023,collision_tblock_early,14,-5.779288870235263,3.1481481481481484,"{""collision"": 17, ""success"": 59, ""timeout"": 5}","{""collision_rod_early"": 3, ""collision_tblock_early"": 14, ""timeout"": 5}","{""collision_rod_early"": 3.312577781891861, ""collision_rod_late"": 0.0, ""collision_rod_mid"": 0.0, ""collision_tblock_early"": 4.765582178931492, ""collision_tblock_late"": 0.0, ""collision_tblock_mid"": 0.0, ""fall"": 0.0, ""timeout"": 1.9054042221890921}"
start_behavior_context,start_region=x_pos__y_pos|start_theta_bin=sector_5|path_angle_bin=sector_1|near_count_bin=1|far_count_bin=1|medhigh_count_bin=0,False,85,62,23,0.27058823529411763,3.23756943746367,collision_tblock_early,13,-7.197435700591364,2.9176470588235293,"{""collision"": 20, ""fall"": 1, ""success"": 62, ""timeout"": 2}","{""collision_rod_early"": 7, ""collision_tblock_early"": 13, ""fall"": 1, ""timeout"": 2}","{""collision_rod_early"": 7.365614126794845, ""collision_rod_late"": 0.0, ""collision_rod_mid"": 0.0, ""collision_tblock_early"": 4.216939524718371, ""collision_tblock_late"": 0.0, ""collision_tblock_mid"": 0.0, ""fall"": 9.472705882352942, ""timeout"": 0.7262952564579599}"
start_behavior_context,start_region=x_pos__y_pos|start_theta_bin=sector_0|path_angle_bin=sector_0|near_count_bin=1|far_count_bin=1|medhigh_count_bin=0,False,78,58,20,0.2564102564102564,3.067930905065908,collision_tblock_early,10,-6.433348548211691,3.41025641025641,"{""collision"": 13, ""success"": 58, ""timeout"": 7}","{""collision_rod_early"": 3, ""collision_tblock_early"": 10, ""timeout"": 7}","{""collision_rod_early"": 3.439984619656933, ""collision_rod_late"": 0.0, ""collision_rod_mid"": 0.0, ""collision_tblock_early"": 3.5349098579986347, ""collision_tblock_late"": 0.0, ""collision_tblock_mid"": 0.0, ""fall"": 0.0, ""timeout"": 2.770164599951834}"
start_behavior_context,start_region=x_pos__y_pos|start_theta_bin=sector_6|path_angle_bin=sector_1|near_count_bin=1|far_count_bin=1|medhigh_count_bin=0,False,64,48,16,0.25,2.9912326324392597,collision_tblock_early,12,-6.227089429583707,2.8125,"{""collision"": 14, ""fall"": 1, ""success"": 48, ""timeout"": 1}","{""collision_rod_early"": 2, ""collision_tblock_early"": 12, ""fall"": 1, ""timeout"": 1}","{""collision_rod_early"": 2.794987503471258, ""collision_rod_late"": 0.0, ""collision_rod_mid"": 0.0, ""collision_tblock_early"": 5.169805667323002, ""collision_tblock_late"": 0.0, ""collision_tblock_mid"": 0.0, ""fall"": 12.5809375, ""timeout"": 0.48230544374161394}"
start_behavior_context,start_region=x_neg__y_pos|start_theta_bin=sector_3|path_angle_bin=sector_3|near_count_bin=2|far_count_bin=0|medhigh_count_bin=0,False,4,3,1,0.25,2.9912326324392597,collision_rod_early,1,-4.1188728905170535,2.25,"{""collision"": 1, ""success"": 3}","{""collision_rod_early"": 1}","{""collision_rod_early"": 22.359900027770063, ""collision_rod_late"": 0.0, ""collision_rod_mid"": 0.0, ""collision_tblock_early"": 0.0, ""collision_tblock_late"": 0.0, ""collision_tblock_mid"": 0.0, ""fall"": 0.0, ""timeout"": 0.0}"
start_behavior_context,start_region=x_pos__y_mid|start_theta_bin=sector_2|path_angle_bin=sector_7|near_count_bin=1|far_count_bin=0|medhigh_count_bin=0,False,4,3,1,0.25,2.9912326324392597,collision_rod_mid,1,-5.217823689538934,3.0,"{""collision"": 1, ""success"": 3}","{""collision_rod_mid"": 1}","{""collision_rod_early"": 0.0, ""collision_rod_late"": 0.0, ""collision_rod_mid"": 176.18818380743983, ""collision_tblock_early"": 0.0, ""collision_tblock_late"": 0.0, ""collision_tblock_mid"": 0.0, ""fall"": 0.0, ""timeout"": 0.0}"
start_behavior_context,start_region=x_pos__y_pos|start_theta_bin=sector_7|path_angle_bin=sector_1|near_count_bin=0|far_count_bin=2|medhigh_count_bin=1,False,4,3,1,0.25,2.9912326324392597,collision_tblock_early,1,-5.211960566070373,3.0,"{""collision"": 1, ""success"": 3}","{""collision_tblock_early"": 1}","{""collision_rod_early"": 0.0, ""collision_rod_late"": 0.0, ""collision_rod_mid"": 0.0, ""collision_tblock_early"": 6.893074223097337, ""collision_tblock_late"": 0.0, ""collision_tblock_mid"": 0.0, ""fall"": 0.0, ""timeout"": 0.0}"
start_behavior_context,start_region=x_neg__y_pos|start_theta_bin=sector_7|path_angle_bin=sector_3|near_count_bin=1|far_count_bin=0|medhigh_count_bin=0,False,4,3,1,0.25,2.9912326324392597,collision_tblock_early,1,-4.991929819373589,2.25,"{""collision"": 1, ""success"": 3}","{""collision_tblock_early"": 1}","{""collision_rod_early"": 0.0, ""collision_rod_late"": 0.0, ""collision_rod_mid"": 0.0, ""collision_tblock_early"": 6.893074223097337, ""collision_tblock_late"": 0.0, ""collision_tblock_mid"": 0.0, ""fall"": 0.0, ""timeout"": 0.0}"
start_behavior_context,start_region=x_pos__y_mid|start_theta_bin=sector_5|path_angle_bin=sector_0|near_count_bin=0|far_count_bin=2|medhigh_count_bin=1,False,4,3,1,0.25,2.9912326324392597,collision_tblock_early,1,-4.381140751673441,2.0,"{""collision"": 1, ""success"": 3}","{""collision_tblock_early"": 1}","{""collision_rod_early"": 0.0, ""collision_rod_late"": 0.0, ""collision_rod_mid"": 0.0, ""collision_tblock_early"": 6.893074223097337, ""collision_tblock_late"": 0.0, ""collision_tblock_mid"": 0.0, ""fall"": 0.0, ""timeout"": 0.0}"
start_behavior_context,start_region=x_pos__y_pos|start_theta_bin=sector_1|path_angle_bin=sector_0|near_count_bin=1|far_count_bin=1|medhigh_count_bin=0,False,75,57,18,0.24,2.87158332714169,collision_tblock_early,13,-4.815059811882854,3.12,"{""collision"": 13, ""success"": 57, ""timeout"": 5}","{""collision_tblock_early"": 13, ""timeout"": 5}","{""collision_rod_early"": 0.0, ""collision_rod_late"": 0.0, ""collision_rod_mid"": 0.0, ""collision_tblock_early"": 4.779198128014154, ""collision_tblock_late"": 0.0, ""collision_tblock_mid"": 0.0, ""fall"": 0.0, ""timeout"": 2.05783655996422}"
start_behavior_context,start_region=x_pos__y_pos|start_theta_bin=sector_5|path_angle_bin=sector_1|near_count_bin=0|far_count_bin=1|medhigh_count_bin=0,False,21,16,5,0.23809523809523808,2.8487929832754855,timeout,2,-7.035174016439687,3.9047619047619047,"{""collision"": 3, ""success"": 16, ""timeout"": 2}","{""collision_rod_early"": 1, ""collision_tblock_early"": 2, ""timeout"": 2}","{""collision_rod_early"": 4.259028576718108, ""collision_rod_late"": 0.0, ""collision_rod_mid"": 0.0, ""collision_tblock_early"": 2.625933037370414, ""collision_tblock_late"": 0.0, ""collision_tblock_mid"": 0.0, ""fall"": 0.0, ""timeout"": 2.939766514234599}"
start_behavior_context,start_region=x_pos__y_pos|start_theta_bin=sector_2|path_angle_bin=sector_0|near_count_bin=0|far_count_bin=1|medhigh_count_bin=0,False,44,34,10,0.22727272727272727,2.7193023931266,collision_rod_early,10,-3.6701186381017465,2.159090909090909,"{""collision"": 10, ""success"": 34}","{""collision_rod_early"": 10}","{""collision_rod_early"": 20.327181843427333, ""collision_rod_late"": 0.0, ""collision_rod_mid"": 0.0, ""collision_tblock_early"": 0.0, ""collision_tblock_late"": 0.0, ""collision_tblock_mid"": 0.0, ""fall"": 0.0, ""timeout"": 0.0}"
start_behavior_context,start_region=x_pos__y_pos|start_theta_bin=sector_0|path_angle_bin=sector_1|near_count_bin=0|far_count_bin=1|medhigh_count_bin=0,False,22,17,5,0.22727272727272727,2.7193023931266,timeout,2,-5.304134790520133,3.227272727272727,"{""collision"": 3, ""success"": 17, ""timeout"": 2}","{""collision_rod_early"": 2, ""collision_tblock_early"": 1, ""timeout"": 2}","{""collision_rod_early"": 8.130872737370932, ""collision_rod_late"": 0.0, ""collision_rod_mid"": 0.0, ""collision_tblock_early"": 1.2532862223813341, ""collision_tblock_late"": 0.0, ""collision_tblock_mid"": 0.0, ""fall"": 0.0, ""timeout"": 2.806140763587572}"
start_behavior_context,start_region=x_pos__y_pos|start_theta_bin=sector_7|path_angle_bin=sector_1|near_count_bin=1|far_count_bin=1|medhigh_count_bin=0,False,72,56,16,0.2222222222222222,2.65887345105712,collision_tblock_early,13,-6.195783832701046,3.0972222222222223,"{""collision"": 13, ""success"": 56, ""timeout"": 3}","{""collision_tblock_early"": 13, ""timeout"": 3}","{""collision_rod_early"": 0.0, ""collision_rod_late"": 0.0, ""collision_rod_mid"": 0.0, ""collision_tblock_early"": 4.978331383348077, ""collision_tblock_late"": 0.0, ""collision_tblock_mid"": 0.0, ""fall"": 0.0, ""timeout"": 1.286147849977637}"
start_behavior_context,start_region=x_pos__y_pos|start_theta_bin=sector_0|path_angle_bin=sector_1|near_count_bin=1|far_count_bin=1|medhigh_count_bin=0,False,64,50,14,0.21875,2.617328553384352,collision_tblock_early,13,-5.546094561273294,2.9375,"{""collision"": 13, ""success"": 50, ""timeout"": 1}","{""collision_tblock_early"": 13, ""timeout"": 1}","{""collision_rod_early"": 0.0, ""collision_rod_late"": 0.0, ""collision_rod_mid"": 0.0, ""collision_tblock_early"": 5.600622806266586, ""collision_tblock_late"": 0.0, ""collision_tblock_mid"": 0.0, ""fall"": 0.0, ""timeout"": 0.48230544374161394}"
start_behavior_context,start_region=x_pos__y_pos|start_theta_bin=sector_6|path_angle_bin=sector_0|near_count_bin=1|far_count_bin=1|medhigh_count_bin=0,False,74,58,16,0.21621621621621623,2.587012006433955,collision_tblock_early,10,-6.482909584310966,3.189189189189189,"{""collision"": 15, ""success"": 58, ""timeout"": 1}","{""collision_rod_early"": 5, ""collision_tblock_early"": 10, ""timeout"": 1}","{""collision_rod_early"": 6.043216223721639, ""collision_rod_late"": 0.0, ""collision_rod_mid"": 0.0, ""collision_tblock_early"": 3.725986066539101, ""collision_tblock_late"": 0.0, ""collision_tblock_mid"": 0.0, ""fall"": 0.0, ""timeout"": 0.4171290324251796}"
start_behavior_context,start_region=x_neg__y_pos|start_theta_bin=sector_5|path_angle_bin=sector_2|near_count_bin=1|far_count_bin=0|medhigh_count_bin=0,False,5,4,1,0.2,2.392986105951408,timeout,1,-4.077712989890943,5.0,"{""success"": 4, ""timeout"": 1}","{""timeout"": 1}","{""collision_rod_early"": 0.0, ""collision_rod_late"": 0.0, ""collision_rod_mid"": 0.0, ""collision_tblock_early"": 0.0, ""collision_tblock_late"": 0.0, ""collision_tblock_mid"": 0.0, ""fall"": 0.0, ""timeout"": 6.173509679892659}"
start_behavior_context,start_region=x_neg__y_neg|start_theta_bin=sector_4|path_angle_bin=sector_4|near_count_bin=2|far_count_bin=0|medhigh_count_bin=0,False,5,4,1,0.2,2.392986105951408,collision_tblock_early,1,-3.8837129015879754,2.6,"{""collision"": 1, ""success"": 4}","{""collision_tblock_early"": 1}","{""collision_rod_early"": 0.0, ""collision_rod_late"": 0.0, ""collision_rod_mid"": 0.0, ""collision_tblock_early"": 5.514459378477871, ""collision_tblock_late"": 0.0, ""collision_tblock_mid"": 0.0, ""fall"": 0.0, ""timeout"": 0.0}"
start_behavior_context,start_region=x_neg__y_neg|start_theta_bin=sector_6|path_angle_bin=sector_4|near_count_bin=1|far_count_bin=0|medhigh_count_bin=0,False,5,4,1,0.2,2.392986105951408,collision_rod_early,1,-5.724158978453845,3.0,"{""collision"": 1, ""success"": 4}","{""collision_rod_early"": 1}","{""collision_rod_early"": 17.887920022216054, ""collision_rod_late"": 0.0, ""collision_rod_mid"": 0.0, ""collision_tblock_early"": 0.0, ""collision_tblock_late"": 0.0, ""collision_tblock_mid"": 0.0, ""fall"": 0.0, ""timeout"": 0.0}"
start_behavior_context,start_region=x_pos__y_pos|start_theta_bin=sector_6|path_angle_bin=sector_0|near_count_bin=0|far_count_bin=1|medhigh_count_bin=0,False,16,13,3,0.1875,2.2434244743294447,timeout,1,-6.981276224474864,3.4375,"{""collision"": 2, ""success"": 13, ""timeout"": 1}","{""collision_rod_early"": 1, ""collision_tblock_early"": 1, ""timeout"": 1}","{""collision_rod_early"": 5.589975006942516, ""collision_rod_late"": 0.0, ""collision_rod_mid"": 0.0, ""collision_tblock_early"": 1.7232685557743344, ""collision_tblock_late"": 0.0, ""collision_tblock_mid"": 0.0, ""fall"": 0.0, ""timeout"": 1.9292217749664557}"
start_behavior_context,start_region=x_pos__y_pos|start_theta_bin=sector_4|path_angle_bin=sector_0|near_count_bin=1|far_count_bin=1|medhigh_count_bin=0,False,76,62,14,0.18421052631578946,2.204066150218402,collision_tblock_early,10,-4.810246379420106,3.3421052631578947,"{""collision"": 10, ""success"": 62, ""timeout"": 4}","{""collision_tblock_early"": 10, ""timeout"": 4}","{""collision_rod_early"": 0.0, ""collision_rod_late"": 0.0, ""collision_rod_mid"": 0.0, ""collision_tblock_early"": 3.6279338016301774, ""collision_tblock_late"": 0.0, ""collision_tblock_mid"": 0.0, ""fall"": 0.0, ""timeout"": 1.624607810498068}"
start_behavior_context,start_region=x_pos__y_pos|start_theta_bin=sector_3|path_angle_bin=sector_1|near_count_bin=1|far_count_bin=1|medhigh_count_bin=0,False,84,69,15,0.17857142857142858,2.136594737456614,collision_tblock_early,9,-3.3931517847382473,2.630952380952381,"{""collision"": 13, ""success"": 69, ""timeout"": 2}","{""collision_rod_early"": 3, ""collision_rod_mid"": 1, ""collision_tblock_early"": 9, ""timeout"": 2}","{""collision_rod_early"": 3.19427143253858, ""collision_rod_late"": 0.0, ""collision_rod_mid"": 8.389913514639991, ""collision_tblock_early"": 2.954174667041716, ""collision_tblock_late"": 0.0, ""collision_tblock_mid"": 0.0, ""fall"": 0.0, ""timeout"": 0.7349416285586498}"
start_behavior_context,start_region=x_pos__y_pos|start_theta_bin=sector_4|path_angle_bin=sector_1|near_count_bin=1|far_count_bin=1|medhigh_count_bin=0,False,93,77,16,0.17204301075268819,2.0584826717861575,collision_tblock_early,7,-4.6629235710145265,3.4193548387096775,"{""collision"": 9, ""success"": 77, ""timeout"": 7}","{""collision_rod_early"": 2, ""collision_tblock_early"": 7, ""timeout"": 7}","{""collision_rod_early"": 1.923432260453339, ""collision_rod_late"": 0.0, ""collision_rod_mid"": 0.0, ""collision_tblock_early"": 2.0753341746959726, ""collision_tblock_late"": 0.0, ""collision_tblock_mid"": 0.0, ""fall"": 0.0, ""timeout"": 2.323363858024119}"
start_behavior_context,start_region=x_pos__y_pos|start_theta_bin=sector_3|path_angle_bin=sector_1|near_count_bin=0|far_count_bin=1|medhigh_count_bin=0,False,35,29,6,0.17142857142857143,2.0511309479583497,collision_rod_early,6,-3.559260046918753,2.6285714285714286,"{""collision"": 6, ""success"": 29}","{""collision_rod_early"": 6}","{""collision_rod_early"": 15.332502876185186, ""collision_rod_late"": 0.0, ""collision_rod_mid"": 0.0, ""collision_tblock_early"": 0.0, ""collision_tblock_late"": 0.0, ""collision_tblock_mid"": 0.0, ""fall"": 0.0, ""timeout"": 0.0}"
start_behavior_context,start_region=x_neg__y_mid|start_theta_bin=sector_2|path_angle_bin=sector_4|near_count_bin=1|far_count_bin=0|medhigh_count_bin=0,False,6,5,1,0.16666666666666666,1.99415508829284,timeout,1,-3.231469456585103,3.6666666666666665,"{""success"": 5, ""timeout"": 1}","{""timeout"": 1}","{""collision_rod_early"": 0.0, ""collision_rod_late"": 0.0, ""collision_rod_mid"": 0.0, ""collision_tblock_early"": 0.0, ""collision_tblock_late"": 0.0, ""collision_tblock_mid"": 0.0, ""fall"": 0.0, ""timeout"": 5.144591399910548}"
start_behavior_context,start_region=x_neg__y_neg|start_theta_bin=sector_0|path_angle_bin=sector_5|near_count_bin=1|far_count_bin=0|medhigh_count_bin=0,False,6,5,1,0.16666666666666666,1.99415508829284,timeout,1,-2.8020537312848286,3.8333333333333335,"{""success"": 5, ""timeout"": 1}","{""timeout"": 1}","{""collision_rod_early"": 0.0, ""collision_rod_late"": 0.0, ""collision_rod_mid"": 0.0, ""collision_tblock_early"": 0.0, ""collision_tblock_late"": 0.0, ""collision_tblock_mid"": 0.0, ""fall"": 0.0, ""timeout"": 5.144591399910548}"
start_behavior_context,start_region=x_neg__y_pos|start_theta_bin=sector_4|path_angle_bin=sector_3|near_count_bin=1|far_count_bin=0|medhigh_count_bin=0,False,6,5,1,0.16666666666666666,1.99415508829284,collision_tblock_early,1,-3.4399267664894793,2.3333333333333335,"{""collision"": 1, ""success"": 5}","{""collision_tblock_early"": 1}","{""collision_rod_early"": 0.0, ""collision_rod_late"": 0.0, ""collision_rod_mid"": 0.0, ""collision_tblock_early"": 4.595382815398225, ""collision_tblock_late"": 0.0, ""collision_tblock_mid"": 0.0, ""fall"": 0.0, ""timeout"": 0.0}"
start_behavior_context,start_region=x_pos__y_mid|start_theta_bin=sector_6|path_angle_bin=sector_7|near_count_bin=0|far_count_bin=1|medhigh_count_bin=0,False,56,47,9,0.16071428571428573,1.922935263710953,timeout,3,-5.6619051868857815,3.4285714285714284,"{""collision"": 6, ""success"": 47, ""timeout"": 3}","{""collision_rod_early"": 3, ""collision_tblock_early"": 3, ""timeout"": 3}","{""collision_rod_early"": 4.79140714880787, ""collision_rod_late"": 0.0, ""collision_rod_mid"": 0.0, ""collision_tblock_early"": 1.4770873335208579, ""collision_tblock_late"": 0.0, ""collision_tblock_mid"": 0.0, ""fall"": 0.0, ""timeout"": 1.6536186642569621}"
start_behavior_context,start_region=x_pos__y_pos|start_theta_bin=sector_2|path_angle_bin=sector_0|near_count_bin=1|far_count_bin=1|medhigh_count_bin=0,False,77,65,12,0.15584415584415584,1.8646644981439542,timeout,6,-3.3526027328484056,3.090909090909091,"{""collision"": 6, ""success"": 65, ""timeout"": 6}","{""collision_rod_early"": 2, ""collision_tblock_early"": 4, ""timeout"": 6}","{""collision_rod_early"": 2.323106496391695, ""collision_rod_late"": 0.0, ""collision_rod_mid"": 0.0, ""collision_tblock_early"": 1.4323271112929532, ""collision_tblock_late"": 0.0, ""collision_tblock_mid"": 0.0, ""fall"": 0.0, ""timeout"": 2.40526351164649}"
start_behavior_context,start_region=x_pos__y_pos|start_theta_bin=sector_7|path_angle_bin=sector_0|near_count_bin=0|far_count_bin=1|medhigh_count_bin=0,False,33,28,5,0.15151515151515152,1.8128682620844,collision_rod_early,2,-5.372121319541843,2.909090909090909,"{""collision"": 4, ""success"": 28, ""timeout"": 1}","{""collision_rod_early"": 2, ""collision_tblock_early"": 2, ""timeout"": 1}","{""collision_rod_early"": 5.420581824913955, ""collision_rod_late"": 0.0, ""collision_rod_mid"": 0.0, ""collision_tblock_early"": 1.6710482965084457, ""collision_tblock_late"": 0.0, ""collision_tblock_mid"": 0.0, ""fall"": 0.0, ""timeout"": 0.9353802545291907}"
start_behavior_context,start_region=x_neg__y_pos|start_theta_bin=sector_6|path_angle_bin=sector_2|near_count_bin=0|far_count_bin=1|medhigh_count_bin=0,False,73,62,11,0.1506849315068493,1.80293473736065,collision_tblock_early,4,-6.8486444950919045,3.643835616438356,"{""collision"": 8, ""success"": 62, ""timeout"": 3}","{""collision_rod_early"": 3, ""collision_tblock_early"": 4, ""collision_tblock_mid"": 1, ""timeout"": 3}","{""collision_rod_early"": 3.675600004564942, ""collision_rod_late"": 0.0, ""collision_rod_mid"": 0.0, ""collision_tblock_early"": 1.510810788624074, ""collision_tblock_late"": 0.0, ""collision_tblock_mid"": 21.313744954007014, ""fall"": 0.0, ""timeout"": 1.2685293862793134}"
start_behavior_context,start_region=x_neg__y_pos|start_theta_bin=sector_1|path_angle_bin=sector_3|near_count_bin=0|far_count_bin=1|medhigh_count_bin=0,False,74,63,11,0.14864864864864866,1.778570754423344,collision_tblock_early,7,-4.114459217622309,3.0945945945945947,"{""collision"": 10, ""success"": 63, ""timeout"": 1}","{""collision_rod_early"": 3, ""collision_tblock_early"": 7, ""timeout"": 1}","{""collision_rod_early"": 3.6259297342329835, ""collision_rod_late"": 0.0, ""collision_rod_mid"": 0.0, ""collision_tblock_early"": 2.608190246577371, ""collision_tblock_late"": 0.0, ""collision_tblock_mid"": 0.0, ""fall"": 0.0, ""timeout"": 0.4171290324251796}"
start_behavior_context,start_region=x_mid__y_pos|start_theta_bin=sector_4|path_angle_bin=sector_1|near_count_bin=1|far_count_bin=1|medhigh_count_bin=0,False,90,77,13,0.14444444444444443,1.728267743187128,collision_rod_early,7,-3.6944691325733463,3.022222222222222,"{""collision"": 8, ""success"": 77, ""timeout"": 5}","{""collision_rod_early"": 7, ""collision_tblock_early"": 1, ""timeout"": 5}","{""collision_rod_early"": 6.956413341972909, ""collision_rod_late"": 0.0, ""collision_rod_mid"": 0.0, ""collision_tblock_early"": 0.3063588543598817, ""collision_tblock_late"": 0.0, ""collision_tblock_mid"": 0.0, ""fall"": 0.0, ""timeout"": 1.7148637999701832}"
start_behavior_context,start_region=x_neg__y_pos|start_theta_bin=sector_5|path_angle_bin=sector_3|near_count_bin=0|far_count_bin=1|medhigh_count_bin=0,False,90,77,13,0.14444444444444443,1.728267743187128,collision_rod_early,7,-4.812086406458923,3.3555555555555556,"{""collision"": 9, ""success"": 77, ""timeout"": 4}","{""collision_rod_early"": 7, ""collision_tblock_early"": 2, ""timeout"": 4}","{""collision_rod_early"": 6.956413341972909, ""collision_rod_late"": 0.0, ""collision_rod_mid"": 0.0, ""collision_tblock_early"": 0.6127177087197634, ""collision_tblock_late"": 0.0, ""collision_tblock_mid"": 0.0, ""fall"": 0.0, ""timeout"": 1.3718910399761464}"
start_behavior_context,start_region=x_pos__y_neg|start_theta_bin=sector_7|path_angle_bin=sector_7|near_count_bin=0|far_count_bin=1|medhigh_count_bin=0,False,85,73,12,0.1411764705882353,1.6891666630245232,timeout,5,-4.580234236325275,3.3176470588235296,"{""collision"": 7, ""success"": 73, ""timeout"": 5}","{""collision_rod_early"": 3, ""collision_tblock_early"": 4, ""timeout"": 5}","{""collision_rod_early"": 3.156691768626362, ""collision_rod_late"": 0.0, ""collision_rod_mid"": 0.0, ""collision_tblock_early"": 1.297519853759499, ""collision_tblock_late"": 0.0, ""collision_tblock_mid"": 0.0, ""fall"": 0.0, ""timeout"": 1.8157381411448998}"
start_behavior_context,start_region=x_mid__y_pos|start_theta_bin=sector_1|path_angle_bin=sector_1|near_count_bin=0|far_count_bin=1|medhigh_count_bin=0,False,43,37,6,0.13953488372093023,1.6695251901986567,timeout,4,-3.35798244919884,3.558139534883721,"{""collision"": 2, ""success"": 37, ""timeout"": 4}","{""collision_tblock_early"": 2, ""timeout"": 4}","{""collision_rod_early"": 0.0, ""collision_rod_late"": 0.0, ""collision_rod_mid"": 0.0, ""collision_tblock_early"": 1.2824324135995047, ""collision_tblock_late"": 0.0, ""collision_tblock_mid"": 0.0, ""fall"": 0.0, ""timeout"": 2.8713998511128644}"
start_behavior_context,start_region=x_neg__y_pos|start_theta_bin=sector_7|path_angle_bin=sector_2|near_count_bin=0|far_count_bin=1|medhigh_count_bin=0,False,79,68,11,0.13924050632911392,1.6660029851560436,timeout,4,-5.149205888922924,3.392405063291139,"{""collision"": 6, ""fall"": 1, ""success"": 68, ""timeout"": 4}","{""collision_rod_early"": 1, ""collision_rod_mid"": 2, ""collision_tblock_early"": 3, ""fall"": 1, ""timeout"": 4}","{""collision_rod_early"": 1.1321468368491172, ""collision_rod_late"": 0.0, ""collision_rod_mid"": 17.841841398221753, ""collision_tblock_early"": 1.0470492490780765, ""collision_tblock_late"": 0.0, ""collision_tblock_mid"": 0.0, ""fall"": 10.192151898734176, ""timeout"": 1.5629138430107994}"
start_behavior_context,start_region=x_mid__y_pos|start_theta_bin=sector_6|path_angle_bin=sector_2|near_count_bin=1|far_count_bin=1|medhigh_count_bin=0,False,72,62,10,0.1388888888888889,1.6617959069107,collision_tblock_early,5,-5.971502258129556,3.3055555555555554,"{""collision"": 9, ""success"": 62, ""timeout"": 1}","{""collision_rod_early"": 3, ""collision_rod_mid"": 1, ""collision_tblock_early"": 5, ""timeout"": 1}","{""collision_rod_early"": 3.7266500046283437, ""collision_rod_late"": 0.0, ""collision_rod_mid"": 9.788232433746657, ""collision_tblock_early"": 1.9147428397492603, ""collision_tblock_late"": 0.0, ""collision_tblock_mid"": 0.0, ""fall"": 0.0, ""timeout"": 0.4287159499925457}"
start_behavior_context,start_region=x_pos__y_mid|start_theta_bin=sector_7|path_angle_bin=sector_0|near_count_bin=0|far_count_bin=1|medhigh_count_bin=0,False,36,31,5,0.1388888888888889,1.6617959069107,timeout,5,-4.045329647878464,3.6666666666666665,"{""success"": 31, ""timeout"": 5}","{""timeout"": 5}","{""collision_rod_early"": 0.0, ""collision_rod_late"": 0.0, ""collision_rod_mid"": 0.0, ""collision_tblock_early"": 0.0, ""collision_tblock_late"": 0.0, ""collision_tblock_mid"": 0.0, ""fall"": 0.0, ""timeout"": 4.287159499925457}"
start_behavior_context,start_region=x_pos__y_pos|start_theta_bin=sector_6|path_angle_bin=sector_1|near_count_bin=0|far_count_bin=1|medhigh_count_bin=0,False,37,32,5,0.13513513513513514,1.6168825040212218,timeout,2,-5.213503833702495,3.324324324324324,"{""collision"": 3, ""success"": 32, ""timeout"": 2}","{""collision_rod_early"": 1, ""collision_tblock_early"": 2, ""timeout"": 2}","{""collision_rod_early"": 2.4172864894886557, ""collision_rod_late"": 0.0, ""collision_rod_mid"": 0.0, ""collision_tblock_early"": 1.4903944266156406, ""collision_tblock_late"": 0.0, ""collision_tblock_mid"": 0.0, ""fall"": 0.0, ""timeout"": 1.6685161297007185}"
start_behavior_context,start_region=x_pos__y_pos|start_theta_bin=sector_2|path_angle_bin=sector_1|near_count_bin=1|far_count_bin=1|medhigh_count_bin=0,False,99,86,13,0.13131313131313133,1.57115249380648,collision_tblock_early,7,-3.022372034944754,2.9696969696969697,"{""collision"": 8, ""success"": 86, ""timeout"": 5}","{""collision_rod_early"": 1, ""collision_tblock_early"": 7, ""timeout"": 5}","{""collision_rod_early"": 0.9034303041523258, ""collision_rod_late"": 0.0, ""collision_rod_mid"": 0.0, ""collision_tblock_early"": 1.9495563459265197, ""collision_tblock_late"": 0.0, ""collision_tblock_mid"": 0.0, ""fall"": 0.0, ""timeout"": 1.5589670908819846}"
start_behavior_context,start_region=x_neg__y_pos|start_theta_bin=sector_0|path_angle_bin=sector_2|near_count_bin=0|far_count_bin=1|medhigh_count_bin=0,False,69,60,9,0.13043478260869565,1.5606431125770053,timeout,6,-4.988445751478957,3.8260869565217392,"{""collision"": 3, ""success"": 60, ""timeout"": 6}","{""collision_rod_early"": 2, ""collision_tblock_early"": 1, ""timeout"": 6}","{""collision_rod_early"": 2.592452177132761, ""collision_rod_late"": 0.0, ""collision_rod_mid"": 0.0, ""collision_tblock_early"": 0.39959850568680216, ""collision_tblock_late"": 0.0, ""collision_tblock_mid"": 0.0, ""fall"": 0.0, ""timeout"": 2.684134643431591}"
start_behavior_context,start_region=x_pos__y_mid|start_theta_bin=sector_7|path_angle_bin=sector_7|near_count_bin=0|far_count_bin=1|medhigh_count_bin=0,False,77,67,10,0.12987012987012986,1.5538870817866286,collision_tblock_early,5,-5.114800976791993,3.038961038961039,"{""collision"": 6, ""success"": 67, ""timeout"": 4}","{""collision_rod_early"": 1, ""collision_tblock_early"": 5, ""timeout"": 4}","{""collision_rod_early"": 1.1615532481958475, ""collision_rod_late"": 0.0, ""collision_rod_mid"": 0.0, ""collision_tblock_early"": 1.7904088891161916, ""collision_tblock_late"": 0.0, ""collision_tblock_mid"": 0.0, ""fall"": 0.0, ""timeout"": 1.6035090077643268}"
start_behavior_context,start_region=x_pos__y_mid|start_theta_bin=sector_7|path_angle_bin=sector_7|near_count_bin=1|far_count_bin=1|medhigh_count_bin=0,False,93,81,12,0.12903225806451613,1.543862003839618,collision_tblock_early,6,-4.806869911914704,2.978494623655914,"{""collision"": 9, ""success"": 81, ""timeout"": 3}","{""collision_rod_early"": 1, ""collision_rod_mid"": 1, ""collision_tblock_early"": 6, ""collision_tblock_mid"": 1, ""timeout"": 3}","{""collision_rod_early"": 0.9617161302266695, ""collision_rod_late"": 0.0, ""collision_rod_mid"": 7.577986400319992, ""collision_tblock_early"": 1.7788578640251194, ""collision_tblock_late"": 0.0, ""collision_tblock_mid"": 16.73014388862916, ""fall"": 0.0, ""timeout"": 0.9957273677246224}"
start_behavior_context,start_region=x_pos__y_mid|start_theta_bin=sector_1|path_angle_bin=sector_7|near_count_bin=0|far_count_bin=1|medhigh_count_bin=0,False,70,61,9,0.12857142857142856,1.5383482109687623,timeout,5,-3.0440141180542657,3.2,"{""collision"": 4, ""success"": 61, ""timeout"": 5}","{""collision_rod_early"": 1, ""collision_rod_mid"": 2, ""collision_tblock_mid"": 1, ""timeout"": 5}","{""collision_rod_early"": 1.2777085730154323, ""collision_rod_late"": 0.0, ""collision_rod_mid"": 20.13579243513598, ""collision_tblock_early"": 0.0, ""collision_tblock_late"": 0.0, ""collision_tblock_mid"": 22.2271911663216, ""fall"": 0.0, ""timeout"": 2.20482488567595}"
start_behavior_context,start_region=x_pos__y_neg|start_theta_bin=sector_2|path_angle_bin=sector_6|near_count_bin=0|far_count_bin=1|medhigh_count_bin=0,False,78,68,10,0.1282051282051282,1.533965452532954,timeout,8,-3.6732733883040183,3.641025641025641,"{""collision"": 2, ""success"": 68, ""timeout"": 8}","{""collision_rod_mid"": 1, ""collision_tblock_early"": 1, ""timeout"": 8}","{""collision_rod_early"": 0.0, ""collision_rod_late"": 0.0, ""collision_rod_mid"": 9.035291477304606, ""collision_tblock_early"": 0.3534909857998635, ""collision_tblock_late"": 0.0, ""collision_tblock_mid"": 0.0, ""fall"": 0.0, ""timeout"": 3.165902399944953}"
start_behavior_context,start_region=x_mid__y_pos|start_theta_bin=sector_7|path_angle_bin=sector_1|near_count_bin=0|far_count_bin=1|medhigh_count_bin=0,False,39,34,5,0.1282051282051282,1.533965452532954,timeout,4,-4.0210773003520695,3.5128205128205128,"{""collision"": 1, ""success"": 34, ""timeout"": 4}","{""collision_tblock_early"": 1, ""timeout"": 4}","{""collision_rod_early"": 0.0, ""collision_rod_late"": 0.0, ""collision_rod_mid"": 0.0, ""collision_tblock_early"": 0.706981971599727, ""collision_tblock_late"": 0.0, ""collision_tblock_mid"": 0.0, ""fall"": 0.0, ""timeout"": 3.165902399944953}"
start_behavior_context,start_region=x_pos__y_pos|start_theta_bin=sector_3|path_angle_bin=sector_0|near_count_bin=1|far_count_bin=1|medhigh_count_bin=0,False,94,82,12,0.1276595744680851,1.5274379399689837,collision_tblock_early,7,-3.3162282212416487,3.0,"{""collision"": 9, ""success"": 82, ""timeout"": 3}","{""collision_rod_early"": 2, ""collision_tblock_early"": 7, ""timeout"": 3}","{""collision_rod_early"": 1.9029702151293673, ""collision_rod_late"": 0.0, ""collision_rod_mid"": 0.0, ""collision_tblock_early"": 2.053256151560909, ""collision_tblock_late"": 0.0, ""collision_tblock_mid"": 0.0, ""fall"": 0.0, ""timeout"": 0.9851345233871264}"
start_behavior_context,start_region=x_neg__y_pos|start_theta_bin=sector_6|path_angle_bin=sector_3|near_count_bin=0|far_count_bin=1|medhigh_count_bin=0,False,96,84,12,0.125,1.4956163162196299,collision_rod_early,5,-6.024906555881199,3.5208333333333335,"{""collision"": 8, ""success"": 84, ""timeout"": 4}","{""collision_rod_early"": 5, ""collision_tblock_early"": 3, ""timeout"": 4}","{""collision_rod_early"": 4.65831250578543, ""collision_rod_late"": 0.0, ""collision_rod_mid"": 0.0, ""collision_tblock_early"": 0.8616342778871672, ""collision_tblock_late"": 0.0, ""collision_tblock_mid"": 0.0, ""fall"": 0.0, ""timeout"": 1.286147849977637}"
start_behavior_context,start_region=x_neg__y_neg|start_theta_bin=sector_0|path_angle_bin=sector_5|near_count_bin=2|far_count_bin=0|medhigh_count_bin=0,False,8,7,1,0.125,1.4956163162196299,timeout,1,-3.4740625553320656,3.25,"{""success"": 7, ""timeout"": 1}","{""timeout"": 1}","{""collision_rod_early"": 0.0, ""collision_rod_late"": 0.0, ""collision_rod_mid"": 0.0, ""collision_tblock_early"": 0.0, ""collision_tblock_late"": 0.0, ""collision_tblock_mid"": 0.0, ""fall"": 0.0, ""timeout"": 3.8584435499329115}"
start_behavior_context,start_region=x_pos__y_pos|start_theta_bin=sector_5|path_angle_bin=sector_0|near_count_bin=0|far_count_bin=2|medhigh_count_bin=1,False,8,7,1,0.125,1.4956163162196299,collision_tblock_early,1,-3.1292684794956496,2.5,"{""collision"": 1, ""success"": 7}","{""collision_tblock_early"": 1}","{""collision_rod_early"": 0.0, ""collision_rod_late"": 0.0, ""collision_rod_mid"": 0.0, ""collision_tblock_early"": 3.4465371115486687, ""collision_tblock_late"": 0.0, ""collision_tblock_mid"": 0.0, ""fall"": 0.0, ""timeout"": 0.0}"
start_behavior_context,start_region=x_mid__y_pos|start_theta_bin=sector_5|path_angle_bin=sector_1|near_count_bin=1|far_count_bin=1|medhigh_count_bin=0,False,73,64,9,0.1232876712328767,1.4751284214768954,collision_rod_early,4,-4.942283412745344,3.0684931506849313,"{""collision"": 7, ""success"": 64, ""timeout"": 2}","{""collision_rod_early"": 4, ""collision_tblock_early"": 3, ""timeout"": 2}","{""collision_rod_early"": 4.900800006086589, ""collision_rod_late"": 0.0, ""collision_rod_mid"": 0.0, ""collision_tblock_early"": 1.1331080914680554, ""collision_tblock_late"": 0.0, ""collision_tblock_mid"": 0.0, ""fall"": 0.0, ""timeout"": 0.8456862575195422}"
start_behavior_context,start_region=x_pos__y_mid|start_theta_bin=sector_6|path_angle_bin=sector_7|near_count_bin=1|far_count_bin=1|medhigh_count_bin=0,False,82,72,10,0.12195121951219512,1.4591378694825659,collision_tblock_early,3,-5.369295990624072,3.402439024390244,"{""collision"": 7, ""success"": 72, ""timeout"": 3}","{""collision_rod_early"": 3, ""collision_rod_mid"": 1, ""collision_tblock_early"": 3, ""timeout"": 3}","{""collision_rod_early"": 3.2721804918687893, ""collision_rod_late"": 0.0, ""collision_rod_mid"": 8.59454555158243, ""collision_tblock_early"": 1.0087425692337566, ""collision_tblock_late"": 0.0, ""collision_tblock_mid"": 0.0, ""fall"": 0.0, ""timeout"": 1.1293005511998764}"
start_behavior_context,start_region=x_pos__y_neg|start_theta_bin=sector_6|path_angle_bin=sector_7|near_count_bin=0|far_count_bin=1|medhigh_count_bin=0,False,66,58,8,0.12121212121212122,1.45029460966752,collision_tblock_early,5,-5.144006689942433,3.1515151515151514,"{""collision"": 6, ""success"": 58, ""timeout"": 2}","{""collision_rod_early"": 1, ""collision_tblock_early"": 5, ""timeout"": 2}","{""collision_rod_early"": 1.3551454562284888, ""collision_rod_late"": 0.0, ""collision_rod_mid"": 0.0, ""collision_tblock_early"": 2.088810370635557, ""collision_tblock_late"": 0.0, ""collision_tblock_mid"": 0.0, ""fall"": 0.0, ""timeout"": 0.9353802545291907}"
start_behavior_context,start_region=x_pos__y_pos|start_theta_bin=sector_1|path_angle_bin=sector_0|near_count_bin=0|far_count_bin=1|medhigh_count_bin=0,False,33,29,4,0.12121212121212122,1.45029460966752,timeout,3,-4.309111655181692,3.8181818181818183,"{""collision"": 1, ""success"": 29, ""timeout"": 3}","{""collision_tblock_early"": 1, ""timeout"": 3}","{""collision_rod_early"": 0.0, ""collision_rod_late"": 0.0, ""collision_rod_mid"": 0.0, ""collision_tblock_early"": 0.8355241482542228, ""collision_tblock_late"": 0.0, ""collision_tblock_mid"": 0.0, ""fall"": 0.0, ""timeout"": 2.8061407635875724}"
start_behavior_context,start_region=x_neg__y_pos|start_theta_bin=sector_4|path_angle_bin=sector_2|near_count_bin=0|far_count_bin=1|medhigh_count_bin=0,False,76,67,9,0.11842105263157894,1.416899667997544,collision_tblock_early,3,-3.464169684590925,3.1710526315789473,"{""collision"": 6, ""success"": 67, ""timeout"": 3}","{""collision_rod_early"": 3, ""collision_tblock_early"": 3, ""timeout"": 3}","{""collision_rod_early"": 3.530510530700536, ""collision_rod_late"": 0.0, ""collision_rod_mid"": 0.0, ""collision_tblock_early"": 1.0883801404890532, ""collision_tblock_late"": 0.0, ""collision_tblock_mid"": 0.0, ""fall"": 0.0, ""timeout"": 1.218455857873551}"
start_behavior_context,start_region=x_pos__y_mid|start_theta_bin=sector_6|path_angle_bin=sector_0|near_count_bin=0|far_count_bin=1|medhigh_count_bin=0,False,44,39,5,0.11363636363636363,1.3596511965633,collision_tblock_early,3,-5.065855721910237,3.2954545454545454,"{""collision"": 3, ""success"": 39, ""timeout"": 2}","{""collision_tblock_early"": 3, ""timeout"": 2}","{""collision_rod_early"": 0.0, ""collision_rod_late"": 0.0, ""collision_rod_mid"": 0.0, ""collision_tblock_early"": 1.879929333572001, ""collision_tblock_late"": 0.0, ""collision_tblock_mid"": 0.0, ""fall"": 0.0, ""timeout"": 1.403070381793786}"
start_behavior_context,start_region=x_neg__y_pos|start_theta_bin=sector_2|path_angle_bin=sector_3|near_count_bin=0|far_count_bin=1|medhigh_count_bin=0,False,62,55,7,0.11290322580645161,1.3508792533596659,timeout,5,-3.5131310521579726,3.5161290322580645,"{""collision"": 2, ""success"": 55, ""timeout"": 5}","{""collision_rod_mid"": 1, ""collision_tblock_early"": 1, ""timeout"": 5}","{""collision_rod_early"": 0.0, ""collision_rod_late"": 0.0, ""collision_rod_mid"": 11.366979600479988, ""collision_tblock_early"": 0.4447144660062799, ""collision_tblock_late"": 0.0, ""collision_tblock_mid"": 0.0, ""fall"": 0.0, ""timeout"": 2.489318419311556}"
start_behavior_context,start_region=x_neg__y_pos|start_theta_bin=sector_7|path_angle_bin=sector_3|near_count_bin=0|far_count_bin=1|medhigh_count_bin=0,False,71,63,8,0.11267605633802817,1.3481611864514975,timeout,3,-4.926173882997478,3.1971830985915495,"{""collision"": 5, ""success"": 63, ""timeout"": 3}","{""collision_rod_early"": 3, ""collision_rod_mid"": 1, ""collision_tblock_early"": 1, ""timeout"": 3}","{""collision_rod_early"": 3.779138032862546, ""collision_rod_late"": 0.0, ""collision_rod_mid"": 9.926094862390975, ""collision_tblock_early"": 0.3883422097519627, ""collision_tblock_late"": 0.0, ""collision_tblock_mid"": 0.0, ""fall"": 0.0, ""timeout"": 1.3042626084280267}"
start_behavior_context,start_region=x_neg__y_pos|start_theta_bin=sector_5|path_angle_bin=sector_2|near_count_bin=0|far_count_bin=1|medhigh_count_bin=0,False,99,88,11,0.1111111111111111,1.32943672552856,collision_rod_early,5,-4.690944733938903,3.3333333333333335,"{""collision"": 8, ""success"": 88, ""timeout"": 3}","{""collision_rod_early"": 5, ""collision_tblock_early"": 3, ""timeout"": 3}","{""collision_rod_early"": 4.5171515207616295, ""collision_rod_late"": 0.0, ""collision_rod_mid"": 0.0, ""collision_tblock_early"": 0.8355241482542226, ""collision_tblock_late"": 0.0, ""collision_tblock_mid"": 0.0, ""fall"": 0.0, ""timeout"": 0.9353802545291907}"
start_behavior_context,start_region=x_mid__y_pos|start_theta_bin=sector_7|path_angle_bin=sector_2|near_count_bin=0|far_count_bin=1|medhigh_count_bin=0,False,63,56,7,0.1111111111111111,1.32943672552856,timeout,4,-4.690574051192197,3.5555555555555554,"{""collision"": 3, ""success"": 56, ""timeout"": 4}","{""collision_rod_early"": 1, ""collision_tblock_early"": 2, ""timeout"": 4}","{""collision_rod_early"": 1.419676192239369, ""collision_rod_late"": 0.0, ""collision_rod_mid"": 0.0, ""collision_tblock_early"": 0.8753110124568048, ""collision_tblock_late"": 0.0, ""collision_tblock_mid"": 0.0, ""fall"": 0.0, ""timeout"": 1.959844342823066}"
start_behavior_context,start_region=x_pos__y_pos|start_theta_bin=sector_0|path_angle_bin=sector_0|near_count_bin=0|far_count_bin=1|medhigh_count_bin=0,False,27,24,3,0.1111111111111111,1.3294367255285597,collision_tblock_early,2,-4.674694979155994,3.185185185185185,"{""collision"": 3, ""success"": 24}","{""collision_rod_early"": 1, ""collision_tblock_early"": 2}","{""collision_rod_early"": 3.312577781891861, ""collision_rod_late"": 0.0, ""collision_rod_mid"": 0.0, ""collision_tblock_early"": 2.042392362399211, ""collision_tblock_late"": 0.0, ""collision_tblock_mid"": 0.0, ""fall"": 0.0, ""timeout"": 0.0}"
start_behavior_context,start_region=x_mid__y_pos|start_theta_bin=sector_3|path_angle_bin=sector_1|near_count_bin=0|far_count_bin=1|medhigh_count_bin=0,False,56,50,6,0.10714285714285714,1.2819568424739685,timeout,4,-2.8976615913034487,2.875,"{""collision"": 2, ""success"": 50, ""timeout"": 4}","{""collision_rod_early"": 2, ""timeout"": 4}","{""collision_rod_early"": 3.1942714325385806, ""collision_rod_late"": 0.0, ""collision_rod_mid"": 0.0, ""collision_tblock_early"": 0.0, ""collision_tblock_late"": 0.0, ""collision_tblock_mid"": 0.0, ""fall"": 0.0, ""timeout"": 2.2048248856759494}"
start_behavior_context,start_region=x_pos__y_pos|start_theta_bin=sector_5|path_angle_bin=sector_0|near_count_bin=0|far_count_bin=1|medhigh_count_bin=0,False,28,25,3,0.10714285714285714,1.2819568424739685,timeout,1,-4.252731942134771,3.357142857142857,"{""collision"": 2, ""success"": 25, ""timeout"": 1}","{""collision_rod_early"": 1, ""collision_tblock_early"": 1, ""timeout"": 1}","{""collision_rod_early"": 3.1942714325385806, ""collision_rod_late"": 0.0, ""collision_rod_mid"": 0.0, ""collision_tblock_early"": 0.9847248890139054, ""collision_tblock_late"": 0.0, ""collision_tblock_mid"": 0.0, ""fall"": 0.0, ""timeout"": 1.1024124428379747}"
start_behavior_context,start_region=x_mid__y_pos|start_theta_bin=sector_7|path_angle_bin=sector_1|near_count_bin=1|far_count_bin=1|medhigh_count_bin=0,False,57,51,6,0.10526315789473684,1.2594663715533727,timeout,4,-4.311494392816905,3.5964912280701755,"{""collision"": 2, ""success"": 51, ""timeout"": 4}","{""collision_rod_early"": 1, ""collision_tblock_early"": 1, ""timeout"": 4}","{""collision_rod_early"": 1.5691157914224607, ""collision_rod_late"": 0.0, ""collision_rod_mid"": 0.0, ""collision_tblock_early"": 0.48372450688402374, ""collision_tblock_late"": 0.0, ""collision_tblock_mid"": 0.0, ""fall"": 0.0, ""timeout"": 2.166143747330757}"
start_behavior_context,start_region=x_pos__y_neg|start_theta_bin=sector_5|path_angle_bin=sector_6|near_count_bin=0|far_count_bin=1|medhigh_count_bin=0,False,77,69,8,0.1038961038961039,1.2431096654293028,timeout,4,-4.613969385794905,3.3376623376623376,"{""collision"": 4, ""success"": 69, ""timeout"": 4}","{""collision_tblock_early"": 4, ""timeout"": 4}","{""collision_rod_early"": 0.0, ""collision_rod_late"": 0.0, ""collision_rod_mid"": 0.0, ""collision_tblock_early"": 1.4323271112929532, ""collision_tblock_late"": 0.0, ""collision_tblock_mid"": 0.0, ""fall"": 0.0, ""timeout"": 1.6035090077643268}"
start_behavior_context,start_region=x_mid__y_pos|start_theta_bin=sector_2|path_angle_bin=sector_2|near_count_bin=1|far_count_bin=1|medhigh_count_bin=0,False,88,79,9,0.10227272727272728,1.2236860769069702,timeout,5,-3.1049140087977722,3.3068181818181817,"{""collision"": 4, ""success"": 79, ""timeout"": 5}","{""collision_rod_early"": 3, ""collision_rod_mid"": 1, ""timeout"": 5}","{""collision_rod_early"": 3.0490772765140997, ""collision_rod_late"": 0.0, ""collision_rod_mid"": 8.008553809429083, ""collision_tblock_early"": 0.0, ""collision_tblock_late"": 0.0, ""collision_tblock_mid"": 0.0, ""fall"": 0.0, ""timeout"": 1.7538379772422328}"
start_behavior_context,start_region=x_mid__y_pos|start_theta_bin=sector_1|path_angle_bin=sector_2|near_count_bin=1|far_count_bin=1|medhigh_count_bin=0,False,69,62,7,0.10144927536231885,1.2138335320043374,timeout,6,-3.331370065814151,3.6666666666666665,"{""collision"": 1, ""success"": 62, ""timeout"": 6}","{""collision_tblock_late"": 1, ""timeout"": 6}","{""collision_rod_early"": 0.0, ""collision_rod_late"": 0.0, ""collision_rod_mid"": 0.0, ""collision_tblock_early"": 0.0, ""collision_tblock_late"": 86.43907675791733, ""collision_tblock_mid"": 0.0, ""fall"": 0.0, ""timeout"": 2.684134643431591}"
start_behavior_context,start_region=x_neg__y_pos|start_theta_bin=sector_1|path_angle_bin=sector_2|near_count_bin=0|far_count_bin=1|medhigh_count_bin=0,False,80,72,8,0.1,1.196493052975704,collision_tblock_early,4,-3.9986766344814293,2.8875,"{""collision"": 5, ""fall"": 2, ""success"": 72, ""timeout"": 1}","{""collision_rod_mid"": 1, ""collision_tblock_early"": 4, ""fall"": 2, ""timeout"": 1}","{""collision_rod_early"": 0.0, ""collision_rod_late"": 0.0, ""collision_rod_mid"": 8.80940919037199, ""collision_tblock_early"": 1.3786148446194677, ""collision_tblock_late"": 0.0, ""collision_tblock_mid"": 0.0, ""fall"": 20.1295, ""timeout"": 0.38584435499329117}"
start_behavior_context,start_region=x_neg__y_pos|start_theta_bin=sector_4|path_angle_bin=sector_3|near_count_bin=0|far_count_bin=1|medhigh_count_bin=0,False,92,83,9,0.09782608695652174,1.170482334432754,timeout,4,-3.3790740489432034,3.0434782608695654,"{""collision"": 5, ""success"": 83, ""timeout"": 4}","{""collision_rod_early"": 3, ""collision_tblock_early"": 2, ""timeout"": 4}","{""collision_rod_early"": 2.916508699274356, ""collision_rod_late"": 0.0, ""collision_rod_mid"": 0.0, ""collision_tblock_early"": 0.5993977585302033, ""collision_tblock_late"": 0.0, ""collision_tblock_mid"": 0.0, ""fall"": 0.0, ""timeout"": 1.3420673217157952}"
start_behavior_context,start_region=x_pos__y_neg|start_theta_bin=sector_5|path_angle_bin=sector_7|near_count_bin=0|far_count_bin=1|medhigh_count_bin=0,False,64,58,6,0.09375,1.1217122371647223,timeout,2,-5.370950244300446,3.609375,"{""collision"": 4, ""success"": 58, ""timeout"": 2}","{""collision_rod_early"": 2, ""collision_rod_mid"": 1, ""collision_tblock_early"": 1, ""timeout"": 2}","{""collision_rod_early"": 2.794987503471258, ""collision_rod_late"": 0.0, ""collision_rod_mid"": 11.01176148796499, ""collision_tblock_early"": 0.4308171389435836, ""collision_tblock_late"": 0.0, ""collision_tblock_mid"": 0.0, ""fall"": 0.0, ""timeout"": 0.9646108874832279}"
start_behavior_context,start_region=x_mid__y_pos|start_theta_bin=sector_4|path_angle_bin=sector_2|near_count_bin=0|far_count_bin=1|medhigh_count_bin=0,False,86,78,8,0.09302325581395349,1.113016793465771,timeout,5,-3.021052531109603,3.244186046511628,"{""collision"": 2, ""fall"": 1, ""success"": 78, ""timeout"": 5}","{""collision_rod_early"": 1, ""collision_tblock_mid"": 1, ""fall"": 1, ""timeout"": 5}","{""collision_rod_early"": 1.0399953501288401, ""collision_rod_late"": 0.0, ""collision_rod_mid"": 0.0, ""collision_tblock_early"": 0.0, ""collision_tblock_late"": 0.0, ""collision_tblock_mid"": 18.091899786540836, ""fall"": 9.362558139534883, ""timeout"": 1.7946249069455404}"
start_behavior_context,start_region=x_pos__y_mid|start_theta_bin=sector_4|path_angle_bin=sector_0|near_count_bin=1|far_count_bin=1|medhigh_count_bin=0,False,86,78,8,0.09302325581395349,1.113016793465771,collision_tblock_early,2,-3.170740695333707,2.9069767441860463,"{""collision"": 6, ""success"": 78, ""timeout"": 2}","{""collision_rod_early"": 2, ""collision_rod_mid"": 2, ""collision_tblock_early"": 2, ""timeout"": 2}","{""collision_rod_early"": 2.0799907002576803, ""collision_rod_late"": 0.0, ""collision_rod_mid"": 16.389598493715333, ""collision_tblock_early"": 0.6412162067997523, ""collision_tblock_late"": 0.0, ""collision_tblock_mid"": 0.0, ""fall"": 0.0, ""timeout"": 0.7178499627782161}"
start_behavior_context,start_region=x_neg__y_pos|start_theta_bin=sector_2|path_angle_bin=sector_2|near_count_bin=0|far_count_bin=1|medhigh_count_bin=0,False,86,78,8,0.09302325581395349,1.113016793465771,timeout,6,-2.985918237977501,3.0,"{""collision"": 2, ""success"": 78, ""timeout"": 6}","{""collision_rod_early"": 1, ""collision_tblock_early"": 1, ""timeout"": 6}","{""collision_rod_early"": 1.0399953501288401, ""collision_rod_late"": 0.0, ""collision_rod_mid"": 0.0, ""collision_tblock_early"": 0.32060810339987617, ""collision_tblock_late"": 0.0, ""collision_tblock_mid"": 0.0, ""fall"": 0.0, ""timeout"": 2.1535498883346484}"
start_behavior_context,start_region=x_pos__y_mid|start_theta_bin=sector_5|path_angle_bin=sector_7|near_count_bin=1|far_count_bin=1|medhigh_count_bin=0,False,86,78,8,0.09302325581395349,1.113016793465771,collision_tblock_early,5,-4.239092462360706,3.2209302325581395,"{""collision"": 7, ""success"": 78, ""timeout"": 1}","{""collision_rod_early"": 1, ""collision_rod_mid"": 1, ""collision_tblock_early"": 5, ""timeout"": 1}","{""collision_rod_early"": 1.0399953501288401, ""collision_rod_late"": 0.0, ""collision_rod_mid"": 8.194799246857666, ""collision_tblock_early"": 1.6030405169993807, ""collision_tblock_late"": 0.0, ""collision_tblock_mid"": 0.0, ""fall"": 0.0, ""timeout"": 0.35892498138910806}"
start_behavior_context,start_region=x_mid__y_pos|start_theta_bin=sector_0|path_angle_bin=sector_1|near_count_bin=1|far_count_bin=1|medhigh_count_bin=0,False,76,69,7,0.09210526315789473,1.102033075109201,timeout,5,-3.717042245064603,3.513157894736842,"{""collision"": 2, ""success"": 69, ""timeout"": 5}","{""collision_rod_early"": 1, ""collision_tblock_early"": 1, ""timeout"": 5}","{""collision_rod_early"": 1.1768368435668455, ""collision_rod_late"": 0.0, ""collision_rod_mid"": 0.0, ""collision_tblock_early"": 0.36279338016301776, ""collision_tblock_late"": 0.0, ""collision_tblock_mid"": 0.0, ""fall"": 0.0, ""timeout"": 2.030759763122585}"
start_behavior_context,start_region=x_mid__y_pos|start_theta_bin=sector_6|path_angle_bin=sector_2|near_count_bin=0|far_count_bin=1|medhigh_count_bin=0,False,77,70,7,0.09090909090909091,1.0877209572506399,collision_rod_early,3,-5.805216235365126,3.727272727272727,"{""collision"": 5, ""success"": 70, ""timeout"": 2}","{""collision_rod_early"": 3, ""collision_rod_mid"": 1, ""collision_tblock_early"": 1, ""timeout"": 2}","{""collision_rod_early"": 3.4846597445875425, ""collision_rod_late"": 0.0, ""collision_rod_mid"": 9.152632925061809, ""collision_tblock_early"": 0.3580817778232383, ""collision_tblock_late"": 0.0, ""collision_tblock_mid"": 0.0, ""fall"": 0.0, ""timeout"": 0.8017545038821634}"
start_behavior_context,start_region=x_neg__y_pos|start_theta_bin=sector_0|path_angle_bin=sector_3|near_count_bin=0|far_count_bin=1|medhigh_count_bin=0,False,67,61,6,0.08955223880597014,1.0714863160976453,collision_rod_early,3,-4.0652220334251306,3.1194029850746268,"{""collision"": 5, ""success"": 61, ""timeout"": 1}","{""collision_rod_early"": 3, ""collision_tblock_early"": 2, ""timeout"": 1}","{""collision_rod_early"": 4.004758213928967, ""collision_rod_late"": 0.0, ""collision_rod_mid"": 0.0, ""collision_tblock_early"": 0.8230536385787866, ""collision_tblock_late"": 0.0, ""collision_tblock_mid"": 0.0, ""fall"": 0.0, ""timeout"": 0.4607096776039297}"
start_behavior_context,start_region=x_pos__y_neg|start_theta_bin=sector_4|path_angle_bin=sector_6|near_count_bin=0|far_count_bin=1|medhigh_count_bin=0,False,90,82,8,0.08888888888888889,1.0635493804228482,timeout,5,-3.544309712831463,3.433333333333333,"{""collision"": 3, ""success"": 82, ""timeout"": 5}","{""collision_rod_early"": 1, ""collision_tblock_early"": 2, ""timeout"": 5}","{""collision_rod_early"": 0.9937733345675586, ""collision_rod_late"": 0.0, ""collision_rod_mid"": 0.0, ""collision_tblock_early"": 0.6127177087197634, ""collision_tblock_late"": 0.0, ""collision_tblock_mid"": 0.0, ""fall"": 0.0, ""timeout"": 1.7148637999701832}"
start_behavior_context,start_region=x_pos__y_mid|start_theta_bin=sector_4|path_angle_bin=sector_7|near_count_bin=0|far_count_bin=1|medhigh_count_bin=0,False,58,53,5,0.08620689655172414,1.0314595284273311,timeout,3,-2.960006001287691,3.206896551724138,"{""collision"": 2, ""success"": 53, ""timeout"": 3}","{""collision_tblock_early"": 2, ""timeout"": 3}","{""collision_rod_early"": 0.0, ""collision_rod_late"": 0.0, ""collision_rod_mid"": 0.0, ""collision_tblock_early"": 0.9507688583582535, ""collision_tblock_late"": 0.0, ""collision_tblock_mid"": 0.0, ""fall"": 0.0, ""timeout"": 1.596597331006722}"
start_behavior_context,start_region=x_mid__y_pos|start_theta_bin=sector_4|path_angle_bin=sector_2|near_count_bin=1|far_count_bin=1|medhigh_count_bin=0,False,93,85,8,0.08602150537634409,1.0292413358930788,timeout,5,-2.1668121536622693,2.881720430107527,"{""collision"": 3, ""success"": 85, ""timeout"": 5}","{""collision_rod_early"": 2, ""collision_rod_mid"": 1, ""timeout"": 5}","{""collision_rod_early"": 1.923432260453339, ""collision_rod_late"": 0.0, ""collision_rod_mid"": 7.577986400319992, ""collision_tblock_early"": 0.0, ""collision_tblock_late"": 0.0, ""collision_tblock_mid"": 0.0, ""fall"": 0.0, ""timeout"": 1.6595456128743709}"
start_behavior_context,start_region=x_pos__y_mid|start_theta_bin=sector_7|path_angle_bin=sector_0|near_count_bin=1|far_count_bin=1|medhigh_count_bin=0,False,59,54,5,0.0847457627118644,1.0139771635387322,collision_tblock_early,4,-4.4595980977787075,3.1864406779661016,"{""collision"": 5, ""success"": 54}","{""collision_rod_early"": 1, ""collision_tblock_early"": 4}","{""collision_rod_early"": 1.5159254256115298, ""collision_rod_late"": 0.0, ""collision_rod_mid"": 0.0, ""collision_tblock_early"": 1.8693082638908034, ""collision_tblock_late"": 0.0, ""collision_tblock_mid"": 0.0, ""fall"": 0.0, ""timeout"": 0.0}"
start_behavior_context,start_region=x_pos__y_mid|start_theta_bin=sector_2|path_angle_bin=sector_0|near_count_bin=0|far_count_bin=1|medhigh_count_bin=0,False,49,45,4,0.08163265306122448,0.9767290228373094,timeout,2,-2.481918286811912,3.2448979591836733,"{""collision"": 2, ""success"": 45, ""timeout"": 2}","{""collision_rod_early"": 1, ""collision_rod_mid"": 1, ""timeout"": 2}","{""collision_rod_early"": 1.8252979614506177, ""collision_rod_late"": 0.0, ""collision_rod_mid"": 14.382708882239987, ""collision_tblock_early"": 0.0, ""collision_tblock_late"": 0.0, ""collision_tblock_mid"": 0.0, ""fall"": 0.0, ""timeout"": 1.2598999346719713}"
start_behavior_context,start_region=x_neg__y_mid|start_theta_bin=sector_3|path_angle_bin=sector_3|near_count_bin=0|far_count_bin=1|medhigh_count_bin=0,False,76,70,6,0.07894736842105263,0.9445997786650294,timeout,5,-2.0711596377352235,2.9078947368421053,"{""collision"": 1, ""success"": 70, ""timeout"": 5}","{""collision_rod_early"": 1, ""timeout"": 5}","{""collision_rod_early"": 1.1768368435668455, ""collision_rod_late"": 0.0, ""collision_rod_mid"": 0.0, ""collision_tblock_early"": 0.0, ""collision_tblock_late"": 0.0, ""collision_tblock_mid"": 0.0, ""fall"": 0.0, ""timeout"": 2.030759763122585}"
start_behavior_context,start_region=x_mid__y_pos|start_theta_bin=sector_3|path_angle_bin=sector_2|near_count_bin=0|far_count_bin=1|medhigh_count_bin=0,False,76,70,6,0.07894736842105263,0.9445997786650294,timeout,4,-2.2541043495016826,2.9210526315789473,"{""collision"": 2, ""success"": 70, ""timeout"": 4}","{""collision_rod_early"": 1, ""collision_tblock_early"": 1, ""timeout"": 4}","{""collision_rod_early"": 1.1768368435668455, ""collision_rod_late"": 0.0, ""collision_rod_mid"": 0.0, ""collision_tblock_early"": 0.36279338016301776, ""collision_tblock_late"": 0.0, ""collision_tblock_mid"": 0.0, ""fall"": 0.0, ""timeout"": 1.624607810498068}"
start_behavior_context,start_region=x_pos__y_neg|start_theta_bin=sector_3|path_angle_bin=sector_7|near_count_bin=0|far_count_bin=1|medhigh_count_bin=0,False,52,48,4,0.07692307692307693,0.9203792715197723,timeout,2,-3.080215431629808,2.980769230769231,"{""collision"": 2, ""success"": 48, ""timeout"": 2}","{""collision_tblock_early"": 2, ""timeout"": 2}","{""collision_rod_early"": 0.0, ""collision_rod_late"": 0.0, ""collision_rod_mid"": 0.0, ""collision_tblock_early"": 1.0604729573995904, ""collision_tblock_late"": 0.0, ""collision_tblock_mid"": 0.0, ""fall"": 0.0, ""timeout"": 1.1872133999793575}"
start_behavior_context,start_region=x_mid__y_pos|start_theta_bin=sector_1|path_angle_bin=sector_2|near_count_bin=0|far_count_bin=1|medhigh_count_bin=0,False,53,49,4,0.07547169811320754,0.9030136248873238,timeout,3,-2.550480457226248,3.1132075471698113,"{""collision"": 1, ""success"": 49, ""timeout"": 3}","{""collision_rod_early"": 1, ""timeout"": 3}","{""collision_rod_early"": 1.6875396247373635, ""collision_rod_late"": 0.0, ""collision_rod_mid"": 0.0, ""collision_tblock_early"": 0.0, ""collision_tblock_late"": 0.0, ""collision_tblock_mid"": 0.0, ""fall"": 0.0, ""timeout"": 1.7472197207243374}"
start_behavior_context,start_region=x_mid__y_neg|start_theta_bin=sector_4|path_angle_bin=sector_6|near_count_bin=0|far_count_bin=1|medhigh_count_bin=0,False,93,86,7,0.07526881720430108,0.9005861689064439,timeout,5,-3.288584542559079,3.247311827956989,"{""collision"": 2, ""success"": 86, ""timeout"": 5}","{""collision_rod_early"": 1, ""collision_tblock_early"": 1, ""timeout"": 5}","{""collision_rod_early"": 0.9617161302266695, ""collision_rod_late"": 0.0, ""collision_rod_mid"": 0.0, ""collision_tblock_early"": 0.2964763106708532, ""collision_tblock_late"": 0.0, ""collision_tblock_mid"": 0.0, ""fall"": 0.0, ""timeout"": 1.6595456128743709}"
start_behavior_context,start_region=x_neg__y_mid|start_theta_bin=sector_1|path_angle_bin=sector_4|near_count_bin=0|far_count_bin=1|medhigh_count_bin=0,False,80,74,6,0.075,0.8973697897317781,timeout,4,-2.5068854898020967,2.825,"{""collision"": 2, ""success"": 74, ""timeout"": 4}","{""collision_tblock_early"": 2, ""timeout"": 4}","{""collision_rod_early"": 0.0, ""collision_rod_late"": 0.0, ""collision_rod_mid"": 0.0, ""collision_tblock_early"": 0.6893074223097339, ""collision_tblock_late"": 0.0, ""collision_tblock_mid"": 0.0, ""fall"": 0.0, ""timeout"": 1.5433774199731647}"
start_behavior_context,start_region=x_pos__y_mid|start_theta_bin=sector_2|path_angle_bin=sector_7|near_count_bin=1|far_count_bin=1|medhigh_count_bin=0,False,94,87,7,0.07446808510638298,0.8910054649819072,timeout,5,-2.7737392154665046,2.893617021276596,"{""collision"": 2, ""success"": 87, ""timeout"": 5}","{""collision_rod_early"": 1, ""collision_tblock_early"": 1, ""timeout"": 5}","{""collision_rod_early"": 0.9514851075646836, ""collision_rod_late"": 0.0, ""collision_rod_mid"": 0.0, ""collision_tblock_early"": 0.29332230736584414, ""collision_tblock_late"": 0.0, ""collision_tblock_mid"": 0.0, ""fall"": 0.0, ""timeout"": 1.6418908723118772}"
start_behavior_context,start_region=x_pos__y_pos|start_theta_bin=sector_1|path_angle_bin=sector_1|near_count_bin=0|far_count_bin=1|medhigh_count_bin=0,False,27,25,2,0.07407407407407407,0.8862911503523733,timeout,1,-4.220886343409521,3.4074074074074074,"{""collision"": 1, ""success"": 25, ""timeout"": 1}","{""collision_rod_early"": 1, ""timeout"": 1}","{""collision_rod_early"": 3.312577781891861, ""collision_rod_late"": 0.0, ""collision_rod_mid"": 0.0, ""collision_tblock_early"": 0.0, ""collision_tblock_late"": 0.0, ""collision_tblock_mid"": 0.0, ""fall"": 0.0, ""timeout"": 1.1432425333134553}"
start_behavior_context,start_region=x_mid__y_pos|start_theta_bin=sector_6|path_angle_bin=sector_1|near_count_bin=0|far_count_bin=1|medhigh_count_bin=0,False,41,38,3,0.07317073170731707,0.8754827216895393,collision_tblock_early,2,-4.938141435635948,3.1463414634146343,"{""collision"": 3, ""success"": 38}","{""collision_rod_early"": 1, ""collision_tblock_early"": 2}","{""collision_rod_early"": 2.1814536612458597, ""collision_rod_late"": 0.0, ""collision_rod_mid"": 0.0, ""collision_tblock_early"": 1.3449900923116755, ""collision_tblock_late"": 0.0, ""collision_tblock_mid"": 0.0, ""fall"": 0.0, ""timeout"": 0.0}"
start_behavior_context,start_region=x_pos__y_mid|start_theta_bin=sector_5|path_angle_bin=sector_0|near_count_bin=1|far_count_bin=1|medhigh_count_bin=0,False,69,64,5,0.07246376811594203,0.8670239514316695,collision_rod_early,2,-3.9761262281313257,3.0,"{""collision"": 4, ""success"": 64, ""timeout"": 1}","{""collision_rod_early"": 2, ""collision_rod_mid"": 1, ""collision_tblock_early"": 1, ""timeout"": 1}","{""collision_rod_early"": 2.592452177132761, ""collision_rod_late"": 0.0, ""collision_rod_mid"": 10.213807756953033, ""collision_tblock_early"": 0.39959850568680216, ""collision_tblock_late"": 0.0, ""collision_tblock_mid"": 0.0, ""fall"": 0.0, ""timeout"": 0.4473557739052651}"
start_behavior_context,start_region=x_mid__y_pos|start_theta_bin=sector_7|path_angle_bin=sector_2|near_count_bin=1|far_count_bin=1|medhigh_count_bin=0,False,97,90,7,0.07216494845360824,0.8634485949309204,timeout,3,-4.8461046061530935,3.5051546391752577,"{""collision"": 3, ""fall"": 1, ""success"": 90, ""timeout"": 3}","{""collision_rod_early"": 2, ""collision_tblock_early"": 1, ""fall"": 1, ""timeout"": 3}","{""collision_rod_early"": 1.8441154662078403, ""collision_rod_late"": 0.0, ""collision_rod_mid"": 0.0, ""collision_tblock_early"": 0.28425048342669434, ""collision_tblock_late"": 0.0, ""collision_tblock_mid"": 0.0, ""fall"": 8.300824742268041, ""timeout"": 0.9546664453442255}"
start_behavior_context,start_region=x_mid__y_pos|start_theta_bin=sector_1|path_angle_bin=sector_1|near_count_bin=1|far_count_bin=1|medhigh_count_bin=0,False,56,52,4,0.07142857142857142,0.8546378949826458,timeout,2,-2.9138084425620474,3.0892857142857144,"{""collision"": 2, ""success"": 52, ""timeout"": 2}","{""collision_rod_early"": 1, ""collision_tblock_early"": 1, ""timeout"": 2}","{""collision_rod_early"": 1.5971357162692903, ""collision_rod_late"": 0.0, ""collision_rod_mid"": 0.0, ""collision_tblock_early"": 0.4923624445069527, ""collision_tblock_late"": 0.0, ""collision_tblock_mid"": 0.0, ""fall"": 0.0, ""timeout"": 1.1024124428379747}"
start_behavior_context,start_region=x_pos__y_mid|start_theta_bin=sector_0|path_angle_bin=sector_0|near_count_bin=0|far_count_bin=1|medhigh_count_bin=0,False,42,39,3,0.07142857142857142,0.8546378949826456,collision_tblock_early,2,-3.6507764068676636,3.0,"{""collision"": 3, ""success"": 39}","{""collision_rod_early"": 1, ""collision_tblock_early"": 2}","{""collision_rod_early"": 2.129514288359054, ""collision_rod_late"": 0.0, ""collision_rod_mid"": 0.0, ""collision_tblock_early"": 1.312966518685207, ""collision_tblock_late"": 0.0, ""collision_tblock_mid"": 0.0, ""fall"": 0.0, ""timeout"": 0.0}"
start_behavior_context,start_region=x_pos__y_pos|start_theta_bin=sector_4|path_angle_bin=sector_1|near_count_bin=0|far_count_bin=1|medhigh_count_bin=0,False,42,39,3,0.07142857142857142,0.8546378949826456,timeout,1,-5.363473163786623,3.2857142857142856,"{""collision"": 2, ""success"": 39, ""timeout"": 1}","{""collision_rod_early"": 1, ""collision_tblock_early"": 1, ""timeout"": 1}","{""collision_rod_early"": 2.129514288359054, ""collision_rod_late"": 0.0, ""collision_rod_mid"": 0.0, ""collision_tblock_early"": 0.6564832593426035, ""collision_tblock_late"": 0.0, ""collision_tblock_mid"": 0.0, ""fall"": 0.0, ""timeout"": 0.7349416285586498}"
start_behavior_context,start_region=x_pos__y_mid|start_theta_bin=sector_3|path_angle_bin=sector_0|near_count_bin=0|far_count_bin=1|medhigh_count_bin=0,False,42,39,3,0.07142857142857142,0.8546378949826456,timeout,2,-3.1713013972596893,3.2142857142857144,"{""collision"": 1, ""success"": 39, ""timeout"": 2}","{""collision_tblock_mid"": 1, ""timeout"": 2}","{""collision_rod_early"": 0.0, ""collision_rod_late"": 0.0, ""collision_rod_mid"": 0.0, ""collision_tblock_early"": 0.0, ""collision_tblock_late"": 0.0, ""collision_tblock_mid"": 37.045318610536, ""fall"": 0.0, ""timeout"": 1.4698832571172995}"
start_behavior_context,start_region=x_pos__y_mid|start_theta_bin=sector_6|path_angle_bin=sector_0|near_count_bin=1|far_count_bin=1|medhigh_count_bin=0,False,72,67,5,0.06944444444444445,0.83089795345535,collision_tblock_early,3,-5.129610455942066,3.375,"{""collision"": 5, ""success"": 67}","{""collision_rod_early"": 2, ""collision_tblock_early"": 3}","{""collision_rod_early"": 2.484433336418896, ""collision_rod_late"": 0.0, ""collision_rod_mid"": 0.0, ""collision_tblock_early"": 1.148845703849556, ""collision_tblock_late"": 0.0, ""collision_tblock_mid"": 0.0, ""fall"": 0.0, ""timeout"": 0.0}"
start_behavior_context,start_region=x_pos__y_mid|start_theta_bin=sector_2|path_angle_bin=sector_0|near_count_bin=1|far_count_bin=1|medhigh_count_bin=0,False,73,68,5,0.0684931506849315,0.8195157897093863,timeout,5,-2.220223828750963,3.0547945205479454,"{""success"": 68, ""timeout"": 5}","{""timeout"": 5}","{""collision_rod_early"": 0.0, ""collision_rod_late"": 0.0, ""collision_rod_mid"": 0.0, ""collision_tblock_early"": 0.0, ""collision_tblock_late"": 0.0, ""collision_tblock_mid"": 0.0, ""fall"": 0.0, ""timeout"": 2.1142156437988557}"
start_behavior_context,start_region=x_mid__y_pos|start_theta_bin=sector_2|path_angle_bin=sector_1|near_count_bin=1|far_count_bin=1|medhigh_count_bin=0,False,88,82,6,0.06818181818181818,0.81579071793798,timeout,4,-2.967808364794176,3.375,"{""collision"": 2, ""success"": 82, ""timeout"": 4}","{""collision_rod_early"": 1, ""collision_tblock_mid"": 1, ""timeout"": 4}","{""collision_rod_early"": 1.0163590921713666, ""collision_rod_late"": 0.0, ""collision_rod_mid"": 0.0, ""collision_tblock_early"": 0.0, ""collision_tblock_late"": 0.0, ""collision_tblock_mid"": 17.680720245937636, ""fall"": 0.0, ""timeout"": 1.403070381793786}"
start_behavior_context,start_region=x_pos__y_pos|start_theta_bin=sector_3|path_angle_bin=sector_0|near_count_bin=0|far_count_bin=1|medhigh_count_bin=0,False,31,29,2,0.06451612903225806,0.7719310019198091,collision_tblock_early,1,-2.5166657973532236,2.838709677419355,"{""collision"": 2, ""success"": 29}","{""collision_rod_early"": 1, ""collision_tblock_early"": 1}","{""collision_rod_early"": 2.8851483906800084, ""collision_rod_late"": 0.0, ""collision_rod_mid"": 0.0, ""collision_tblock_early"": 0.8894289320125598, ""collision_tblock_late"": 0.0, ""collision_tblock_mid"": 0.0, ""fall"": 0.0, ""timeout"": 0.0}"
start_behavior_context,start_region=x_pos__y_mid|start_theta_bin=sector_4|path_angle_bin=sector_7|near_count_bin=1|far_count_bin=1|medhigh_count_bin=0,False,93,87,6,0.06451612903225806,0.771931001919809,timeout,3,-3.019132878957847,3.043010752688172,"{""collision"": 3, ""success"": 87, ""timeout"": 3}","{""collision_rod_early"": 2, ""collision_tblock_early"": 1, ""timeout"": 3}","{""collision_rod_early"": 1.923432260453339, ""collision_rod_late"": 0.0, ""collision_rod_mid"": 0.0, ""collision_tblock_early"": 0.2964763106708532, ""collision_tblock_late"": 0.0, ""collision_tblock_mid"": 0.0, ""fall"": 0.0, ""timeout"": 0.9957273677246224}"
start_behavior_context,start_region=x_pos__y_neg|start_theta_bin=sector_1|path_angle_bin=sector_7|near_count_bin=0|far_count_bin=1|medhigh_count_bin=0,False,79,74,5,0.06329113924050633,0.757274084161838,timeout,2,-2.774438261400783,3.0,"{""collision"": 3, ""success"": 74, ""timeout"": 2}","{""collision_rod_early"": 2, ""collision_rod_late"": 1, ""timeout"": 2}","{""collision_rod_early"": 2.2642936736982344, ""collision_rod_late"": 48.53405666063893, ""collision_rod_mid"": 0.0, ""collision_tblock_early"": 0.0, ""collision_tblock_late"": 0.0, ""collision_tblock_mid"": 0.0, ""fall"": 0.0, ""timeout"": 0.7814569215053997}"
start_behavior_context,start_region=x_mid__y_pos|start_theta_bin=sector_3|path_angle_bin=sector_2|near_count_bin=1|far_count_bin=1|medhigh_count_bin=0,False,96,90,6,0.0625,0.7478081581098149,timeout,4,-2.4028382063483913,3.1145833333333335,"{""collision"": 2, ""success"": 90, ""timeout"": 4}","{""collision_rod_early"": 1, ""collision_tblock_early"": 1, ""timeout"": 4}","{""collision_rod_early"": 0.931662501157086, ""collision_rod_late"": 0.0, ""collision_rod_mid"": 0.0, ""collision_tblock_early"": 0.2872114259623891, ""collision_tblock_late"": 0.0, ""collision_tblock_mid"": 0.0, ""fall"": 0.0, ""timeout"": 1.286147849977637}"
start_behavior_context,start_region=x_mid__y_neg|start_theta_bin=sector_2|path_angle_bin=sector_5|near_count_bin=0|far_count_bin=1|medhigh_count_bin=0,False,81,76,5,0.06172839506172839,0.7385759586269778,timeout,4,-1.996757785973009,2.9382716049382718,"{""collision"": 1, ""success"": 76, ""timeout"": 4}","{""collision_tblock_early"": 1, ""timeout"": 4}","{""collision_rod_early"": 0.0, ""collision_rod_late"": 0.0, ""collision_rod_mid"": 0.0, ""collision_tblock_early"": 0.3403987270665352, ""collision_tblock_late"": 0.0, ""collision_tblock_mid"": 0.0, ""fall"": 0.0, ""timeout"": 1.5243233777512737}"
start_behavior_context,start_region=x_pos__y_neg|start_theta_bin=sector_6|path_angle_bin=sector_6|near_count_bin=0|far_count_bin=1|medhigh_count_bin=0,False,65,61,4,0.06153846153846154,0.7363034172158178,timeout,2,-4.568227341629894,3.1384615384615384,"{""collision"": 2, ""success"": 61, ""timeout"": 2}","{""collision_rod_early"": 1, ""collision_rod_mid"": 1, ""timeout"": 2}","{""collision_rod_early"": 1.3759938478627733, ""collision_rod_late"": 0.0, ""collision_rod_mid"": 10.842349772765527, ""collision_tblock_early"": 0.0, ""collision_tblock_late"": 0.0, ""collision_tblock_mid"": 0.0, ""fall"": 0.0, ""timeout"": 0.949770719983486}"
start_behavior_context,start_region=x_neg__y_mid|start_theta_bin=sector_4|path_angle_bin=sector_3|near_count_bin=0|far_count_bin=1|medhigh_count_bin=0,False,82,77,5,0.06097560975609756,0.7295689347412829,timeout,4,-2.2442718226674403,3.1341463414634148,"{""collision"": 1, ""success"": 77, ""timeout"": 4}","{""collision_rod_early"": 1, ""timeout"": 4}","{""collision_rod_early"": 1.0907268306229299, ""collision_rod_late"": 0.0, ""collision_rod_mid"": 0.0, ""collision_tblock_early"": 0.0, ""collision_tblock_late"": 0.0, ""collision_tblock_mid"": 0.0, ""fall"": 0.0, ""timeout"": 1.505734068266502}"
start_behavior_context,start_region=x_pos__y_mid|start_theta_bin=sector_5|path_angle_bin=sector_0|near_count_bin=0|far_count_bin=1|medhigh_count_bin=0,False,33,31,2,0.06060606060606061,0.72514730483376,timeout,1,-3.374482390011845,2.9696969696969697,"{""collision"": 1, ""success"": 31, ""timeout"": 1}","{""collision_tblock_early"": 1, ""timeout"": 1}","{""collision_rod_early"": 0.0, ""collision_rod_late"": 0.0, ""collision_rod_mid"": 0.0, ""collision_tblock_early"": 0.8355241482542228, ""collision_tblock_late"": 0.0, ""collision_tblock_mid"": 0.0, ""fall"": 0.0, ""timeout"": 0.9353802545291907}"
start_behavior_context,start_region=x_neg__y_pos|start_theta_bin=sector_3|path_angle_bin=sector_2|near_count_bin=0|far_count_bin=1|medhigh_count_bin=0,False,86,81,5,0.05813953488372093,0.695635495916107,collision_rod_early,2,-2.7325224442205065,2.9767441860465116,"{""collision"": 4, ""success"": 81, ""timeout"": 1}","{""collision_rod_early"": 2, ""collision_rod_mid"": 1, ""collision_tblock_early"": 1, ""timeout"": 1}","{""collision_rod_early"": 2.0799907002576803, ""collision_rod_late"": 0.0, ""collision_rod_mid"": 8.194799246857666, ""collision_tblock_early"": 0.32060810339987617, ""collision_tblock_late"": 0.0, ""collision_tblock_mid"": 0.0, ""fall"": 0.0, ""timeout"": 0.35892498138910806}"
start_behavior_context,start_region=x_mid__y_pos|start_theta_bin=sector_0|path_angle_bin=sector_2|near_count_bin=0|far_count_bin=1|medhigh_count_bin=0,False,69,65,4,0.057971014492753624,0.6936191611453356,timeout,2,-3.7224357324617547,3.289855072463768,"{""collision"": 2, ""success"": 65, ""timeout"": 2}","{""collision_rod_early"": 1, ""collision_tblock_early"": 1, ""timeout"": 2}","{""collision_rod_early"": 1.2962260885663806, ""collision_rod_late"": 0.0, ""collision_rod_mid"": 0.0, ""collision_tblock_early"": 0.39959850568680216, ""collision_tblock_late"": 0.0, ""collision_tblock_mid"": 0.0, ""fall"": 0.0, ""timeout"": 0.8947115478105302}"
start_behavior_context,start_region=x_pos__y_mid|start_theta_bin=sector_1|path_angle_bin=sector_0|near_count_bin=0|far_count_bin=1|medhigh_count_bin=0,False,52,49,3,0.057692307692307696,0.6902844536398292,timeout,2,-2.582531362839555,3.3076923076923075,"{""collision"": 1, ""success"": 49, ""timeout"": 2}","{""collision_rod_early"": 1, ""timeout"": 2}","{""collision_rod_early"": 1.7199923098284666, ""collision_rod_late"": 0.0, ""collision_rod_mid"": 0.0, ""collision_tblock_early"": 0.0, ""collision_tblock_late"": 0.0, ""collision_tblock_mid"": 0.0, ""fall"": 0.0, ""timeout"": 1.1872133999793575}"
start_behavior_context,start_region=x_pos__y_mid|start_theta_bin=sector_0|path_angle_bin=sector_0|near_count_bin=1|far_count_bin=1|medhigh_count_bin=0,False,70,66,4,0.05714285714285714,0.6837103159861166,timeout,3,-3.4737063838712197,3.3142857142857145,"{""collision"": 1, ""success"": 66, ""timeout"": 3}","{""collision_rod_early"": 1, ""timeout"": 3}","{""collision_rod_early"": 1.2777085730154323, ""collision_rod_late"": 0.0, ""collision_rod_mid"": 0.0, ""collision_tblock_early"": 0.0, ""collision_tblock_late"": 0.0, ""collision_tblock_mid"": 0.0, ""fall"": 0.0, ""timeout"": 1.3228949314055698}"
start_behavior_context,start_region=x_pos__y_mid|start_theta_bin=sector_3|path_angle_bin=sector_7|near_count_bin=0|far_count_bin=1|medhigh_count_bin=0,False,72,68,4,0.05555555555555555,0.66471836276428,timeout,2,-3.1044230987557153,2.986111111111111,"{""collision"": 2, ""success"": 68, ""timeout"": 2}","{""collision_rod_early"": 1, ""collision_rod_mid"": 1, ""timeout"": 2}","{""collision_rod_early"": 1.242216668209448, ""collision_rod_late"": 0.0, ""collision_rod_mid"": 9.788232433746657, ""collision_tblock_early"": 0.0, ""collision_tblock_late"": 0.0, ""collision_tblock_mid"": 0.0, ""fall"": 0.0, ""timeout"": 0.8574318999850914}"
start_behavior_context,start_region=x_pos__y_pos|start_theta_bin=sector_7|path_angle_bin=sector_1|near_count_bin=0|far_count_bin=1|medhigh_count_bin=0,False,18,17,1,0.05555555555555555,0.66471836276428,collision_tblock_early,1,-4.242279743922599,2.9444444444444446,"{""collision"": 1, ""success"": 17}","{""collision_tblock_early"": 1}","{""collision_rod_early"": 0.0, ""collision_rod_late"": 0.0, ""collision_rod_mid"": 0.0, ""collision_tblock_early"": 1.5317942717994084, ""collision_tblock_late"": 0.0, ""collision_tblock_mid"": 0.0, ""fall"": 0.0, ""timeout"": 0.0}"
start_behavior_context,start_region=x_pos__y_neg|start_theta_bin=sector_2|path_angle_bin=sector_7|near_count_bin=0|far_count_bin=1|medhigh_count_bin=0,False,92,87,5,0.05434782608695652,0.6502679635737522,timeout,4,-2.3938947860176314,3.130434782608696,"{""collision"": 1, ""success"": 87, ""timeout"": 4}","{""collision_tblock_early"": 1, ""timeout"": 4}","{""collision_rod_early"": 0.0, ""collision_rod_late"": 0.0, ""collision_rod_mid"": 0.0, ""collision_tblock_early"": 0.29969887926510164, ""collision_tblock_late"": 0.0, ""collision_tblock_mid"": 0.0, ""fall"": 0.0, ""timeout"": 1.3420673217157952}"
start_behavior_context,start_region=x_pos__y_mid|start_theta_bin=sector_1|path_angle_bin=sector_0|near_count_bin=1|far_count_bin=1|medhigh_count_bin=0,False,94,89,5,0.05319148936170213,0.6364324749870766,timeout,5,-2.286362171229672,3.2127659574468086,"{""success"": 89, ""timeout"": 5}","{""timeout"": 5}","{""collision_rod_early"": 0.0, ""collision_rod_late"": 0.0, ""collision_rod_mid"": 0.0, ""collision_tblock_early"": 0.0, ""collision_tblock_late"": 0.0, ""collision_tblock_mid"": 0.0, ""fall"": 0.0, ""timeout"": 1.6418908723118772}"
start_behavior_context,start_region=x_pos__y_mid|start_theta_bin=sector_4|path_angle_bin=sector_0|near_count_bin=0|far_count_bin=1|medhigh_count_bin=0,False,38,36,2,0.05263157894736842,0.6297331857766862,timeout,2,-2.6325568944711955,3.210526315789474,"{""success"": 36, ""timeout"": 2}","{""timeout"": 2}","{""collision_rod_early"": 0.0, ""collision_rod_late"": 0.0, ""collision_rod_mid"": 0.0, ""collision_tblock_early"": 0.0, ""collision_tblock_late"": 0.0, ""collision_tblock_mid"": 0.0, ""fall"": 0.0, ""timeout"": 1.624607810498068}"
start_behavior_context,start_region=x_mid__y_pos|start_theta_bin=sector_0|path_angle_bin=sector_1|near_count_bin=0|far_count_bin=1|medhigh_count_bin=0,False,38,36,2,0.05263157894736842,0.6297331857766862,collision_tblock_early,1,-4.039647748746188,3.1315789473684212,"{""collision"": 2, ""success"": 36}","{""collision_rod_early"": 1, ""collision_tblock_early"": 1}","{""collision_rod_early"": 2.353673687133691, ""collision_rod_late"": 0.0, ""collision_rod_mid"": 0.0, ""collision_tblock_early"": 0.7255867603260355, ""collision_tblock_late"": 0.0, ""collision_tblock_mid"": 0.0, ""fall"": 0.0, ""timeout"": 0.0}"
start_behavior_context,start_region=x_pos__y_mid|start_theta_bin=sector_5|path_angle_bin=sector_7|near_count_bin=0|far_count_bin=1|medhigh_count_bin=0,False,78,74,4,0.05128205128205128,0.6135861810131815,collision_tblock_early,2,-3.9027241529530934,3.1538461538461537,"{""collision"": 3, ""success"": 74, ""timeout"": 1}","{""collision_rod_mid"": 1, ""collision_tblock_early"": 2, ""timeout"": 1}","{""collision_rod_early"": 0.0, ""collision_rod_late"": 0.0, ""collision_rod_mid"": 9.035291477304606, ""collision_tblock_early"": 0.706981971599727, ""collision_tblock_late"": 0.0, ""collision_tblock_mid"": 0.0, ""fall"": 0.0, ""timeout"": 0.39573779999311914}"
start_behavior_context,start_region=x_mid__y_pos|start_theta_bin=sector_2|path_angle_bin=sector_2|near_count_bin=0|far_count_bin=1|medhigh_count_bin=0,False,78,74,4,0.05128205128205128,0.6135861810131815,timeout,3,-2.6029894909083793,3.3333333333333335,"{""collision"": 1, ""success"": 74, ""timeout"": 3}","{""collision_rod_early"": 1, ""timeout"": 3}","{""collision_rod_early"": 1.1466615398856443, ""collision_rod_late"": 0.0, ""collision_rod_mid"": 0.0, ""collision_tblock_early"": 0.0, ""collision_tblock_late"": 0.0, ""collision_tblock_mid"": 0.0, ""fall"": 0.0, ""timeout"": 1.1872133999793575}"
start_behavior_context,start_region=x_mid__y_pos|start_theta_bin=sector_3|path_angle_bin=sector_1|near_count_bin=1|far_count_bin=1|medhigh_count_bin=0,False,78,74,4,0.05128205128205128,0.6135861810131815,timeout,3,-2.0031875047126713,2.858974358974359,"{""collision"": 1, ""success"": 74, ""timeout"": 3}","{""collision_rod_early"": 1, ""timeout"": 3}","{""collision_rod_early"": 1.1466615398856443, ""collision_rod_late"": 0.0, ""collision_rod_mid"": 0.0, ""collision_tblock_early"": 0.0, ""collision_tblock_late"": 0.0, ""collision_tblock_mid"": 0.0, ""fall"": 0.0, ""timeout"": 1.1872133999793575}"
start_behavior_context,start_region=x_neg__y_mid|start_theta_bin=sector_0|path_angle_bin=sector_3|near_count_bin=0|far_count_bin=1|medhigh_count_bin=0,False,98,93,5,0.05102040816326531,0.6104556392733185,timeout,3,-2.5305681865278573,2.8469387755102042,"{""collision"": 1, ""fall"": 1, ""success"": 93, ""timeout"": 3}","{""collision_tblock_early"": 1, ""fall"": 1, ""timeout"": 3}","{""collision_rod_early"": 0.0, ""collision_rod_late"": 0.0, ""collision_rod_mid"": 0.0, ""collision_tblock_early"": 0.2813499682896873, ""collision_tblock_late"": 0.0, ""collision_tblock_mid"": 0.0, ""fall"": 8.216122448979592, ""timeout"": 0.9449249510039784}"
start_behavior_context,start_region=x_pos__y_neg|start_theta_bin=sector_3|path_angle_bin=sector_6|near_count_bin=0|far_count_bin=1|medhigh_count_bin=0,False,79,75,4,0.05063291139240506,0.6058192673294703,timeout,2,-3.5095865017514605,3.088607594936709,"{""collision"": 2, ""success"": 75, ""timeout"": 2}","{""collision_rod_early"": 2, ""timeout"": 2}","{""collision_rod_early"": 2.2642936736982344, ""collision_rod_late"": 0.0, ""collision_rod_mid"": 0.0, ""collision_tblock_early"": 0.0, ""collision_tblock_late"": 0.0, ""collision_tblock_mid"": 0.0, ""fall"": 0.0, ""timeout"": 0.7814569215053997}"
start_behavior_context,start_region=x_pos__y_neg|start_theta_bin=sector_7|path_angle_bin=sector_6|near_count_bin=0|far_count_bin=1|medhigh_count_bin=0,False,99,94,5,0.050505050505050504,0.6042894206948001,timeout,2,-4.005851981157301,3.3434343434343434,"{""collision"": 3, ""success"": 94, ""timeout"": 2}","{""collision_rod_early"": 1, ""collision_tblock_early"": 2, ""timeout"": 2}","{""collision_rod_early"": 0.9034303041523258, ""collision_rod_late"": 0.0, ""collision_rod_mid"": 0.0, ""collision_tblock_early"": 0.5570160988361486, ""collision_tblock_late"": 0.0, ""collision_tblock_mid"": 0.0, ""fall"": 0.0, ""timeout"": 0.6235868363527938}"
start_behavior_context,start_region=x_mid__y_pos|start_theta_bin=sector_6|path_angle_bin=sector_1|near_count_bin=1|far_count_bin=1|medhigh_count_bin=0,False,62,59,3,0.04838709677419355,0.5789482514398567,collision_tblock_early,2,-4.69019560234219,3.306451612903226,"{""collision"": 2, ""success"": 59, ""timeout"": 1}","{""collision_tblock_early"": 2, ""timeout"": 1}","{""collision_rod_early"": 0.0, ""collision_rod_late"": 0.0, ""collision_rod_mid"": 0.0, ""collision_tblock_early"": 0.8894289320125598, ""collision_tblock_late"": 0.0, ""collision_tblock_mid"": 0.0, ""fall"": 0.0, ""timeout"": 0.49786368386231117}"
start_behavior_context,start_region=x_pos__y_neg|start_theta_bin=sector_1|path_angle_bin=sector_6|near_count_bin=0|far_count_bin=1|medhigh_count_bin=0,False,94,90,4,0.0425531914893617,0.5091459799896613,timeout,3,-3.1237450338482917,3.2127659574468086,"{""collision"": 1, ""success"": 90, ""timeout"": 3}","{""collision_rod_early"": 1, ""timeout"": 3}","{""collision_rod_early"": 0.9514851075646836, ""collision_rod_late"": 0.0, ""collision_rod_mid"": 0.0, ""collision_tblock_early"": 0.0, ""collision_tblock_late"": 0.0, ""collision_tblock_mid"": 0.0, ""fall"": 0.0, ""timeout"": 0.9851345233871264}"
start_behavior_context,start_region=x_mid__y_pos|start_theta_bin=sector_2|path_angle_bin=sector_1|near_count_bin=0|far_count_bin=1|medhigh_count_bin=0,False,47,45,2,0.0425531914893617,0.5091459799896613,timeout,1,-2.226636945541302,2.9148936170212765,"{""collision"": 1, ""success"": 45, ""timeout"": 1}","{""collision_rod_early"": 1, ""timeout"": 1}","{""collision_rod_early"": 1.9029702151293673, ""collision_rod_late"": 0.0, ""collision_rod_mid"": 0.0, ""collision_tblock_early"": 0.0, ""collision_tblock_late"": 0.0, ""collision_tblock_mid"": 0.0, ""fall"": 0.0, ""timeout"": 0.6567563489247509}"
start_behavior_context,start_region=x_neg__y_mid|start_theta_bin=sector_2|path_angle_bin=sector_3|near_count_bin=0|far_count_bin=1|medhigh_count_bin=0,False,95,91,4,0.042105263157894736,0.503786548621349,timeout,4,-2.503628276561986,3.2842105263157895,"{""success"": 91, ""timeout"": 4}","{""timeout"": 4}","{""collision_rod_early"": 0.0, ""collision_rod_late"": 0.0, ""collision_rod_mid"": 0.0, ""collision_tblock_early"": 0.0, ""collision_tblock_late"": 0.0, ""collision_tblock_mid"": 0.0, ""fall"": 0.0, ""timeout"": 1.2996862483984544}"
start_behavior_context,start_region=x_mid__y_pos|start_theta_bin=sector_4|path_angle_bin=sector_1|near_count_bin=0|far_count_bin=1|medhigh_count_bin=0,False,50,48,2,0.04,0.4785972211902816,collision_rod_early,1,-2.5780311746117075,3.0,"{""collision"": 1, ""success"": 48, ""timeout"": 1}","{""collision_rod_early"": 1, ""timeout"": 1}","{""collision_rod_early"": 1.788792002221605, ""collision_rod_late"": 0.0, ""collision_rod_mid"": 0.0, ""collision_tblock_early"": 0.0, ""collision_tblock_late"": 0.0, ""collision_tblock_mid"": 0.0, ""fall"": 0.0, ""timeout"": 0.6173509679892658}"
start_behavior_context,start_region=x_pos__y_pos|start_theta_bin=sector_4|path_angle_bin=sector_0|near_count_bin=0|far_count_bin=1|medhigh_count_bin=0,False,25,24,1,0.04,0.4785972211902816,timeout,1,-3.398513041244159,3.32,"{""success"": 24, ""timeout"": 1}","{""timeout"": 1}","{""collision_rod_early"": 0.0, ""collision_rod_late"": 0.0, ""collision_rod_mid"": 0.0, ""collision_tblock_early"": 0.0, ""collision_tblock_late"": 0.0, ""collision_tblock_mid"": 0.0, ""fall"": 0.0, ""timeout"": 1.2347019359785316}"
start_behavior_context,start_region=x_pos__y_mid|start_theta_bin=sector_2|path_angle_bin=sector_7|near_count_bin=0|far_count_bin=1|medhigh_count_bin=0,False,79,76,3,0.0379746835443038,0.4543644504971027,timeout,2,-2.237833221936491,2.949367088607595,"{""collision"": 1, ""success"": 76, ""timeout"": 2}","{""collision_rod_late"": 1, ""timeout"": 2}","{""collision_rod_early"": 0.0, ""collision_rod_late"": 48.53405666063893, ""collision_rod_mid"": 0.0, ""collision_tblock_early"": 0.0, ""collision_tblock_late"": 0.0, ""collision_tblock_mid"": 0.0, ""fall"": 0.0, ""timeout"": 0.7814569215053997}"
start_behavior_context,start_region=x_pos__y_neg|start_theta_bin=sector_4|path_angle_bin=sector_7|near_count_bin=0|far_count_bin=1|medhigh_count_bin=0,False,58,56,2,0.034482758620689655,0.4125838113709324,timeout,1,-3.2707849205115043,3.189655172413793,"{""collision"": 1, ""success"": 56, ""timeout"": 1}","{""collision_tblock_early"": 1, ""timeout"": 1}","{""collision_rod_early"": 0.0, ""collision_rod_late"": 0.0, ""collision_rod_mid"": 0.0, ""collision_tblock_early"": 0.47538442917912677, ""collision_tblock_late"": 0.0, ""collision_tblock_mid"": 0.0, ""fall"": 0.0, ""timeout"": 0.532199110335574}"
start_behavior_context,start_region=x_pos__y_mid|start_theta_bin=sector_3|path_angle_bin=sector_0|near_count_bin=1|far_count_bin=1|medhigh_count_bin=0,False,87,84,3,0.034482758620689655,0.41258381137093236,timeout,3,-2.2024775206127365,3.0689655172413794,"{""success"": 84, ""timeout"": 3}","{""timeout"": 3}","{""collision_rod_early"": 0.0, ""collision_rod_late"": 0.0, ""collision_rod_mid"": 0.0, ""collision_tblock_early"": 0.0, ""collision_tblock_late"": 0.0, ""collision_tblock_mid"": 0.0, ""fall"": 0.0, ""timeout"": 1.064398220671148}"
start_behavior_context,start_region=x_neg__y_pos|start_theta_bin=sector_3|path_angle_bin=sector_3|near_count_bin=0|far_count_bin=1|medhigh_count_bin=0,False,90,87,3,0.03333333333333333,0.398831017658568,timeout,2,-2.19712807213653,2.6666666666666665,"{""collision"": 1, ""success"": 87, ""timeout"": 2}","{""collision_tblock_early"": 1, ""timeout"": 2}","{""collision_rod_early"": 0.0, ""collision_rod_late"": 0.0, ""collision_rod_mid"": 0.0, ""collision_tblock_early"": 0.3063588543598817, ""collision_tblock_late"": 0.0, ""collision_tblock_mid"": 0.0, ""fall"": 0.0, ""timeout"": 0.6859455199880732}"
start_behavior_context,start_region=x_mid__y_pos|start_theta_bin=sector_5|path_angle_bin=sector_1|near_count_bin=0|far_count_bin=1|medhigh_count_bin=0,False,31,30,1,0.03225806451612903,0.38596550095990456,timeout,1,-4.237992640518665,3.3548387096774195,"{""success"": 30, ""timeout"": 1}","{""timeout"": 1}","{""collision_rod_early"": 0.0, ""collision_rod_late"": 0.0, ""collision_rod_mid"": 0.0, ""collision_tblock_early"": 0.0, ""collision_tblock_late"": 0.0, ""collision_tblock_mid"": 0.0, ""fall"": 0.0, ""timeout"": 0.9957273677246223}"
start_behavior_context,start_region=x_pos__y_pos|start_theta_bin=sector_2|path_angle_bin=sector_1|near_count_bin=0|far_count_bin=1|medhigh_count_bin=0,False,32,31,1,0.03125,0.37390407905490747,collision_rod_early,1,-2.074363047878136,2.71875,"{""collision"": 1, ""success"": 31}","{""collision_rod_early"": 1}","{""collision_rod_early"": 2.794987503471258, ""collision_rod_late"": 0.0, ""collision_rod_mid"": 0.0, ""collision_tblock_early"": 0.0, ""collision_tblock_late"": 0.0, ""collision_tblock_mid"": 0.0, ""fall"": 0.0, ""timeout"": 0.0}"
start_behavior_context,start_region=x_mid__y_pos|start_theta_bin=sector_0|path_angle_bin=sector_2|near_count_bin=1|far_count_bin=1|medhigh_count_bin=0,False,97,94,3,0.030927835051546393,0.37004939782753726,collision_tblock_early,2,-3.140828870694025,2.9690721649484537,"{""collision"": 3, ""success"": 94}","{""collision_rod_early"": 1, ""collision_tblock_early"": 2}","{""collision_rod_early"": 0.9220577331039201, ""collision_rod_late"": 0.0, ""collision_rod_mid"": 0.0, ""collision_tblock_early"": 0.5685009668533887, ""collision_tblock_late"": 0.0, ""collision_tblock_mid"": 0.0, ""fall"": 0.0, ""timeout"": 0.0}"
start_behavior_context,start_region=x_mid__y_pos|start_theta_bin=sector_5|path_angle_bin=sector_2|near_count_bin=0|far_count_bin=1|medhigh_count_bin=0,False,83,81,2,0.024096385542168676,0.28831157903029014,collision_rod_early,1,-3.2215744471393464,2.8674698795180724,"{""collision"": 2, ""success"": 81}","{""collision_rod_early"": 1, ""collision_tblock_early"": 1}","{""collision_rod_early"": 1.0775855435069912, ""collision_rod_late"": 0.0, ""collision_rod_mid"": 0.0, ""collision_tblock_early"": 0.3321963481010765, ""collision_tblock_late"": 0.0, ""collision_tblock_mid"": 0.0, ""fall"": 0.0, ""timeout"": 0.0}"
start_behavior_context,start_region=x_pos__y_mid|start_theta_bin=sector_0|path_angle_bin=sector_7|near_count_bin=0|far_count_bin=1|medhigh_count_bin=0,False,87,85,2,0.022988505747126436,0.2750558742472883,timeout,2,-2.14059056783606,3.0804597701149423,"{""success"": 85, ""timeout"": 2}","{""timeout"": 2}","{""collision_rod_early"": 0.0, ""collision_rod_late"": 0.0, ""collision_rod_mid"": 0.0, ""collision_tblock_early"": 0.0, ""collision_tblock_late"": 0.0, ""collision_tblock_mid"": 0.0, ""fall"": 0.0, ""timeout"": 0.7095988137807653}"
start_behavior_context,start_region=x_mid__y_neg|start_theta_bin=sector_3|path_angle_bin=sector_6|near_count_bin=0|far_count_bin=1|medhigh_count_bin=0,False,87,86,1,0.011494252873563218,0.13752793712364414,timeout,1,-2.0732598904226833,2.896551724137931,"{""success"": 86, ""timeout"": 1}","{""timeout"": 1}","{""collision_rod_early"": 0.0, ""collision_rod_late"": 0.0, ""collision_rod_mid"": 0.0, ""collision_tblock_early"": 0.0, ""collision_tblock_late"": 0.0, ""collision_tblock_mid"": 0.0, ""fall"": 0.0, ""timeout"": 0.35479940689038264}"
start_behavior_context,start_region=x_neg__y_neg|start_theta_bin=sector_1|path_angle_bin=sector_4|near_count_bin=1|far_count_bin=0|medhigh_count_bin=0,False,8,8,0,0.0,0.0,none,0,-2.9426865308785843,3.25,"{""success"": 8}",{},"{""collision_rod_early"": 0.0, ""collision_rod_late"": 0.0, ""collision_rod_mid"": 0.0, ""collision_tblock_early"": 0.0, ""collision_tblock_late"": 0.0, ""collision_tblock_mid"": 0.0, ""fall"": 0.0, ""timeout"": 0.0}"
start_behavior_context,start_region=x_neg__y_neg|start_theta_bin=sector_3|path_angle_bin=sector_4|near_count_bin=1|far_count_bin=0|medhigh_count_bin=0,False,7,7,0,0.0,0.0,none,0,-1.9715438473378544,2.5714285714285716,"{""success"": 7}",{},"{""collision_rod_early"": 0.0, ""collision_rod_late"": 0.0, ""collision_rod_mid"": 0.0, ""collision_tblock_early"": 0.0, ""collision_tblock_late"": 0.0, ""collision_tblock_mid"": 0.0, ""fall"": 0.0, ""timeout"": 0.0}"
start_behavior_context,start_region=x_neg__y_mid|start_theta_bin=sector_5|path_angle_bin=sector_4|near_count_bin=2|far_count_bin=0|medhigh_count_bin=0,False,6,6,0,0.0,0.0,none,0,-3.509465220762913,3.1666666666666665,"{""success"": 6}",{},"{""collision_rod_early"": 0.0, ""collision_rod_late"": 0.0, ""collision_rod_mid"": 0.0, ""collision_tblock_early"": 0.0, ""collision_tblock_late"": 0.0, ""collision_tblock_mid"": 0.0, ""fall"": 0.0, ""timeout"": 0.0}"
start_behavior_context,start_region=x_neg__y_neg|start_theta_bin=sector_0|path_angle_bin=sector_4|near_count_bin=2|far_count_bin=0|medhigh_count_bin=0,False,6,6,0,0.0,0.0,none,0,-3.2062282634713957,3.5,"{""success"": 6}",{},"{""collision_rod_early"": 0.0, ""collision_rod_late"": 0.0, ""collision_rod_mid"": 0.0, ""collision_tblock_early"": 0.0, ""collision_tblock_late"": 0.0, ""collision_tblock_mid"": 0.0, ""fall"": 0.0, ""timeout"": 0.0}"
start_behavior_context,start_region=x_neg__y_neg|start_theta_bin=sector_5|path_angle_bin=sector_4|near_count_bin=2|far_count_bin=0|medhigh_count_bin=0,False,6,6,0,0.0,0.0,none,0,-2.727515507639754,3.1666666666666665,"{""success"": 6}",{},"{""collision_rod_early"": 0.0, ""collision_rod_late"": 0.0, ""collision_rod_mid"": 0.0, ""collision_tblock_early"": 0.0, ""collision_tblock_late"": 0.0, ""collision_tblock_mid"": 0.0, ""fall"": 0.0, ""timeout"": 0.0}"
start_behavior_context,start_region=x_neg__y_pos|start_theta_bin=sector_4|path_angle_bin=sector_2|near_count_bin=2|far_count_bin=0|medhigh_count_bin=0,False,5,5,0,0.0,0.0,none,0,-3.6214029288784944,4.4,"{""success"": 5}",{},"{""collision_rod_early"": 0.0, ""collision_rod_late"": 0.0, ""collision_rod_mid"": 0.0, ""collision_tblock_early"": 0.0, ""collision_tblock_late"": 0.0, ""collision_tblock_mid"": 0.0, ""fall"": 0.0, ""timeout"": 0.0}"
start_behavior_context,start_region=x_neg__y_neg|start_theta_bin=sector_0|path_angle_bin=sector_4|near_count_bin=1|far_count_bin=0|medhigh_count_bin=0,False,4,4,0,0.0,0.0,none,0,-2.8881460277333946,2.75,"{""success"": 4}",{},"{""collision_rod_early"": 0.0, ""collision_rod_late"": 0.0, ""collision_rod_mid"": 0.0, ""collision_tblock_early"": 0.0, ""collision_tblock_late"": 0.0, ""collision_tblock_mid"": 0.0, ""fall"": 0.0, ""timeout"": 0.0}"
start_behavior_context,start_region=x_neg__y_neg|start_theta_bin=sector_7|path_angle_bin=sector_5|near_count_bin=1|far_count_bin=0|medhigh_count_bin=0,False,4,4,0,0.0,0.0,none,0,-4.734226978466405,3.5,"{""success"": 4}",{},"{""collision_rod_early"": 0.0, ""collision_rod_late"": 0.0, ""collision_rod_mid"": 0.0, ""collision_tblock_early"": 0.0, ""collision_tblock_late"": 0.0, ""collision_tblock_mid"": 0.0, ""fall"": 0.0, ""timeout"": 0.0}"
start_behavior_context,start_region=x_neg__y_pos|start_theta_bin=sector_4|path_angle_bin=sector_3|near_count_bin=2|far_count_bin=0|medhigh_count_bin=0,False,4,4,0,0.0,0.0,none,0,-2.5053830817786795,2.75,"{""success"": 4}",{},"{""collision_rod_early"": 0.0, ""collision_rod_late"": 0.0, ""collision_rod_mid"": 0.0, ""collision_tblock_early"": 0.0, ""collision_tblock_late"": 0.0, ""collision_tblock_mid"": 0.0, ""fall"": 0.0, ""timeout"": 0.0}"
start_behavior_context,start_region=x_neg__y_mid|start_theta_bin=sector_0|path_angle_bin=sector_4|near_count_bin=1|far_count_bin=0|medhigh_count_bin=0,False,4,4,0,0.0,0.0,none,0,-1.9870224497440097,2.0,"{""success"": 4}",{},"{""collision_rod_early"": 0.0, ""collision_rod_late"": 0.0, ""collision_rod_mid"": 0.0, ""collision_tblock_early"": 0.0, ""collision_tblock_late"": 0.0, ""collision_tblock_mid"": 0.0, ""fall"": 0.0, ""timeout"": 0.0}"
start_behavior_context,start_region=x_mid__y_neg|start_theta_bin=sector_7|path_angle_bin=sector_5|near_count_bin=2|far_count_bin=0|medhigh_count_bin=0,False,4,4,0,0.0,0.0,none,0,-2.986146535955596,2.5,"{""success"": 4}",{},"{""collision_rod_early"": 0.0, ""collision_rod_late"": 0.0, ""collision_rod_mid"": 0.0, ""collision_tblock_early"": 0.0, ""collision_tblock_late"": 0.0, ""collision_tblock_mid"": 0.0, ""fall"": 0.0, ""timeout"": 0.0}"
start_behavior_context,start_region=x_mid__y_neg|start_theta_bin=sector_5|path_angle_bin=sector_6|near_count_bin=1|far_count_bin=0|medhigh_count_bin=0,False,4,4,0,0.0,0.0,none,0,-2.779613682862061,3.25,"{""success"": 4}",{},"{""collision_rod_early"": 0.0, ""collision_rod_late"": 0.0, ""collision_rod_mid"": 0.0, ""collision_tblock_early"": 0.0, ""collision_tblock_late"": 0.0, ""collision_tblock_mid"": 0.0, ""fall"": 0.0, ""timeout"": 0.0}"
start_behavior_context,start_region=x_pos__y_neg|start_theta_bin=sector_1|path_angle_bin=sector_7|near_count_bin=2|far_count_bin=0|medhigh_count_bin=0,False,4,4,0,0.0,0.0,none,0,-2.595042922241434,2.5,"{""success"": 4}",{},"{""collision_rod_early"": 0.0, ""collision_rod_late"": 0.0, ""collision_rod_mid"": 0.0, ""collision_tblock_early"": 0.0, ""collision_tblock_late"": 0.0, ""collision_tblock_mid"": 0.0, ""fall"": 0.0, ""timeout"": 0.0}"
start_behavior_context,start_region=x_pos__y_neg|start_theta_bin=sector_7|path_angle_bin=sector_7|near_count_bin=1|far_count_bin=0|medhigh_count_bin=0,False,4,4,0,0.0,0.0,none,0,-4.966669600982069,3.75,"{""success"": 4}",{},"{""collision_rod_early"": 0.0, ""collision_rod_late"": 0.0, ""collision_rod_mid"": 0.0, ""collision_tblock_early"": 0.0, ""collision_tblock_late"": 0.0, ""collision_tblock_mid"": 0.0, ""fall"": 0.0, ""timeout"": 0.0}"
start_behavior_context,start_region=x_neg__y_pos|start_theta_bin=sector_0|path_angle_bin=sector_3|near_count_bin=2|far_count_bin=0|medhigh_count_bin=0,False,4,4,0,0.0,0.0,none,0,-3.346243797895597,3.0,"{""success"": 4}",{},"{""collision_rod_early"": 0.0, ""collision_rod_late"": 0.0, ""collision_rod_mid"": 0.0, ""collision_tblock_early"": 0.0, ""collision_tblock_late"": 0.0, ""collision_tblock_mid"": 0.0, ""fall"": 0.0, ""timeout"": 0.0}"
start_behavior_context,start_region=x_neg__y_neg|start_theta_bin=sector_6|path_angle_bin=sector_5|near_count_bin=2|far_count_bin=0|medhigh_count_bin=0,False,4,4,0,0.0,0.0,none,0,-5.001066050809997,3.75,"{""success"": 4}",{},"{""collision_rod_early"": 0.0, ""collision_rod_late"": 0.0, ""collision_rod_mid"": 0.0, ""collision_tblock_early"": 0.0, ""collision_tblock_late"": 0.0, ""collision_tblock_mid"": 0.0, ""fall"": 0.0, ""timeout"": 0.0}"
start_behavior_context,start_region=x_neg__y_pos|start_theta_bin=sector_3|path_angle_bin=sector_2|near_count_bin=1|far_count_bin=0|medhigh_count_bin=0,False,4,4,0,0.0,0.0,none,0,-1.5007606759002527,2.5,"{""success"": 4}",{},"{""collision_rod_early"": 0.0, ""collision_rod_late"": 0.0, ""collision_rod_mid"": 0.0, ""collision_tblock_early"": 0.0, ""collision_tblock_late"": 0.0, ""collision_tblock_mid"": 0.0, ""fall"": 0.0, ""timeout"": 0.0}"
start_behavior_context,start_region=x_neg__y_neg|start_theta_bin=sector_1|path_angle_bin=sector_5|near_count_bin=1|far_count_bin=0|medhigh_count_bin=0,False,4,4,0,0.0,0.0,none,0,-2.0892911068756455,2.5,"{""success"": 4}",{},"{""collision_rod_early"": 0.0, ""collision_rod_late"": 0.0, ""collision_rod_mid"": 0.0, ""collision_tblock_early"": 0.0, ""collision_tblock_late"": 0.0, ""collision_tblock_mid"": 0.0, ""fall"": 0.0, ""timeout"": 0.0}"
start_behavior_context,start_region=x_neg__y_neg|start_theta_bin=sector_3|path_angle_bin=sector_5|near_count_bin=1|far_count_bin=0|medhigh_count_bin=0,False,4,4,0,0.0,0.0,none,0,-1.7278038834719949,2.0,"{""success"": 4}",{},"{""collision_rod_early"": 0.0, ""collision_rod_late"": 0.0, ""collision_rod_mid"": 0.0, ""collision_tblock_early"": 0.0, ""collision_tblock_late"": 0.0, ""collision_tblock_mid"": 0.0, ""fall"": 0.0, ""timeout"": 0.0}"
start_behavior_context,start_region=x_neg__y_mid|start_theta_bin=sector_6|path_angle_bin=sector_3|near_count_bin=1|far_count_bin=0|medhigh_count_bin=0,False,4,4,0,0.0,0.0,none,0,-6.039838589590931,3.75,"{""success"": 4}",{},"{""collision_rod_early"": 0.0, ""collision_rod_late"": 0.0, ""collision_rod_mid"": 0.0, ""collision_tblock_early"": 0.0, ""collision_tblock_late"": 0.0, ""collision_tblock_mid"": 0.0, ""fall"": 0.0, ""timeout"": 0.0}"
start_behavior_context,start_region=x_neg__y_neg|start_theta_bin=sector_7|path_angle_bin=sector_4|near_count_bin=2|far_count_bin=0|medhigh_count_bin=0,False,4,4,0,0.0,0.0,none,0,-4.337146953135108,2.5,"{""success"": 4}",{},"{""collision_rod_early"": 0.0, ""collision_rod_late"": 0.0, ""collision_rod_mid"": 0.0, ""collision_tblock_early"": 0.0, ""collision_tblock_late"": 0.0, ""collision_tblock_mid"": 0.0, ""fall"": 0.0, ""timeout"": 0.0}"
start_behavior_context,start_region=x_mid__y_neg|start_theta_bin=sector_5|path_angle_bin=sector_5|near_count_bin=1|far_count_bin=0|medhigh_count_bin=0,False,4,4,0,0.0,0.0,none,0,-1.780866384764308,2.25,"{""success"": 4}",{},"{""collision_rod_early"": 0.0, ""collision_rod_late"": 0.0, ""collision_rod_mid"": 0.0, ""collision_tblock_early"": 0.0, ""collision_tblock_late"": 0.0, ""collision_tblock_mid"": 0.0, ""fall"": 0.0, ""timeout"": 0.0}"
start_behavior_context,start_region=x_mid__y_neg|start_theta_bin=sector_1|path_angle_bin=sector_5|near_count_bin=1|far_count_bin=0|medhigh_count_bin=0,False,4,4,0,0.0,0.0,none,0,-1.0110496711955177,2.0,"{""success"": 4}",{},"{""collision_rod_early"": 0.0, ""collision_rod_late"": 0.0, ""collision_rod_mid"": 0.0, ""collision_tblock_early"": 0.0, ""collision_tblock_late"": 0.0, ""collision_tblock_mid"": 0.0, ""fall"": 0.0, ""timeout"": 0.0}"
start_behavior_context,start_region=x_neg__y_mid|start_theta_bin=sector_3|path_angle_bin=sector_3|near_count_bin=1|far_count_bin=0|medhigh_count_bin=0,False,3,3,0,0.0,0.0,none,0,-2.722156571389929,3.6666666666666665,"{""success"": 3}",{},"{""collision_rod_early"": 0.0, ""collision_rod_late"": 0.0, ""collision_rod_mid"": 0.0, ""collision_tblock_early"": 0.0, ""collision_tblock_late"": 0.0, ""collision_tblock_mid"": 0.0, ""fall"": 0.0, ""timeout"": 0.0}"
start_behavior_context,start_region=x_mid__y_neg|start_theta_bin=sector_1|path_angle_bin=sector_6|near_count_bin=1|far_count_bin=0|medhigh_count_bin=0,False,3,3,0,0.0,0.0,none,0,-2.0774679486604932,3.3333333333333335,"{""success"": 3}",{},"{""collision_rod_early"": 0.0, ""collision_rod_late"": 0.0, ""collision_rod_mid"": 0.0, ""collision_tblock_early"": 0.0, ""collision_tblock_late"": 0.0, ""collision_tblock_mid"": 0.0, ""fall"": 0.0, ""timeout"": 0.0}"
start_behavior_context,start_region=x_mid__y_neg|start_theta_bin=sector_1|path_angle_bin=sector_6|near_count_bin=2|far_count_bin=0|medhigh_count_bin=0,False,3,3,0,0.0,0.0,none,0,-1.0771316373033233,2.3333333333333335,"{""success"": 3}",{},"{""collision_rod_early"": 0.0, ""collision_rod_late"": 0.0, ""collision_rod_mid"": 0.0, ""collision_tblock_early"": 0.0, ""collision_tblock_late"": 0.0, ""collision_tblock_mid"": 0.0, ""fall"": 0.0, ""timeout"": 0.0}"
start_behavior_context,start_region=x_neg__y_neg|start_theta_bin=sector_6|path_angle_bin=sector_4|near_count_bin=0|far_count_bin=0|medhigh_count_bin=0,False,3,3,0,0.0,0.0,none,0,-5.115146090463709,3.6666666666666665,"{""success"": 3}",{},"{""collision_rod_early"": 0.0, ""collision_rod_late"": 0.0, ""collision_rod_mid"": 0.0, ""collision_tblock_early"": 0.0, ""collision_tblock_late"": 0.0, ""collision_tblock_mid"": 0.0, ""fall"": 0.0, ""timeout"": 0.0}"
start_behavior_context,start_region=x_neg__y_pos|start_theta_bin=sector_3|path_angle_bin=sector_2|near_count_bin=2|far_count_bin=0|medhigh_count_bin=0,False,3,3,0,0.0,0.0,none,0,-2.279967910185164,3.0,"{""success"": 3}",{},"{""collision_rod_early"": 0.0, ""collision_rod_late"": 0.0, ""collision_rod_mid"": 0.0, ""collision_tblock_early"": 0.0, ""collision_tblock_late"": 0.0, ""collision_tblock_mid"": 0.0, ""fall"": 0.0, ""timeout"": 0.0}"
start_behavior_context,start_region=x_neg__y_mid|start_theta_bin=sector_0|path_angle_bin=sector_3|near_count_bin=1|far_count_bin=0|medhigh_count_bin=0,False,3,3,0,0.0,0.0,none,0,-2.9654438339444353,3.3333333333333335,"{""success"": 3}",{},"{""collision_rod_early"": 0.0, ""collision_rod_late"": 0.0, ""collision_rod_mid"": 0.0, ""collision_tblock_early"": 0.0, ""collision_tblock_late"": 0.0, ""collision_tblock_mid"": 0.0, ""fall"": 0.0, ""timeout"": 0.0}"
start_behavior_context,start_region=x_mid__y_neg|start_theta_bin=sector_6|path_angle_bin=sector_6|near_count_bin=1|far_count_bin=0|medhigh_count_bin=0,False,3,3,0,0.0,0.0,none,0,-2.890664937822051,3.0,"{""success"": 3}",{},"{""collision_rod_early"": 0.0, ""collision_rod_late"": 0.0, ""collision_rod_mid"": 0.0, ""collision_tblock_early"": 0.0, ""collision_tblock_late"": 0.0, ""collision_tblock_mid"": 0.0, ""fall"": 0.0, ""timeout"": 0.0}"
start_behavior_context,start_region=x_neg__y_mid|start_theta_bin=sector_3|path_angle_bin=sector_3|near_count_bin=2|far_count_bin=0|medhigh_count_bin=0,False,3,3,0,0.0,0.0,none,0,-2.033726531098603,2.6666666666666665,"{""success"": 3}",{},"{""collision_rod_early"": 0.0, ""collision_rod_late"": 0.0, ""collision_rod_mid"": 0.0, ""collision_tblock_early"": 0.0, ""collision_tblock_late"": 0.0, ""collision_tblock_mid"": 0.0, ""fall"": 0.0, ""timeout"": 0.0}"
start_behavior_context,start_region=x_neg__y_neg|start_theta_bin=sector_2|path_angle_bin=sector_5|near_count_bin=2|far_count_bin=0|medhigh_count_bin=0,False,3,3,0,0.0,0.0,none,0,-2.357428936060085,3.3333333333333335,"{""success"": 3}",{},"{""collision_rod_early"": 0.0, ""collision_rod_late"": 0.0, ""collision_rod_mid"": 0.0, ""collision_tblock_early"": 0.0, ""collision_tblock_late"": 0.0, ""collision_tblock_mid"": 0.0, ""fall"": 0.0, ""timeout"": 0.0}"
start_behavior_context,start_region=x_neg__y_neg|start_theta_bin=sector_2|path_angle_bin=sector_5|near_count_bin=1|far_count_bin=0|medhigh_count_bin=0,False,3,3,0,0.0,0.0,none,0,-2.5679212660213917,3.6666666666666665,"{""success"": 3}",{},"{""collision_rod_early"": 0.0, ""collision_rod_late"": 0.0, ""collision_rod_mid"": 0.0, ""collision_tblock_early"": 0.0, ""collision_tblock_late"": 0.0, ""collision_tblock_mid"": 0.0, ""fall"": 0.0, ""timeout"": 0.0}"
start_behavior_context,start_region=x_neg__y_neg|start_theta_bin=sector_5|path_angle_bin=sector_4|near_count_bin=1|far_count_bin=0|medhigh_count_bin=0,False,3,3,0,0.0,0.0,none,0,-1.9026398304210053,2.6666666666666665,"{""success"": 3}",{},"{""collision_rod_early"": 0.0, ""collision_rod_late"": 0.0, ""collision_rod_mid"": 0.0, ""collision_tblock_early"": 0.0, ""collision_tblock_late"": 0.0, ""collision_tblock_mid"": 0.0, ""fall"": 0.0, ""timeout"": 0.0}"
start_behavior_context,start_region=x_neg__y_neg|start_theta_bin=sector_4|path_angle_bin=sector_5|near_count_bin=2|far_count_bin=0|medhigh_count_bin=0,False,3,3,0,0.0,0.0,none,0,-1.718731301954488,3.0,"{""success"": 3}",{},"{""collision_rod_early"": 0.0, ""collision_rod_late"": 0.0, ""collision_rod_mid"": 0.0, ""collision_tblock_early"": 0.0, ""collision_tblock_late"": 0.0, ""collision_tblock_mid"": 0.0, ""fall"": 0.0, ""timeout"": 0.0}"
start_behavior_context,start_region=x_neg__y_neg|start_theta_bin=sector_4|path_angle_bin=sector_4|near_count_bin=1|far_count_bin=0|medhigh_count_bin=0,False,3,3,0,0.0,0.0,none,0,-2.3683224429676075,3.0,"{""success"": 3}",{},"{""collision_rod_early"": 0.0, ""collision_rod_late"": 0.0, ""collision_rod_mid"": 0.0, ""collision_tblock_early"": 0.0, ""collision_tblock_late"": 0.0, ""collision_tblock_mid"": 0.0, ""fall"": 0.0, ""timeout"": 0.0}"
start_behavior_context,start_region=x_neg__y_neg|start_theta_bin=sector_5|path_angle_bin=sector_4|near_count_bin=0|far_count_bin=0|medhigh_count_bin=0,False,3,3,0,0.0,0.0,none,0,-1.6365378173202003,2.6666666666666665,"{""success"": 3}",{},"{""collision_rod_early"": 0.0, ""collision_rod_late"": 0.0, ""collision_rod_mid"": 0.0, ""collision_tblock_early"": 0.0, ""collision_tblock_late"": 0.0, ""collision_tblock_mid"": 0.0, ""fall"": 0.0, ""timeout"": 0.0}"
start_behavior_context,start_region=x_neg__y_neg|start_theta_bin=sector_6|path_angle_bin=sector_4|near_count_bin=2|far_count_bin=0|medhigh_count_bin=0,False,3,3,0,0.0,0.0,none,0,-6.052020653013997,3.3333333333333335,"{""success"": 3}",{},"{""collision_rod_early"": 0.0, ""collision_rod_late"": 0.0, ""collision_rod_mid"": 0.0, ""collision_tblock_early"": 0.0, ""collision_tblock_late"": 0.0, ""collision_tblock_mid"": 0.0, ""fall"": 0.0, ""timeout"": 0.0}"
start_behavior_context,start_region=x_pos__y_neg|start_theta_bin=sector_3|path_angle_bin=sector_6|near_count_bin=2|far_count_bin=0|medhigh_count_bin=0,False,3,3,0,0.0,0.0,none,0,-1.8342628463111126,2.3333333333333335,"{""success"": 3}",{},"{""collision_rod_early"": 0.0, ""collision_rod_late"": 0.0, ""collision_rod_mid"": 0.0, ""collision_tblock_early"": 0.0, ""collision_tblock_late"": 0.0, ""collision_tblock_mid"": 0.0, ""fall"": 0.0, ""timeout"": 0.0}"
start_behavior_context,start_region=x_pos__y_neg|start_theta_bin=sector_3|path_angle_bin=sector_7|near_count_bin=1|far_count_bin=0|medhigh_count_bin=0,False,3,3,0,0.0,0.0,none,0,-2.015314752678839,2.3333333333333335,"{""success"": 3}",{},"{""collision_rod_early"": 0.0, ""collision_rod_late"": 0.0, ""collision_rod_mid"": 0.0, ""collision_tblock_early"": 0.0, ""collision_tblock_late"": 0.0, ""collision_tblock_mid"": 0.0, ""fall"": 0.0, ""timeout"": 0.0}"
start_behavior_context,start_region=x_neg__y_neg|start_theta_bin=sector_7|path_angle_bin=sector_4|near_count_bin=1|far_count_bin=0|medhigh_count_bin=0,False,3,3,0,0.0,0.0,none,0,-3.5238213018553672,2.6666666666666665,"{""success"": 3}",{},"{""collision_rod_early"": 0.0, ""collision_rod_late"": 0.0, ""collision_rod_mid"": 0.0, ""collision_tblock_early"": 0.0, ""collision_tblock_late"": 0.0, ""collision_tblock_mid"": 0.0, ""fall"": 0.0, ""timeout"": 0.0}"
start_behavior_context,start_region=x_neg__y_mid|start_theta_bin=sector_1|path_angle_bin=sector_4|near_count_bin=2|far_count_bin=0|medhigh_count_bin=0,False,2,2,0,0.0,0.0,none,0,-2.0771984334218496,2.0,"{""success"": 2}",{},"{""collision_rod_early"": 0.0, ""collision_rod_late"": 0.0, ""collision_rod_mid"": 0.0, ""collision_tblock_early"": 0.0, ""collision_tblock_late"": 0.0, ""collision_tblock_mid"": 0.0, ""fall"": 0.0, ""timeout"": 0.0}"
start_behavior_context,start_region=x_pos__y_neg|start_theta_bin=sector_0|path_angle_bin=sector_6|near_count_bin=1|far_count_bin=0|medhigh_count_bin=0,False,2,2,0,0.0,0.0,none,0,-5.851043214646773,5.5,"{""success"": 2}",{},"{""collision_rod_early"": 0.0, ""collision_rod_late"": 0.0, ""collision_rod_mid"": 0.0, ""collision_tblock_early"": 0.0, ""collision_tblock_late"": 0.0, ""collision_tblock_mid"": 0.0, ""fall"": 0.0, ""timeout"": 0.0}"
start_behavior_context,start_region=x_neg__y_pos|start_theta_bin=sector_3|path_angle_bin=sector_3|near_count_bin=0|far_count_bin=0|medhigh_count_bin=0,False,2,2,0,0.0,0.0,none,0,-2.109975234562947,3.0,"{""success"": 2}",{},"{""collision_rod_early"": 0.0, ""collision_rod_late"": 0.0, ""collision_rod_mid"": 0.0, ""collision_tblock_early"": 0.0, ""collision_tblock_late"": 0.0, ""collision_tblock_mid"": 0.0, ""fall"": 0.0, ""timeout"": 0.0}"
start_behavior_context,start_region=x_neg__y_pos|start_theta_bin=sector_2|path_angle_bin=sector_2|near_count_bin=1|far_count_bin=0|medhigh_count_bin=0,False,2,2,0,0.0,0.0,none,0,-1.361206783967887,2.0,"{""success"": 2}",{},"{""collision_rod_early"": 0.0, ""collision_rod_late"": 0.0, ""collision_rod_mid"": 0.0, ""collision_tblock_early"": 0.0, ""collision_tblock_late"": 0.0, ""collision_tblock_mid"": 0.0, ""fall"": 0.0, ""timeout"": 0.0}"
start_behavior_context,start_region=x_pos__y_mid|start_theta_bin=sector_2|path_angle_bin=sector_7|near_count_bin=2|far_count_bin=0|medhigh_count_bin=0,False,2,2,0,0.0,0.0,none,0,-2.9574468158358718,4.0,"{""success"": 2}",{},"{""collision_rod_early"": 0.0, ""collision_rod_late"": 0.0, ""collision_rod_mid"": 0.0, ""collision_tblock_early"": 0.0, ""collision_tblock_late"": 0.0, ""collision_tblock_mid"": 0.0, ""fall"": 0.0, ""timeout"": 0.0}"
start_behavior_context,start_region=x_neg__y_pos|start_theta_bin=sector_6|path_angle_bin=sector_2|near_count_bin=1|far_count_bin=0|medhigh_count_bin=0,False,2,2,0,0.0,0.0,none,0,-6.0558855779101375,4.5,"{""success"": 2}",{},"{""collision_rod_early"": 0.0, ""collision_rod_late"": 0.0, ""collision_rod_mid"": 0.0, ""collision_tblock_early"": 0.0, ""collision_tblock_late"": 0.0, ""collision_tblock_mid"": 0.0, ""fall"": 0.0, ""timeout"": 0.0}"
start_behavior_context,start_region=x_mid__y_neg|start_theta_bin=sector_7|path_angle_bin=sector_6|near_count_bin=2|far_count_bin=0|medhigh_count_bin=0,False,2,2,0,0.0,0.0,none,0,-3.3563941656452787,2.5,"{""success"": 2}",{},"{""collision_rod_early"": 0.0, ""collision_rod_late"": 0.0, ""collision_rod_mid"": 0.0, ""collision_tblock_early"": 0.0, ""collision_tblock_late"": 0.0, ""collision_tblock_mid"": 0.0, ""fall"": 0.0, ""timeout"": 0.0}"
start_behavior_context,start_region=x_mid__y_neg|start_theta_bin=sector_1|path_angle_bin=sector_5|near_count_bin=2|far_count_bin=0|medhigh_count_bin=0,False,2,2,0,0.0,0.0,none,0,-1.4755144280934243,2.5,"{""success"": 2}",{},"{""collision_rod_early"": 0.0, ""collision_rod_late"": 0.0, ""collision_rod_mid"": 0.0, ""collision_tblock_early"": 0.0, ""collision_tblock_late"": 0.0, ""collision_tblock_mid"": 0.0, ""fall"": 0.0, ""timeout"": 0.0}"
start_behavior_context,start_region=x_pos__y_neg|start_theta_bin=sector_4|path_angle_bin=sector_7|near_count_bin=0|far_count_bin=2|medhigh_count_bin=1,False,2,2,0,0.0,0.0,none,0,-3.3829089089707702,4.0,"{""success"": 2}",{},"{""collision_rod_early"": 0.0, ""collision_rod_late"": 0.0, ""collision_rod_mid"": 0.0, ""collision_tblock_early"": 0.0, ""collision_tblock_late"": 0.0, ""collision_tblock_mid"": 0.0, ""fall"": 0.0, ""timeout"": 0.0}"
start_behavior_context,start_region=x_mid__y_neg|start_theta_bin=sector_0|path_angle_bin=sector_5|near_count_bin=2|far_count_bin=0|medhigh_count_bin=0,False,2,2,0,0.0,0.0,none,0,-3.6719303472908624,3.0,"{""success"": 2}",{},"{""collision_rod_early"": 0.0, ""collision_rod_late"": 0.0, ""collision_rod_mid"": 0.0, ""collision_tblock_early"": 0.0, ""collision_tblock_late"": 0.0, ""collision_tblock_mid"": 0.0, ""fall"": 0.0, ""timeout"": 0.0}"
start_behavior_context,start_region=x_mid__y_neg|start_theta_bin=sector_5|path_angle_bin=sector_5|near_count_bin=2|far_count_bin=0|medhigh_count_bin=0,False,2,2,0,0.0,0.0,none,0,-2.141806630094962,3.0,"{""success"": 2}",{},"{""collision_rod_early"": 0.0, ""collision_rod_late"": 0.0, ""collision_rod_mid"": 0.0, ""collision_tblock_early"": 0.0, ""collision_tblock_late"": 0.0, ""collision_tblock_mid"": 0.0, ""fall"": 0.0, ""timeout"": 0.0}"
start_behavior_context,start_region=x_pos__y_mid|start_theta_bin=sector_4|path_angle_bin=sector_0|near_count_bin=0|far_count_bin=2|medhigh_count_bin=1,False,2,2,0,0.0,0.0,none,0,-2.4202553815350236,3.5,"{""success"": 2}",{},"{""collision_rod_early"": 0.0, ""collision_rod_late"": 0.0, ""collision_rod_mid"": 0.0, ""collision_tblock_early"": 0.0, ""collision_tblock_late"": 0.0, ""collision_tblock_mid"": 0.0, ""fall"": 0.0, ""timeout"": 0.0}"
start_behavior_context,start_region=x_neg__y_neg|start_theta_bin=sector_7|path_angle_bin=sector_5|near_count_bin=2|far_count_bin=0|medhigh_count_bin=0,False,2,2,0,0.0,0.0,none,0,-3.5207080562067654,3.5,"{""success"": 2}",{},"{""collision_rod_early"": 0.0, ""collision_rod_late"": 0.0, ""collision_rod_mid"": 0.0, ""collision_tblock_early"": 0.0, ""collision_tblock_late"": 0.0, ""collision_tblock_mid"": 0.0, ""fall"": 0.0, ""timeout"": 0.0}"
start_behavior_context,start_region=x_pos__y_mid|start_theta_bin=sector_5|path_angle_bin=sector_7|near_count_bin=0|far_count_bin=2|medhigh_count_bin=1,False,2,2,0,0.0,0.0,none,0,-2.613022778267293,3.0,"{""success"": 2}",{},"{""collision_rod_early"": 0.0, ""collision_rod_late"": 0.0, ""collision_rod_mid"": 0.0, ""collision_tblock_early"": 0.0, ""collision_tblock_late"": 0.0, ""collision_tblock_mid"": 0.0, ""fall"": 0.0, ""timeout"": 0.0}"
start_behavior_context,start_region=x_neg__y_mid|start_theta_bin=sector_5|path_angle_bin=sector_3|near_count_bin=1|far_count_bin=0|medhigh_count_bin=0,False,2,2,0,0.0,0.0,none,0,-3.151158152026709,3.0,"{""success"": 2}",{},"{""collision_rod_early"": 0.0, ""collision_rod_late"": 0.0, ""collision_rod_mid"": 0.0, ""collision_tblock_early"": 0.0, ""collision_tblock_late"": 0.0, ""collision_tblock_mid"": 0.0, ""fall"": 0.0, ""timeout"": 0.0}"
start_behavior_context,start_region=x_neg__y_pos|start_theta_bin=sector_7|path_angle_bin=sector_3|near_count_bin=2|far_count_bin=0|medhigh_count_bin=0,False,2,2,0,0.0,0.0,none,0,-3.358874350185795,3.0,"{""success"": 2}",{},"{""collision_rod_early"": 0.0, ""collision_rod_late"": 0.0, ""collision_rod_mid"": 0.0, ""collision_tblock_early"": 0.0, ""collision_tblock_late"": 0.0, ""collision_tblock_mid"": 0.0, ""fall"": 0.0, ""timeout"": 0.0}"
start_behavior_context,start_region=x_neg__y_mid|start_theta_bin=sector_6|path_angle_bin=sector_3|near_count_bin=2|far_count_bin=0|medhigh_count_bin=0,False,2,2,0,0.0,0.0,none,0,-3.773849984643797,3.5,"{""success"": 2}",{},"{""collision_rod_early"": 0.0, ""collision_rod_late"": 0.0, ""collision_rod_mid"": 0.0, ""collision_tblock_early"": 0.0, ""collision_tblock_late"": 0.0, ""collision_tblock_mid"": 0.0, ""fall"": 0.0, ""timeout"": 0.0}"
start_behavior_context,start_region=x_neg__y_mid|start_theta_bin=sector_5|path_angle_bin=sector_4|near_count_bin=1|far_count_bin=0|medhigh_count_bin=0,False,2,2,0,0.0,0.0,none,0,-3.553608028163534,3.0,"{""success"": 2}",{},"{""collision_rod_early"": 0.0, ""collision_rod_late"": 0.0, ""collision_rod_mid"": 0.0, ""collision_tblock_early"": 0.0, ""collision_tblock_late"": 0.0, ""collision_tblock_mid"": 0.0, ""fall"": 0.0, ""timeout"": 0.0}"
start_behavior_context,start_region=x_mid__y_neg|start_theta_bin=sector_6|path_angle_bin=sector_6|near_count_bin=2|far_count_bin=0|medhigh_count_bin=0,False,2,2,0,0.0,0.0,none,0,-4.763424593157528,5.0,"{""success"": 2}",{},"{""collision_rod_early"": 0.0, ""collision_rod_late"": 0.0, ""collision_rod_mid"": 0.0, ""collision_tblock_early"": 0.0, ""collision_tblock_late"": 0.0, ""collision_tblock_mid"": 0.0, ""fall"": 0.0, ""timeout"": 0.0}"
start_behavior_context,start_region=x_mid__y_pos|start_theta_bin=sector_6|path_angle_bin=sector_2|near_count_bin=2|far_count_bin=0|medhigh_count_bin=0,False,2,2,0,0.0,0.0,none,0,-5.044738711708504,4.5,"{""success"": 2}",{},"{""collision_rod_early"": 0.0, ""collision_rod_late"": 0.0, ""collision_rod_mid"": 0.0, ""collision_tblock_early"": 0.0, ""collision_tblock_late"": 0.0, ""collision_tblock_mid"": 0.0, ""fall"": 0.0, ""timeout"": 0.0}"
start_behavior_context,start_region=x_pos__y_neg|start_theta_bin=sector_1|path_angle_bin=sector_6|near_count_bin=1|far_count_bin=0|medhigh_count_bin=0,False,2,2,0,0.0,0.0,none,0,-3.0303634385435467,3.0,"{""success"": 2}",{},"{""collision_rod_early"": 0.0, ""collision_rod_late"": 0.0, ""collision_rod_mid"": 0.0, ""collision_tblock_early"": 0.0, ""collision_tblock_late"": 0.0, ""collision_tblock_mid"": 0.0, ""fall"": 0.0, ""timeout"": 0.0}"
start_behavior_context,start_region=x_mid__y_pos|start_theta_bin=sector_1|path_angle_bin=sector_2|near_count_bin=2|far_count_bin=0|medhigh_count_bin=0,False,2,2,0,0.0,0.0,none,0,-2.73061967019657,3.0,"{""success"": 2}",{},"{""collision_rod_early"": 0.0, ""collision_rod_late"": 0.0, ""collision_rod_mid"": 0.0, ""collision_tblock_early"": 0.0, ""collision_tblock_late"": 0.0, ""collision_tblock_mid"": 0.0, ""fall"": 0.0, ""timeout"": 0.0}"
start_behavior_context,start_region=x_neg__y_mid|start_theta_bin=sector_7|path_angle_bin=sector_4|near_count_bin=2|far_count_bin=0|medhigh_count_bin=0,False,2,2,0,0.0,0.0,none,0,-2.4684606904131687,3.0,"{""success"": 2}",{},"{""collision_rod_early"": 0.0, ""collision_rod_late"": 0.0, ""collision_rod_mid"": 0.0, ""collision_tblock_early"": 0.0, ""collision_tblock_late"": 0.0, ""collision_tblock_mid"": 0.0, ""fall"": 0.0, ""timeout"": 0.0}"
start_behavior_context,start_region=x_neg__y_neg|start_theta_bin=sector_4|path_angle_bin=sector_5|near_count_bin=1|far_count_bin=0|medhigh_count_bin=0,False,2,2,0,0.0,0.0,none,0,-2.384608616900815,3.5,"{""success"": 2}",{},"{""collision_rod_early"": 0.0, ""collision_rod_late"": 0.0, ""collision_rod_mid"": 0.0, ""collision_tblock_early"": 0.0, ""collision_tblock_late"": 0.0, ""collision_tblock_mid"": 0.0, ""fall"": 0.0, ""timeout"": 0.0}"
start_behavior_context,start_region=x_neg__y_pos|start_theta_bin=sector_0|path_angle_bin=sector_3|near_count_bin=1|far_count_bin=0|medhigh_count_bin=0,False,2,2,0,0.0,0.0,none,0,-4.281559379603681,3.5,"{""success"": 2}",{},"{""collision_rod_early"": 0.0, ""collision_rod_late"": 0.0, ""collision_rod_mid"": 0.0, ""collision_tblock_early"": 0.0, ""collision_tblock_late"": 0.0, ""collision_tblock_mid"": 0.0, ""fall"": 0.0, ""timeout"": 0.0}"
start_behavior_context,start_region=x_neg__y_neg|start_theta_bin=sector_2|path_angle_bin=sector_4|near_count_bin=1|far_count_bin=0|medhigh_count_bin=0,False,2,2,0,0.0,0.0,none,0,-3.596437101684894,3.0,"{""success"": 2}",{},"{""collision_rod_early"": 0.0, ""collision_rod_late"": 0.0, ""collision_rod_mid"": 0.0, ""collision_tblock_early"": 0.0, ""collision_tblock_late"": 0.0, ""collision_tblock_mid"": 0.0, ""fall"": 0.0, ""timeout"": 0.0}"
start_behavior_context,start_region=x_pos__y_mid|start_theta_bin=sector_1|path_angle_bin=sector_7|near_count_bin=1|far_count_bin=0|medhigh_count_bin=0,False,2,2,0,0.0,0.0,none,0,-1.6162647885918469,2.5,"{""success"": 2}",{},"{""collision_rod_early"": 0.0, ""collision_rod_late"": 0.0, ""collision_rod_mid"": 0.0, ""collision_tblock_early"": 0.0, ""collision_tblock_late"": 0.0, ""collision_tblock_mid"": 0.0, ""fall"": 0.0, ""timeout"": 0.0}"
start_behavior_context,start_region=x_pos__y_neg|start_theta_bin=sector_1|path_angle_bin=sector_7|near_count_bin=0|far_count_bin=0|medhigh_count_bin=0,False,2,2,0,0.0,0.0,none,0,-2.62165642250587,3.0,"{""success"": 2}",{},"{""collision_rod_early"": 0.0, ""collision_rod_late"": 0.0, ""collision_rod_mid"": 0.0, ""collision_tblock_early"": 0.0, ""collision_tblock_late"": 0.0, ""collision_tblock_mid"": 0.0, ""fall"": 0.0, ""timeout"": 0.0}"
start_behavior_context,start_region=x_mid__y_pos|start_theta_bin=sector_5|path_angle_bin=sector_2|near_count_bin=1|far_count_bin=0|medhigh_count_bin=0,False,2,2,0,0.0,0.0,none,0,-2.4595732374880805,2.0,"{""success"": 2}",{},"{""collision_rod_early"": 0.0, ""collision_rod_late"": 0.0, ""collision_rod_mid"": 0.0, ""collision_tblock_early"": 0.0, ""collision_tblock_late"": 0.0, ""collision_tblock_mid"": 0.0, ""fall"": 0.0, ""timeout"": 0.0}"
start_behavior_context,start_region=x_neg__y_mid|start_theta_bin=sector_4|path_angle_bin=sector_4|near_count_bin=2|far_count_bin=0|medhigh_count_bin=0,False,2,2,0,0.0,0.0,none,0,-1.4579638326525115,2.0,"{""success"": 2}",{},"{""collision_rod_early"": 0.0, ""collision_rod_late"": 0.0, ""collision_rod_mid"": 0.0, ""collision_tblock_early"": 0.0, ""collision_tblock_late"": 0.0, ""collision_tblock_mid"": 0.0, ""fall"": 0.0, ""timeout"": 0.0}"
start_behavior_context,start_region=x_neg__y_pos|start_theta_bin=sector_5|path_angle_bin=sector_2|near_count_bin=2|far_count_bin=0|medhigh_count_bin=0,False,2,2,0,0.0,0.0,none,0,-2.6715199340479554,3.5,"{""success"": 2}",{},"{""collision_rod_early"": 0.0, ""collision_rod_late"": 0.0, ""collision_rod_mid"": 0.0, ""collision_tblock_early"": 0.0, ""collision_tblock_late"": 0.0, ""collision_tblock_mid"": 0.0, ""fall"": 0.0, ""timeout"": 0.0}"
start_behavior_context,start_region=x_pos__y_mid|start_theta_bin=sector_1|path_angle_bin=sector_0|near_count_bin=2|far_count_bin=0|medhigh_count_bin=0,False,2,2,0,0.0,0.0,none,0,-1.1139544427608492,2.0,"{""success"": 2}",{},"{""collision_rod_early"": 0.0, ""collision_rod_late"": 0.0, ""collision_rod_mid"": 0.0, ""collision_tblock_early"": 0.0, ""collision_tblock_late"": 0.0, ""collision_tblock_mid"": 0.0, ""fall"": 0.0, ""timeout"": 0.0}"
start_behavior_context,start_region=x_neg__y_mid|start_theta_bin=sector_3|path_angle_bin=sector_4|near_count_bin=2|far_count_bin=0|medhigh_count_bin=0,False,2,2,0,0.0,0.0,none,0,-1.8886077331426385,3.0,"{""success"": 2}",{},"{""collision_rod_early"": 0.0, ""collision_rod_late"": 0.0, ""collision_rod_mid"": 0.0, ""collision_tblock_early"": 0.0, ""collision_tblock_late"": 0.0, ""collision_tblock_mid"": 0.0, ""fall"": 0.0, ""timeout"": 0.0}"
start_behavior_context,start_region=x_neg__y_neg|start_theta_bin=sector_5|path_angle_bin=sector_5|near_count_bin=1|far_count_bin=0|medhigh_count_bin=0,False,2,2,0,0.0,0.0,none,0,-2.4482773072912725,3.0,"{""success"": 2}",{},"{""collision_rod_early"": 0.0, ""collision_rod_late"": 0.0, ""collision_rod_mid"": 0.0, ""collision_tblock_early"": 0.0, ""collision_tblock_late"": 0.0, ""collision_tblock_mid"": 0.0, ""fall"": 0.0, ""timeout"": 0.0}"
start_behavior_context,start_region=x_pos__y_neg|start_theta_bin=sector_2|path_angle_bin=sector_7|near_count_bin=1|far_count_bin=0|medhigh_count_bin=0,False,2,2,0,0.0,0.0,none,0,-2.2953210848784917,2.5,"{""success"": 2}",{},"{""collision_rod_early"": 0.0, ""collision_rod_late"": 0.0, ""collision_rod_mid"": 0.0, ""collision_tblock_early"": 0.0, ""collision_tblock_late"": 0.0, ""collision_tblock_mid"": 0.0, ""fall"": 0.0, ""timeout"": 0.0}"
start_behavior_context,start_region=x_mid__y_neg|start_theta_bin=sector_2|path_angle_bin=sector_6|near_count_bin=1|far_count_bin=0|medhigh_count_bin=0,False,2,2,0,0.0,0.0,none,0,-0.9849985802173861,2.0,"{""success"": 2}",{},"{""collision_rod_early"": 0.0, ""collision_rod_late"": 0.0, ""collision_rod_mid"": 0.0, ""collision_tblock_early"": 0.0, ""collision_tblock_late"": 0.0, ""collision_tblock_mid"": 0.0, ""fall"": 0.0, ""timeout"": 0.0}"
start_behavior_context,start_region=x_mid__y_neg|start_theta_bin=sector_4|path_angle_bin=sector_5|near_count_bin=2|far_count_bin=0|medhigh_count_bin=0,False,2,2,0,0.0,0.0,none,0,-2.440513210782127,2.5,"{""success"": 2}",{},"{""collision_rod_early"": 0.0, ""collision_rod_late"": 0.0, ""collision_rod_mid"": 0.0, ""collision_tblock_early"": 0.0, ""collision_tblock_late"": 0.0, ""collision_tblock_mid"": 0.0, ""fall"": 0.0, ""timeout"": 0.0}"
start_behavior_context,start_region=x_neg__y_neg|start_theta_bin=sector_1|path_angle_bin=sector_4|near_count_bin=2|far_count_bin=0|medhigh_count_bin=0,False,2,2,0,0.0,0.0,none,0,-2.2933776765652407,2.0,"{""success"": 2}",{},"{""collision_rod_early"": 0.0, ""collision_rod_late"": 0.0, ""collision_rod_mid"": 0.0, ""collision_tblock_early"": 0.0, ""collision_tblock_late"": 0.0, ""collision_tblock_mid"": 0.0, ""fall"": 0.0, ""timeout"": 0.0}"
start_behavior_context,start_region=x_neg__y_mid|start_theta_bin=sector_0|path_angle_bin=sector_3|near_count_bin=2|far_count_bin=0|medhigh_count_bin=0,False,2,2,0,0.0,0.0,none,0,-2.4084273429087477,3.0,"{""success"": 2}",{},"{""collision_rod_early"": 0.0, ""collision_rod_late"": 0.0, ""collision_rod_mid"": 0.0, ""collision_tblock_early"": 0.0, ""collision_tblock_late"": 0.0, ""collision_tblock_mid"": 0.0, ""fall"": 0.0, ""timeout"": 0.0}"
start_behavior_context,start_region=x_mid__y_pos|start_theta_bin=sector_0|path_angle_bin=sector_1|near_count_bin=1|far_count_bin=1|medhigh_count_bin=1,False,2,2,0,0.0,0.0,none,0,-2.1249422576283283,2.5,"{""success"": 2}",{},"{""collision_rod_early"": 0.0, ""collision_rod_late"": 0.0, ""collision_rod_mid"": 0.0, ""collision_tblock_early"": 0.0, ""collision_tblock_late"": 0.0, ""collision_tblock_mid"": 0.0, ""fall"": 0.0, ""timeout"": 0.0}"
start_behavior_context,start_region=x_neg__y_pos|start_theta_bin=sector_1|path_angle_bin=sector_3|near_count_bin=2|far_count_bin=0|medhigh_count_bin=0,False,2,2,0,0.0,0.0,none,0,-2.7625531861858352,2.5,"{""success"": 2}",{},"{""collision_rod_early"": 0.0, ""collision_rod_late"": 0.0, ""collision_rod_mid"": 0.0, ""collision_tblock_early"": 0.0, ""collision_tblock_late"": 0.0, ""collision_tblock_mid"": 0.0, ""fall"": 0.0, ""timeout"": 0.0}"
start_behavior_context,start_region=x_neg__y_pos|start_theta_bin=sector_6|path_angle_bin=sector_2|near_count_bin=2|far_count_bin=0|medhigh_count_bin=0,False,2,2,0,0.0,0.0,none,0,-4.519581003714134,2.5,"{""success"": 2}",{},"{""collision_rod_early"": 0.0, ""collision_rod_late"": 0.0, ""collision_rod_mid"": 0.0, ""collision_tblock_early"": 0.0, ""collision_tblock_late"": 0.0, ""collision_tblock_mid"": 0.0, ""fall"": 0.0, ""timeout"": 0.0}"
start_behavior_context,start_region=x_pos__y_pos|start_theta_bin=sector_4|path_angle_bin=sector_0|near_count_bin=1|far_count_bin=0|medhigh_count_bin=0,False,2,2,0,0.0,0.0,none,0,-4.60046922049576,4.0,"{""success"": 2}",{},"{""collision_rod_early"": 0.0, ""collision_rod_late"": 0.0, ""collision_rod_mid"": 0.0, ""collision_tblock_early"": 0.0, ""collision_tblock_late"": 0.0, ""collision_tblock_mid"": 0.0, ""fall"": 0.0, ""timeout"": 0.0}"
start_behavior_context,start_region=x_mid__y_neg|start_theta_bin=sector_4|path_angle_bin=sector_6|near_count_bin=1|far_count_bin=0|medhigh_count_bin=0,False,1,1,0,0.0,0.0,none,0,-5.870913824284273,5.0,"{""success"": 1}",{},"{""collision_rod_early"": 0.0, ""collision_rod_late"": 0.0, ""collision_rod_mid"": 0.0, ""collision_tblock_early"": 0.0, ""collision_tblock_late"": 0.0, ""collision_tblock_mid"": 0.0, ""fall"": 0.0, ""timeout"": 0.0}"
start_behavior_context,start_region=x_neg__y_mid|start_theta_bin=sector_1|path_angle_bin=sector_3|near_count_bin=1|far_count_bin=0|medhigh_count_bin=0,False,1,1,0,0.0,0.0,none,0,-1.6484924587171506,3.0,"{""success"": 1}",{},"{""collision_rod_early"": 0.0, ""collision_rod_late"": 0.0, ""collision_rod_mid"": 0.0, ""collision_tblock_early"": 0.0, ""collision_tblock_late"": 0.0, ""collision_tblock_mid"": 0.0, ""fall"": 0.0, ""timeout"": 0.0}"
start_behavior_context,start_region=x_neg__y_neg|start_theta_bin=sector_0|path_angle_bin=sector_4|near_count_bin=0|far_count_bin=0|medhigh_count_bin=0,False,1,1,0,0.0,0.0,none,0,-4.823100659452773,5.0,"{""success"": 1}",{},"{""collision_rod_early"": 0.0, ""collision_rod_late"": 0.0, ""collision_rod_mid"": 0.0, ""collision_tblock_early"": 0.0, ""collision_tblock_late"": 0.0, ""collision_tblock_mid"": 0.0, ""fall"": 0.0, ""timeout"": 0.0}"
start_behavior_context,start_region=x_mid__y_pos|start_theta_bin=sector_5|path_angle_bin=sector_2|near_count_bin=2|far_count_bin=0|medhigh_count_bin=0,False,1,1,0,0.0,0.0,none,0,-3.9100812269176224,4.0,"{""success"": 1}",{},"{""collision_rod_early"": 0.0, ""collision_rod_late"": 0.0, ""collision_rod_mid"": 0.0, ""collision_tblock_early"": 0.0, ""collision_tblock_late"": 0.0, ""collision_tblock_mid"": 0.0, ""fall"": 0.0, ""timeout"": 0.0}"
start_behavior_context,start_region=x_mid__y_pos|start_theta_bin=sector_0|path_angle_bin=sector_2|near_count_bin=1|far_count_bin=1|medhigh_count_bin=1,False,1,1,0,0.0,0.0,none,0,-8.816935450440925,6.0,"{""success"": 1}",{},"{""collision_rod_early"": 0.0, ""collision_rod_late"": 0.0, ""collision_rod_mid"": 0.0, ""collision_tblock_early"": 0.0, ""collision_tblock_late"": 0.0, ""collision_tblock_mid"": 0.0, ""fall"": 0.0, ""timeout"": 0.0}"
start_behavior_context,start_region=x_neg__y_mid|start_theta_bin=sector_6|path_angle_bin=sector_4|near_count_bin=2|far_count_bin=0|medhigh_count_bin=0,False,1,1,0,0.0,0.0,none,0,-4.493013146385136,3.0,"{""success"": 1}",{},"{""collision_rod_early"": 0.0, ""collision_rod_late"": 0.0, ""collision_rod_mid"": 0.0, ""collision_tblock_early"": 0.0, ""collision_tblock_late"": 0.0, ""collision_tblock_mid"": 0.0, ""fall"": 0.0, ""timeout"": 0.0}"
start_behavior_context,start_region=x_mid__y_neg|start_theta_bin=sector_3|path_angle_bin=sector_6|near_count_bin=1|far_count_bin=1|medhigh_count_bin=1,False,1,1,0,0.0,0.0,none,0,-5.6147748681279035,5.0,"{""success"": 1}",{},"{""collision_rod_early"": 0.0, ""collision_rod_late"": 0.0, ""collision_rod_mid"": 0.0, ""collision_tblock_early"": 0.0, ""collision_tblock_late"": 0.0, ""collision_tblock_mid"": 0.0, ""fall"": 0.0, ""timeout"": 0.0}"
start_behavior_context,start_region=x_neg__y_pos|start_theta_bin=sector_0|path_angle_bin=sector_2|near_count_bin=2|far_count_bin=0|medhigh_count_bin=0,False,1,1,0,0.0,0.0,none,0,-4.974140247815125,4.0,"{""success"": 1}",{},"{""collision_rod_early"": 0.0, ""collision_rod_late"": 0.0, ""collision_rod_mid"": 0.0, ""collision_tblock_early"": 0.0, ""collision_tblock_late"": 0.0, ""collision_tblock_mid"": 0.0, ""fall"": 0.0, ""timeout"": 0.0}"
start_behavior_context,start_region=x_mid__y_neg|start_theta_bin=sector_4|path_angle_bin=sector_6|near_count_bin=2|far_count_bin=0|medhigh_count_bin=0,False,1,1,0,0.0,0.0,none,0,-1.7650662025757562,2.0,"{""success"": 1}",{},"{""collision_rod_early"": 0.0, ""collision_rod_late"": 0.0, ""collision_rod_mid"": 0.0, ""collision_tblock_early"": 0.0, ""collision_tblock_late"": 0.0, ""collision_tblock_mid"": 0.0, ""fall"": 0.0, ""timeout"": 0.0}"
start_behavior_context,start_region=x_mid__y_pos|start_theta_bin=sector_6|path_angle_bin=sector_1|near_count_bin=1|far_count_bin=0|medhigh_count_bin=0,False,1,1,0,0.0,0.0,none,0,-4.790556041444343,3.0,"{""success"": 1}",{},"{""collision_rod_early"": 0.0, ""collision_rod_late"": 0.0, ""collision_rod_mid"": 0.0, ""collision_tblock_early"": 0.0, ""collision_tblock_late"": 0.0, ""collision_tblock_mid"": 0.0, ""fall"": 0.0, ""timeout"": 0.0}"
start_behavior_context,start_region=x_neg__y_pos|start_theta_bin=sector_4|path_angle_bin=sector_2|near_count_bin=0|far_count_bin=0|medhigh_count_bin=0,False,1,1,0,0.0,0.0,none,0,-2.5530452183066608,3.0,"{""success"": 1}",{},"{""collision_rod_early"": 0.0, ""collision_rod_late"": 0.0, ""collision_rod_mid"": 0.0, ""collision_tblock_early"": 0.0, ""collision_tblock_late"": 0.0, ""collision_tblock_mid"": 0.0, ""fall"": 0.0, ""timeout"": 0.0}"
start_behavior_context,start_region=x_neg__y_neg|start_theta_bin=sector_7|path_angle_bin=sector_5|near_count_bin=0|far_count_bin=0|medhigh_count_bin=0,False,1,1,0,0.0,0.0,none,0,-5.727668368044348,4.0,"{""success"": 1}",{},"{""collision_rod_early"": 0.0, ""collision_rod_late"": 0.0, ""collision_rod_mid"": 0.0, ""collision_tblock_early"": 0.0, ""collision_tblock_late"": 0.0, ""collision_tblock_mid"": 0.0, ""fall"": 0.0, ""timeout"": 0.0}"
start_behavior_context,start_region=x_neg__y_neg|start_theta_bin=sector_5|path_angle_bin=sector_5|near_count_bin=0|far_count_bin=0|medhigh_count_bin=0,False,1,1,0,0.0,0.0,none,0,-3.382579208525978,3.0,"{""success"": 1}",{},"{""collision_rod_early"": 0.0, ""collision_rod_late"": 0.0, ""collision_rod_mid"": 0.0, ""collision_tblock_early"": 0.0, ""collision_tblock_late"": 0.0, ""collision_tblock_mid"": 0.0, ""fall"": 0.0, ""timeout"": 0.0}"
start_behavior_context,start_region=x_neg__y_neg|start_theta_bin=sector_2|path_angle_bin=sector_5|near_count_bin=0|far_count_bin=0|medhigh_count_bin=0,False,1,1,0,0.0,0.0,none,0,-3.08775583062076,3.0,"{""success"": 1}",{},"{""collision_rod_early"": 0.0, ""collision_rod_late"": 0.0, ""collision_rod_mid"": 0.0, ""collision_tblock_early"": 0.0, ""collision_tblock_late"": 0.0, ""collision_tblock_mid"": 0.0, ""fall"": 0.0, ""timeout"": 0.0}"
start_behavior_context,start_region=x_neg__y_mid|start_theta_bin=sector_1|path_angle_bin=sector_3|near_count_bin=2|far_count_bin=0|medhigh_count_bin=0,False,1,1,0,0.0,0.0,none,0,-6.462593149537737,7.0,"{""success"": 1}",{},"{""collision_rod_early"": 0.0, ""collision_rod_late"": 0.0, ""collision_rod_mid"": 0.0, ""collision_tblock_early"": 0.0, ""collision_tblock_late"": 0.0, ""collision_tblock_mid"": 0.0, ""fall"": 0.0, ""timeout"": 0.0}"
start_behavior_context,start_region=x_pos__y_neg|start_theta_bin=sector_3|path_angle_bin=sector_7|near_count_bin=0|far_count_bin=2|medhigh_count_bin=1,False,1,1,0,0.0,0.0,none,0,-3.083155676722765,3.0,"{""success"": 1}",{},"{""collision_rod_early"": 0.0, ""collision_rod_late"": 0.0, ""collision_rod_mid"": 0.0, ""collision_tblock_early"": 0.0, ""collision_tblock_late"": 0.0, ""collision_tblock_mid"": 0.0, ""fall"": 0.0, ""timeout"": 0.0}"
start_behavior_context,start_region=x_mid__y_pos|start_theta_bin=sector_4|path_angle_bin=sector_2|near_count_bin=1|far_count_bin=0|medhigh_count_bin=0,False,1,1,0,0.0,0.0,none,0,-2.8904851091174093,3.0,"{""success"": 1}",{},"{""collision_rod_early"": 0.0, ""collision_rod_late"": 0.0, ""collision_rod_mid"": 0.0, ""collision_tblock_early"": 0.0, ""collision_tblock_late"": 0.0, ""collision_tblock_mid"": 0.0, ""fall"": 0.0, ""timeout"": 0.0}"
start_behavior_context,start_region=x_mid__y_pos|start_theta_bin=sector_5|path_angle_bin=sector_1|near_count_bin=2|far_count_bin=0|medhigh_count_bin=0,False,1,1,0,0.0,0.0,none,0,-6.849200103847095,5.0,"{""success"": 1}",{},"{""collision_rod_early"": 0.0, ""collision_rod_late"": 0.0, ""collision_rod_mid"": 0.0, ""collision_tblock_early"": 0.0, ""collision_tblock_late"": 0.0, ""collision_tblock_mid"": 0.0, ""fall"": 0.0, ""timeout"": 0.0}"
start_behavior_context,start_region=x_neg__y_mid|start_theta_bin=sector_3|path_angle_bin=sector_4|near_count_bin=1|far_count_bin=0|medhigh_count_bin=0,False,1,1,0,0.0,0.0,none,0,-1.6743744329698977,2.0,"{""success"": 1}",{},"{""collision_rod_early"": 0.0, ""collision_rod_late"": 0.0, ""collision_rod_mid"": 0.0, ""collision_tblock_early"": 0.0, ""collision_tblock_late"": 0.0, ""collision_tblock_mid"": 0.0, ""fall"": 0.0, ""timeout"": 0.0}"
start_behavior_context,start_region=x_mid__y_neg|start_theta_bin=sector_1|path_angle_bin=sector_5|near_count_bin=0|far_count_bin=0|medhigh_count_bin=0,False,1,1,0,0.0,0.0,none,0,-1.1587874964328686,3.0,"{""success"": 1}",{},"{""collision_rod_early"": 0.0, ""collision_rod_late"": 0.0, ""collision_rod_mid"": 0.0, ""collision_tblock_early"": 0.0, ""collision_tblock_late"": 0.0, ""collision_tblock_mid"": 0.0, ""fall"": 0.0, ""timeout"": 0.0}"
start_behavior_context,start_region=x_mid__y_neg|start_theta_bin=sector_0|path_angle_bin=sector_5|near_count_bin=1|far_count_bin=0|medhigh_count_bin=0,False,1,1,0,0.0,0.0,none,0,-1.7544623785506523,3.0,"{""success"": 1}",{},"{""collision_rod_early"": 0.0, ""collision_rod_late"": 0.0, ""collision_rod_mid"": 0.0, ""collision_tblock_early"": 0.0, ""collision_tblock_late"": 0.0, ""collision_tblock_mid"": 0.0, ""fall"": 0.0, ""timeout"": 0.0}"
start_behavior_context,start_region=x_neg__y_pos|start_theta_bin=sector_0|path_angle_bin=sector_3|near_count_bin=0|far_count_bin=0|medhigh_count_bin=0,False,1,1,0,0.0,0.0,none,0,-2.5775481631287653,3.0,"{""success"": 1}",{},"{""collision_rod_early"": 0.0, ""collision_rod_late"": 0.0, ""collision_rod_mid"": 0.0, ""collision_tblock_early"": 0.0, ""collision_tblock_late"": 0.0, ""collision_tblock_mid"": 0.0, ""fall"": 0.0, ""timeout"": 0.0}"
start_behavior_context,start_region=x_mid__y_pos|start_theta_bin=sector_1|path_angle_bin=sector_1|near_count_bin=1|far_count_bin=1|medhigh_count_bin=1,False,1,1,0,0.0,0.0,none,0,-2.5531843785185733,3.0,"{""success"": 1}",{},"{""collision_rod_early"": 0.0, ""collision_rod_late"": 0.0, ""collision_rod_mid"": 0.0, ""collision_tblock_early"": 0.0, ""collision_tblock_late"": 0.0, ""collision_tblock_mid"": 0.0, ""fall"": 0.0, ""timeout"": 0.0}"
start_behavior_context,start_region=x_mid__y_neg|start_theta_bin=sector_5|path_angle_bin=sector_6|near_count_bin=2|far_count_bin=0|medhigh_count_bin=0,False,1,1,0,0.0,0.0,none,0,-1.5410293244424074,2.0,"{""success"": 1}",{},"{""collision_rod_early"": 0.0, ""collision_rod_late"": 0.0, ""collision_rod_mid"": 0.0, ""collision_tblock_early"": 0.0, ""collision_tblock_late"": 0.0, ""collision_tblock_mid"": 0.0, ""fall"": 0.0, ""timeout"": 0.0}"
start_behavior_context,start_region=x_pos__y_pos|start_theta_bin=sector_3|path_angle_bin=sector_1|near_count_bin=0|far_count_bin=0|medhigh_count_bin=0,False,1,1,0,0.0,0.0,none,0,-1.3265835352157829,2.0,"{""success"": 1}",{},"{""collision_rod_early"": 0.0, ""collision_rod_late"": 0.0, ""collision_rod_mid"": 0.0, ""collision_tblock_early"": 0.0, ""collision_tblock_late"": 0.0, ""collision_tblock_mid"": 0.0, ""fall"": 0.0, ""timeout"": 0.0}"
start_behavior_context,start_region=x_pos__y_neg|start_theta_bin=sector_4|path_angle_bin=sector_7|near_count_bin=1|far_count_bin=0|medhigh_count_bin=0,False,1,1,0,0.0,0.0,none,0,-3.486142053329736,3.0,"{""success"": 1}",{},"{""collision_rod_early"": 0.0, ""collision_rod_late"": 0.0, ""collision_rod_mid"": 0.0, ""collision_tblock_early"": 0.0, ""collision_tblock_late"": 0.0, ""collision_tblock_mid"": 0.0, ""fall"": 0.0, ""timeout"": 0.0}"
start_behavior_context,start_region=x_mid__y_pos|start_theta_bin=sector_1|path_angle_bin=sector_2|near_count_bin=0|far_count_bin=2|medhigh_count_bin=1,False,1,1,0,0.0,0.0,none,0,-2.164016886220113,2.0,"{""success"": 1}",{},"{""collision_rod_early"": 0.0, ""collision_rod_late"": 0.0, ""collision_rod_mid"": 0.0, ""collision_tblock_early"": 0.0, ""collision_tblock_late"": 0.0, ""collision_tblock_mid"": 0.0, ""fall"": 0.0, ""timeout"": 0.0}"
start_behavior_context,start_region=x_pos__y_neg|start_theta_bin=sector_0|path_angle_bin=sector_7|near_count_bin=1|far_count_bin=0|medhigh_count_bin=0,False,1,1,0,0.0,0.0,none,0,-2.15332715207637,4.0,"{""success"": 1}",{},"{""collision_rod_early"": 0.0, ""collision_rod_late"": 0.0, ""collision_rod_mid"": 0.0, ""collision_tblock_early"": 0.0, ""collision_tblock_late"": 0.0, ""collision_tblock_mid"": 0.0, ""fall"": 0.0, ""timeout"": 0.0}"
start_behavior_context,start_region=x_neg__y_pos|start_theta_bin=sector_7|path_angle_bin=sector_2|near_count_bin=1|far_count_bin=0|medhigh_count_bin=0,False,1,1,0,0.0,0.0,none,0,-4.205259005109296,3.0,"{""success"": 1}",{},"{""collision_rod_early"": 0.0, ""collision_rod_late"": 0.0, ""collision_rod_mid"": 0.0, ""collision_tblock_early"": 0.0, ""collision_tblock_late"": 0.0, ""collision_tblock_mid"": 0.0, ""fall"": 0.0, ""timeout"": 0.0}"
start_behavior_context,start_region=x_neg__y_mid|start_theta_bin=sector_4|path_angle_bin=sector_3|near_count_bin=1|far_count_bin=0|medhigh_count_bin=0,False,1,1,0,0.0,0.0,none,0,-1.0961569535604243,2.0,"{""success"": 1}",{},"{""collision_rod_early"": 0.0, ""collision_rod_late"": 0.0, ""collision_rod_mid"": 0.0, ""collision_tblock_early"": 0.0, ""collision_tblock_late"": 0.0, ""collision_tblock_mid"": 0.0, ""fall"": 0.0, ""timeout"": 0.0}"
start_behavior_context,start_region=x_pos__y_mid|start_theta_bin=sector_2|path_angle_bin=sector_0|near_count_bin=2|far_count_bin=0|medhigh_count_bin=0,False,1,1,0,0.0,0.0,none,0,-0.8713658930030386,2.0,"{""success"": 1}",{},"{""collision_rod_early"": 0.0, ""collision_rod_late"": 0.0, ""collision_rod_mid"": 0.0, ""collision_tblock_early"": 0.0, ""collision_tblock_late"": 0.0, ""collision_tblock_mid"": 0.0, ""fall"": 0.0, ""timeout"": 0.0}"
start_behavior_context,start_region=x_mid__y_neg|start_theta_bin=sector_7|path_angle_bin=sector_5|near_count_bin=0|far_count_bin=0|medhigh_count_bin=0,False,1,1,0,0.0,0.0,none,0,-3.218949423544474,3.0,"{""success"": 1}",{},"{""collision_rod_early"": 0.0, ""collision_rod_late"": 0.0, ""collision_rod_mid"": 0.0, ""collision_tblock_early"": 0.0, ""collision_tblock_late"": 0.0, ""collision_tblock_mid"": 0.0, ""fall"": 0.0, ""timeout"": 0.0}"
start_behavior_context,start_region=x_neg__y_mid|start_theta_bin=sector_0|path_angle_bin=sector_4|near_count_bin=2|far_count_bin=0|medhigh_count_bin=0,False,1,1,0,0.0,0.0,none,0,-2.526938599871413,3.0,"{""success"": 1}",{},"{""collision_rod_early"": 0.0, ""collision_rod_late"": 0.0, ""collision_rod_mid"": 0.0, ""collision_tblock_early"": 0.0, ""collision_tblock_late"": 0.0, ""collision_tblock_mid"": 0.0, ""fall"": 0.0, ""timeout"": 0.0}"
start_behavior_context,start_region=x_pos__y_mid|start_theta_bin=sector_1|path_angle_bin=sector_0|near_count_bin=1|far_count_bin=0|medhigh_count_bin=0,False,1,1,0,0.0,0.0,none,0,-1.043515805883732,2.0,"{""success"": 1}",{},"{""collision_rod_early"": 0.0, ""collision_rod_late"": 0.0, ""collision_rod_mid"": 0.0, ""collision_tblock_early"": 0.0, ""collision_tblock_late"": 0.0, ""collision_tblock_mid"": 0.0, ""fall"": 0.0, ""timeout"": 0.0}"
start_behavior_context,start_region=x_neg__y_neg|start_theta_bin=sector_3|path_angle_bin=sector_4|near_count_bin=2|far_count_bin=0|medhigh_count_bin=0,False,1,1,0,0.0,0.0,none,0,-2.778835647456397,2.0,"{""success"": 1}",{},"{""collision_rod_early"": 0.0, ""collision_rod_late"": 0.0, ""collision_rod_mid"": 0.0, ""collision_tblock_early"": 0.0, ""collision_tblock_late"": 0.0, ""collision_tblock_mid"": 0.0, ""fall"": 0.0, ""timeout"": 0.0}"
start_behavior_context,start_region=x_mid__y_neg|start_theta_bin=sector_2|path_angle_bin=sector_5|near_count_bin=1|far_count_bin=1|medhigh_count_bin=1,False,1,1,0,0.0,0.0,none,0,-5.898651507035808,5.0,"{""success"": 1}",{},"{""collision_rod_early"": 0.0, ""collision_rod_late"": 0.0, ""collision_rod_mid"": 0.0, ""collision_tblock_early"": 0.0, ""collision_tblock_late"": 0.0, ""collision_tblock_mid"": 0.0, ""fall"": 0.0, ""timeout"": 0.0}"
start_behavior_context,start_region=x_neg__y_neg|start_theta_bin=sector_7|path_angle_bin=sector_4|near_count_bin=0|far_count_bin=0|medhigh_count_bin=0,False,1,1,0,0.0,0.0,none,0,-3.442778239111502,4.0,"{""success"": 1}",{},"{""collision_rod_early"": 0.0, ""collision_rod_late"": 0.0, ""collision_rod_mid"": 0.0, ""collision_tblock_early"": 0.0, ""collision_tblock_late"": 0.0, ""collision_tblock_mid"": 0.0, ""fall"": 0.0, ""timeout"": 0.0}"
start_behavior_context,start_region=x_neg__y_pos|start_theta_bin=sector_2|path_angle_bin=sector_3|near_count_bin=2|far_count_bin=0|medhigh_count_bin=0,False,1,1,0,0.0,0.0,none,0,-2.7811263870800396,3.0,"{""success"": 1}",{},"{""collision_rod_early"": 0.0, ""collision_rod_late"": 0.0, ""collision_rod_mid"": 0.0, ""collision_tblock_early"": 0.0, ""collision_tblock_late"": 0.0, ""collision_tblock_mid"": 0.0, ""fall"": 0.0, ""timeout"": 0.0}"
start_behavior_context,start_region=x_pos__y_pos|start_theta_bin=sector_1|path_angle_bin=sector_0|near_count_bin=1|far_count_bin=0|medhigh_count_bin=0,False,1,1,0,0.0,0.0,none,0,-1.5995512021080296,3.0,"{""success"": 1}",{},"{""collision_rod_early"": 0.0, ""collision_rod_late"": 0.0, ""collision_rod_mid"": 0.0, ""collision_tblock_early"": 0.0, ""collision_tblock_late"": 0.0, ""collision_tblock_mid"": 0.0, ""fall"": 0.0, ""timeout"": 0.0}"
start_behavior_context,start_region=x_pos__y_neg|start_theta_bin=sector_5|path_angle_bin=sector_6|near_count_bin=1|far_count_bin=0|medhigh_count_bin=0,False,1,1,0,0.0,0.0,none,0,-3.578457880256635,3.0,"{""success"": 1}",{},"{""collision_rod_early"": 0.0, ""collision_rod_late"": 0.0, ""collision_rod_mid"": 0.0, ""collision_tblock_early"": 0.0, ""collision_tblock_late"": 0.0, ""collision_tblock_mid"": 0.0, ""fall"": 0.0, ""timeout"": 0.0}"
start_behavior_context,start_region=x_pos__y_neg|start_theta_bin=sector_2|path_angle_bin=sector_6|near_count_bin=2|far_count_bin=0|medhigh_count_bin=0,False,1,1,0,0.0,0.0,none,0,-2.292366608959761,4.0,"{""success"": 1}",{},"{""collision_rod_early"": 0.0, ""collision_rod_late"": 0.0, ""collision_rod_mid"": 0.0, ""collision_tblock_early"": 0.0, ""collision_tblock_late"": 0.0, ""collision_tblock_mid"": 0.0, ""fall"": 0.0, ""timeout"": 0.0}"
start_behavior_context,start_region=x_mid__y_pos|start_theta_bin=sector_0|path_angle_bin=sector_2|near_count_bin=0|far_count_bin=1|medhigh_count_bin=1,False,1,1,0,0.0,0.0,none,0,-3.011268065215405,3.0,"{""success"": 1}",{},"{""collision_rod_early"": 0.0, ""collision_rod_late"": 0.0, ""collision_rod_mid"": 0.0, ""collision_tblock_early"": 0.0, ""collision_tblock_late"": 0.0, ""collision_tblock_mid"": 0.0, ""fall"": 0.0, ""timeout"": 0.0}"
start_behavior_context,start_region=x_pos__y_neg|start_theta_bin=sector_5|path_angle_bin=sector_7|near_count_bin=1|far_count_bin=0|medhigh_count_bin=0,False,1,1,0,0.0,0.0,none,0,-4.129647541993273,2.0,"{""success"": 1}",{},"{""collision_rod_early"": 0.0, ""collision_rod_late"": 0.0, ""collision_rod_mid"": 0.0, ""collision_tblock_early"": 0.0, ""collision_tblock_late"": 0.0, ""collision_tblock_mid"": 0.0, ""fall"": 0.0, ""timeout"": 0.0}"
start_behavior_context,start_region=x_pos__y_mid|start_theta_bin=sector_0|path_angle_bin=sector_0|near_count_bin=1|far_count_bin=0|medhigh_count_bin=0,False,1,1,0,0.0,0.0,none,0,-2.414584636898892,2.0,"{""success"": 1}",{},"{""collision_rod_early"": 0.0, ""collision_rod_late"": 0.0, ""collision_rod_mid"": 0.0, ""collision_tblock_early"": 0.0, ""collision_tblock_late"": 0.0, ""collision_tblock_mid"": 0.0, ""fall"": 0.0, ""timeout"": 0.0}"
start_behavior_context,start_region=x_pos__y_mid|start_theta_bin=sector_0|path_angle_bin=sector_7|near_count_bin=1|far_count_bin=0|medhigh_count_bin=0,False,1,1,0,0.0,0.0,none,0,-1.8279586576311098,3.0,"{""success"": 1}",{},"{""collision_rod_early"": 0.0, ""collision_rod_late"": 0.0, ""collision_rod_mid"": 0.0, ""collision_tblock_early"": 0.0, ""collision_tblock_late"": 0.0, ""collision_tblock_mid"": 0.0, ""fall"": 0.0, ""timeout"": 0.0}"
start_behavior_context,start_region=x_neg__y_neg|start_theta_bin=sector_4|path_angle_bin=sector_4|near_count_bin=0|far_count_bin=0|medhigh_count_bin=0,False,1,1,0,0.0,0.0,none,0,-2.537808007732054,3.0,"{""success"": 1}",{},"{""collision_rod_early"": 0.0, ""collision_rod_late"": 0.0, ""collision_rod_mid"": 0.0, ""collision_tblock_early"": 0.0, ""collision_tblock_late"": 0.0, ""collision_tblock_mid"": 0.0, ""fall"": 0.0, ""timeout"": 0.0}"
start_behavior_context,start_region=x_neg__y_pos|start_theta_bin=sector_1|path_angle_bin=sector_2|near_count_bin=1|far_count_bin=0|medhigh_count_bin=0,False,1,1,0,0.0,0.0,none,0,-0.9098302370469722,2.0,"{""success"": 1}",{},"{""collision_rod_early"": 0.0, ""collision_rod_late"": 0.0, ""collision_rod_mid"": 0.0, ""collision_tblock_early"": 0.0, ""collision_tblock_late"": 0.0, ""collision_tblock_mid"": 0.0, ""fall"": 0.0, ""timeout"": 0.0}"
start_behavior_context,start_region=x_mid__y_neg|start_theta_bin=sector_0|path_angle_bin=sector_6|near_count_bin=2|far_count_bin=0|medhigh_count_bin=0,False,1,1,0,0.0,0.0,none,0,-2.7472667360192347,2.0,"{""success"": 1}",{},"{""collision_rod_early"": 0.0, ""collision_rod_late"": 0.0, ""collision_rod_mid"": 0.0, ""collision_tblock_early"": 0.0, ""collision_tblock_late"": 0.0, ""collision_tblock_mid"": 0.0, ""fall"": 0.0, ""timeout"": 0.0}"
start_behavior_context,start_region=x_pos__y_mid|start_theta_bin=sector_7|path_angle_bin=sector_0|near_count_bin=1|far_count_bin=1|medhigh_count_bin=1,False,1,1,0,0.0,0.0,none,0,-4.753334949505278,4.0,"{""success"": 1}",{},"{""collision_rod_early"": 0.0, ""collision_rod_late"": 0.0, ""collision_rod_mid"": 0.0, ""collision_tblock_early"": 0.0, ""collision_tblock_late"": 0.0, ""collision_tblock_mid"": 0.0, ""fall"": 0.0, ""timeout"": 0.0}"
start_behavior_context,start_region=x_pos__y_mid|start_theta_bin=sector_6|path_angle_bin=sector_7|near_count_bin=2|far_count_bin=0|medhigh_count_bin=0,False,1,1,0,0.0,0.0,none,0,-4.357357965568096,3.0,"{""success"": 1}",{},"{""collision_rod_early"": 0.0, ""collision_rod_late"": 0.0, ""collision_rod_mid"": 0.0, ""collision_tblock_early"": 0.0, ""collision_tblock_late"": 0.0, ""collision_tblock_mid"": 0.0, ""fall"": 0.0, ""timeout"": 0.0}"
start_behavior_context,start_region=x_pos__y_mid|start_theta_bin=sector_5|path_angle_bin=sector_7|near_count_bin=1|far_count_bin=0|medhigh_count_bin=0,False,1,1,0,0.0,0.0,none,0,-2.959275388150537,3.0,"{""success"": 1}",{},"{""collision_rod_early"": 0.0, ""collision_rod_late"": 0.0, ""collision_rod_mid"": 0.0, ""collision_tblock_early"": 0.0, ""collision_tblock_late"": 0.0, ""collision_tblock_mid"": 0.0, ""fall"": 0.0, ""timeout"": 0.0}"
start_behavior_context,start_region=x_neg__y_mid|start_theta_bin=sector_7|path_angle_bin=sector_4|near_count_bin=1|far_count_bin=0|medhigh_count_bin=0,False,1,1,0,0.0,0.0,none,0,-2.9196410542762785,3.0,"{""success"": 1}",{},"{""collision_rod_early"": 0.0, ""collision_rod_late"": 0.0, ""collision_rod_mid"": 0.0, ""collision_tblock_early"": 0.0, ""collision_tblock_late"": 0.0, ""collision_tblock_mid"": 0.0, ""fall"": 0.0, ""timeout"": 0.0}"
start_behavior_context,start_region=x_neg__y_pos|start_theta_bin=sector_2|path_angle_bin=sector_2|near_count_bin=0|far_count_bin=0|medhigh_count_bin=0,False,1,1,0,0.0,0.0,none,0,-1.4358907939796266,2.0,"{""success"": 1}",{},"{""collision_rod_early"": 0.0, ""collision_rod_late"": 0.0, ""collision_rod_mid"": 0.0, ""collision_tblock_early"": 0.0, ""collision_tblock_late"": 0.0, ""collision_tblock_mid"": 0.0, ""fall"": 0.0, ""timeout"": 0.0}"
start_behavior_context,start_region=x_neg__y_mid|start_theta_bin=sector_7|path_angle_bin=sector_3|near_count_bin=2|far_count_bin=0|medhigh_count_bin=0,False,1,1,0,0.0,0.0,none,0,-1.9501463005719923,3.0,"{""success"": 1}",{},"{""collision_rod_early"": 0.0, ""collision_rod_late"": 0.0, ""collision_rod_mid"": 0.0, ""collision_tblock_early"": 0.0, ""collision_tblock_late"": 0.0, ""collision_tblock_mid"": 0.0, ""fall"": 0.0, ""timeout"": 0.0}"
start_behavior_context,start_region=x_pos__y_neg|start_theta_bin=sector_6|path_angle_bin=sector_7|near_count_bin=1|far_count_bin=0|medhigh_count_bin=0,False,1,1,0,0.0,0.0,none,0,-2.4841118174083654,2.0,"{""success"": 1}",{},"{""collision_rod_early"": 0.0, ""collision_rod_late"": 0.0, ""collision_rod_mid"": 0.0, ""collision_tblock_early"": 0.0, ""collision_tblock_late"": 0.0, ""collision_tblock_mid"": 0.0, ""fall"": 0.0, ""timeout"": 0.0}"
start_behavior_context,start_region=x_mid__y_neg|start_theta_bin=sector_7|path_angle_bin=sector_5|near_count_bin=1|far_count_bin=0|medhigh_count_bin=0,False,1,1,0,0.0,0.0,none,0,-2.4072553953449196,3.0,"{""success"": 1}",{},"{""collision_rod_early"": 0.0, ""collision_rod_late"": 0.0, ""collision_rod_mid"": 0.0, ""collision_tblock_early"": 0.0, ""collision_tblock_late"": 0.0, ""collision_tblock_mid"": 0.0, ""fall"": 0.0, ""timeout"": 0.0}"
start_behavior_context,start_region=x_mid__y_pos|start_theta_bin=sector_6|path_angle_bin=sector_1|near_count_bin=2|far_count_bin=0|medhigh_count_bin=0,False,1,1,0,0.0,0.0,none,0,-4.72125138625992,6.0,"{""success"": 1}",{},"{""collision_rod_early"": 0.0, ""collision_rod_late"": 0.0, ""collision_rod_mid"": 0.0, ""collision_tblock_early"": 0.0, ""collision_tblock_late"": 0.0, ""collision_tblock_mid"": 0.0, ""fall"": 0.0, ""timeout"": 0.0}"
start_behavior_context,start_region=x_pos__y_mid|start_theta_bin=sector_0|path_angle_bin=sector_7|near_count_bin=2|far_count_bin=0|medhigh_count_bin=0,False,1,1,0,0.0,0.0,none,0,-3.3400088500963885,4.0,"{""success"": 1}",{},"{""collision_rod_early"": 0.0, ""collision_rod_late"": 0.0, ""collision_rod_mid"": 0.0, ""collision_tblock_early"": 0.0, ""collision_tblock_late"": 0.0, ""collision_tblock_mid"": 0.0, ""fall"": 0.0, ""timeout"": 0.0}"
start_behavior_context,start_region=x_pos__y_neg|start_theta_bin=sector_3|path_angle_bin=sector_7|near_count_bin=0|far_count_bin=1|medhigh_count_bin=1,False,1,1,0,0.0,0.0,none,0,-1.7110587527251042,3.0,"{""success"": 1}",{},"{""collision_rod_early"": 0.0, ""collision_rod_late"": 0.0, ""collision_rod_mid"": 0.0, ""collision_tblock_early"": 0.0, ""collision_tblock_late"": 0.0, ""collision_tblock_mid"": 0.0, ""fall"": 0.0, ""timeout"": 0.0}"
start_behavior_context,start_region=x_pos__y_neg|start_theta_bin=sector_4|path_angle_bin=sector_7|near_count_bin=2|far_count_bin=0|medhigh_count_bin=0,False,1,1,0,0.0,0.0,none,0,-2.35051007437001,3.0,"{""success"": 1}",{},"{""collision_rod_early"": 0.0, ""collision_rod_late"": 0.0, ""collision_rod_mid"": 0.0, ""collision_tblock_early"": 0.0, ""collision_tblock_late"": 0.0, ""collision_tblock_mid"": 0.0, ""fall"": 0.0, ""timeout"": 0.0}"
start_behavior_context,start_region=x_pos__y_pos|start_theta_bin=sector_6|path_angle_bin=sector_1|near_count_bin=2|far_count_bin=0|medhigh_count_bin=0,False,1,1,0,0.0,0.0,none,0,-5.458819859761251,4.0,"{""success"": 1}",{},"{""collision_rod_early"": 0.0, ""collision_rod_late"": 0.0, ""collision_rod_mid"": 0.0, ""collision_tblock_early"": 0.0, ""collision_tblock_late"": 0.0, ""collision_tblock_mid"": 0.0, ""fall"": 0.0, ""timeout"": 0.0}"
start_behavior_context,start_region=x_neg__y_pos|start_theta_bin=sector_2|path_angle_bin=sector_3|near_count_bin=0|far_count_bin=0|medhigh_count_bin=0,False,1,1,0,0.0,0.0,none,0,-2.2124908320448995,3.0,"{""success"": 1}",{},"{""collision_rod_early"": 0.0, ""collision_rod_late"": 0.0, ""collision_rod_mid"": 0.0, ""collision_tblock_early"": 0.0, ""collision_tblock_late"": 0.0, ""collision_tblock_mid"": 0.0, ""fall"": 0.0, ""timeout"": 0.0}"
start_behavior_context,start_region=x_neg__y_pos|start_theta_bin=sector_1|path_angle_bin=sector_3|near_count_bin=1|far_count_bin=0|medhigh_count_bin=1,False,1,1,0,0.0,0.0,none,0,-1.5499221567960517,2.0,"{""success"": 1}",{},"{""collision_rod_early"": 0.0, ""collision_rod_late"": 0.0, ""collision_rod_mid"": 0.0, ""collision_tblock_early"": 0.0, ""collision_tblock_late"": 0.0, ""collision_tblock_mid"": 0.0, ""fall"": 0.0, ""timeout"": 0.0}"
start_behavior_context,start_region=x_mid__y_pos|start_theta_bin=sector_7|path_angle_bin=sector_1|near_count_bin=1|far_count_bin=0|medhigh_count_bin=0,False,1,1,0,0.0,0.0,none,0,-2.3298552389173257,3.0,"{""success"": 1}",{},"{""collision_rod_early"": 0.0, ""collision_rod_late"": 0.0, ""collision_rod_mid"": 0.0, ""collision_tblock_early"": 0.0, ""collision_tblock_late"": 0.0, ""collision_tblock_mid"": 0.0, ""fall"": 0.0, ""timeout"": 0.0}"
start_behavior_context,start_region=x_mid__y_pos|start_theta_bin=sector_3|path_angle_bin=sector_2|near_count_bin=1|far_count_bin=0|medhigh_count_bin=0,False,1,1,0,0.0,0.0,none,0,-1.4492387057895897,2.0,"{""success"": 1}",{},"{""collision_rod_early"": 0.0, ""collision_rod_late"": 0.0, ""collision_rod_mid"": 0.0, ""collision_tblock_early"": 0.0, ""collision_tblock_late"": 0.0, ""collision_tblock_mid"": 0.0, ""fall"": 0.0, ""timeout"": 0.0}"
start_behavior_context,start_region=x_neg__y_neg|start_theta_bin=sector_1|path_angle_bin=sector_4|near_count_bin=0|far_count_bin=0|medhigh_count_bin=0,False,1,1,0,0.0,0.0,none,0,-4.3974979239917955,4.0,"{""success"": 1}",{},"{""collision_rod_early"": 0.0, ""collision_rod_late"": 0.0, ""collision_rod_mid"": 0.0, ""collision_tblock_early"": 0.0, ""collision_tblock_late"": 0.0, ""collision_tblock_mid"": 0.0, ""fall"": 0.0, ""timeout"": 0.0}"
start_behavior_context,start_region=x_mid__y_neg|start_theta_bin=sector_4|path_angle_bin=sector_5|near_count_bin=1|far_count_bin=0|medhigh_count_bin=0,False,1,1,0,0.0,0.0,none,0,-1.6154616224600709,3.0,"{""success"": 1}",{},"{""collision_rod_early"": 0.0, ""collision_rod_late"": 0.0, ""collision_rod_mid"": 0.0, ""collision_tblock_early"": 0.0, ""collision_tblock_late"": 0.0, ""collision_tblock_mid"": 0.0, ""fall"": 0.0, ""timeout"": 0.0}"
start_behavior_context,start_region=x_mid__y_neg|start_theta_bin=sector_6|path_angle_bin=sector_5|near_count_bin=0|far_count_bin=0|medhigh_count_bin=0,False,1,1,0,0.0,0.0,none,0,-3.8304124265736084,4.0,"{""success"": 1}",{},"{""collision_rod_early"": 0.0, ""collision_rod_late"": 0.0, ""collision_rod_mid"": 0.0, ""collision_tblock_early"": 0.0, ""collision_tblock_late"": 0.0, ""collision_tblock_mid"": 0.0, ""fall"": 0.0, ""timeout"": 0.0}"
start_behavior_context,start_region=x_neg__y_mid|start_theta_bin=sector_2|path_angle_bin=sector_3|near_count_bin=2|far_count_bin=0|medhigh_count_bin=0,False,1,1,0,0.0,0.0,none,0,-0.6883377036111993,2.0,"{""success"": 1}",{},"{""collision_rod_early"": 0.0, ""collision_rod_late"": 0.0, ""collision_rod_mid"": 0.0, ""collision_tblock_early"": 0.0, ""collision_tblock_late"": 0.0, ""collision_tblock_mid"": 0.0, ""fall"": 0.0, ""timeout"": 0.0}"
start_behavior_context,start_region=x_mid__y_pos|start_theta_bin=sector_1|path_angle_bin=sector_2|near_count_bin=1|far_count_bin=1|medhigh_count_bin=1,False,1,1,0,0.0,0.0,none,0,-4.5662875455524405,4.0,"{""success"": 1}",{},"{""collision_rod_early"": 0.0, ""collision_rod_late"": 0.0, ""collision_rod_mid"": 0.0, ""collision_tblock_early"": 0.0, ""collision_tblock_late"": 0.0, ""collision_tblock_mid"": 0.0, ""fall"": 0.0, ""timeout"": 0.0}"
start_behavior_context,start_region=x_neg__y_pos|start_theta_bin=sector_1|path_angle_bin=sector_2|near_count_bin=0|far_count_bin=2|medhigh_count_bin=1,False,1,1,0,0.0,0.0,none,0,-2.325104921735872,2.0,"{""success"": 1}",{},"{""collision_rod_early"": 0.0, ""collision_rod_late"": 0.0, ""collision_rod_mid"": 0.0, ""collision_tblock_early"": 0.0, ""collision_tblock_late"": 0.0, ""collision_tblock_mid"": 0.0, ""fall"": 0.0, ""timeout"": 0.0}"
start_behavior_context,start_region=x_mid__y_pos|start_theta_bin=sector_2|path_angle_bin=sector_2|near_count_bin=0|far_count_bin=0|medhigh_count_bin=0,False,1,1,0,0.0,0.0,none,0,-2.071453560517623,2.0,"{""success"": 1}",{},"{""collision_rod_early"": 0.0, ""collision_rod_late"": 0.0, ""collision_rod_mid"": 0.0, ""collision_tblock_early"": 0.0, ""collision_tblock_late"": 0.0, ""collision_tblock_mid"": 0.0, ""fall"": 0.0, ""timeout"": 0.0}"
start_behavior_context,start_region=x_neg__y_mid|start_theta_bin=sector_4|path_angle_bin=sector_4|near_count_bin=0|far_count_bin=0|medhigh_count_bin=0,False,1,1,0,0.0,0.0,none,0,-0.45121541242982355,1.0,"{""success"": 1}",{},"{""collision_rod_early"": 0.0, ""collision_rod_late"": 0.0, ""collision_rod_mid"": 0.0, ""collision_tblock_early"": 0.0, ""collision_tblock_late"": 0.0, ""collision_tblock_mid"": 0.0, ""fall"": 0.0, ""timeout"": 0.0}"
start_behavior_context,start_region=x_mid__y_neg|start_theta_bin=sector_3|path_angle_bin=sector_5|near_count_bin=1|far_count_bin=0|medhigh_count_bin=0,False,1,1,0,0.0,0.0,none,0,-4.312259245265933,3.0,"{""success"": 1}",{},"{""collision_rod_early"": 0.0, ""collision_rod_late"": 0.0, ""collision_rod_mid"": 0.0, ""collision_tblock_early"": 0.0, ""collision_tblock_late"": 0.0, ""collision_tblock_mid"": 0.0, ""fall"": 0.0, ""timeout"": 0.0}"
start_behavior_context,start_region=x_neg__y_mid|start_theta_bin=sector_2|path_angle_bin=sector_3|near_count_bin=0|far_count_bin=0|medhigh_count_bin=0,False,1,1,0,0.0,0.0,none,0,-2.416430177580289,3.0,"{""success"": 1}",{},"{""collision_rod_early"": 0.0, ""collision_rod_late"": 0.0, ""collision_rod_mid"": 0.0, ""collision_tblock_early"": 0.0, ""collision_tblock_late"": 0.0, ""collision_tblock_mid"": 0.0, ""fall"": 0.0, ""timeout"": 0.0}"
start_behavior_context,start_region=x_neg__y_pos|start_theta_bin=sector_7|path_angle_bin=sector_2|near_count_bin=2|far_count_bin=0|medhigh_count_bin=0,False,1,1,0,0.0,0.0,none,0,-2.925024222131916,2.0,"{""success"": 1}",{},"{""collision_rod_early"": 0.0, ""collision_rod_late"": 0.0, ""collision_rod_mid"": 0.0, ""collision_tblock_early"": 0.0, ""collision_tblock_late"": 0.0, ""collision_tblock_mid"": 0.0, ""fall"": 0.0, ""timeout"": 0.0}"
start_behavior_context,start_region=x_neg__y_pos|start_theta_bin=sector_2|path_angle_bin=sector_3|near_count_bin=2|far_count_bin=0|medhigh_count_bin=1,False,1,1,0,0.0,0.0,none,0,-1.289752372536263,2.0,"{""success"": 1}",{},"{""collision_rod_early"": 0.0, ""collision_rod_late"": 0.0, ""collision_rod_mid"": 0.0, ""collision_tblock_early"": 0.0, ""collision_tblock_late"": 0.0, ""collision_tblock_mid"": 0.0, ""fall"": 0.0, ""timeout"": 0.0}"
start_behavior_context,start_region=x_pos__y_pos|start_theta_bin=sector_7|path_angle_bin=sector_1|near_count_bin=1|far_count_bin=0|medhigh_count_bin=0,False,1,1,0,0.0,0.0,none,0,-3.3257254959095195,2.0,"{""success"": 1}",{},"{""collision_rod_early"": 0.0, ""collision_rod_late"": 0.0, ""collision_rod_mid"": 0.0, ""collision_tblock_early"": 0.0, ""collision_tblock_late"": 0.0, ""collision_tblock_mid"": 0.0, ""fall"": 0.0, ""timeout"": 0.0}"
start_behavior_context,start_region=x_mid__y_neg|start_theta_bin=sector_7|path_angle_bin=sector_6|near_count_bin=1|far_count_bin=0|medhigh_count_bin=0,False,1,1,0,0.0,0.0,none,0,-1.9763776375975028,3.0,"{""success"": 1}",{},"{""collision_rod_early"": 0.0, ""collision_rod_late"": 0.0, ""collision_rod_mid"": 0.0, ""collision_tblock_early"": 0.0, ""collision_tblock_late"": 0.0, ""collision_tblock_mid"": 0.0, ""fall"": 0.0, ""timeout"": 0.0}"
start_behavior_context,start_region=x_pos__y_neg|start_theta_bin=sector_0|path_angle_bin=sector_6|near_count_bin=0|far_count_bin=0|medhigh_count_bin=0,False,1,1,0,0.0,0.0,none,0,-2.8602110005146533,4.0,"{""success"": 1}",{},"{""collision_rod_early"": 0.0, ""collision_rod_late"": 0.0, ""collision_rod_mid"": 0.0, ""collision_tblock_early"": 0.0, ""collision_tblock_late"": 0.0, ""collision_tblock_mid"": 0.0, ""fall"": 0.0, ""timeout"": 0.0}"
start_behavior_context,start_region=x_mid__y_pos|start_theta_bin=sector_7|path_angle_bin=sector_2|near_count_bin=0|far_count_bin=2|medhigh_count_bin=1,False,1,1,0,0.0,0.0,none,0,-2.9703905257687175,3.0,"{""success"": 1}",{},"{""collision_rod_early"": 0.0, ""collision_rod_late"": 0.0, ""collision_rod_mid"": 0.0, ""collision_tblock_early"": 0.0, ""collision_tblock_late"": 0.0, ""collision_tblock_mid"": 0.0, ""fall"": 0.0, ""timeout"": 0.0}"
start_behavior_context,start_region=x_neg__y_mid|start_theta_bin=sector_1|path_angle_bin=sector_4|near_count_bin=1|far_count_bin=0|medhigh_count_bin=0,False,1,1,0,0.0,0.0,none,0,-2.139680975687627,2.0,"{""success"": 1}",{},"{""collision_rod_early"": 0.0, ""collision_rod_late"": 0.0, ""collision_rod_mid"": 0.0, ""collision_tblock_early"": 0.0, ""collision_tblock_late"": 0.0, ""collision_tblock_mid"": 0.0, ""fall"": 0.0, ""timeout"": 0.0}"
start_behavior_context,start_region=x_neg__y_mid|start_theta_bin=sector_7|path_angle_bin=sector_3|near_count_bin=0|far_count_bin=0|medhigh_count_bin=0,False,1,1,0,0.0,0.0,none,0,-4.247009885090958,4.0,"{""success"": 1}",{},"{""collision_rod_early"": 0.0, ""collision_rod_late"": 0.0, ""collision_rod_mid"": 0.0, ""collision_tblock_early"": 0.0, ""collision_tblock_late"": 0.0, ""collision_tblock_mid"": 0.0, ""fall"": 0.0, ""timeout"": 0.0}"
start_behavior_context,start_region=x_neg__y_mid|start_theta_bin=sector_1|path_angle_bin=sector_3|near_count_bin=0|far_count_bin=2|medhigh_count_bin=1,False,1,1,0,0.0,0.0,none,0,-4.271593341354424,4.0,"{""success"": 1}",{},"{""collision_rod_early"": 0.0, ""collision_rod_late"": 0.0, ""collision_rod_mid"": 0.0, ""collision_tblock_early"": 0.0, ""collision_tblock_late"": 0.0, ""collision_tblock_mid"": 0.0, ""fall"": 0.0, ""timeout"": 0.0}"
start_behavior_context,start_region=x_neg__y_neg|start_theta_bin=sector_6|path_angle_bin=sector_5|near_count_bin=0|far_count_bin=0|medhigh_count_bin=0,False,1,1,0,0.0,0.0,none,0,-3.359375585152954,4.0,"{""success"": 1}",{},"{""collision_rod_early"": 0.0, ""collision_rod_late"": 0.0, ""collision_rod_mid"": 0.0, ""collision_tblock_early"": 0.0, ""collision_tblock_late"": 0.0, ""collision_tblock_mid"": 0.0, ""fall"": 0.0, ""timeout"": 0.0}"
start_behavior_context,start_region=x_neg__y_pos|start_theta_bin=sector_2|path_angle_bin=sector_3|near_count_bin=0|far_count_bin=2|medhigh_count_bin=1,False,1,1,0,0.0,0.0,none,0,-2.0208093927896424,3.0,"{""success"": 1}",{},"{""collision_rod_early"": 0.0, ""collision_rod_late"": 0.0, ""collision_rod_mid"": 0.0, ""collision_tblock_early"": 0.0, ""collision_tblock_late"": 0.0, ""collision_tblock_mid"": 0.0, ""fall"": 0.0, ""timeout"": 0.0}"
start_behavior_context,start_region=x_pos__y_neg|start_theta_bin=sector_1|path_angle_bin=sector_7|near_count_bin=1|far_count_bin=0|medhigh_count_bin=0,False,1,1,0,0.0,0.0,none,0,-1.2577914105988919,2.0,"{""success"": 1}",{},"{""collision_rod_early"": 0.0, ""collision_rod_late"": 0.0, ""collision_rod_mid"": 0.0, ""collision_tblock_early"": 0.0, ""collision_tblock_late"": 0.0, ""collision_tblock_mid"": 0.0, ""fall"": 0.0, ""timeout"": 0.0}"
start_behavior_context,start_region=x_mid__y_neg|start_theta_bin=sector_4|path_angle_bin=sector_5|near_count_bin=0|far_count_bin=0|medhigh_count_bin=0,False,1,1,0,0.0,0.0,none,0,-1.5997541550851584,2.0,"{""success"": 1}",{},"{""collision_rod_early"": 0.0, ""collision_rod_late"": 0.0, ""collision_rod_mid"": 0.0, ""collision_tblock_early"": 0.0, ""collision_tblock_late"": 0.0, ""collision_tblock_mid"": 0.0, ""fall"": 0.0, ""timeout"": 0.0}"
start_behavior_context,start_region=x_pos__y_mid|start_theta_bin=sector_4|path_angle_bin=sector_7|near_count_bin=0|far_count_bin=2|medhigh_count_bin=1,False,1,1,0,0.0,0.0,none,0,-2.0136690104345307,2.0,"{""success"": 1}",{},"{""collision_rod_early"": 0.0, ""collision_rod_late"": 0.0, ""collision_rod_mid"": 0.0, ""collision_tblock_early"": 0.0, ""collision_tblock_late"": 0.0, ""collision_tblock_mid"": 0.0, ""fall"": 0.0, ""timeout"": 0.0}"
start_behavior_context,start_region=x_pos__y_pos|start_theta_bin=sector_1|path_angle_bin=sector_1|near_count_bin=1|far_count_bin=0|medhigh_count_bin=0,False,1,1,0,0.0,0.0,none,0,-4.661175986874734,4.0,"{""success"": 1}",{},"{""collision_rod_early"": 0.0, ""collision_rod_late"": 0.0, ""collision_rod_mid"": 0.0, ""collision_tblock_early"": 0.0, ""collision_tblock_late"": 0.0, ""collision_tblock_mid"": 0.0, ""fall"": 0.0, ""timeout"": 0.0}"
start_behavior_context,start_region=x_neg__y_neg|start_theta_bin=sector_1|path_angle_bin=sector_5|near_count_bin=0|far_count_bin=0|medhigh_count_bin=0,False,1,1,0,0.0,0.0,none,0,-3.030504066505218,3.0,"{""success"": 1}",{},"{""collision_rod_early"": 0.0, ""collision_rod_late"": 0.0, ""collision_rod_mid"": 0.0, ""collision_tblock_early"": 0.0, ""collision_tblock_late"": 0.0, ""collision_tblock_mid"": 0.0, ""fall"": 0.0, ""timeout"": 0.0}"
